{"run": 4, "convergence": 0.0, "start_pos_var": 0.12726268890911946, "start_ori_var": 14.103299360792809, "avg_time": 12.75, "avg_pos_error": 3.5679, "avg_ori_error": 22.1386, "best_pos": [[0.5595482185621584, 26, 10.477609739078574], [1.254232704104399, 29, 13.785231625857826], [1.3196015920883641, 22, 10.269153479309445], [1.3092647356000453, 22, 11.443119496849679], [0.41657521985812523, 24, 12.927409924281967]], "best_ori": [[8.95540138562758, 24, 1.4365757343921002], [10.890308305185636, 22, 1.7507675929212083], [10.269153479309445, 22, 1.3196015920883641], [11.443119496849679, 22, 1.3092647356000453], [10.81621931859804, 21, 1.7402666850195245]], "avg_best_pos": [0.9718, 24.6, 11.7805], "avg_best_ori": [10.4748, 22.2, 1.5113]}