{"des_x": [0.0350966677069664, -0.008833914995193481, -0.39053040742874146, -0.71794193983078, -0.17463335394859314, -0.673841655254364], "x_t": [0.031023969650268556, 0.2280340576171875, -0.293335018157959, -0.1738296002149582, -0.38284432888031006, -0.8806998133659363, -0.21813130378723145, 0.018196160793304442, 0.21955846786499023, -0.2991681289672852, -0.12242598086595535, -0.366547167301178, -0.9036850333213806, -0.18441353738307953, 0.004024466872215271, 0.21824876785278322, -0.30982723236083987, -0.09610889106988907, -0.35660213232040405, -0.9076753854751587, -0.19930735230445862, -0.013589185476303101, 0.20596027374267578, -0.3265443420410156, -0.007490947842597961, -0.29949313402175903, -0.9369707703590393, -0.17981529235839844, -0.03496957540512085, 0.20172176361083985, -0.32771518707275393, -0.0024793727789074183, -0.23276564478874207, -0.9607565402984619, -0.1508672833442688, -0.04957653045654297, 0.18429452896118165, -0.3377535629272461, 0.0711439847946167, -0.12393243610858917, -0.9872781038284302, -0.06972239911556244, -0.06473248958587646, 0.1783609199523926, -0.34057044982910156, 0.08191485702991486, -0.07015958428382874, -0.9932559132575989, -0.042547572404146194, -0.07497741222381592, 0.16731433868408202, -0.34627552032470704, 0.11384805291891098, 0.010345673188567162, -0.9934154748916626, 0.0075643714517354965, -0.08548386573791504, 0.1557863712310791, -0.348741455078125, 0.12986186146736145, 0.15460002422332764, -0.9755313992500305, 0.08702362328767776, -0.09395350456237793, 0.14347074508666993, -0.3541911697387695, 0.14368242025375366, 0.2838929295539856, -0.9335022568702698, 0.1653289794921875, -0.10214353561401367, 0.13509602546691896, -0.3571332931518555, 0.14149239659309387, 0.3761414885520935, -0.8902354836463928, 0.21442534029483795, -0.10460866928100586, 0.12790706634521484, -0.3598655319213867, 0.1322023570537567, 0.4789831340312958, -0.8263446092605591, 0.26505136489868164, -0.10695424079895019, 0.1212929630279541, -0.3592474365234375, 0.10504243522882462, 0.530670166015625, -0.7887443900108337, 0.29195478558540344, -0.10664325714111328, 0.11643586158752442, -0.35872592926025393, 0.08104149252176285, 0.5673753619194031, -0.7576623558998108, 0.31219419836997986, -0.10022987365722656, 0.11066173553466797, -0.3585455703735352, 0.055085811764001846, 0.6097496747970581, -0.7154756784439087, 0.33654916286468506, -0.0897968578338623, 0.10570106506347657, -0.35817459106445315, 0.03340693935751915, 0.6354794502258301, -0.6849142909049988, 0.3548834025859833, -0.07404779434204102, 0.09614115715026855, -0.359171028137207, 0.00037677871296182275, 0.668660044670105, -0.6313480138778687, 0.39280182123184204, -0.05917224407196045, 0.09382488250732422, -0.3571340179443359, -0.018344644457101822, 0.6906003355979919, -0.6017037630081177, 0.40085822343826294, -0.04417644500732422, 0.08625601768493653, -0.35870349884033204, -0.04814346507191658, 0.7069388628005981, -0.5573643445968628, 0.4327407479286194, -0.027936410903930665, 0.08164159774780273, -0.3556094741821289, -0.07317474484443665, 0.7184626460075378, -0.5308448076248169, 0.44346439838409424, -0.014793878793716431, 0.07774796962738037, -0.3573369598388672, -0.09530404210090637, 0.7425378561019897, -0.4736452102661133, 0.4639125466346741, -0.0018795350193977357, 0.07407796859741211, -0.35401756286621094, -0.1181810051202774, 0.7458415627479553, -0.4571574926376343, 0.4698517918586731, 0.013321491479873658, 0.07350319385528564, -0.352779655456543, -0.12307994067668915, 0.7563832998275757, -0.43134963512420654, 0.4761020541191101, 0.025782499313354492, 0.06261730670928956, -0.35110126495361327, -0.1699850857257843, 0.7570627331733704, -0.3945518732070923, 0.49222952127456665, 0.025127742290496826, 0.06570614814758301, -0.35041900634765627, -0.16880421340465546, 0.7760754823684692, -0.3752114772796631, 0.47794169187545776, 0.03305938720703125, 0.05095080375671387, -0.3491592025756836, -0.23725077509880066, 0.7726987600326538, -0.3320172131061554, 0.4862235486507416, 0.02566164970397949, 0.05937361717224121, -0.3527056884765625, -0.22240400314331055, 0.8048311471939087, -0.28575989603996277, 0.47023892402648926, 0.02957575559616089, 0.044243903160095216, -0.3483695983886719, -0.29158103466033936, 0.8000971674919128, -0.25476086139678955, 0.4581723213195801, 0.028682146072387695, 0.04595361232757569, -0.35314727783203126, -0.308604896068573, 0.8205248117446899, -0.17325623333454132, 0.44887009263038635, 0.030468974113464355, 0.03491471529006958, -0.3488966751098633, -0.35941755771636963, 0.8192132115364075, -0.14094674587249756, 0.4240787625312805, 0.027987077236175537, 0.035638573169708254, -0.3546087646484375, -0.3831433951854706, 0.8303805589675903, -0.03852385655045509, 0.4027222692966461, 0.02837291479110718, 0.02611100435256958, -0.35444461822509765, -0.43980705738067627, 0.8218429088592529, 0.04966484382748604, 0.35871636867523193, 0.03054575204849243, 0.024628775119781496, -0.3566135787963867, -0.4726133942604065, 0.8069007396697998, 0.16509775817394257, 0.3135131895542145, 0.029519217014312746, 0.023405957221984863, -0.3636977005004883, -0.5051767826080322, 0.7633947134017944, 0.3210926949977875, 0.24274344742298126, 0.022890305519104003, 0.021201076507568358, -0.36473758697509767, -0.5100300312042236, 0.7293988466262817, 0.42197495698928833, 0.17257997393608093, 0.03363403558731079, 0.014663968086242676, -0.3687851333618164, -0.5433173775672913, 0.6275772452354431, 0.5544142723083496, 0.05981508642435074, 0.022011821269989015, 0.019577476978302002, -0.3736027908325195, -0.5052083134651184, 0.5476117730140686, 0.6669929623603821, -0.0025063389912247658, 0.025933897495269774, 0.011612567901611328, -0.3739963150024414, -0.5243250727653503, 0.4869105815887451, 0.6946098208427429, -0.07428712397813797, 0.01294539213180542, 0.01597166895866394, -0.37761646270751953, -0.4692729115486145, 0.38985300064086914, 0.7819489240646362, -0.12788037955760956, 0.020537257194519043, 0.011607613563537598, -0.3789727020263672, -0.49011462926864624, 0.34742382168769836, 0.7811071872711182, -0.1701640635728836, 0.010757336616516113, 0.010986542701721192, -0.3812860107421875, -0.44974029064178467, 0.27259883284568787, 0.8232116103172302, -0.2138834148645401, 0.004991875290870667, 0.012556958198547363, -0.3841738510131836, -0.42941322922706604, 0.21077026426792145, 0.8438307046890259, -0.24316628277301788, 0.009723905324935913, 0.010598254203796387, -0.3851284408569336, -0.4198089838027954, 0.1647827923297882, 0.8487630486488342, -0.2760586440563202, 0.009374682307243348, 0.012893109321594239, -0.3855398559570313, -0.3925691545009613, 0.11253087222576141, 0.8643757700920105, -0.29339516162872314, 0.004154597222805023, 0.011982195377349854, -0.38582687377929686, -0.38144630193710327, 0.08976960182189941, 0.8646738529205322, -0.31429171562194824, -0.002407725602388382, 0.012884057760238647, -0.38547454833984374, -0.3587971329689026, 0.0584263950586319, 0.872035026550293, -0.3277282416820526, -0.010323039293289184, 0.012931712865829469, -0.38317501068115234, -0.3255441188812256, 0.03589266911149025, 0.8850771188735962, -0.3307132124900818, -0.008943970203399659, 0.011928566694259644, -0.38177310943603515, -0.3148823380470276, 0.020142443478107452, 0.8836121559143066, -0.3459378182888031, -0.02120189428329468, 0.013169099092483521, -0.3797762680053711, -0.27955561876296997, -0.005075816530734301, 0.8967823386192322, -0.34293490648269653, -0.017677870988845826, 0.011381767988204956, -0.3784130859375, -0.27198681235313416, -0.021856678649783134, 0.8900818228721619, -0.3651024103164673, -0.02042569398880005, 0.011494681835174561, -0.37623092651367185, -0.25163185596466064, -0.035431236028671265, 0.8956562280654907, -0.3650013208389282]}