{"run": 9, "convergence": 20.0, "avg_time": 12.75, "avg_pos_error": 4.784270643133969, "avg_ori_error": 27.53026877095678, "best_pos": [[4.682934240584334, 50], [4.852386853395771, 21], [4.54698303566042, 22], [4.011150994502405, 49], [3.048437717631838, 50]], "best_ori": [[13.797160926282183, 12], [9.460681763499288, 10], [12.687658700707026, 10], [9.978849286577898, 10], [9.68579424064855, 10]], "avg_best_pos": [4.228400000000001, 38.4], "avg_best_ori": [11.122, 10.4]}