{"run": 7, "convergence": 60.0, "avg_time": 12.75, "avg_pos_error": 2.4413233563667878, "avg_ori_error": 20.3717604789857, "best_pos": [[2.1022803320571453, 45], [1.9001264697285434, 48], [2.128379954684105, 45], [1.9369453773763052, 49], [1.95215984698862, 37]], "best_ori": [[19.78606874984409, 50], [19.36695990072046, 50], [19.733663041895884, 50], [21.281617044713958, 49], [21.313292723718792, 48]], "avg_best_pos": [2.004, 44.8], "avg_best_ori": [20.2963, 49.4]}