{"run": 10, "convergence": 0.0, "start_pos_var": 0.14955481962045586, "start_ori_var": 9.76108311498624, "avg_time": 12.75, "avg_pos_error": 4.4633, "avg_ori_error": 35.0669, "best_pos": [[5.404917543615208, 50, 37.786901998360776], [2.6424964827209423, 49, 28.721230440871153], [5.144424022374532, 49, 35.97427379337905], [3.250336587864157, 49, 30.92356567270541], [4.8565197980593835, 50, 35.35102647018375]], "best_ori": [[8.606869115559723, 11, 13.525097646083914], [19.751524985477655, 12, 12.316660680742732], [9.784531493935997, 11, 13.717067422144655], [11.379160429005813, 11, 13.269739585283292], [11.1381999293655, 12, 12.693500404309392]], "avg_best_pos": [4.2597, 49.4, 33.7514], "avg_best_ori": [12.1321, 11.4, 13.1044]}