{"num_updates": "3940", "penalty": "tensor(0., dtype=torch.float64, grad_fn=<AddBackward0>)", "Starting Pose": [-0.08721320331096649, 0.07462102174758911, -0.36480480432510376, -0.5741033554077148, 0.5489280223846436, 0.5473909974098206, 0.2635270953178406], "Starting Soft Arm States": [0.6000000238418579, -69.4000015258789, 10.0, 20.222673416137695, 1.7124077081680298, 35.394535064697266], "Number of Trajectories": 1, "Final Desired Pose": [-0.17295822501182556, 0.1645682156085968, -0.27731069922447205, -0.7407143115997314, 0.4797484576702118, 0.47030171751976013], "Predicted Trajectory 0": [[0.450216356244999, 0.29267404566075544, 0.2113021290258246, -0.20191767811775208, -0.9187874794006348, -0.3392031788825989], [0.41088011860847473, 0.3405712842941284, 0.25486239790916443, -0.4115660488605499, -0.8573252558708191, -0.30920377373695374], [0.3958437740802765, 0.39903968572616577, 0.26847124099731445, -0.5447967052459717, -0.7687076330184937, -0.335089772939682], [0.3982387185096741, 0.37859562039375305, 0.27063268423080444, -0.41401994228363037, -0.8201236128807068, -0.39494919776916504], [0.3507198393344879, 0.4257069528102875, 0.32508978247642517, -0.5527381896972656, -0.7898852825164795, -0.2656344473361969], [0.318726122379303, 0.43677544593811035, 0.3511653244495392, -0.5688942074775696, -0.786363959312439, -0.24081356823444366], [0.31916484236717224, 0.4592800736427307, 0.38315099477767944, -0.594101071357727, -0.7925329804420471, -0.13760565221309662], [0.32025477290153503, 0.46197760105133057, 0.37547293305397034, -0.554954469203949, -0.8061793446540833, -0.20518375933170319], [0.3233780562877655, 0.47962409257888794, 0.3963785171508789, -0.6316357851028442, -0.7610808610916138, -0.14762163162231445], [0.32620713114738464, 0.45708537101745605, 0.39045804738998413, -0.5302149653434753, -0.8268682360649109, -0.18751291930675507], [0.3277271091938019, 0.5018109679222107, 0.4135122001171112, -0.6347840428352356, -0.7648487687110901, -0.10979759693145752], [0.32853132486343384, 0.4839351177215576, 0.39987486600875854, -0.5987089276313782, -0.7849221229553223, -0.15951456129550934], [0.33455100655555725, 0.5442363619804382, 0.41617706418037415, -0.7356452941894531, -0.6695865392684937, -0.1023712083697319], [0.3342248499393463, 0.5287071466445923, 0.40270906686782837, -0.7028108835220337, -0.6961510181427002, -0.14639192819595337], [0.33695539832115173, 0.5820401906967163, 0.4263858199119568, -0.8122687339782715, -0.5828468203544617, 0.02256183698773384], [0.3319280445575714, 0.5688523054122925, 0.39445751905441284, -0.8305707573890686, -0.5538557171821594, -0.05827480927109718], [0.3325175344944, 0.6039645671844482, 0.42440497875213623, -0.8842422366142273, -0.4261886477470398, 0.19099460542201996], [0.3264729678630829, 0.6214804649353027, 0.38526251912117004, -0.9598126411437988, -0.27311593294143677, 0.06455481052398682], [0.3280669152736664, 0.6363551616668701, 0.4107750952243805, -0.9410154223442078, -0.11997999995946884, 0.3163776993751526], [0.328701913356781, 0.6457913517951965, 0.35192233324050903, -0.9746491312980652, 0.13688714802265167, 0.17697732150554657], [0.3220573961734772, 0.6619579792022705, 0.4032326340675354, -0.7993779182434082, 0.29044970870018005, 0.5259599685668945]], "Control Inputs 0": [[4.982169490020528, 9.605848471196097, 0.009436488532549104, -2.869050083611146, 2.9574308132710803], [-4.607870717814866, 8.365919069388472, 0.16127286492708304, 1.1133889666825993, 2.9516363487514115], [4.410268030358875, 6.485526950527241, 0.00024021651025562325, 1.054380434149981, 2.9371997296052106], [4.237289631522717, 9.909152827989153, 0.012127127012944999, 0.4635219431658322, 2.9457170451603574], [3.3558848539106574, 9.712183755416575, 0.0023398476679541234, 2.803628200454967, 2.941117315593198], [-4.805196064535505, 9.747780647575858, 0.0004650408695606144, 1.0118284160106494, 1.9302663804783178], [3.749035686384417, 9.729387330458458, 0.0006230169319713208, -0.41303073964520065, 0.15429287357361954], [-4.785685907361066, 2.547288748224414, 0.23983990745985032, 1.098663398820201, 2.9192955174561277], [3.9841220456982533, 3.6842792337205292, 0.004698527201041435, -0.8228097906031726, 0.1275569231079361], [-4.827283287744358, 9.785741526243907, 0.36343251709646723, 0.8073674232326495, 2.194361826320291], [4.236433249674066, 9.78660104932652, 0.0663171454811615, -1.6579473057506686, 0.8974638002839237], [-4.878397610240677, 9.675177769937395, 0.13455059433820998, 0.651133219765212, 2.750192946901043], [4.650843940450452, 9.667960637146628, 5.250942166922564e-05, -1.8877153414608565, 2.681332573617298], [-4.9408271984591305, 7.317950617448762, 0.491283898286329, -0.272570582504148, 2.743123979197006], [4.880948256614126, 5.857039142440147, 0.12268071143213811, -0.7264386806003555, 2.6648523853741857], [-4.977463909363323, 6.59199217651749, 0.49702838405479377, -0.6890705575180789, 2.6708578958884592], [4.9976750109571135, 9.742710534302134, 0.005673122894263388, -0.6336178356711222, 2.7350323326818238], [-4.964696065660215, 3.201911541804071, 0.6925718315533467, -2.8402273238741604, 2.6783024539218774], [4.905240040626044, 9.400544051336926, 0.0360495480450325, 2.787302991844408, 2.8132059153139295], [-4.930534192909538, 4.096597582593473, 0.6752212157624828, -2.971798457431188, 2.8526557772817176]], "Final Predicted Pose 0": [0.3220573961734772, 0.6619579792022705, 0.4032326340675354, -0.7993779182434082, 0.29044970870018005, 0.5259599685668945], "Predicted Translation Error 0": "3.5705334162348454cm", "Predicted Rotation Error 0": "tensor([0.9788], grad_fn=<DivBackward0>)"}