{"num_updates": "5214", "penalty": "tensor(0., dtype=torch.float64, grad_fn=<AddBackward0>)", "Starting Pose": [-0.26798075437545776, 0.174608051776886, -0.246579110622406, -0.5504485368728638, -0.7455644011497498, 0.22953100502490997, -0.29741498827934265], "Starting Soft Arm States": [28.600000381469727, 71.4000015258789, 10.0, 28.585247039794922, 34.963985443115234, 11.883283615112305], "Number of Trajectories": 1, "Final Desired Pose": [0.17686127126216888, 0.20751884579658508, -0.2558620870113373, -0.7469717264175415, -0.3892343044281006, -0.5390082597732544], "Predicted Trajectory 0": [[0.230455689108532, 0.6085684333967112, 0.5148133003659631, -0.21710148453712463, 0.9573215842247009, 0.19079403579235077], [0.2485552728176117, 0.6823132634162903, 0.4766826629638672, -0.15338358283042908, 0.9753971695899963, 0.15834692120552063], [0.28298383951187134, 0.7036249041557312, 0.436379998922348, -0.0897175520658493, 0.9829050302505493, 0.1607743352651596], [0.32339510321617126, 0.72224360704422, 0.4001065492630005, -0.046372607350349426, 0.9933897852897644, 0.10500591993331909], [0.3691321015357971, 0.7309073805809021, 0.3636205792427063, -0.035777345299720764, 0.9987682700157166, 0.034379009157419205], [0.42680296301841736, 0.7633105516433716, 0.32972344756126404, 0.044356122612953186, 0.9989994168281555, -0.005711585748940706], [0.4840652644634247, 0.7747299671173096, 0.3261672556400299, 0.15054883062839508, 0.9885227084159851, 0.012564846314489841], [0.5309999585151672, 0.7864208221435547, 0.34316474199295044, 0.2366389036178589, 0.962272047996521, 0.1342926025390625], [0.571114718914032, 0.7854353189468384, 0.3605555593967438, 0.2943395972251892, 0.9185996651649475, 0.2637021541595459], [0.6032528281211853, 0.759825587272644, 0.360533744096756, 0.21325767040252686, 0.9465553164482117, 0.2419799417257309], [0.6563145518302917, 0.7636795043945312, 0.3697921633720398, 0.24073344469070435, 0.9535584449768066, 0.18103466928005219], [0.7227770686149597, 0.7779691815376282, 0.40207454562187195, 0.41985639929771423, 0.882595419883728, 0.21153202652931213], [0.7735112309455872, 0.7809288501739502, 0.4283542037010193, 0.5404036045074463, 0.820472776889801, 0.18651646375656128], [0.810061514377594, 0.8026583194732666, 0.4868758022785187, 0.5728477239608765, 0.8094668984413147, 0.12887535989284515], [0.8390306234359741, 0.7882404923439026, 0.49607619643211365, 0.5909695029258728, 0.8014853596687317, -0.09152249246835709], [0.8632373213768005, 0.8197464346885681, 0.5920405387878418, 0.5226613283157349, 0.8332511186599731, -0.18032637238502502], [0.8692488670349121, 0.8457894921302795, 0.6527275443077087, 0.4441719949245453, 0.8765917420387268, -0.18519791960716248], [0.8473688960075378, 0.8236294388771057, 0.6166752576828003, 0.2235623151063919, 0.8657750487327576, -0.4477202892303467], [0.830025851726532, 0.8004299998283386, 0.5629809498786926, -0.15983755886554718, 0.7503999471664429, -0.6413673162460327], [0.805860698223114, 0.7513209581375122, 0.463553249835968, -0.3813767731189728, 0.5413143634796143, -0.7493534684181213], [0.7765860557556152, 0.6867004632949829, 0.4351518154144287, -0.6475095748901367, 0.311979740858078, -0.6952697038650513]], "Control Inputs 0": [[-4.967773857986352, 3.701429163077643, 0.6985367993092721, 0.19069428692055013, -0.5609207186903591], [-4.95213636540515, -2.1038970282639893, 0.4973475500180639, 2.0566109978839124, 2.9158722798826213], [-4.966921054334841, -4.195214442621731, 0.062115751491572925, 0.21731250932753587, 2.9910135965888527], [-4.985551202144688, 2.002689677724609, 0.5212643492819403, -0.3260394063532188, 2.4524385265601936], [-4.957488924346323, 5.835137397538931, 0.1486149417800467, 2.7648056958828064, 0.20155537209762064], [-4.950587178430973, 6.036915507719364, 0.018706672634842245, 0.0234736892563423, -2.9690640973900417], [-4.948549688684176, 5.2922335306777875, 0.00635154714523564, -1.3490157470859654, -2.9368600268056153], [-4.994295262993868, -6.986658112505538, 0.004420631730169404, -1.8197383019646654, 2.920644065591145], [-4.981117157789796, -6.457816269779956, 0.005387654885936951, -2.9363523082087157, 2.7404229481711386], [-4.993607844965272, 4.554526684782362, 0.004203299905227988, -2.91472556712685, 1.8809832059822442], [-3.6777702553352736, 7.574627337167943, 0.0037064310766080164, -2.8846116636748294, 2.217794370412795], [-4.926643169089965, -0.9548976582010127, 0.0030224268549578484, -2.9164118580637144, -2.0085750690855546], [-2.6261862726907537, 0.22759330892569096, 0.0039428496797619126, -2.904758838808739, 1.8005127990597014], [-4.478505882994843, -0.39593525363619975, 0.0030731034250348873, -2.853246363787881, -2.9990028444365717], [-4.932804223538386, -1.7546403739619674, 0.004201564654515064, 2.0795279714562485, -2.9925098108979262], [1.5635307212742582, 0.8620822809488136, 0.0013354260061129756, -2.421427060276544, -2.9518658888665024], [-3.7804724896284423, -9.729122732014067, 0.6989595813572655, -2.5746398443382295, -2.9504694529644886], [-0.7624852745632298, -9.739693595570595, 0.6991350056039712, -2.0191480471486782, -2.997738443276697], [4.925450294434503, -9.805036666021138, 0.699431935279596, -0.0009493652216927551, -2.9873203514167903], [-4.924665218120826, 6.039522687999078, 0.6965726914281789, 2.9964369678055265, -2.987196835574728]], "Final Predicted Pose 0": [0.7765860557556152, 0.6867004632949829, 0.4351518154144287, -0.6475095748901367, 0.311979740858078, -0.6952697038650513], "Predicted Translation Error 0": "2.3645314867509133cm", "Predicted Rotation Error 0": "tensor([0.7370], grad_fn=<DivBackward0>)"}