{"num_updates": "388", "penalty": "tensor(254.1358, dtype=torch.float64, grad_fn=<AddBackward0>)", "Starting Pose": [-0.24638618528842926, 0.18036417663097382, -0.23905602097511292, -0.6035770177841187, -0.7447121739387512, -0.13216735422611237, -0.252250611782074], "Starting Soft Arm States": [25.799999237060547, 36.900001525878906, 10.0, 31.97001838684082, 35.0931510925293, 15.993364334106445], "Number of Trajectories": 1, "Final Desired Pose": [-0.40207168459892273, 0.17059433460235596, -0.23827926814556122, -0.8027567863464355, -0.4352896809577942, 0.4075590968132019], "Predicted Trajectory 0": [[0.25670839254531663, 0.6267540674332558, 0.534126714222419, -0.14412884414196014, 0.8323037028312683, 0.5352545380592346], [0.25197410583496094, 0.6354238986968994, 0.5498829483985901, -0.16397124528884888, 0.7588803768157959, 0.6302492022514343], [0.23277175426483154, 0.6163628697395325, 0.563459575176239, -0.14556509256362915, 0.6792436838150024, 0.7193321585655212], [0.19517363607883453, 0.5924898982048035, 0.6115168929100037, -0.18643571436405182, 0.5507937073707581, 0.813552737236023], [0.17606741189956665, 0.5693615078926086, 0.6215574145317078, -0.22868859767913818, 0.39590153098106384, 0.8893613219261169], [0.18487069010734558, 0.6322571039199829, 0.6151653528213501, -0.130405455827713, 0.608173131942749, 0.7830197811126709], [0.1627786010503769, 0.5683598518371582, 0.6321133375167847, -0.19001969695091248, 0.3732137978076935, 0.9080770611763], [0.17061293125152588, 0.6502927541732788, 0.584591805934906, -0.1710212230682373, 0.5688596963882446, 0.8044565320014954], [0.16512241959571838, 0.6291072368621826, 0.5567306280136108, -0.2653850317001343, 0.5162100791931152, 0.814308226108551], [0.16086792945861816, 0.6538233757019043, 0.5660002827644348, -0.1548263132572174, 0.5988519191741943, 0.7857513427734375], [0.1404135376214981, 0.5782045125961304, 0.6008504629135132, -0.18993201851844788, 0.32278338074684143, 0.9272198677062988], [0.13246354460716248, 0.6381241679191589, 0.5746980905532837, -0.21369290351867676, 0.5200631022453308, 0.8269641399383545], [0.12335947155952454, 0.5830230712890625, 0.5618020296096802, -0.3436642587184906, 0.31565606594085693, 0.8844524621963501], [0.12606292963027954, 0.6367759704589844, 0.5638220906257629, -0.23594319820404053, 0.4357697069644928, 0.8685824871063232], [0.1182747334241867, 0.5824232697486877, 0.5841700434684753, -0.3194991946220398, 0.09525595605373383, 0.9427865743637085], [0.10323518514633179, 0.569039523601532, 0.5695343613624573, -0.5179883241653442, -0.05913015827536583, 0.8533415198326111], [0.10228259116411209, 0.5602155327796936, 0.5370877981185913, -0.6955819725990295, -0.1673274040222168, 0.6986896395683289], [0.08445178717374802, 0.5743741989135742, 0.5740492343902588, -0.7016929984092712, -0.0922049954533577, 0.7064880132675171], [0.09222036600112915, 0.5799190402030945, 0.5685853362083435, -0.7681986689567566, -0.10171414166688919, 0.6320798993110657], [0.0934637188911438, 0.5777533054351807, 0.5490231513977051, -0.8316431641578674, -0.16788414120674133, 0.5293247103691101], [0.08301166445016861, 0.5776203870773315, 0.538214921951294, -0.8716323971748352, -0.22587479650974274, 0.4350144565105438]], "Control Inputs 0": [[-2.4002946872923117, -9.842829212726256, 0.43200262418441665, -2.134533361501931, -2.946151930345411], [4.897920838377786, -6.067373439029009, 0.6912895250332884, -2.6731515382414486, -2.8515966513271027], [3.1632514181888105, -6.472796827251375, 0.6944221247516237, -2.9087072978365933, -2.9353654176277746], [-0.6057011996129553, 9.789674351000553, 0.011999021492304092, -0.5682071623316194, 2.972722347547969], [-0.2250997008726019, -9.623616776551545, 0.031220903699884776, -2.95588570371886, -2.8789905443879373], [1.6276651340651105, 9.805939722622163, 0.07543067961309233, -2.95715465100975, 2.949956923421462], [-4.779201338231973, 9.789770913233134, 0.1799447320895343, -2.9509298104647907, -2.8358486294823284], [3.8270666241315894, 9.800365339911618, 0.001326632686801163, -0.02040891800005662, 2.8893094586735284], [-2.371088845875875, -9.681384871416157, 0.5154409079733214, 1.6325355378820214, -2.930985972906625], [4.037471175945331, 9.565090864162151, 0.15250789087362268, -2.892072200199556, 2.914237567687122], [-3.106194560704835, -9.634417776370332, 0.12577490966687535, -2.685755328089561, -2.100416204951318], [4.034338464349952, 9.49453725168182, 0.0064616986661215625, 1.4181589907102579, 2.840750994660624], [-4.901593506151161, -9.425509372351353, 0.6926450608314568, 2.9477887119771085, -2.92119378528375], [3.129161337677349, 9.436952781525694, 0.5413731842865545, -2.9293520351250453, -2.927109606839459], [-4.171378972492405, -9.66898303220837, 0.40902894445894095, -2.3489185848732337, 0.13437263561844714], [4.890624298044743, -2.6472884747933545, 0.4026905993392266, -0.691531020373167, 2.716124400090604], [-0.4579493887913362, -9.888283126922149, 0.1450666342462067, 1.1303714197696442, 2.5745486659233574], [-1.5956893512453458, -9.810754215652905, 0.1780558597681433, 0.2461124828600596, -0.23077592490125554], [-0.3431843810299213, -6.125429693179509, 0.3003936656615265, -1.7510444473848374, -2.875339739316647], [4.904475499170633, 9.815442161584038, 0.2849264885127418, -1.3918774250480512, -2.945372032676047]], "Final Predicted Pose 0": [0.08301166445016861, 0.5776203870773315, 0.538214921951294, -0.8716323971748352, -0.22587479650974274, 0.4350144565105438], "Predicted Translation Error 0": "1.4076779459847593cm", "Predicted Rotation Error 0": "tensor([0.9753], grad_fn=<DivBackward0>)"}