{"num_updates": "981", "penalty": "tensor(101.6850, dtype=torch.float64, grad_fn=<AddBackward0>)", "Starting Pose": [-0.033632323145866394, 0.06422430276870728, -0.3246546685695648, -0.595168948173523, 0.715156078338623, 0.20697219669818878, 0.30247023701667786], "Starting Soft Arm States": [-6.0, -26.100000381469727, 10.0, 29.737791061401367, 3.5968844890594482, 35.40115737915039], "Number of Trajectories": 1, "Final Desired Pose": [0.12710413336753845, 0.11559638381004333, -0.2833858132362366, -0.9570777416229248, 0.2047169953584671, -0.20516614615917206], "Predicted Trajectory 0": [[0.5153550932666706, 0.25982713366292576, 0.31437629464056294, -0.1085713803768158, -0.9764832258224487, 0.18625999987125397], [0.5396872162818909, 0.22264960408210754, 0.3203124701976776, 0.06892167776823044, -0.9975369572639465, 0.013033791445195675], [0.5342370867729187, 0.1927042007446289, 0.3305361270904541, 0.1184377521276474, -0.9772480130195618, -0.17595094442367554], [0.5649397969245911, 0.18771186470985413, 0.32299116253852844, 0.17165322601795197, -0.898832380771637, -0.4032808244228363], [0.5973020792007446, 0.16093416512012482, 0.32763978838920593, 0.30050668120384216, -0.8246350288391113, -0.4792419373989105], [0.570999801158905, 0.1899334192276001, 0.31890496611595154, -0.05871091037988663, -0.7537054419517517, -0.6545847058296204], [0.6412878632545471, 0.16980226337909698, 0.33275067806243896, 0.23084069788455963, -0.696003258228302, -0.6799206137657166], [0.6165768504142761, 0.19825708866119385, 0.29857027530670166, -0.07030045241117477, -0.550054132938385, -0.8321647644042969], [0.6796703338623047, 0.20929798483848572, 0.3299832344055176, -0.01914527826011181, -0.47522011399269104, -0.8796586394309998], [0.6767743825912476, 0.20766772329807281, 0.32898569107055664, -0.16626310348510742, -0.4578245282173157, -0.8733574151992798], [0.7361271977424622, 0.23180188238620758, 0.3727685809135437, -0.06518641114234924, -0.3807816207408905, -0.9223644137382507], [0.7383987307548523, 0.22884848713874817, 0.3757287561893463, 0.029276413843035698, -0.36862269043922424, -0.9291179776191711], [0.6718722581863403, 0.28372722864151, 0.34906134009361267, -0.3860805630683899, -0.25856029987335205, -0.8854876160621643], [0.7141693830490112, 0.27103981375694275, 0.3649819493293762, -0.18742339313030243, -0.3028452396392822, -0.934428870677948], [0.6791098713874817, 0.2869383692741394, 0.3683604598045349, -0.4806623160839081, -0.1634829342365265, -0.8615317940711975], [0.7294804453849792, 0.3169194161891937, 0.4110322594642639, -0.40429407358169556, -0.1744251698255539, -0.8978430032730103], [0.7169267535209656, 0.3113044202327728, 0.4048022925853729, -0.37217551469802856, -0.15918795764446259, -0.9144093990325928], [0.6972282528877258, 0.3345998525619507, 0.3998499810695648, -0.575384795665741, -0.022282831370830536, -0.8175793290138245], [0.7357995510101318, 0.35080742835998535, 0.4342084228992462, -0.5091919302940369, 0.07000122219324112, -0.8578014969825745], [0.6985877752304077, 0.36157554388046265, 0.37874236702919006, -0.5748561024665833, 0.18092460930347443, -0.7980016469955444], [0.685378909111023, 0.3968808352947235, 0.40176302194595337, -0.7537912726402283, 0.26108449697494507, -0.6030203104019165]], "Control Inputs 0": [[2.8628241972820163, -9.698441572769012, 0.008439699655387904, -0.49712887344937284, 0.1861121708686766], [1.9692523566642581, -7.344645005940363, 0.0038153978986632106, 0.6362205322178909, -2.958679044344637], [-4.804728382987545, -7.071999157992124, 0.001342217125623077, 2.2674544534904593, -0.4036893064792615], [4.939528114712541, -4.497062021041759, 0.3828180039920775, -1.1269492248704573, 2.569511820753812], [-4.966533891540734, -9.836403540055553, 0.0016994510085839713, 1.6618686057367906, -0.5340196873322856], [4.924575425233964, -7.911885237696435, 0.047171581650626675, -2.1648622245059546, -1.7917815587521673], [-4.9790878657485536, -9.985766554169007, 0.1695883169607058, 1.4367350022612495, 0.6376414992750856], [-4.886647749429542, 4.839742908798032, 0.6938117971723059, -1.1468440187515136, -0.8875240533784701], [-4.855071995365676, -9.582618583522994, 0.06200587100156615, 0.6390902970224079, 0.27568724508050435], [-4.998429205864929, -2.2605221616384963, 0.009072704355708665, -0.10734515295269276, 0.3636308264425141], [4.858506996889368, 8.900799926061001, 0.19898873313916274, 1.5161567539587724, -0.5661390991857718], [-4.996200152116081, 4.637689417435791, 0.01628088618262417, -0.039806753482724666, 1.2302815452504596], [4.9397267046537685, -9.776685387295682, 0.0019756154738050412, 2.176902837245012, 0.8131230244433727], [-4.779864012887578, -0.6722123183800548, 0.0006664532223283166, -0.8229720444791044, 0.5214013002025433], [-4.88977067689212, 9.90082463346053, 0.006918842857984171, 0.804671540200355, -0.6255077682884305], [4.805147132050871, -2.5034536647938284, 0.00197446669472938, -0.6901133114792763, -1.8009203868761725], [-3.408587851848078, -9.721005581099476, 0.0018696437062359105, 0.6740981360484075, 1.6073574238110195], [2.1020082414585355, 9.982182486853102, 0.00184284397698104, -1.8539832615486465, -1.5691849989772961], [4.903993635289218, -9.746521461861265, 0.005524784102136936, 0.8659369579576199, -0.1363027950892164], [-4.950499978512148, 9.86044135409363, 0.0068290676345176046, -2.009085176253449, 0.05795216556186489]], "Final Predicted Pose 0": [0.685378909111023, 0.3968808352947235, 0.40176302194595337, -0.7537912726402283, 0.26108449697494507, -0.6030203104019165], "Predicted Translation Error 0": "2.3497604976980604cm", "Predicted Rotation Error 0": "tensor([0.8986], grad_fn=<DivBackward0>)"}