{"num_updates": "108", "penalty": "tensor(890.6036, dtype=torch.float64, grad_fn=<AddBackward0>)", "Starting Pose": [0.16755126416683197, 0.12764568626880646, -0.29099786281585693, 0.20105165243148804, 0.5200039744377136, -0.7186347842216492, 0.4156177043914795], "Starting Soft Arm States": [-37.599998474121094, -57.0, 10.0, 10.57176685333252, 26.157615661621094, 35.40446853637695], "Number of Trajectories": 1, "Final Desired Pose": [-0.07913687080144882, 0.11689724028110504, -0.39702481031417847, -0.7787439823150635, 0.5409873127937317, -0.3176327347755432], "Predicted Trajectory 0": [[0.759935711327779, 0.46019771276964433, 0.40078066426569375, -0.5736802816390991, 0.8064500689506531, 0.1432802975177765], [0.7640553712844849, 0.47236961126327515, 0.31870830059051514, -0.6501453518867493, 0.747174084186554, -0.13799269497394562], [0.7363503575325012, 0.4989722669124603, 0.2850731313228607, -0.6833210587501526, 0.7166034579277039, -0.13982771337032318], [0.6982144117355347, 0.4741317331790924, 0.25016942620277405, -0.7966029644012451, 0.571095883846283, -0.19817465543746948], [0.6551252603530884, 0.467745304107666, 0.20474909245967865, -0.8316338658332825, 0.46223780512809753, -0.3077682852745056], [0.5931938290596008, 0.45103195309638977, 0.20448867976665497, -0.9002824425697327, 0.38552334904670715, -0.20214667916297913], [0.5430887937545776, 0.43416163325309753, 0.1853274405002594, -0.9413774013519287, 0.2835983633995056, -0.18270368874073029], [0.49663570523262024, 0.42411330342292786, 0.17685861885547638, -0.9669293761253357, 0.19428250193595886, -0.1652325689792633], [0.46651583909988403, 0.41921794414520264, 0.1716565042734146, -0.9791224598884583, 0.12007946521043777, -0.16401289403438568], [0.455337256193161, 0.4220221936702728, 0.18302321434020996, -0.9915825724601746, 0.07669611275196075, -0.10431504994630814], [0.4478957951068878, 0.4174005389213562, 0.18000924587249756, -0.9917925596237183, 0.030917370691895485, -0.12406261265277863], [0.4537004828453064, 0.41329044103622437, 0.1853082925081253, -0.9939249753952026, -0.00140295026358217, -0.11005076766014099], [0.47616255283355713, 0.4360958933830261, 0.16499611735343933, -0.960576057434082, 0.08014170825481415, -0.2662160396575928], [0.4740760028362274, 0.42326030135154724, 0.20368854701519012, -0.9947745203971863, -0.0040699392557144165, -0.1020154133439064], [0.48337745666503906, 0.43796512484550476, 0.18592721223831177, -0.9765745997428894, 0.03272964805364609, -0.2126752734184265], [0.4752653241157532, 0.45345738530158997, 0.2039974331855774, -0.9827767610549927, 0.10145989060401917, -0.15445323288440704], [0.459595263004303, 0.41759198904037476, 0.19706358015537262, -0.9746541976928711, 0.030271435156464577, -0.22165970504283905], [0.47446760535240173, 0.45569199323654175, 0.19864347577095032, -0.9559540748596191, 0.18085473775863647, -0.23117808997631073], [0.48125678300857544, 0.43611764907836914, 0.17597799003124237, -0.897312343120575, 0.19076500833034515, -0.39804428815841675], [0.4599250555038452, 0.40145179629325867, 0.21655482053756714, -0.9632230997085571, 0.13257341086864471, -0.2337210327386856], [0.4618771970272064, 0.45184460282325745, 0.174306720495224, -0.8704856038093567, 0.29702576994895935, -0.3924671709537506]], "Control Inputs 0": [[4.9476858078237544, 9.784572050315969, 0.690489102273123, 1.4754845194228476, 2.930373285942431], [4.938593012526827, 9.77799032085812, 0.688659749638963, 0.4771022526889639, -2.895065586919797], [4.96763962417057, 9.799623837335496, 0.6915533928601774, -1.1119386841035834, -0.44327116161994695], [4.885363751883913, 9.803886881085045, 0.6857984577084207, 2.6690726890502736, -0.08913705578816566], [4.951221662963485, 9.716220295163776, 0.2007487854633302, -1.2460537665749316, -1.3366894877927669], [4.816437536757466, 9.81266569936572, 0.008456501610634947, -2.8820865765499724, -1.0377465923382319], [4.003169385436468, 9.815759267187332, 0.0005957115505280867, -2.688053760682108, -0.22158487183621256], [0.3388402701543063, 9.820134370811733, 0.007132811614221709, 1.3203025511243522, 1.2401631479639512], [-0.06178899434040552, 9.78131277693474, 0.0022403861927191224, 0.08050225938674194, 0.02883103765207018], [1.5854274986676646, 8.3691783427697, 0.0030775133913273295, -0.8065448681626131, -1.45194724987517], [-4.894229315528455, 9.389371443389276, 0.009472333182672864, -0.6539815021087572, 2.934408914605367], [2.1491342905143345, 4.177629985498456, 0.0031901466407450955, 1.9365134338362227, 0.6649394044145396], [-4.894511750828689, 9.711172832290284, 0.013852975893252005, 2.784195302392715, -2.9124603823280886], [2.4253979461400306, 8.193271758163302, 0.002714542633667526, -2.1116346347822352, 2.834749418902182], [0.6924758788873691, 1.313409387532273, 0.015835135083982096, 0.36426586264796423, -2.83053313205889], [1.3082203917295967, 6.460975108798493, 0.0022504378463595485, -2.53556644554226, 2.941023239158315], [-4.900153934078149, 0.5744794200241383, 0.017529089834136164, -0.24977078234827887, 2.9437832915216564], [4.964130605509382, -9.798727635460859, 0.005051835871131667, 0.02048871883319281, 2.9432710578533943], [-4.752594684308305, 1.9630371717968789, 0.28922231357913997, 0.6361589938129071, 2.986298328282274], [4.906964135280955, -9.7998431304185, 0.42008317985339094, -0.7102793036799717, -0.7528522060228706]], "Final Predicted Pose 0": [0.4618771970272064, 0.45184460282325745, 0.174306720495224, -0.8704856038093567, 0.29702576994895935, -0.3924671709537506], "Predicted Translation Error 0": "1.9625271676656872cm", "Predicted Rotation Error 0": "tensor([0.9632], grad_fn=<DivBackward0>)"}