{"num_updates": "3056", "penalty": "tensor(0., dtype=torch.float64, grad_fn=<AddBackward0>)", "Starting Pose": [-0.06852667033672333, 0.2065879851579666, -0.3281627893447876, -0.4131228029727936, -0.5712162256240845, -0.5311992764472961, -0.4699670374393463], "Starting Soft Arm States": [-2.9000000953674316, 86.0, 10.0, 16.811405181884766, 35.05340576171875, 10.57176685333252], "Number of Trajectories": 1, "Final Desired Pose": [-0.10722073912620544, 0.19076471030712128, -0.33972713351249695, -0.7237952351570129, -0.40605342388153076, 0.5578898787498474], "Predicted Trajectory 0": [[0.47293373515899556, 0.7096043524783469, 0.3053701825819771, -0.2169211506843567, -0.0273274015635252, 0.9758065342903137], [0.4335179030895233, 0.71424400806427, 0.2922564744949341, -0.44070500135421753, -0.026013029739260674, 0.8972749710083008], [0.41989800333976746, 0.6640790104866028, 0.2891668379306793, -0.541948139667511, -0.18664413690567017, 0.8194242119789124], [0.42314425110816956, 0.6601887941360474, 0.2813512086868286, -0.6160950660705566, -0.2129603922367096, 0.7583369016647339], [0.4194481074810028, 0.6568936705589294, 0.28266894817352295, -0.6656919121742249, -0.08031105250120163, 0.7418925166130066], [0.41814401745796204, 0.6545343399047852, 0.28024911880493164, -0.697442889213562, 0.03884580358862877, 0.7155868411064148], [0.41718411445617676, 0.6536067724227905, 0.2784076929092407, -0.7172523736953735, 0.12103398889303207, 0.6862213611602783], [0.41267675161361694, 0.6565588116645813, 0.27692994475364685, -0.7209463715553284, 0.1850125640630722, 0.6678373217582703], [0.42715010046958923, 0.6436911821365356, 0.27280083298683167, -0.7312683463096619, 0.18972407281398773, 0.6551728248596191], [0.4313928484916687, 0.6433686017990112, 0.28571218252182007, -0.7195078134536743, 0.15067091584205627, 0.6779431104660034], [0.4207383990287781, 0.6307232975959778, 0.2602532207965851, -0.7843965291976929, 0.19101755321025848, 0.5901138186454773], [0.4117375910282135, 0.6385021209716797, 0.265084832906723, -0.7715652585029602, 0.21897393465042114, 0.5972750782966614], [0.4168180227279663, 0.6448294520378113, 0.26085659861564636, -0.7724793553352356, 0.25745946168899536, 0.5805085301399231], [0.41868162155151367, 0.6387384533882141, 0.2715764045715332, -0.7629592418670654, 0.10477348417043686, 0.6378993988037109], [0.422725111246109, 0.6618241667747498, 0.3009718060493469, -0.7304753661155701, 0.13767492771148682, 0.6689180731773376], [0.4288492202758789, 0.637642502784729, 0.27665063738822937, -0.8014206886291504, 0.004887267015874386, 0.5980811715126038], [0.427750825881958, 0.6625953316688538, 0.2872730791568756, -0.7834551334381104, 0.03499792143702507, 0.6204621195793152], [0.4252571165561676, 0.6420753002166748, 0.2911384403705597, -0.787405252456665, 0.00245204521343112, 0.6164308786392212], [0.43001386523246765, 0.6333677172660828, 0.28655746579170227, -0.7821701169013977, -0.15942543745040894, 0.6023233532905579], [0.43695101141929626, 0.6729481816291809, 0.3102665841579437, -0.773861825466156, -0.08975472301244736, 0.626962423324585], [0.4276333153247833, 0.6487313508987427, 0.2781309485435486, -0.8068921566009521, -0.24525035917758942, 0.537380039691925]], "Control Inputs 0": [[-2.759586232970089, -9.771715785173003, 0.6993256023552169, 1.9629549122195913, -2.9401416019909004], [-4.755922295829111, -9.730706602229864, 0.6942393441390804, 0.5904094830843762, -2.9267981071991698], [-0.6579506306059155, -9.624456666803692, 0.5352154881051917, -0.7030542655971379, 1.022002757110421], [-1.3373989798499109, -9.576366327979093, 0.3995732975180308, 0.06790584878050598, 0.954914454771207], [-0.6331537244311782, -9.843197263103105, 0.3529093193609155, 0.022952759502524067, 1.254587962842658], [0.47129260455794064, -9.424374542594826, 0.3440328399383465, 0.212924677939605, 1.5226195953365504], [1.5192606699017395, -7.148525025345027, 0.35907462269331475, 0.3366072118590391, 1.3723394658596169], [-4.900550918277945, -4.324966068243372, 0.35787791752118436, 2.9421679658009507, -2.9448318700661797], [4.901977321201272, -9.640553315295916, 0.432895879265748, -2.944257253985133, 1.2572221030193873], [-0.3326892306375182, -9.637035648533056, 0.35773045582416796, 1.0048298535694133, 0.5479934532278352], [2.0638563108278793, -9.681224865710547, 0.4543267284469299, 0.836226430700187, 2.939597784432043], [-1.8311663304135464, -5.7839406360002865, 0.01623913044698943, 2.926398749523795, -2.8386926083990325], [2.0670635681969927, 4.775748375375313, 0.34651500734428936, 2.942030935515435, -2.942099405706794], [-0.01127051621353825, -4.517955823132504, 0.03686626923078761, -2.923748837009684, -2.966047483855796], [1.7222267462292518, 1.8985634035902361, 0.08632956402614052, -1.276887548614035, -2.3987398234937185], [0.26354486412006217, 0.9517564076067302, 0.06148525137780996, 0.19240949106876792, -1.0219358491441073], [-1.506891021940096, -9.770268152644148, 0.01697406561589115, -0.4984374590088443, 0.03487696883988667], [1.5534920892001995, 9.690959138269765, 0.06402040238173479, 0.8961884507286331, -2.943640242676515], [-3.0675677734954956, 0.19312893677817478, 0.002940353806607153, -2.9301571942688165, -2.941117337600014], [4.903205835552402, 9.814223808476644, 0.21383697241679697, -1.7071537006010349, -2.9911685803468187]], "Final Predicted Pose 0": [0.4276333153247833, 0.6487313508987427, 0.2781309485435486, -0.8068921566009521, -0.24525035917758942, 0.537380039691925], "Predicted Translation Error 0": "0.3849964315063225cm", "Predicted Rotation Error 0": "tensor([0.9834], grad_fn=<DivBackward0>)"}