{"num_updates": "1012", "penalty": "tensor(81.1911, dtype=torch.float64, grad_fn=<AddBackward0>)", "Starting Pose": [-0.10644806921482086, 0.0708770826458931, -0.2976919412612915, -0.5462543368339539, 0.7617703676223755, -0.1666744351387024, 0.30582955479621887], "Starting Soft Arm States": [2.700000047683716, -15.0, 10.0, 31.132104873657227, 13.58891773223877, 35.40446853637695], "Number of Trajectories": 1, "Final Desired Pose": [0.10281311720609665, 0.20100164413452148, -0.3148469030857086, -0.7932559847831726, -0.5613484382629395, 0.2358662486076355], "Predicted Trajectory 0": [[0.42683236427066806, 0.2808456180146454, 0.3835955031861926, -0.21614894270896912, -0.730292797088623, 0.6480370759963989], [0.41300520300865173, 0.27436912059783936, 0.4020058214664459, -0.37819990515708923, -0.7393025159835815, 0.5571326017379761], [0.4394691288471222, 0.3066435754299164, 0.3921644985675812, -0.523341953754425, -0.7255590558052063, 0.4468527138233185], [0.4734169840812683, 0.33830052614212036, 0.36902472376823425, -0.6541368961334229, -0.672946572303772, 0.3453228175640106], [0.508309006690979, 0.3808766305446625, 0.35186871886253357, -0.7599164247512817, -0.5825323462486267, 0.2884148955345154], [0.5490556359291077, 0.424628347158432, 0.3357246220111847, -0.8594031929969788, -0.4761774241924286, 0.1862288862466812], [0.5871554017066956, 0.46703654527664185, 0.3738860785961151, -0.8758761286735535, -0.38484394550323486, 0.291094571352005], [0.6077266335487366, 0.5088284611701965, 0.4043750464916229, -0.8868311047554016, -0.29033294320106506, 0.35949596762657166], [0.6154053211212158, 0.5207505822181702, 0.43729913234710693, -0.8461286425590515, -0.22243548929691315, 0.4843435287475586], [0.6213007569313049, 0.5015765428543091, 0.42818593978881836, -0.8652908205986023, -0.23114344477653503, 0.4447970986366272], [0.6149848103523254, 0.5521293878555298, 0.41822099685668945, -0.9047117829322815, -0.13915632665157318, 0.4026564061641693], [0.606130838394165, 0.584709107875824, 0.38070204854011536, -0.951903223991394, -0.06439944356679916, 0.2995545566082001], [0.6042324900627136, 0.5928271412849426, 0.40491923689842224, -0.9141330718994141, -0.010566812008619308, 0.40527665615081787], [0.593940794467926, 0.5768930912017822, 0.3808620870113373, -0.9513797163963318, -0.030163729563355446, 0.3065400719642639], [0.5943383574485779, 0.5721098184585571, 0.3586975932121277, -0.9605814814567566, 0.01391918770968914, 0.27764996886253357], [0.6155713200569153, 0.5815853476524353, 0.3911442458629608, -0.9263821840286255, 0.039086516946554184, 0.3745507001876831], [0.6237770318984985, 0.5674979090690613, 0.38617125153541565, -0.9520748853683472, -0.0931122675538063, 0.2913476824760437], [0.6101018190383911, 0.6208710670471191, 0.41891416907310486, -0.9005999565124512, -0.059011854231357574, 0.43062418699264526], [0.6056386828422546, 0.6112565994262695, 0.3867475390434265, -0.9272274971008301, -0.13925403356552124, 0.34764564037323], [0.612893283367157, 0.6280718445777893, 0.41138356924057007, -0.8991907835006714, -0.17554955184459686, 0.40079715847969055], [0.6421921253204346, 0.6173604130744934, 0.38882318139076233, -0.9510525465011597, -0.23464374244213104, 0.201100155711174]], "Control Inputs 0": [[-4.960486344680598, 9.598683791963769, 0.3987500115072225, -2.9737749510306912, 2.979331664229859], [-4.979669012952804, 9.644515088650426, 0.6770277051459999, -2.994146580900185, 2.9870090882674942], [-4.9353752140922404, 9.487866112749355, 0.2900976793162755, -2.9847619727425374, 2.994226503577906], [-4.795590972045038, 9.977504583141346, 0.5783464879737563, -2.9170319212237446, 2.9883619288634184], [-4.802372102898486, 9.71089506685582, 0.246528703996411, 2.7603828019152914, 2.963468517242158], [-4.859399330939802, 9.934990974026, 0.05126558732812359, 2.894161927629198, 2.967889394271517], [-0.3691125938668396, 9.942501369893499, 0.14692003091132141, 2.905719698760616, 2.8949422404990255], [-0.9014371058871467, -9.713872306945108, 0.5257643552978637, -2.8843975650343787, 2.881066145206292], [-1.0694910109104638, -9.74389094198328, 0.405446854068918, -2.9091207869467537, 2.850660140664937], [2.3795230733505752, 9.481887599213561, 0.38285679210285734, -2.9731706274581637, 0.11250719746215365], [2.4815983031408715, 9.843784965036381, 0.23572289224034446, 1.464867713437406, 0.6533479714396724], [-1.5293066379186881, -9.579888092676207, 0.02461388926165874, -1.208384391533373, 2.5048208578312794], [4.545910923878305, -9.661579741440669, 0.045020325314774165, -2.860152327924234, 2.8505549753727095], [-3.7341695004604354, -9.557803095605982, 0.2789473722918391, 2.9494949715897176, 2.922293443694744], [-4.1276461725111835, -9.631883837351904, 0.32755537461536033, 1.0021060635860222, -1.562992229855945], [2.1613317681957174, 9.41715275534105, 0.013828729405495883, 2.86295480067381, -2.8439733637170033], [1.9154607227042968, 9.866947979592805, 0.3756216391114923, -1.5108284785214898, -2.9268173953275434], [0.978076839947839, 9.965766907314144, 0.006357759956689177, 0.13269970694447109, -2.8520716165978], [-4.889203253098903, 9.734409758679057, 0.2588473147691902, -2.9426544658785057, -2.9557050088926715], [-3.175409864341821, 9.565838327369914, 0.4446834105820958, 2.9514860252160906, -2.9449524446223667]], "Final Predicted Pose 0": [0.6421921253204346, 0.6173604130744934, 0.38882318139076233, -0.9510525465011597, -0.23464374244213104, 0.201100155711174], "Predicted Translation Error 0": "4.423867771455877cm", "Predicted Rotation Error 0": "tensor([0.9336], grad_fn=<DivBackward0>)"}