{"num_updates": "1673", "penalty": "tensor(20.4009, dtype=torch.float64, grad_fn=<AddBackward0>)", "Starting Pose": [0.15342146158218384, 0.0576607882976532, -0.30458223819732666, -0.039389777928590775, 0.7556822299957275, -0.38955551385879517, 0.5250137448310852], "Starting Soft Arm States": [-34.5, 71.0, 10.0, 10.14453125, 7.246609687805176, 35.407779693603516], "Number of Trajectories": 1, "Final Desired Pose": [0.12083182483911514, 0.09385081380605698, -0.33521735668182373, -0.4783864915370941, -0.1988532692193985, 0.8553383946418762], "Predicted Trajectory 0": [[0.7427579887541018, 0.23909067029740527, 0.3659066063953111, -0.4456180930137634, 0.34951165318489075, 0.824176013469696], [0.8105359673500061, 0.21405825018882751, 0.3961384892463684, -0.5062766671180725, 0.31864991784095764, 0.8013402819633484], [0.8417299389839172, 0.20506148040294647, 0.350212037563324, -0.6213264465332031, 0.437179833650589, 0.6502517461776733], [0.8030509948730469, 0.21534624695777893, 0.33797526359558105, -0.7465497255325317, 0.3323977291584015, 0.5763464570045471], [0.8113372325897217, 0.20463401079177856, 0.32733720541000366, -0.6993474364280701, 0.3234741687774658, 0.6373990774154663], [0.7694731950759888, 0.23135650157928467, 0.33468592166900635, -0.7684179544448853, 0.29219651222229004, 0.5693461298942566], [0.7708017826080322, 0.18459606170654297, 0.33888131380081177, -0.7028959393501282, 0.15159854292869568, 0.6949498057365417], [0.7244082093238831, 0.28871822357177734, 0.3483172655105591, -0.7459723353385925, 0.2774268090724945, 0.6054417490959167], [0.727161169052124, 0.2600119113922119, 0.3587941825389862, -0.7012137770652771, 0.09835170954465866, 0.7061346769332886], [0.7129044532775879, 0.294197678565979, 0.3291216492652893, -0.8828343152999878, -0.003760494291782379, 0.46966931223869324], [0.7203283905982971, 0.237045556306839, 0.3261016309261322, -0.8223270177841187, -0.32450568675994873, 0.46741241216659546], [0.7069487571716309, 0.28970882296562195, 0.29244565963745117, -0.9115175604820251, -0.2678835690021515, 0.3120485246181488], [0.7130979895591736, 0.2466493397951126, 0.33046117424964905, -0.7962122559547424, -0.42927584052085876, 0.42634284496307373], [0.6905592679977417, 0.3209986686706543, 0.34670665860176086, -0.8398557901382446, -0.28405576944351196, 0.4625522196292877], [0.6919676661491394, 0.2871120572090149, 0.368595689535141, -0.7579127550125122, -0.44452765583992004, 0.47745516896247864], [0.6672750115394592, 0.351006418466568, 0.31383201479911804, -0.8852514028549194, -0.2970466613769531, 0.3579009771347046], [0.632546603679657, 0.289732426404953, 0.27602651715278625, -0.8366205096244812, -0.45917657017707825, 0.2987019419670105], [0.6111993193626404, 0.32049092650413513, 0.28511252999305725, -0.8807736039161682, -0.361448734998703, 0.3059292435646057], [0.6411221623420715, 0.2799132168292999, 0.3449844717979431, -0.7782792448997498, -0.44215527176856995, 0.44584769010543823], [0.6392488479614258, 0.30603617429733276, 0.3634634017944336, -0.7814323306083679, -0.34714674949645996, 0.5185099244117737], [0.6199942827224731, 0.3095611333847046, 0.3823862373828888, -0.7734599709510803, -0.2816493511199951, 0.5678321123123169]], "Control Inputs 0": [[-4.095003025467892, -3.0853013184806004, 0.023428939645731818, -2.6606899665095054, -1.070480183806526], [4.812750800971697, -1.186068239065742, 0.4287822496464288, 2.8283079631049555, 2.891406325826705], [-4.735661835442044, 1.2261540851942208, 0.4083321795810319, 1.5925234100739774, 2.8741967769344408], [4.8493235539315815, 1.978630184169397, 0.2700015507617445, 2.924261005513449, 2.999651458754478], [-4.868951868659787, -5.275065717145294, 0.2202931029849785, -0.2537333905133985, 1.4612642322440017], [4.811532424845796, 6.007393691328456, 0.4546070645018871, 2.8059233682920164, 2.8341456127345657], [-4.915448173655529, 9.260164023436449, 0.5137040950775953, 0.1203015072473117, -2.9398113060667166], [4.6293055791371565, 8.216046139536743, 0.20408330906439962, -2.8729346283417456, -2.8134023788878104], [-4.742006538063169, -1.1079160133696284, 0.4622192730399598, -0.37505045254590286, -2.8287936234545232], [4.744001110237452, -2.672272462316065, 0.2631888245393409, -2.8464912157025517, 2.8725352368582717], [-4.900653660990593, -3.3959151978548574, 0.36649121877616164, 2.3467051856671546, 2.9390404799242553], [4.857870674164779, -0.23137294316870793, 0.002941255719002542, 2.8558989932046828, 2.880973499591711], [-4.911414399338366, 6.406761971898444, 0.3689965629142461, 2.91168999738834, -2.9172029815381], [4.817876568373618, -0.22658476777159642, 0.2261853012356586, -2.939063424903218, 2.9611759854126287], [2.4240125874809655, -9.609017699505142, 0.3066148731945378, -2.8432472115281904, 2.955207676226217], [4.90607495329186, -9.614799102403362, 0.2838252907039001, -0.3142641041158103, 2.9507263470390814], [-4.870955742921741, -9.805379812133914, 0.13861450579182602, 2.9828870697034624, 2.9436437865421716], [-4.827459439407691, -9.819726773088881, 0.4776515910460824, 2.952474933072927, 2.9471145988907326], [4.8831512333195, -9.812529757429903, 0.23605804576005135, 2.941014478488925, 2.9682138327750884], [-2.1744785422168884, -9.802636003000805, 0.2408100073059109, 2.866978410571778, -2.9108201760061942]], "Final Predicted Pose 0": [0.6199942827224731, 0.3095611333847046, 0.3823862373828888, -0.7734599709510803, -0.2816493511199951, 0.5678321123123169], "Predicted Translation Error 0": "7.901402501189077cm", "Predicted Rotation Error 0": "tensor([0.9117], grad_fn=<DivBackward0>)"}