{"num_updates": "4893", "penalty": "tensor(0., dtype=torch.float64, grad_fn=<AddBackward0>)", "Starting Pose": [0.17929470539093018, 0.08738204836845398, -0.19838596880435944, -0.24273079633712769, 0.2604772448539734, -0.901494026184082, 0.24605250358581543], "Starting Soft Arm States": [-39.5, 20.600000381469727, 10.0, 33.735267639160156, 23.41204261779785, 35.387908935546875], "Number of Trajectories": 1, "Final Desired Pose": [0.16890007257461548, 0.21901287138462067, -0.23334559798240662, -0.420971542596817, -0.7531710863113403, 0.5054861903190613], "Predicted Trajectory 0": [[0.7742123138634022, 0.3329906416242438, 0.6385356188032704, -0.7610798478126526, 0.31717804074287415, 0.5658228993415833], [0.7627012729644775, 0.3188786208629608, 0.6044623851776123, -0.681866466999054, 0.43626490235328674, 0.5871379375457764], [0.7324230074882507, 0.3099440932273865, 0.5934228897094727, -0.5519089698791504, 0.5002320408821106, 0.6672064065933228], [0.7066138386726379, 0.3228844106197357, 0.581784725189209, -0.4708106219768524, 0.5843150019645691, 0.660994291305542], [0.6758446097373962, 0.33880823850631714, 0.5681090950965881, -0.42289668321609497, 0.662166953086853, 0.6186221837997437], [0.6476112008094788, 0.381116658449173, 0.5347921848297119, -0.40037858486175537, 0.7545722126960754, 0.519920825958252], [0.6233089566230774, 0.4371902346611023, 0.540526270866394, -0.29671233892440796, 0.8062798380851746, 0.5117367506027222], [0.6193229556083679, 0.44052159786224365, 0.5265390276908875, -0.3001660108566284, 0.8220139145851135, 0.48393550515174866], [0.6333895921707153, 0.4950897693634033, 0.5492726564407349, -0.19098524749279022, 0.8658586740493774, 0.4623996317386627], [0.6386921405792236, 0.536754310131073, 0.5515809059143066, -0.19566404819488525, 0.9061331152915955, 0.3750178813934326], [0.6556139588356018, 0.5658436417579651, 0.5465022921562195, -0.22883456945419312, 0.923896312713623, 0.30667629837989807], [0.6673561334609985, 0.6296188235282898, 0.5704591870307922, -0.0566287487745285, 0.9197090268135071, 0.38849514722824097], [0.6826882362365723, 0.6823156476020813, 0.597756564617157, 0.07578593492507935, 0.9209799766540527, 0.38216808438301086], [0.7003180384635925, 0.7154721617698669, 0.6217854619026184, 0.23419800400733948, 0.8727178573608398, 0.42838627099990845], [0.7227854132652283, 0.7592313885688782, 0.6490253210067749, 0.3621672987937927, 0.8113282918930054, 0.45889121294021606], [0.7582154870033264, 0.7624274492263794, 0.6821810007095337, 0.47258812189102173, 0.7234305739402771, 0.5032978057861328], [0.7853864431381226, 0.7897597551345825, 0.757143497467041, 0.5585422515869141, 0.4821256995201111, 0.6749706268310547], [0.7827190160751343, 0.7856571078300476, 0.7284955382347107, 0.628860592842102, 0.3506186604499817, 0.6939746737480164], [0.7748867869377136, 0.7718063592910767, 0.7565701007843018, 0.4720644950866699, 0.05864221975207329, 0.8796113729476929], [0.7190592288970947, 0.729873538017273, 0.6466112732887268, 0.32215824723243713, -0.30222246050834656, 0.897148609161377], [0.6796839833259583, 0.6548969745635986, 0.5900784134864807, -0.06372500211000443, -0.6452077031135559, 0.7613449692726135]], "Control Inputs 0": [[2.840341788290159, -3.788547964670661, 0.14059912581232137, 0.7648551188314174, 2.990454145850612], [4.016162415615135, -7.626065350711334, 0.6243007440176804, 0.45755343344523025, 2.9971078179618758], [1.541817028301141, -8.378479161085865, 0.28081835526903415, -1.403086359290752, 2.949616030484414], [2.471507190842104, 0.2560827439163962, 0.6979654688283999, -1.906627220323934, 2.9490723187695], [0.8608443670758419, 6.3289781132377385, 0.6920191009747343, 2.9440413093387203, 2.942794236987618], [0.6505125719372629, 7.953201358195589, 0.09660271846889852, -1.7940889516547538, 2.915189420893298], [-1.4881839091132014, 7.94623457193374, 0.0016768264610407012, 2.1378846262337454, 2.95259857540478], [-2.5062770101755314, -7.886517683527634, 0.68496062615607, 0.03435918909145297, 2.9136087221642146], [-0.7965920533280064, -3.6317159973782163, 0.6312197822656966, -2.2050475185233718, 2.5551553275445453], [-3.361731509401647, 8.797015792182815, 0.0019198605034481022, -2.686429321208974, 2.917955911948], [2.4037254024340147, 9.681597370214611, 0.002105025208098078, 2.6410666324983287, 2.9996414430123615], [-1.993119707497602, 6.8324988947213185, 0.003359444283409432, -1.0632884604773316, 2.9574841113273447], [0.899491878010279, 9.894155878780722, 0.0021783439590526915, -0.5267776834111095, 2.962752033975729], [-0.8002194506778828, 9.17315310699567, 0.0022663702169907632, -2.2399698477889576, 1.8213276574089532], [-3.2019523343543046, 8.589947025357944, 0.0021617369501126882, -0.24161962704857798, -2.9711230589834874], [4.827803083603982, 9.75993675974425, 0.0033046219205113015, -2.9551813047687143, -2.987434343361215], [-3.1672763240612976, 8.611836848995878, 0.6911149785347792, -2.9073737290711015, -2.945291923506538], [4.359575115121471, -0.23764591190756157, 0.6978694180971801, -2.910447172132085, -2.990226974133502], [4.799361187276766, 0.2802972138942703, 0.6966080939387721, -2.998522062365152, -2.9911632741553165], [-4.829009767864028, -6.569700305994923, 0.005932199025826569, 1.890548180908823, -2.9701929978412145]], "Final Predicted Pose 0": [0.6796839833259583, 0.6548969745635986, 0.5900784134864807, -0.06372500211000443, -0.6452077031135559, 0.7613449692726135], "Predicted Translation Error 0": "7.537070704731611cm", "Predicted Rotation Error 0": "tensor([0.8976], grad_fn=<DivBackward0>)"}