{"num_updates": "2756", "penalty": "tensor(0., dtype=torch.float64, grad_fn=<AddBackward0>)", "Starting Pose": [0.1691049039363861, 0.22522155940532684, -0.2240484058856964, -0.3273702561855316, -0.3039345443248749, -0.7891036868095398, -0.42162537574768066], "Starting Soft Arm States": [-40.599998474121094, 86.0999984741211, 15.600000381469727, 18.059995651245117, 35.066654205322266, 13.678339004516602], "Number of Trajectories": 1, "Final Desired Pose": [-0.18659545481204987, 0.08817330002784729, -0.24366188049316406, -0.24503971636295319, -0.3354467451572418, 0.9096323251724243], "Predicted Trajectory 0": [[0.7618244845629994, 0.7684744031887002, 0.5726545391998317, -0.4301215708255768, -0.4664139747619629, 0.7729511260986328], [0.7288591861724854, 0.7312020659446716, 0.5084388256072998, -0.44305863976478577, -0.5100539922714233, 0.7372543215751648], [0.6726168394088745, 0.6850282549858093, 0.4721482992172241, -0.4055962562561035, -0.4824239909648895, 0.776375412940979], [0.6163319945335388, 0.6009814143180847, 0.4413497745990753, -0.32191184163093567, -0.5161132216453552, 0.793725311756134], [0.5618286728858948, 0.5667098164558411, 0.4227713942527771, -0.27697181701660156, -0.5094498991966248, 0.8147069215774536], [0.5095669031143188, 0.5122146010398865, 0.40834498405456543, -0.22376662492752075, -0.566701352596283, 0.792955219745636], [0.4580997824668884, 0.4599861800670624, 0.42198145389556885, -0.14473609626293182, -0.5933151841163635, 0.791851282119751], [0.41313061118125916, 0.4282497763633728, 0.4203396737575531, -0.10731382668018341, -0.6139050722122192, 0.7820513844490051], [0.36903584003448486, 0.38166558742523193, 0.4262807369232178, -0.01095080841332674, -0.6174911856651306, 0.7865015268325806], [0.3365127146244049, 0.41378381848335266, 0.47032836079597473, 0.022555969655513763, -0.40581879019737244, 0.9136751890182495], [0.3149993419647217, 0.3731735646724701, 0.4632245898246765, 0.028756825253367424, -0.4904292821884155, 0.8710063695907593], [0.2880965769290924, 0.35289841890335083, 0.4819469749927521, 0.09031146764755249, -0.4989844560623169, 0.8618922233581543], [0.28839781880378723, 0.39932864904403687, 0.49802160263061523, -0.054525721818208694, -0.3159084618091583, 0.9472216367721558], [0.2965114414691925, 0.3298565149307251, 0.4744197130203247, 0.02834033966064453, -0.5493161082267761, 0.8351338505744934], [0.2938688397407532, 0.34683629870414734, 0.4913605749607086, -0.005323669873178005, -0.543271005153656, 0.8395405411720276], [0.32707321643829346, 0.34483441710472107, 0.489378958940506, 0.05437580868601799, -0.43685096502304077, 0.8978889584541321], [0.33434513211250305, 0.3476683795452118, 0.5122621059417725, 0.21972736716270447, -0.3386906087398529, 0.914881706237793], [0.29560402035713196, 0.36377477645874023, 0.5338777303695679, 0.194215789437294, -0.33130010962486267, 0.9233203530311584], [0.2874966561794281, 0.41386669874191284, 0.5441927313804626, 0.08050984144210815, -0.18056069314479828, 0.9802632331848145], [0.30226150155067444, 0.370336651802063, 0.5133389830589294, 0.002533748745918274, -0.257658988237381, 0.9662325978279114], [0.3319810628890991, 0.3303033709526062, 0.5071607828140259, 0.015174486674368382, -0.3059976398944855, 0.9519113302230835]], "Control Inputs 0": [[4.986666687458328, 0.007368235943092216, 0.06754536076860886, 1.7905214392029576, -2.996257518064605], [4.919502138056753, -8.367988449397933, 0.2493912916504816, 2.996116037867906, -2.9877266680532517], [4.790378123358776, -9.612948885088088, 0.000821629666374843, 1.745297509386761, -2.9857536520906467], [4.764035436019897, -9.740783608827972, 0.03333307934222529, 1.3091136526414138, -2.989999446458353], [4.853032355266373, -9.679528432691608, 0.000604365762424825, 2.9807114008621376, -2.9515639075347093], [4.88260854008672, -9.667181990104133, 0.000617010822381029, 0.39359356378136834, -2.9217782083075816], [4.919845644982116, -9.489434017368081, 0.0025826877436841674, 0.3548379643355566, -2.8622760257854547], [4.834703636786951, -9.931977695494831, 0.0010168545147891692, 2.690789663725421, 2.861566210714951], [4.882067635952508, -9.961049907960506, 0.0020489325920435156, -1.861897833881512, -2.869412644461915], [1.7994901606900617, -5.10870329592226, 0.0036501820463473037, -0.7869591974321741, -2.954239211740842], [4.896591538140569, -3.6342021768356227, 0.0036646178693651695, 0.2349747471207997, 2.932872213600583], [-4.753901546267628, -9.514791401209143, 0.002407384971059223, -2.51389016850413, -2.9422575951873373], [2.960887671713066, 6.932523062160442, 0.0019154149439438216, 0.7038004343330808, -2.851298615929425], [-2.636759994328672, -4.034676154574993, 0.0018644128102685922, 2.7807369871451826, 2.9412003031707377], [-4.767211545076211, -9.589818467735949, 0.0011503468557887031, 2.8248500056388473, 1.4181686401456828], [4.892764656300182, 9.599400259887002, 0.000724964544071743, -0.01399157148263841, -2.9291836647049236], [4.717338174254614, 6.597601130891551, 0.0011396816274231011, -1.3186050415811272, 2.93854326986917], [-1.8183775556549082, -9.72998691184015, 0.0028468403162678815, -1.61188616740155, 0.07652421308709512], [-3.333429908220598, -9.705609902888218, 0.0009314935026770077, 1.8521085024606911, -2.9125916489125507], [-4.91701882515343, -9.661113061237137, 0.0034797336653479387, -0.29239704013315837, 2.9436319822746766]], "Final Predicted Pose 0": [0.3319810628890991, 0.3303033709526062, 0.5071607828140259, 0.015174486674368382, -0.3059976398944855, 0.9519113302230835], "Predicted Translation Error 0": "0.6480958764018285cm", "Predicted Rotation Error 0": "tensor([0.9648], grad_fn=<DivBackward0>)"}