{"num_updates": "2616", "penalty": "tensor(81.4424, dtype=torch.float64, grad_fn=<AddBackward0>)", "Starting Pose": [-0.022666417062282562, 0.06540343910455704, -0.3226754069328308, -0.5867854952812195, 0.7238050699234009, 0.10271622240543365, 0.3481929302215576], "Starting Soft Arm States": [-6.0, -26.100000381469727, 10.0, 29.737791061401367, 3.5968844890594482, 35.40115737915039], "Number of Trajectories": 1, "Final Desired Pose": [0.09673261642456055, 0.0956978052854538, -0.30351677536964417, -0.9146982431411743, 0.4032587707042694, 0.0266359131783247], "Predicted Trajectory 0": [[0.5286864396421297, 0.26355244234307496, 0.319457491450999, -0.06888887286186218, -0.9209668040275574, 0.38350287079811096], [0.5236254334449768, 0.2527855634689331, 0.3480927050113678, -0.20026127994060516, -0.9433194398880005, 0.2646580636501312], [0.5589579939842224, 0.28056058287620544, 0.3431309163570404, -0.31191909313201904, -0.9498595595359802, 0.021759020164608955], [0.5914586186408997, 0.28892573714256287, 0.3514607548713684, -0.4377409815788269, -0.8924941420555115, -0.10879743099212646], [0.6288384795188904, 0.3132795989513397, 0.34338778257369995, -0.5231691002845764, -0.8061580061912537, -0.2764117419719696], [0.660810112953186, 0.33722689747810364, 0.3469509780406952, -0.5858890414237976, -0.700808048248291, -0.4069423973560333], [0.6835917830467224, 0.34594741463661194, 0.3612251579761505, -0.6225355267524719, -0.6379575133323669, -0.45327672362327576], [0.7107366919517517, 0.37233608961105347, 0.36262643337249756, -0.6506690382957458, -0.5249857902526855, -0.5486525297164917], [0.7112950086593628, 0.3615058660507202, 0.34585848450660706, -0.6414207816123962, -0.4814530313014984, -0.5973125696182251], [0.6692965030670166, 0.36186739802360535, 0.3212790787220001, -0.7085736393928528, -0.44549229741096497, -0.5472294092178345], [0.6593117117881775, 0.37574338912963867, 0.31885021924972534, -0.7545175552368164, -0.3957872986793518, -0.5235032439231873], [0.6863958239555359, 0.3869362771511078, 0.33399567008018494, -0.7436580657958984, -0.35650140047073364, -0.5655788779258728], [0.7105238437652588, 0.402804434299469, 0.33741843700408936, -0.7393340468406677, -0.2694520056247711, -0.6170743107795715], [0.7364161014556885, 0.40446847677230835, 0.3436861038208008, -0.7206077575683594, -0.1971724033355713, -0.6647161245346069], [0.7375745177268982, 0.4007713794708252, 0.3182086646556854, -0.6683350205421448, -0.11922977864742279, -0.7342427968978882], [0.682607889175415, 0.37420228123664856, 0.303047239780426, -0.7807673215866089, -0.10609909147024155, -0.61574786901474], [0.6577364802360535, 0.37014076113700867, 0.3089905083179474, -0.8531301021575928, -0.06870312988758087, -0.5171545147895813], [0.6698781251907349, 0.39217251539230347, 0.3491205871105194, -0.8896050453186035, 0.022177396342158318, -0.45619192719459534], [0.6739214658737183, 0.38554754853248596, 0.37484779953956604, -0.915270209312439, 0.059063248336315155, -0.39848706126213074], [0.6555514335632324, 0.39698776602745056, 0.3824315369129181, -0.9299564361572266, 0.18418392539024353, -0.31820961833000183], [0.6504413485527039, 0.38243797421455383, 0.40314650535583496, -0.9639270901679993, 0.2009623944759369, -0.17452435195446014]], "Control Inputs 0": [[-4.757120507323219, 9.94541135026057, 0.007414220690225669, -2.8229528093381706, 1.3319956989079005], [-4.7943371866766125, 9.10378804446453, 0.0013034639549686403, -2.902948531885668, 2.8162975602823535], [-4.909071341805924, 6.759400092530335, 0.0043095054777482775, -2.9727273837912698, 1.59047517506293], [-4.695835588096888, 9.986413343191792, 0.0035282720303688566, -2.9503812365056086, 1.6442028351233526], [-3.677702418681176, 9.701632245285907, 0.002754729655635559, 0.7840239742025172, 0.696881752255603], [-2.5096694392465992, 9.629367931524644, 0.010328086733542248, -2.4405906383716354, 0.33551592291038634], [-3.3774049074206793, 9.488438333386878, 0.0019723013865853454, -0.5225052365325236, 0.23048083533106123], [4.679350244326171, 1.8942777094404502, 0.004238796786814062, 0.373478018761503, 1.605033056229761], [4.698788800284941, 1.1339824538787777, 0.007329576767041919, -0.6446648738193153, 0.9226140441494661], [-3.9511381803802887, 7.85416427135619, 0.0022325338077184296, -1.0047298380858032, 1.6425445143928643], [-2.8559035471972027, 8.231810818100517, 0.0060131876241174935, -1.5631075896893214, 0.6812282204422053], [-1.696504757459544, 5.403320630442369, 0.00936686429167466, -2.7803148342116444, -0.191734740982342], [-3.5253037225081005, 5.305275392708014, 0.011048140674463282, -1.506167212680018, 0.9107750792622826], [4.8137735689873224, 0.6577339464048375, 0.28165476570525716, 2.7454461430125408, 2.899495468406357], [4.899466023175735, -2.5224907301284416, 0.15544628880347655, 2.8670131153699376, 2.95520338376531], [-2.0089562116695636, 2.9084160004392317, 0.010062720726323754, 2.8101981407498604, 2.90189674257887], [-3.009071704846756, 3.125813349771402, 0.009214125656095829, 2.8721658834430768, 2.8571188635099976], [-0.030567733385307605, -2.9113492249892463, 0.6663714240648415, 2.9545815500993564, 2.951626333009295], [4.868460348598276, -1.0771007399126535, 0.01661478577633601, 2.8757025528225366, 2.9577141156909565], [-4.628484487896545, -1.8920186277681008, 0.6612428667451391, -2.9357529684196226, 2.8833279143993202]], "Final Predicted Pose 0": [0.6504413485527039, 0.38243797421455383, 0.40314650535583496, -0.9639270901679993, 0.2009623944759369, -0.17452435195446014], "Predicted Translation Error 0": "2.459522492930528cm", "Predicted Rotation Error 0": "tensor([0.9581], grad_fn=<DivBackward0>)"}