{"num_updates": "512", "penalty": "tensor(0., dtype=torch.float64, grad_fn=<AddBackward0>)", "Starting Pose": [-0.2828800082206726, 0.1541762351989746, -0.17404966056346893, -0.7230448722839355, -0.35494464635849, -0.5906647443771362, -0.04832875356078148], "Starting Soft Arm States": [29.399999618530273, 4.199999809265137, 10.0, 34.175750732421875, 35.17926025390625, 29.63180923461914], "Number of Trajectories": 1, "Final Desired Pose": [0.08400364220142365, 0.15506841242313385, -0.2876117527484894, -0.9890780448913574, 0.12237398326396942, -0.08215362578630447], "Predicted Trajectory 0": [[0.21234253801709613, 0.544017099225454, 0.7010122361015523, 0.05025900900363922, 0.4561895728111267, 0.8884621858596802], [0.23388658463954926, 0.5589631199836731, 0.6491307616233826, 0.10380548983812332, 0.5285708904266357, 0.8425183892250061], [0.27532660961151123, 0.6088191866874695, 0.6070919036865234, 0.15598715841770172, 0.6296084523200989, 0.7610920667648315], [0.3170446455478668, 0.6260417699813843, 0.5673770904541016, 0.16409726440906525, 0.736268162727356, 0.6564916372299194], [0.33716702461242676, 0.5823900103569031, 0.5376185774803162, -0.07791534811258316, 0.6609032154083252, 0.7464155554771423], [0.3660792410373688, 0.5725858211517334, 0.4959608316421509, -0.2708587348461151, 0.5090969204902649, 0.8169797658920288], [0.4074014723300934, 0.5771619081497192, 0.4801696538925171, -0.3108508586883545, 0.4334697425365448, 0.8458580374717712], [0.44435596466064453, 0.5765427350997925, 0.4540005028247833, -0.41360121965408325, 0.36079975962638855, 0.8359172344207764], [0.48386451601982117, 0.5823435187339783, 0.43530240654945374, -0.4971266984939575, 0.4005724787712097, 0.7696795463562012], [0.5205546617507935, 0.561635434627533, 0.42230868339538574, -0.607699453830719, 0.38029369711875916, 0.6971929669380188], [0.5554177761077881, 0.5375937223434448, 0.40782350301742554, -0.7258312702178955, 0.23478007316589355, 0.6465657949447632], [0.5873550176620483, 0.5626315474510193, 0.4097173810005188, -0.7782096862792969, 0.23775693774223328, 0.5812585353851318], [0.6235818266868591, 0.5559602379798889, 0.41388043761253357, -0.8461739420890808, 0.21019424498081207, 0.48970189690589905], [0.6451104879379272, 0.5474970936775208, 0.41532623767852783, -0.8964070677757263, 0.18422529101371765, 0.4031319320201874], [0.6538583636283875, 0.5464884638786316, 0.41229140758514404, -0.9213764071464539, 0.1824806034564972, 0.34317106008529663], [0.6676616668701172, 0.542234480381012, 0.4214150905609131, -0.9345228672027588, 0.19040004909038544, 0.30069074034690857], [0.654064416885376, 0.547446608543396, 0.41506272554397583, -0.9388779997825623, 0.20497913658618927, 0.27657103538513184], [0.6480534672737122, 0.5451290607452393, 0.4110278785228729, -0.9413171410560608, 0.1821262687444687, 0.28416895866394043], [0.6683895587921143, 0.5486466288566589, 0.4008767902851105, -0.9718003869056702, 0.1974031776189804, 0.12898044288158417], [0.6656508445739746, 0.5478140711784363, 0.4017674922943115, -0.9815765619277954, 0.17042772471904755, 0.0863817036151886], [0.6674055457115173, 0.5438564419746399, 0.40328526496887207, -0.9854527115821838, 0.16200704872608185, 0.051348332315683365]], "Control Inputs 0": [[-4.982408884627496, 9.815584024617092, 0.2449513068921873, -0.1858901612699051, 2.885458763534678], [-4.916002663757002, 9.615708548056425, 0.17720360806684965, 0.8487899254153848, 2.927222977341608], [-4.90958035898542, -7.787786228075623, 0.006671230352978745, -1.6169633541488004, -1.56502819772], [-4.917277936944706, -9.278881596634653, 0.22623017088751438, -2.8849829625285928, -2.8948426472314286], [-4.952949142635278, 9.631581710116066, 0.011016241319618699, 1.1126487169156691, -1.851553808606373], [-4.957260199276065, 6.990156409496024, 0.007323085740758234, -2.026471564568558, -0.766572699607718], [-4.905249277486164, 9.792585523493955, 0.26020558830578117, -1.8334011695514603, 0.5349940930754005], [-4.900919975767256, -5.8074443006549865, 0.2970814619431687, 0.058396018521928106, 2.224907693546206], [-4.8721603560341675, -5.098062078285396, 0.040106479310609476, -2.941702951770846, -2.9357177738946674], [-4.908413680353603, 5.502759463854362, 0.1686785309550065, -1.8769605212909812, -1.3660518877760546], [-3.3805689282410274, 9.790537450462153, 0.13979254836539692, -1.384793531737114, -1.1526276909760265], [-4.848302810472468, -0.8584051650091027, 0.006440833206946851, -1.6671453294979468, -1.0403079395320765], [-0.8636883188008424, 2.6153710828264423, 0.05618721028580333, -0.6221783113004435, -0.5671751919372516], [-1.171704597656809, 4.0325160239488, 0.14373951032120916, -0.22931015714465097, -0.04324456770371876], [-2.3215039790192473, 0.3278046401983392, 0.15672933722974855, 0.696184341153459, -0.26956582100455906], [4.901869975287097, 9.435962124546979, 0.005432661685948408, 0.31959649403947266, -0.7464358712292687], [-3.140937960377297, 3.0510622604895676, 0.24341288598764266, -2.9417532032899594, -0.3301666052401271], [-1.2190092583864738, 6.017924935311548, 0.009339769040798564, 0.4301781455443714, -2.0391547394411145], [0.625234994613491, 9.738886193041349, 0.2299281867357785, 1.2503859785268912, -1.395694013128463], [-0.49504783854758916, -1.7702083516815925, 0.07973561131702946, -2.9393896544781857, -2.919902525852247]], "Final Predicted Pose 0": [0.6674055457115173, 0.5438564419746399, 0.40328526496887207, -0.9854527115821838, 0.16200704872608185, 0.051348332315683365], "Predicted Translation Error 0": "0.7873146112854248cm", "Predicted Rotation Error 0": "tensor([0.9903], grad_fn=<DivBackward0>)"}