{"num_updates": "2589", "penalty": "tensor(145.1014, dtype=torch.float64, grad_fn=<AddBackward0>)", "Starting Pose": [-0.07013212889432907, 0.17511649429798126, -0.3455810844898224, 0.15777641534805298, -0.15505962073802948, -0.9454886317253113, -0.2389860898256302], "Starting Soft Arm States": [-2.5, -1.899999976158142, 10.0, 8.839638710021973, 35.12627029418945, 19.47418212890625], "Number of Trajectories": 1, "Final Desired Pose": [0.15741600096225739, 0.2286747694015503, -0.30897417664527893, -0.16542045772075653, -0.7259718179702759, 0.6675335168838501], "Predicted Trajectory 0": [[0.47098196537729664, 0.6101747831288039, 0.2606536155089, -0.8359845280647278, -0.5008467435836792, -0.22423742711544037], [0.459585577249527, 0.6630157828330994, 0.2695090174674988, -0.9262766242027283, -0.33380696177482605, -0.1748841404914856], [0.49046820402145386, 0.6680077314376831, 0.2832483947277069, -0.9285451769828796, -0.34035342931747437, -0.14820031821727753], [0.5399544835090637, 0.7255716919898987, 0.298001229763031, -0.9763903617858887, -0.084660105407238, -0.19873234629631042], [0.5956823229789734, 0.7393508553504944, 0.30668339133262634, -0.9451333284378052, 0.1187591701745987, -0.3043341338634491], [0.6489728093147278, 0.7651665806770325, 0.3250536322593689, -0.8447426557540894, 0.38950106501579285, -0.36701318621635437], [0.6814268827438354, 0.7830044627189636, 0.3566110134124756, -0.7425969243049622, 0.5907889604568481, -0.3154650926589966], [0.6815232038497925, 0.7869011163711548, 0.32335272431373596, -0.6343643665313721, 0.6994267106056213, -0.32921746373176575], [0.6526340842247009, 0.7897125482559204, 0.3032996952533722, -0.5303100347518921, 0.8193851113319397, -0.21766823530197144], [0.6243935823440552, 0.7777748107910156, 0.30241695046424866, -0.47914519906044006, 0.8741003274917603, -0.07980262488126755], [0.6357686519622803, 0.7780051827430725, 0.3093526363372803, -0.40648505091667175, 0.9128909707069397, -0.03741632401943207], [0.680245041847229, 0.8050267100334167, 0.34680265188217163, -0.15008202195167542, 0.9877417087554932, 0.04291440546512604], [0.7170179486274719, 0.8086631894111633, 0.38881877064704895, 0.0791107639670372, 0.9882693886756897, 0.13063347339630127], [0.7498074173927307, 0.8255371451377869, 0.46147269010543823, 0.13938522338867188, 0.9535797834396362, 0.26694077253341675], [0.7795043587684631, 0.8503404855728149, 0.5134748220443726, 0.33120429515838623, 0.8458513617515564, 0.41813790798187256], [0.7817468643188477, 0.8314469456672668, 0.5067676305770874, 0.48566535115242004, 0.8034941554069519, 0.34427663683891296], [0.8035503625869751, 0.8493365049362183, 0.5973301529884338, 0.5437957048416138, 0.6232268214225769, 0.562027096748352], [0.7828919887542725, 0.845819890499115, 0.5683836340904236, 0.6543003916740417, 0.4540107846260071, 0.6047852635383606], [0.7405927181243896, 0.8197501301765442, 0.5472185611724854, 0.5752844214439392, 0.2404213547706604, 0.7818218469619751], [0.7055095434188843, 0.7998753786087036, 0.5088178515434265, 0.4359970688819885, -0.04895656928420067, 0.8986154198646545], [0.6518165469169617, 0.7437329888343811, 0.44124168157577515, 0.08545286953449249, -0.5031886696815491, 0.859941303730011]], "Control Inputs 0": [[-4.861645227374403, -9.723410193038273, 0.008281821229402332, 2.986405134448857, 2.915416205911229], [-4.815016202946751, -0.9024762871722096, 0.0045193561973390925, 0.3064834470565101, 2.8251003244878303], [-4.9112812978593645, 0.4111342705377137, 0.002997167103565633, -1.8913084508600038, 1.451564343708915], [-4.913000537720761, 3.7543500350379517, 0.004216869735605532, -2.4395531169637685, 0.3813615516299298], [-4.5233665978055395, 3.9313390703503295, 0.0030101769123073727, 1.7576277306132981, 1.724696135170734], [0.20668254064846714, 5.270989839509724, 0.003551781510059666, -1.5806633875088485, -1.0381715459680465], [4.800775171512946, 4.502793170644916, 0.002366855078701922, 0.3508154277818627, 2.8211798768592384], [4.8884165504098505, 0.13538472169407534, 0.004143275382166593, 2.865229574969674, 2.9328350122727205], [0.5460101317542021, 2.1730063819781957, 0.0032975898120990287, 0.9284717842083925, -1.0505994722622076], [-3.2226070300657623, 6.043151520542043, 0.001065597622413964, 2.9131289942769776, 1.5982960388358816], [-2.6146532960364315, 6.287980888811827, 0.0021801618252022675, 2.992724627746723, 2.8713923691417245], [-3.9907319008207263, 5.43779453960051, 0.002645807243459355, 2.824501526531554, -2.7813077269325257], [-4.29455080534085, 9.688692906119904, 0.0010380301900303611, 2.9639096273943775, -2.8844643821987477], [4.87489156158982, 9.521000071914628, 0.00045763405279435586, -0.5208751843632955, 2.91819092418267], [-4.858617327136893, 9.683206740757647, 0.002023191842476642, 1.3998362884076885, -2.979977596806802], [2.4354962148330763, 9.713864653539304, 0.009156647517125397, 0.7218605250701948, -2.979780270758046], [3.5366577588483974, 9.832366779065126, 0.6968560369055241, -2.981218620117878, -2.9465972563971095], [-0.5347035065259993, 7.490704027917136, 0.6995912674760321, -2.8965602215669675, -2.987335196177428], [4.177681638112967, 1.6638361138253988, 0.6990839290184401, -2.911459604117571, -2.9286844034347945], [-4.919139130595735, 2.3061990802461114, 0.6934569361157104, 0.9459719470164369, -2.985003587862959]], "Final Predicted Pose 0": [0.6518165469169617, 0.7437329888343811, 0.44124168157577515, 0.08545286953449249, -0.5031886696815491, 0.859941303730011], "Predicted Translation Error 0": "8.645769783296585cm", "Predicted Rotation Error 0": "tensor([0.9252], grad_fn=<DivBackward0>)"}