{"num_updates": "2903", "penalty": "tensor(0., dtype=torch.float64, grad_fn=<AddBackward0>)", "Starting Pose": [-0.2816028892993927, 0.18784800171852112, -0.25219637155532837, -0.5050739049911499, -0.660050630569458, 0.516546905040741, -0.20594365894794464], "Starting Soft Arm States": [28.600000381469727, 71.4000015258789, 10.0, 28.585247039794922, 34.963985443115234, 11.883283615112305], "Number of Trajectories": 1, "Final Desired Pose": [-0.07913687080144882, 0.11689724028110504, -0.39702481031417847, -0.7787439823150635, 0.5409873127937317, -0.3176327347755432], "Predicted Trajectory 0": [[0.21389514247790972, 0.6503981174991598, 0.5003925649735214, -0.40497511625289917, 0.879507839679718, -0.2499222457408905], [0.22659718990325928, 0.6337983012199402, 0.4598584473133087, -0.3025830388069153, 0.9107396006584167, -0.28106367588043213], [0.2586449682712555, 0.6546237468719482, 0.40841034054756165, -0.2386322021484375, 0.9129688739776611, -0.33097192645072937], [0.300857812166214, 0.664035975933075, 0.35225915908813477, -0.15156957507133484, 0.8909083604812622, -0.4281459450721741], [0.3390979468822479, 0.6703477501869202, 0.31419581174850464, -0.11565674096345901, 0.8751267194747925, -0.4698687791824341], [0.3818475902080536, 0.663574755191803, 0.28178441524505615, -0.07810762524604797, 0.8420268893241882, -0.5337507724761963], [0.4059102237224579, 0.6595836281776428, 0.265403151512146, -0.051038727164268494, 0.8086690902709961, -0.5860455632209778], [0.4193331003189087, 0.6412235498428345, 0.25443384051322937, -0.11453380435705185, 0.7334831953048706, -0.6699883937835693], [0.4491925537586212, 0.6232551336288452, 0.21652644872665405, -0.021559756249189377, 0.5817578434944153, -0.8130762577056885], [0.4486807882785797, 0.5997111797332764, 0.20075580477714539, -0.07962779700756073, 0.46564385294914246, -0.8813824653625488], [0.44193166494369507, 0.5682143568992615, 0.17558670043945312, -0.11092288047075272, 0.32236334681510925, -0.9400947093963623], [0.4331448972225189, 0.5542051196098328, 0.16081245243549347, -0.15954920649528503, 0.2285645604133606, -0.9603657126426697], [0.43836432695388794, 0.5362157225608826, 0.14694464206695557, -0.27939876914024353, 0.12192145735025406, -0.9524030089378357], [0.4559646546840668, 0.4975398778915405, 0.1201721578836441, -0.2520526051521301, 0.05499126762151718, -0.9661498069763184], [0.440020352602005, 0.48433926701545715, 0.11897484958171844, -0.4995327889919281, 0.03448585048317909, -0.8656083345413208], [0.46697187423706055, 0.4423830509185791, 0.09932371973991394, -0.46582019329071045, -0.01886090263724327, -0.8846784234046936], [0.4625869393348694, 0.4504724442958832, 0.11099591851234436, -0.6724688410758972, 0.03886798396706581, -0.739104151725769], [0.4819374978542328, 0.41274264454841614, 0.09313929080963135, -0.6301542520523071, 0.05738283321261406, -0.7743467688560486], [0.4633044898509979, 0.4304526448249817, 0.12359649688005447, -0.7987968325614929, 0.1216539740562439, -0.5891722440719604], [0.48400190472602844, 0.4248962700366974, 0.09550200402736664, -0.7323338389396667, 0.17858782410621643, -0.6571099162101746], [0.4554409384727478, 0.44644200801849365, 0.14108394086360931, -0.8303679823875427, 0.28697046637535095, -0.4776366651058197]], "Control Inputs 0": [[-4.985595723443272, -0.45903867262860665, 0.006136043635827093, -2.958718276026251, 2.987109603393738], [-4.940954420140228, 1.1239054100267225, 0.004713636356195179, -1.798793598493925, 2.9890279757141887], [-4.992102441985386, 4.062062874992597, 0.00295292310853449, -2.552681546092374, -0.7138435732658368], [-4.813149222680037, -4.804649687731946, 0.0022692934319666937, -0.1760091327835891, 2.997995641959519], [-4.758690832683359, -6.369485669493891, 0.004591035048203322, -2.941304388854482, 0.16699426539807805], [0.6364281916311354, -4.457064394542024, 0.0020973315231061313, -2.8940662949680354, -0.16437852991556534], [-0.9135806124283468, 9.958244590183366, 0.004154210008695191, -2.9230737314136555, 0.3278910815188647], [0.3737938889086969, 0.29252366151602516, 0.00754093056511064, -2.215407169110079, -0.021813025804129804], [1.0571782550058249, -0.7435634633739365, 0.003906262796881194, -2.243804012422744, -0.3194946531620939], [1.061770274667813, -1.3846931751081524, 0.24956441703286306, -0.3947493610971411, -0.6261607589039411], [0.9139454089879351, 1.384549526166067, 0.37576596599352113, 1.540075157737796, -1.7738300401068365], [-3.567965523358091, 2.2733810345578043, 0.6918266651320292, 0.470089378990755, -2.9190598844769657], [2.7599033202344874, 2.6730854947523373, 0.4012946035289516, -1.719440451384517, -2.939758175684706], [-4.907364662907402, 3.55985104821735, 0.589966452979634, 1.3419816009685208, -2.8602460830162673], [0.9007675052904078, 5.754232552151063, 0.3653271156799022, -0.04821497473580383, -2.899773824085984], [-4.745938864900502, 1.205073715333116, 0.6937671156093493, 0.28223051764574203, -2.8256906995979345], [2.00909975637271, -3.5684081287205265, 0.10326019820373315, 0.27378437156168456, -2.953515920899692], [-4.927569642602369, 6.003446561055874, 0.6815462274691166, -1.9947307171734325, -2.8852595382252426], [-0.3395739801164561, 0.6933785236172465, 0.31675062869638954, 2.902412725055574, -2.8454818619122326], [1.100773219851412, -9.818979067730456, 0.1659071873158415, -2.808229857752438, 2.936791588113949]], "Final Predicted Pose 0": [0.4554409384727478, 0.44644200801849365, 0.14108394086360931, -0.8303679823875427, 0.28697046637535095, -0.4776366651058197], "Predicted Translation Error 0": "0.8880733119962527cm", "Predicted Rotation Error 0": "tensor([0.9536], grad_fn=<DivBackward0>)"}