{"num_updates": "446", "penalty": "tensor(24.7263, dtype=torch.float64, grad_fn=<AddBackward0>)", "Starting Pose": [-0.35900288820266724, 0.13707193732261658, -0.156756192445755, -0.36152493953704834, 0.20507016777992249, -0.9077116250991821, 0.05749344825744629], "Starting Soft Arm States": [41.20000076293945, -36.0, 10.0, 21.193063735961914, 35.149452209472656, 35.407779693603516], "Number of Trajectories": 1, "Final Desired Pose": [-0.2516893446445465, 0.09067089855670929, -0.2661706209182739, -0.925401508808136, -0.3755968511104584, 0.050587356090545654], "Predicted Trajectory 0": [[0.119799297868735, 0.4899785733914297, 0.745408344938433, -0.7319884300231934, -0.04390101879835129, 0.6799011826515198], [0.1270492523908615, 0.46580249071121216, 0.6811498999595642, -0.7780897617340088, -0.19562438130378723, 0.5969148874282837], [0.14343872666358948, 0.46083343029022217, 0.6190747618675232, -0.8292528986930847, -0.24671302735805511, 0.501470148563385], [0.16912098228931427, 0.3921654224395752, 0.5382475852966309, -0.8214157819747925, -0.48460710048675537, 0.3007194399833679], [0.20144249498844147, 0.3565821051597595, 0.49291911721229553, -0.7345790266990662, -0.6441230177879333, 0.21330545842647552], [0.23090828955173492, 0.3411415219306946, 0.4546305239200592, -0.632561206817627, -0.7627224326133728, 0.13461385667324066], [0.23563164472579956, 0.3602057099342346, 0.46387335658073425, -0.6170174479484558, -0.769435465335846, 0.16510124504566193], [0.2316509485244751, 0.3585789203643799, 0.4680229127407074, -0.6100000143051147, -0.7839171886444092, 0.11564544588327408], [0.24455773830413818, 0.35732749104499817, 0.4582851827144623, -0.6113325357437134, -0.7847073078155518, 0.10250410437583923], [0.2545080780982971, 0.3401896059513092, 0.4552241265773773, -0.5511720776557922, -0.8299387097358704, 0.08608739823102951], [0.24550801515579224, 0.34552672505378723, 0.46546250581741333, -0.5751537680625916, -0.8133770227432251, 0.08727014809846878], [0.24354897439479828, 0.3425480127334595, 0.4660073220729828, -0.5870993137359619, -0.8083701729774475, 0.04303484410047531], [0.2439497709274292, 0.34921905398368835, 0.46454954147338867, -0.6245479583740234, -0.7809851169586182, -0.0014596279943361878], [0.2460765838623047, 0.35207489132881165, 0.4591112434864044, -0.6616015434265137, -0.7488309741020203, -0.03918476775288582], [0.24511347711086273, 0.35128697752952576, 0.4625968933105469, -0.6904035210609436, -0.7223525643348694, -0.039366714656353], [0.24111613631248474, 0.3360733985900879, 0.46212857961654663, -0.6698734760284424, -0.7394422888755798, -0.06704115867614746], [0.23879946768283844, 0.33683449029922485, 0.46317192912101746, -0.6804021596908569, -0.7255263328552246, -0.10326926410198212], [0.23363228142261505, 0.3356311321258545, 0.4593164920806885, -0.7058361768722534, -0.6928716897964478, -0.14739112555980682], [0.24385221302509308, 0.36405664682388306, 0.4551169276237488, -0.781739354133606, -0.6071856021881104, -0.1421588808298111], [0.2393873631954193, 0.3324110209941864, 0.4254913926124573, -0.7483602166175842, -0.6184841990470886, -0.23965436220169067], [0.23701795935630798, 0.3558441996574402, 0.4601961374282837, -0.8417340517044067, -0.536121666431427, -0.06369692087173462]], "Control Inputs 0": [[-4.8366288863964595, 9.817882444177812, 0.281591484240041, -2.9410625845149854, -2.949606629198145], [-4.920491875478791, -9.805052219544326, 0.35229594056167646, -2.863494118234131, -2.9241397325035683], [-4.971952835822972, -9.810772805372835, 0.007147323195268443, 0.8069624146603127, -2.942046828649823], [-4.813136475352729, -4.88112041924217, 0.2823662015173082, 1.3007655386676218, -2.940832934119202], [-2.330357333290942, 9.795682667694553, 0.12280662650080644, 2.942125032030032, -2.9335452800637105], [0.4495413405148616, 9.80928482909902, 0.007730211347147971, 1.2076421895441207, -2.9206617157512187], [0.7823267945177372, 9.79886326073812, 0.012241294362447318, 1.040157906970185, -2.94215007686641], [-4.885421629861394, 9.72930149736283, 0.4229478991816531, 2.9379833542620375, 1.2568164654636549], [1.8026461305668473, 5.288493830386306, 0.3397583943101637, 0.23824808937195607, -0.5372748035202592], [0.12439951196753185, 9.797524502871582, 0.325596094349348, 0.579810923951575, -0.7061096318262567], [-0.1330881505363397, 9.797154943709845, 0.2197928492092584, 0.16816013947224295, -0.5380038064643351], [-0.6293319117034049, 9.79974543422097, 0.004620374304141371, -0.11130024770790126, -0.7311937002528124], [-0.8023929072568592, 9.787466533040774, 0.008056076671281191, -0.2915970408683659, 0.4778460570820764], [0.6364108970116291, 2.2384958418164445, 0.16531214718427986, 0.16245889247561252, 0.6539052759474595], [0.3456531575073658, 3.2606297240982904, 0.1606608654464385, 0.3116165371513113, -0.41998831710158235], [-0.41557280007165076, 5.494161848775571, 0.0027441666353002813, -0.2974304881012846, -1.4447244689886243], [0.4529841625289732, 9.803951255906767, 0.06261461027462357, -1.0599675332967402, 0.1244366617334638], [-3.971021178242057, 6.05359216292419, 0.012884085563307472, -0.905026530787528, -1.234050845367434], [4.871898399682868, 3.0530984122580893, 0.0308023275286664, -2.567548079835957, 1.826240378917264], [-4.899339940820086, -9.583911109240368, 0.5206717438566857, -1.6738683107970953, -2.355769517598129]], "Final Predicted Pose 0": [0.23701795935630798, 0.3558441996574402, 0.4601961374282837, -0.8417340517044067, -0.536121666431427, -0.06369692087173462], "Predicted Translation Error 0": "1.170740832643106cm", "Predicted Rotation Error 0": "tensor([0.9771], grad_fn=<DivBackward0>)"}