{"num_updates": "1624", "penalty": "tensor(0., dtype=torch.float64, grad_fn=<AddBackward0>)", "Starting Pose": [0.18161779642105103, 0.23097530007362366, -0.22144243121147156, -0.32182440161705017, -0.5993974804878235, -0.5491143465042114, -0.48541226983070374], "Starting Soft Arm States": [-41.70000076293945, -48.29999923706055, 10.0, 22.3919734954834, 35.18257141113281, 2.8583285808563232], "Number of Trajectories": 1, "Final Desired Pose": [0.00859703030437231, 0.1758635938167572, -0.3343011438846588, -0.8837463855743408, -0.38836556673049927, 0.2610833942890167], "Predicted Trajectory 0": [[0.7770365156163814, 0.7866525047391766, 0.5793446452257325, -0.32160791754722595, -0.14729222655296326, 0.9353466629981995], [0.7774090766906738, 0.7997518181800842, 0.5006181597709656, -0.39295461773872375, 0.16774782538414001, 0.9041279554367065], [0.7379048466682434, 0.7678171992301941, 0.4384596347808838, -0.49667200446128845, 0.35658004879951477, 0.7913075089454651], [0.6879138350486755, 0.7239360213279724, 0.3580235540866852, -0.6654845476150513, 0.4552922546863556, 0.5914721488952637], [0.6341065168380737, 0.6799649596214294, 0.29163065552711487, -0.8084906935691833, 0.4526616930961609, 0.3760852813720703], [0.5840850472450256, 0.6624334454536438, 0.27839475870132446, -0.827408492565155, 0.43224185705184937, 0.35855576395988464], [0.5620722770690918, 0.6422556638717651, 0.28819000720977783, -0.8320611715316772, 0.37968921661376953, 0.4043640196323395], [0.5655289888381958, 0.6406400799751282, 0.286457359790802, -0.868290364742279, 0.3298795819282532, 0.3704742193222046], [0.5680211782455444, 0.638175904750824, 0.28446218371391296, -0.8886198997497559, 0.3249908685684204, 0.32362884283065796], [0.5613002181053162, 0.6010020971298218, 0.2730295658111572, -0.9355672001838684, 0.2737771272659302, 0.22307005524635315], [0.5640574097633362, 0.6003007888793945, 0.2828163504600525, -0.9400686025619507, 0.271649032831192, 0.20610123872756958], [0.5679121613502502, 0.6113194823265076, 0.2803616523742676, -0.9482883810997009, 0.26718252897262573, 0.17135554552078247], [0.5667628645896912, 0.6100105047225952, 0.28265807032585144, -0.9596880674362183, 0.23344965279102325, 0.15652483701705933], [0.5689477920532227, 0.6022622585296631, 0.2806842029094696, -0.9741179943084717, 0.1758480966091156, 0.1420266181230545], [0.557093620300293, 0.616770327091217, 0.27200454473495483, -0.9659439921379089, 0.22483766078948975, 0.12806348502635956], [0.5593182444572449, 0.6149172186851501, 0.2973082363605499, -0.938624382019043, 0.23663833737373352, 0.2509712874889374], [0.5569121241569519, 0.6045683026313782, 0.3009341359138489, -0.941496729850769, 0.16680511832237244, 0.2928481101989746], [0.5476728081703186, 0.6253290176391602, 0.2884128987789154, -0.9603531360626221, 0.14312125742435455, 0.2392449527978897], [0.5438037514686584, 0.6086215972900391, 0.32213056087493896, -0.9313061833381653, 0.023948360234498978, 0.36344918608665466], [0.5426724553108215, 0.6110267043113708, 0.3182869851589203, -0.9470410346984863, -0.04422084242105484, 0.31805330514907837], [0.562949538230896, 0.5901033282279968, 0.3028273284435272, -0.9699444770812988, -0.19402946531772614, 0.1468343287706375]], "Control Inputs 0": [[4.884572373949958, -9.410619938036143, 0.6947142895084674, -2.974130127359021, -2.7628092772266], [4.9273765572277775, -9.94673956763618, 0.6969244176697869, -2.9317438318983364, -2.950525003444901], [4.843480358003248, -9.902094832469254, 0.3899898337206931, -2.9289975408175555, -2.935278450581269], [4.742460696369021, -4.502048089409348, 0.008288383442109692, 0.4375241137486272, -2.9467163218850083], [1.917382214568054, -0.15227834161017206, 0.0009528791452137226, 2.878088597141365, -2.9437020194608996], [-1.2899875695722591, 1.0253010650444523, 0.006103210367350789, -0.409285662586071, -2.974793277938842], [-1.0596945035094918, 5.12832212118548, 0.01877040734205875, -0.6845927441019302, -2.8592360580221716], [-1.3806993397977028, -7.304826496421435, 0.06241642204641628, -0.5540699660215247, 1.7144049601456786], [0.2711878932094187, -6.526323001354813, 0.06600131287116148, 0.5443426202324684, 1.4000319196974589], [-1.5312752427114447, 3.89449402192545, 0.0857490694361213, -1.2392691574254429, -2.8537077819701686], [1.1648283159390118, 2.8826040811816043, 0.015315760243010576, -0.664585070181499, -1.2570049589213206], [-0.9212284124472223, 3.3206282500689674, 0.008022270957072277, -0.6938691219811357, -2.934517511280912], [0.7190076143084347, 3.8620741464307535, 0.001778014043778246, -0.6649092201519382, -1.21768297651806], [2.1500711817986184, 0.6674962689062571, 0.013591105204744677, 2.93917297749792, 2.943628047518845], [-4.176352964699004, 3.329008898156033, 0.2515367799267569, 1.8126863562213602, -2.8310123003642254], [4.890629665340452, 8.22859088488812, 0.0054930434473010985, -2.9386986052474353, -2.9395647690216418], [-0.9894342172163082, 9.467022976027557, 0.009649103440563876, 2.9417729751084956, -2.9307939914747214], [0.9297049819214038, 9.789837672307513, 0.007233195574075455, 0.32928628835448626, -2.9433645079546444], [0.8338689352095141, 9.808622006860553, 0.0031163393811215823, -2.9358290193336307, -2.941925728714306], [-4.455896746187638, 9.815073794548631, 0.015979187669699472, 2.940778700530294, -2.9441891243476004]], "Final Predicted Pose 0": [0.562949538230896, 0.5901033282279968, 0.3028273284435272, -0.9699444770812988, -0.19402946531772614, 0.1468343287706375], "Predicted Translation Error 0": "0.9295013456113597cm", "Predicted Rotation Error 0": "tensor([0.9709], grad_fn=<DivBackward0>)"}