{"num_updates": "830", "penalty": "tensor(0., dtype=torch.float64, grad_fn=<AddBackward0>)", "Starting Pose": [0.08391028642654419, 0.13984112441539764, -0.2656410038471222, -0.20697921514511108, -0.19796794652938843, -0.9392991065979004, -0.18890610337257385], "Starting Soft Arm States": [-27.299999237060547, 41.0, 10.0, 26.68752098083496, 35.17594909667969, 26.432504653930664], "Number of Trajectories": 1, "Final Desired Pose": [-0.3646414279937744, 0.1723511815071106, -0.1774245649576187, -0.6410044431686401, 0.5719937086105347, 0.511797308921814], "Predicted Trajectory 0": [[0.65825265504964, 0.49872741472559146, 0.46587725812845204, -0.8429481983184814, -0.2729281485080719, 0.4636254906654358], [0.6358711123466492, 0.5072002410888672, 0.42448511719703674, -0.8517708778381348, -0.279913991689682, 0.44287076592445374], [0.5766527056694031, 0.49030113220214844, 0.41908037662506104, -0.7495754957199097, -0.28815558552742004, 0.5959051847457886], [0.5332024693489075, 0.55403071641922, 0.4317062199115753, -0.6709091663360596, -0.06036360561847687, 0.7390786409378052], [0.49760860204696655, 0.5823413729667664, 0.4371592700481415, -0.6273690462112427, 0.05549399182200432, 0.7767423391342163], [0.4489145576953888, 0.5675668716430664, 0.44946837425231934, -0.5714848637580872, 0.03140213340520859, 0.820011556148529], [0.4002642333507538, 0.5425193905830383, 0.4904191195964813, -0.3989405930042267, -0.047083187848329544, 0.9157671332359314], [0.3709574043750763, 0.6153128147125244, 0.512576699256897, -0.37054890394210815, 0.1484876573085785, 0.9168668985366821], [0.32579177618026733, 0.593779444694519, 0.5086939930915833, -0.4225720763206482, 0.08581186085939407, 0.9022578597068787], [0.28658148646354675, 0.5982950925827026, 0.5588557720184326, -0.3009478747844696, 0.12172150611877441, 0.9458404779434204], [0.2514517605304718, 0.5695627331733704, 0.6152085065841675, -0.17369112372398376, 0.10214515030384064, 0.9794885516166687], [0.24670393764972687, 0.5548936724662781, 0.6220582723617554, -0.17942537367343903, 0.13289138674736023, 0.9747545123100281], [0.24213695526123047, 0.6020614504814148, 0.6130624413490295, -0.12011978030204773, 0.35096925497055054, 0.9286505579948425], [0.2044617235660553, 0.5931119918823242, 0.6546226143836975, -0.128810852766037, 0.37922143936157227, 0.9162962436676025], [0.1718468815088272, 0.5987087488174438, 0.6860180497169495, -0.11659669131040573, 0.4549708068370819, 0.8828402161598206], [0.14641553163528442, 0.5975803136825562, 0.7004558444023132, -0.14293105900287628, 0.5244538187980652, 0.8393562436103821], [0.12815263867378235, 0.602658748626709, 0.7063182592391968, -0.20346039533615112, 0.5804138779640198, 0.7884944677352905], [0.1175605058670044, 0.6046021580696106, 0.7037625312805176, -0.28171342611312866, 0.6124922037124634, 0.7385736107826233], [0.11431246250867844, 0.600378155708313, 0.699414074420929, -0.3666597604751587, 0.6268165707588196, 0.6875039339065552], [0.10734770447015762, 0.5926805138587952, 0.6854693293571472, -0.48887306451797485, 0.60527104139328, 0.6282117962837219], [0.10790874063968658, 0.5960462093353271, 0.686488151550293, -0.5346619486808777, 0.5990391969680786, 0.5960609912872314]], "Control Inputs 0": [[4.912697599830352, 1.2893987711565167, 0.4388377747833648, 2.9733747349749144, -2.945994517755579], [4.989967574319252, 4.029483254569923, 0.6538268976252898, 1.0689764851367736, 2.479927088504943], [4.91752041320782, 6.711345480241633, 0.589823839796465, -0.9033708972464605, 2.868375126829026], [4.9339085561054095, 8.263738345421679, 0.44993740229883517, 1.3639776451546428, -2.877699486165539], [4.937228526684407, -0.8077672149672477, 0.3995447916004103, 2.8747701744307435, -2.8922114916564237], [4.944148163585453, 6.014474921717813, 0.5935232976596235, -2.942068755325545, 2.432950754041423], [4.941072703144302, 9.743792985008113, 0.48039911009134173, -2.946063127772743, -2.943384779771976], [4.968467380442107, 9.711232438606693, 0.24447740646112956, 1.4156312649473968, -2.2300732954257914], [4.913806840943508, 0.8263244517352302, 0.2792699447540624, 1.088220474606982, -0.6694513002684626], [4.940036815072499, 0.5697264123537078, 0.1350974837115622, -0.8144423564324672, -0.28815664804625873], [-4.8496816091034445, -0.9175882765713084, 0.22000674808524517, -1.6277289077614054, 2.9360890553454677], [4.883438085456827, 1.6872304008894883, 0.0012196639827573316, -2.3515448346958188, -0.4742870533152024], [4.935552141324687, 0.6079185635294237, 0.22164153320250843, -1.9636175078419307, 0.4186358513279096], [4.252399761675418, -2.46617706663815, 0.09716611786785205, -2.862560208090615, 1.6959033805203418], [2.229366415868311, -6.604840017707348, 0.19237278970291372, -1.860875384016145, 2.491508505737693], [1.6534806336921442, -4.325442322711478, 0.19299496688288462, -1.6410002730246318, 1.535118526088218], [-0.528042990734451, -6.601486268314613, 0.1352217477776704, 0.0729083486554285, 1.401181583810442], [-0.21577074456448653, -9.800513105414934, 0.2630906839314627, -0.7183202623009803, 0.9928469318082933], [0.4286291637009283, 0.4844846113839427, 0.15321424828539376, 0.3351428124892739, -1.2304449993528328], [-1.7097503487196213, -8.339615395740013, 0.03661697568124509, -2.915327450518257, -2.891259001288082]], "Final Predicted Pose 0": [0.10790874063968658, 0.5960462093353271, 0.686488151550293, -0.5346619486808777, 0.5990391969680786, 0.5960609912872314], "Predicted Translation Error 0": "0.5028027093594132cm", "Predicted Rotation Error 0": "tensor([0.9904], grad_fn=<DivBackward0>)"}