{"num_updates": "1804", "penalty": "tensor(0., dtype=torch.float64, grad_fn=<AddBackward0>)", "Starting Pose": [-0.12572814524173737, 0.11829423904418945, -0.27690136432647705, -0.4197060465812683, 0.3090168237686157, -0.8321382403373718, 0.18947671353816986], "Starting Soft Arm States": [-0.800000011920929, -54.29999923706055, 10.0, 26.637842178344727, 28.012285232543945, 35.387908935546875], "Number of Trajectories": 1, "Final Desired Pose": [-0.325888067483902, 0.07222741842269897, -0.23017922043800354, -0.43015190958976746, -0.4572282135486603, 0.7784032821655273], "Predicted Trajectory 0": [[0.4033934099607468, 0.43065318389825047, 0.43696945398060283, -0.575890839099884, 0.05594917759299278, 0.815609872341156], [0.40529075264930725, 0.3932705521583557, 0.457163542509079, -0.4485507607460022, -0.14202135801315308, 0.8824013471603394], [0.36818167567253113, 0.36324208974838257, 0.4777749478816986, -0.33471402525901794, -0.33619406819343567, 0.8803067803382874], [0.3294266164302826, 0.34045156836509705, 0.49937283992767334, -0.20535588264465332, -0.554467499256134, 0.806470513343811], [0.28623491525650024, 0.32698768377304077, 0.5242366790771484, -0.1672431230545044, -0.6948083639144897, 0.6994791030883789], [0.24103400111198425, 0.3198442757129669, 0.5369285941123962, -0.269880086183548, -0.770968496799469, 0.5768640637397766], [0.20316043496131897, 0.30746421217918396, 0.5565653443336487, -0.3018651306629181, -0.8580470681190491, 0.41549089550971985], [0.17292280495166779, 0.31299811601638794, 0.5708873867988586, -0.4333520233631134, -0.8584325909614563, 0.2744072675704956], [0.16681985557079315, 0.3091178238391876, 0.5661328434944153, -0.441175252199173, -0.8867210149765015, 0.13816715776920319], [0.16262400150299072, 0.311583548784256, 0.5582517981529236, -0.5058281421661377, -0.8579682111740112, 0.08960190415382385], [0.16074949502944946, 0.3104807138442993, 0.5587043166160583, -0.5105535984039307, -0.8528233170509338, 0.10966869443655014], [0.162401482462883, 0.30786243081092834, 0.5475432276725769, -0.5138033628463745, -0.8477426767349243, 0.1316753774881363], [0.16594630479812622, 0.3096647560596466, 0.5341340899467468, -0.5196110010147095, -0.8310322165489197, 0.1984686255455017], [0.15197142958641052, 0.2985396683216095, 0.5434427261352539, -0.5253448486328125, -0.8087759017944336, 0.26437535881996155], [0.14696848392486572, 0.286758154630661, 0.5841395854949951, -0.4357013702392578, -0.8402686715126038, 0.32266539335250854], [0.1603972166776657, 0.2913384735584259, 0.5634443163871765, -0.4117506146430969, -0.8535167574882507, 0.3193284273147583], [0.17354659736156464, 0.2735556662082672, 0.5525031685829163, -0.3233954608440399, -0.8824747800827026, 0.3415461480617523], [0.17953257262706757, 0.292688250541687, 0.5601903796195984, -0.3379175662994385, -0.8441077470779419, 0.41628578305244446], [0.20488059520721436, 0.2715485394001007, 0.5203635692596436, -0.2847619354724884, -0.8588252663612366, 0.42582833766937256], [0.19531966745853424, 0.2924068570137024, 0.49838778376579285, -0.37249353528022766, -0.7842497229576111, 0.4961862862110138], [0.16222244501113892, 0.31346815824508667, 0.5662719011306763, -0.3838355243206024, -0.6621913909912109, 0.6435625553131104]], "Control Inputs 0": [[4.92695611906392, -2.454084137165151, 0.2910474864599831, 0.7830014348917942, -2.9314750731169505], [4.940956411737277, -2.1480533874595604, 0.00833332885199431, -1.2568414131904888, -2.942452309709584], [4.802882729627941, 9.81021230338234, 0.22771277118651326, -0.4747895379866107, -2.9537335285467776], [4.83870763938573, 5.996839796945132, 0.20255328946402174, -2.857204935731308, 0.2551370884871975], [4.802421142196982, 2.637430188402977, 0.34535945184356276, -1.9347698599346155, -0.8252028865817969], [4.851482995905096, 9.82171632244922, 0.13837670917625047, -2.218431853271329, -2.4366693494639313], [1.4720165403403467, 1.9067831146229963, 0.43141825287319613, -0.04961300565135662, 0.4735425073175148], [-0.8094586538744224, 9.823435368614447, 0.15628947044007277, 0.2371600760605812, -1.4608603660964705], [-0.40280489812965836, 2.589277821755365, 0.493195675655896, 0.7835255846784315, 2.4128316320642167], [-0.5100378009130324, 2.6465296886659306, 0.34624907053950854, 0.6107811996040589, 0.31893808118163447], [-1.5240371462650089, 0.16211100184541216, 0.6421884999072851, 0.04455381299618999, 2.410145266946449], [-1.1295370352866723, -2.0847133313910104, 0.5981272959380687, -0.4663840000942141, 2.944357050462921], [4.898881584309665, -9.75426117440417, 0.5793634219557315, 1.424914619564376, 0.18935369426377724], [-0.8821222959127768, -1.7733203974612923, 0.0033623070878882055, 0.28049420439348927, -0.016523640851210164], [-4.899642438251676, -2.2288056406774226, 0.07876968077490237, 0.9739887370111115, 1.7236763180001944], [0.5536662808997352, -1.0215852049990755, 0.01564291475980744, 0.65649600553443, 0.4798384743531767], [-3.4724005250794967, -5.885576260203521, 0.04247601020170228, -0.017238795689818787, 0.7547584334879276], [-4.892127301755381, -6.523621345063589, 0.4647861431468674, -2.9330962233209488, 2.7246306267884073], [4.86917062073041, -9.730192609512681, 0.6890515597148791, 0.2039475842218481, 2.933091486811927], [4.905111821895222, -9.812201736419917, 0.08878741571716293, -2.941720019062853, -2.243276368618781]], "Final Predicted Pose 0": [0.16222244501113892, 0.31346815824508667, 0.5662719011306763, -0.3838355243206024, -0.6621913909912109, 0.6435625553131104], "Predicted Translation Error 0": "0.9849481671815756cm", "Predicted Rotation Error 0": "tensor([0.9688], grad_fn=<DivBackward0>)"}