{"num_updates": "4749", "penalty": "tensor(0., dtype=torch.float64, grad_fn=<AddBackward0>)", "Starting Pose": [0.1770242154598236, 0.031957510858774185, -0.26028454303741455, -0.5734854340553284, 0.7542643547058105, 0.012305192649364471, 0.31945016980171204], "Starting Soft Arm States": [-43.29999923706055, -60.0, 15.0, 17.4406681060791, 3.3551151752471924, 35.553504943847656], "Number of Trajectories": 1, "Final Desired Pose": [-0.3750501275062561, 0.13870669901371002, -0.1352561116218567, -0.8182772994041443, -0.5730754137039185, -0.0447981059551239], "Predicted Trajectory 0": [[0.7714520597190696, 0.157884927042675, 0.47962846265663334, -0.13813216984272003, -0.8729809522628784, 0.4677860140800476], [0.768032968044281, 0.17571300268173218, 0.36595454812049866, -0.07029202580451965, -0.9960861802101135, 0.05358375608921051], [0.7165824174880981, 0.1982756108045578, 0.3241035044193268, -0.05812077969312668, -0.9982868432998657, -0.006734909955412149], [0.6678950190544128, 0.2296135127544403, 0.29238131642341614, -0.19572953879833221, -0.9780188798904419, -0.07189542800188065], [0.6258825659751892, 0.26562392711639404, 0.288276731967926, -0.2646836042404175, -0.957745373249054, -0.11254497617483139], [0.5815834403038025, 0.29148760437965393, 0.29460930824279785, -0.30798840522766113, -0.9400074481964111, -0.14672817289829254], [0.5326941013336182, 0.3118464946746826, 0.32044100761413574, -0.34971120953559875, -0.9280401468276978, -0.12823240458965302], [0.48667630553245544, 0.33999574184417725, 0.336971253156662, -0.41237252950668335, -0.9009861946105957, -0.13480672240257263], [0.44503286480903625, 0.35887107253074646, 0.36438122391700745, -0.44913795590400696, -0.8853010535240173, -0.12048667669296265], [0.40193554759025574, 0.3818628489971161, 0.40099263191223145, -0.48621731996536255, -0.8692805171012878, -0.08912919461727142], [0.3607460856437683, 0.41847169399261475, 0.43010517954826355, -0.5713733434677124, -0.8191080689430237, -0.05093684792518616], [0.3226150572299957, 0.4393464922904968, 0.45374858379364014, -0.6200441718101501, -0.7821630239486694, -0.061368636786937714], [0.2831013798713684, 0.4745345413684845, 0.5082452297210693, -0.6597898006439209, -0.7513390779495239, 0.012919871136546135], [0.24489542841911316, 0.4852401316165924, 0.5188250541687012, -0.7078102231025696, -0.7037667036056519, -0.06096753850579262], [0.21118216216564178, 0.5149677395820618, 0.5837491750717163, -0.7378907203674316, -0.6744531393051147, 0.025105196982622147], [0.1897263079881668, 0.5184878706932068, 0.6210828423500061, -0.6997858881950378, -0.7135727405548096, 0.033370234072208405], [0.16879087686538696, 0.49516475200653076, 0.6769191026687622, -0.5846052169799805, -0.8057030439376831, 0.09528584778308868], [0.152828186750412, 0.48664113879203796, 0.7045604586601257, -0.5860729217529297, -0.8079283237457275, 0.0614035427570343], [0.13651402294635773, 0.45674797892570496, 0.7358983755111694, -0.4944175183773041, -0.8680647015571594, 0.044888515025377274], [0.10581901669502258, 0.5012497901916504, 0.7686903476715088, -0.6566691398620605, -0.7523613572120667, 0.05232621356844902], [0.09497867524623871, 0.4748800992965698, 0.794046938419342, -0.6214451789855957, -0.7834564447402954, -0.0013484202791005373]], "Control Inputs 0": [[4.9080638345350724, 9.757526280308682, 0.0017944564749314002, 1.0850995472425886, -1.2645954606255847], [4.95238159520278, 9.674797481638706, 0.6978375683769061, 2.9002116537331215, 2.981286880173096], [4.882081948741066, 9.291271367843827, 0.0234907634219788, 1.2228661469306044, 2.940297813264995], [4.866210855330092, 9.541967189774557, 0.060360019987396686, 0.9954098264483418, 2.993700677116771], [4.949822587882053, 9.751173439105841, 0.004258976505210238, 2.9869693557550185, 2.898098987791209], [4.922853716043814, 9.757392762159924, 0.0018732464576690477, 0.6732051136132902, 2.888598698688308], [4.802970991824042, 9.74909198653685, 0.0008600061694159268, 0.8820002705655723, 2.852599617584848], [4.577257123550181, 9.215254240401471, 0.00552096289328435, 2.8383644833799035, 2.9558483260166195], [4.901022538931294, 9.11245837924934, 0.0031697128717176346, -1.8051840219591628, 2.8962206784392253], [4.801612469643521, 9.641562191735538, 0.0023093374280009175, -0.46292586373739386, 0.745059975773144], [4.958836662841918, 9.742250373539456, 0.005673568299226208, 0.6498874248457094, 2.921929657632857], [4.396140115320886, 9.122115794633878, 0.0014483304496814918, -1.9147193416886212, -1.305435722222236], [4.919400755804475, 9.252738268538252, 0.002316457049998261, 0.6757693330814329, 2.911942889627139], [4.708901381766543, 9.044497641532786, 0.0052058734956709814, 2.917917540860153, 2.9317311344094144], [2.151094546180433, -2.895780055143291, 0.0004224646940658393, 2.9103143278118075, 2.932933023463435], [4.894256168141045, -0.8784376558277405, 0.000739749605071821, -0.23927597982853221, -1.8891192802358925], [1.311648304588961, -4.786615796702491, 0.00387032181650521, -0.021892100894599142, -1.7578410703587934], [4.6808429488994125, 8.8020715999406, 0.0014377153457013684, -2.9490604975583796, -2.8932685772245277], [4.892558313598487, 9.01556354342167, 0.014285162386208182, 2.9298327356344727, -1.7328548342704144], [0.8339243972651715, 4.065107565634753, 0.14624189728382198, -2.944286737410631, -2.894653275928748]], "Final Predicted Pose 0": [0.09497867524623871, 0.4748800992965698, 0.794046938419342, -0.6214451789855957, -0.7834564447402954, -0.0013484202791005373], "Predicted Translation Error 0": "0.8170093139970349cm", "Predicted Rotation Error 0": "tensor([0.9576], grad_fn=<DivBackward0>)"}