{"num_updates": "136", "penalty": "tensor(355.0889, dtype=torch.float64, grad_fn=<AddBackward0>)", "Starting Pose": [-0.12572814524173737, 0.11829423904418945, -0.27690136432647705, -0.4197060465812683, 0.3090168237686157, -0.8321382403373718, 0.18947671353816986], "Starting Soft Arm States": [-0.800000011920929, -54.29999923706055, 10.0, 26.637842178344727, 28.012285232543945, 35.387908935546875], "Number of Trajectories": 1, "Final Desired Pose": [-0.39676201343536377, 0.05514971911907196, -0.15915919840335846, -0.24339424073696136, -0.5180046558380127, 0.8200185894966125], "Predicted Trajectory 0": [[0.4033934099607468, 0.43065318389825047, 0.43696945398060283, -0.575890839099884, 0.05594917759299278, 0.815609872341156], [0.4101145565509796, 0.39206087589263916, 0.46185165643692017, -0.412396103143692, -0.08729460090398788, 0.9068126082420349], [0.37500545382499695, 0.35182881355285645, 0.504831075668335, -0.19880284368991852, -0.24772919714450836, 0.9482128620147705], [0.33538681268692017, 0.3351272642612457, 0.5603850483894348, 0.10553697496652603, -0.3033728301525116, 0.9470093846321106], [0.29314693808555603, 0.3362046182155609, 0.583805501461029, 0.07025864720344543, -0.31027117371559143, 0.9480482935905457], [0.2629812955856323, 0.29006919264793396, 0.6327072978019714, 0.19099001586437225, -0.44158050417900085, 0.8766581416130066], [0.22390776872634888, 0.3149701654911041, 0.6634905338287354, 0.1323251724243164, -0.44026052951812744, 0.888065755367279], [0.18103043735027313, 0.3201463222503662, 0.6957855820655823, -0.06375595927238464, -0.5682535171508789, 0.820379912853241], [0.15790559351444244, 0.30404791235923767, 0.6969972848892212, -0.24792619049549103, -0.7578895688056946, 0.6034367680549622], [0.13937440514564514, 0.2992696166038513, 0.6805320382118225, -0.3565433919429779, -0.8150234818458557, 0.4567422568798065], [0.10973944514989853, 0.2971392869949341, 0.7239742279052734, -0.38160666823387146, -0.7962391376495361, 0.46944618225097656], [0.10334546118974686, 0.3166223466396332, 0.717969536781311, -0.43953612446784973, -0.7875613570213318, 0.43192020058631897], [0.10158217698335648, 0.2948732376098633, 0.7272779941558838, -0.36317047476768494, -0.8411359190940857, 0.40074625611305237], [0.08942588418722153, 0.30276137590408325, 0.7479373216629028, -0.33378711342811584, -0.8566654324531555, 0.3933326005935669], [0.09306410700082779, 0.31371575593948364, 0.7218862771987915, -0.3536122143268585, -0.8643776774406433, 0.3575047254562378], [0.08424396067857742, 0.310395747423172, 0.7511757612228394, -0.3184899687767029, -0.8557963371276855, 0.407647967338562], [0.08585281670093536, 0.29788142442703247, 0.7659451365470886, -0.18475250899791718, -0.9000070095062256, 0.3947834372520447], [0.09543028473854065, 0.3434712588787079, 0.7372416257858276, -0.23930570483207703, -0.8215213418006897, 0.5175281763076782], [0.10725128650665283, 0.3277835547924042, 0.6818015575408936, -0.2660999894142151, -0.7946241497993469, 0.5456767678260803], [0.10210543125867844, 0.32296639680862427, 0.6700859665870667, -0.3691675662994385, -0.764081597328186, 0.5290507078170776], [0.08792653679847717, 0.29069605469703674, 0.7527403235435486, -0.18910810351371765, -0.7737749218940735, 0.6045746803283691]], "Control Inputs 0": [[4.974586097550159, -5.376120775826708, 0.13494655281929288, 2.946831646667037, -2.946790886625846], [4.972531616026062, -3.571709126523241, 0.4098084266549893, 2.842505445585049, -2.8892664945907125], [4.99578333740285, -0.8835757203021721, 0.3491234450979324, -1.8734598089446661, 2.8324676182249195], [4.930710244229143, 0.19892386285943076, 0.21485311224564202, -0.1439769618637068, -2.0833280969322208], [3.4053504475293117, -6.469324759320568, 0.17559517629424878, -2.6161004502426555, 2.8592321850966513], [4.485399435690905, 4.870938470553693, 0.422558805945393, -2.9462420073042366, 0.10459654971522614], [4.476838002669151, 8.490216120995552, 0.4287910689259272, -2.9007842673272433, -2.912593884569273], [-0.14147693554612673, 8.017733540592314, 0.15378618483049683, -2.8641785988215442, -0.4776087026472382], [4.962599733499989, -4.715985888137157, 0.4965069180309909, -0.736046900750623, 2.903208089386025], [3.8486753566552885, -4.369116466807302, 0.31307708530379524, -1.1624486555734803, 1.3086751165040598], [-3.9956334345352564, -3.318105708478093, 0.4271442461191116, 2.8415766450074997, 2.939967651480215], [4.762825409020655, -0.750173207800497, 0.002013861849369817, 0.49079096998366634, -2.913013875041164], [-2.5151370735668626, 5.567868635393923, 0.38485145398069626, 0.8486117502660706, -1.0759908093487052], [-0.4538976768973688, -0.5181633700007335, 0.24357104785315004, 0.3323893266476632, 2.8629254900022367], [3.470391336928765, -3.0252670287200774, 0.37758010432560785, 2.9372971294901804, -1.956571189784456], [-3.556226054910527, 2.442866826760655, 0.33353724947345215, 0.5009147531663869, 2.8317064218240393], [-4.91387960012107, -6.028210300958994, 0.15963637656034319, -2.9784142915792535, 2.861803369180075], [-4.816048941459613, -8.931613856095398, 0.4602331378588871, -2.8564804171663787, 2.9520838378009895], [4.905226324203678, -8.448614337225008, 0.26953306311123193, 2.9194760367445163, -1.8232099738258605], [4.902851594035621, -1.99502132283817, 0.1699205760012408, -2.9454802459291693, 2.9411473628195486]], "Final Predicted Pose 0": [0.08792653679847717, 0.29069605469703674, 0.7527403235435486, -0.18910810351371765, -0.7737749218940735, 0.6045746803283691], "Predicted Translation Error 0": "2.2715862175444785cm", "Predicted Rotation Error 0": "tensor([0.9426], grad_fn=<DivBackward0>)"}