{"num_updates": "430", "penalty": "tensor(0., dtype=torch.float64, grad_fn=<AddBackward0>)", "Starting Pose": [-0.26969295740127563, 0.19635967910289764, -0.26395025849342346, -0.5572501420974731, -0.6159751415252686, 0.5047194957733154, -0.23517033457756042], "Starting Soft Arm States": [28.600000381469727, 71.4000015258789, 10.0, 28.585247039794922, 34.963985443115234, 11.883283615112305], "Number of Trajectories": 1, "Final Desired Pose": [0.12710413336753845, 0.11559638381004333, -0.2833858132362366, -0.9570777416229248, 0.2047169953584671, -0.20516614615917206], "Predicted Trajectory 0": [[0.22837414915840806, 0.6772895164651633, 0.4702177706403045, -0.26833435893058777, 0.9238946437835693, -0.27279186248779297], [0.2333534061908722, 0.6837852597236633, 0.4681042432785034, -0.24291209876537323, 0.9598782062530518, -0.1400987058877945], [0.2497549057006836, 0.6716217398643494, 0.45877519249916077, -0.20600084960460663, 0.9780092835426331, -0.032581742852926254], [0.267061710357666, 0.6371512413024902, 0.45837774872779846, -0.24242880940437317, 0.9530938267707825, 0.18121927976608276], [0.29267340898513794, 0.6086934804916382, 0.4495164453983307, -0.2641391158103943, 0.8891943097114563, 0.37358278036117554], [0.3109678626060486, 0.5910239815711975, 0.44184643030166626, -0.29176002740859985, 0.795944094657898, 0.5304234027862549], [0.3349982500076294, 0.5739745497703552, 0.451322466135025, -0.26907241344451904, 0.6936541795730591, 0.6681646108627319], [0.366154283285141, 0.5514647960662842, 0.43932056427001953, -0.34330180287361145, 0.5678290128707886, 0.7481403946876526], [0.4035002887248993, 0.5113231539726257, 0.4329018294811249, -0.4246828258037567, 0.4343265891075134, 0.7943581938743591], [0.4429655075073242, 0.4591353237628937, 0.44203364849090576, -0.4930584132671356, 0.2846776247024536, 0.8221023082733154], [0.4810796082019806, 0.4290050268173218, 0.4422391355037689, -0.5732876062393188, 0.14794039726257324, 0.8058876395225525], [0.5012970566749573, 0.4427758455276489, 0.44181007146835327, -0.598203182220459, 0.19855888187885284, 0.7763552069664001], [0.5246617197990417, 0.4388560950756073, 0.42521917819976807, -0.6772621870040894, 0.21894702315330505, 0.7024087905883789], [0.5411759614944458, 0.3949715495109558, 0.4231274425983429, -0.7280731797218323, 0.0986015722155571, 0.6783709526062012], [0.5590425729751587, 0.42782872915267944, 0.4075028598308563, -0.769568920135498, 0.2530793249607086, 0.5862717628479004], [0.5880417227745056, 0.4171648621559143, 0.4124482274055481, -0.7928248643875122, 0.3006914556026459, 0.5301069021224976], [0.604070782661438, 0.44093573093414307, 0.4151023030281067, -0.7871730327606201, 0.4098123013973236, 0.46088236570358276], [0.6100625395774841, 0.3940613865852356, 0.4021047055721283, -0.8859812617301941, 0.24474167823791504, 0.3938766121864319], [0.6549215316772461, 0.45690053701400757, 0.40361639857292175, -0.8684390187263489, 0.43556109070777893, 0.23685477674007416], [0.6692829728126526, 0.36066749691963196, 0.40390291810035706, -0.9789780974388123, 0.10948322713375092, 0.1720912605524063], [0.7086435556411743, 0.42216846346855164, 0.3962845206260681, -0.9684184193611145, 0.24875830113887787, -0.01688520796597004]], "Control Inputs 0": [[-4.230789792330629, -3.9972535209441133, 0.002669318682409532, 0.5234939810741595, -2.429754507934344], [-2.762452517970145, -8.444776733558824, 0.2321930487667814, 0.4778056509691879, -2.393872664669412], [-4.970206976131687, -9.684044020952992, 0.0011602646267057013, 0.2643833068561019, -2.9124818166869155], [-3.6968032822849315, -4.97583366388928, 0.11987840627027896, -0.9752532998798795, -2.9429482398511966], [-1.9607620707677098, -0.08803703803752327, 0.002952733713462323, 2.874547634384813, -2.930189559323224], [-3.2349225882527395, 0.7772946801100815, 0.0036128552165122212, 0.09781601807271256, -2.942681878120135], [-4.9564382668931, 0.3933072134261977, 0.009015428673539515, 0.2956627056592027, -2.943720502752853], [-4.908737637649805, -9.79800960287182, 0.1968988146832341, 2.4614120569945293, -1.521831285659017], [-3.259906157044906, -9.783983659184662, 0.04732343731331733, -1.519354320417816, -2.9427902124557663], [-4.9260963199302985, -0.06661631610972485, 0.21509620669854657, -1.3657760179085043, 0.012106536842321436], [0.0005503562189428379, 3.6151168326651764, 0.16466095206690712, -1.8712670560403297, 2.048380954147012], [-4.92341153525284, -3.589759111258126, 0.001224749240445018, -2.9182567412072458, -2.9329155346889726], [-0.9262459393856819, -0.05480234419751895, 0.004711727384485026, -1.8327869482912489, 1.9643696246810904], [-3.7409404930886563, -1.0621878356103593, 0.08863360079510503, -0.8682514304160716, 2.6015106859968213], [-4.906948967718399, -0.012855591151218704, 0.1654572995675887, -0.2638952774178098, 2.158516916104415], [1.2245019096296472, -5.313597028261375, 0.0006993811883407041, -2.685113401130304, -2.938916920416593], [-4.905734113880306, 9.726001691686442, 0.30416587213116364, -2.9455076050274607, 0.6423818069369571], [-3.6144977407803287, -9.887306374979437, 0.008642767092506087, -1.9321534043785213, -2.934128138127836], [-1.1215329064693504, 6.634933758984655, 0.3647854614475793, -1.9051908173506225, -2.942290213418919], [-4.804442947219918, -4.4183632054241775, 0.12201486627939004, -2.935332390764993, -1.0467276725238968]], "Final Predicted Pose 0": [0.7086435556411743, 0.42216846346855164, 0.3962845206260681, -0.9684184193611145, 0.24875830113887787, -0.01688520796597004], "Predicted Translation Error 0": "0.9524461788452531cm", "Predicted Rotation Error 0": "tensor([0.9812], grad_fn=<DivBackward0>)"}