{"num_updates": "2197", "penalty": "tensor(142.2290, dtype=torch.float64, grad_fn=<AddBackward0>)", "Starting Pose": [-0.3105064630508423, 0.06125159561634064, -0.24914148449897766, -0.38706669211387634, 0.6883394718170166, 0.5940259695053101, 0.15330135822296143], "Starting Soft Arm States": [33.5, -6.800000190734863, 10.0, 24.86928367614746, 0.9009897708892822, 35.387908935546875], "Number of Trajectories": 1, "Final Desired Pose": [0.12083182483911514, 0.09385081380605698, -0.33521735668182373, -0.4783864915370941, -0.1988532692193985, 0.8553383946418762], "Predicted Trajectory 0": [[0.17875681918458522, 0.25043530048676277, 0.5082351271082503, -0.65335613489151, -0.7149965167045593, -0.2488085776567459], [0.20662710070610046, 0.24529284238815308, 0.42556318640708923, -0.5154237747192383, -0.687156081199646, -0.5120106935501099], [0.24475467205047607, 0.22802789509296417, 0.3736335039138794, -0.4044661223888397, -0.6657271981239319, -0.6270681619644165], [0.2850600481033325, 0.2507092356681824, 0.30562788248062134, -0.35933950543403625, -0.554954469203949, -0.7502670288085938], [0.3329179584980011, 0.26779159903526306, 0.2505657970905304, -0.3063913881778717, -0.45221009850502014, -0.8376338481903076], [0.37643253803253174, 0.3188209533691406, 0.21233971416950226, -0.25651970505714417, -0.3233775794506073, -0.9108372926712036], [0.4044179320335388, 0.3015151619911194, 0.22274881601333618, -0.3193044066429138, -0.4152684509754181, -0.851819634437561], [0.4395822584629059, 0.3229345977306366, 0.21193315088748932, -0.33276933431625366, -0.401668906211853, -0.8531861305236816], [0.48035728931427, 0.3082713782787323, 0.21946527063846588, -0.36683425307273865, -0.4520687162876129, -0.8130599856376648], [0.5489605665206909, 0.27970069646835327, 0.19848230481147766, -0.216114342212677, -0.4818911850452423, -0.849161684513092], [0.6070765852928162, 0.2976580560207367, 0.20051002502441406, -0.16373246908187866, -0.47253212332725525, -0.8659706115722656], [0.6306512951850891, 0.2868673503398895, 0.20957687497138977, -0.06422430276870728, -0.5728927254676819, -0.8171102404594421], [0.6246298551559448, 0.2911241054534912, 0.2385919839143753, -0.24455638229846954, -0.633617103099823, -0.7339765429496765], [0.6659029722213745, 0.2513963580131531, 0.2333296537399292, -0.002514044288545847, -0.7174506187438965, -0.6966047883033752], [0.6467378735542297, 0.26429685950279236, 0.2497500330209732, -0.19256509840488434, -0.7553096413612366, -0.626439094543457], [0.6858130097389221, 0.21636666357517242, 0.27444595098495483, 0.084526926279068, -0.9053033590316772, -0.41627037525177], [0.6499359607696533, 0.2462056577205658, 0.29785609245300293, -0.15683715045452118, -0.9548119306564331, -0.2524605095386505], [0.6731601357460022, 0.22179466485977173, 0.33397313952445984, 0.030005769804120064, -0.9967001080513, 0.07542282342910767], [0.6341121792793274, 0.34500789642333984, 0.34273678064346313, -0.4889182150363922, -0.8582854866981506, 0.1559007167816162], [0.6657557487487793, 0.2528769373893738, 0.37411820888519287, -0.24582728743553162, -0.8825184106826782, 0.40091195702552795], [0.6319094896316528, 0.38881731033325195, 0.4010220468044281, -0.5484123826026917, -0.5153823494911194, 0.6585019826889038]], "Control Inputs 0": [[-4.975767508463354, -9.579182875445195, 0.007231247417177957, 0.7355964695129082, -0.510038244801271], [-4.94545358372281, -9.53780584702192, 0.00653542690228393, -1.8814975475328557, 0.06877274409881018], [-4.953009557325778, -9.423366935069884, 0.004574001900350943, -2.6801261516885933, 0.017124423642859377], [-4.891983829095609, -9.558761527919886, 0.005141867757575342, -2.208217730278966, 0.03951318432475803], [-4.921361423974727, 8.59706163528449, 0.0014946012985280505, 0.33537322372653966, 0.09424778417299873], [-4.969483539681822, 9.337906157675672, 0.009398222237847427, -1.5684611625868634, 1.0670879048392354], [-4.919784650405158, 9.562810326496354, 0.008629195302869175, -1.421132138770893, 2.851168797282442], [-4.970669239133719, -9.49421425767432, 0.006273099706344033, 1.8306534237881502, 2.821565840635812], [-4.898312429829608, -9.267708094592258, 0.0008139990042258765, -2.8598346851034493, -2.9299742655808463], [-4.89810948827884, -7.324353227645346, 0.00045561062768283275, -0.9397771249694373, 2.725431170747604], [0.4940505347295172, 9.50386564019978, 0.0027842667967696993, 0.11379847207876725, 2.9473460340746467], [-4.924610520159349, -9.249140950554633, 0.0011204910084641575, -0.8198836752243248, 2.5381707751448346], [3.2625529488300273, -7.828858109412834, 0.011001970074387682, 0.33526195370357437, 2.9097465804629454], [-4.8642404546229425, -9.089878014155353, 0.007864680542213691, 2.685597897477031, 2.8340093271007616], [3.823412688486263, -5.707973577863716, 0.008591373106957408, 2.592488859610503, 2.909700436508193], [-4.89463779841385, -9.030972593519715, 0.04588749873540877, 2.4494285259681625, 2.964259760869389], [3.3391788478338675, 9.752187938611119, 0.005364479459968257, -1.3542255812962845, 2.934292660455797], [-4.898033563408292, -9.412785398257324, 0.04006121780688028, 2.9160338216610784, 2.95417784331356], [3.3009941170627695, -7.473679567575607, 0.23963980176980895, 2.943297123976123, 2.936438175499255], [-4.9996661852381, 9.091796445729425, 0.00968774787232343, 2.867037444506791, 2.846004609105983]], "Final Predicted Pose 0": [0.6319094896316528, 0.38881731033325195, 0.4010220468044281, -0.5484123826026917, -0.5153823494911194, 0.6585019826889038], "Predicted Translation Error 0": "7.431023321912053cm", "Predicted Rotation Error 0": "tensor([0.9281], grad_fn=<DivBackward0>)"}