{"num_updates": "833", "penalty": "tensor(0., dtype=torch.float64, grad_fn=<AddBackward0>)", "Starting Pose": [-0.24117709696292877, 0.2016090601682663, -0.2379474639892578, -0.5333879590034485, -0.7636739015579224, -0.3230331242084503, -0.16717952489852905], "Starting Soft Arm States": [19.0, -37.29999923706055, 10.0, 30.77773094177246, 34.91761779785156, 12.605279922485352], "Number of Trajectories": 1, "Final Desired Pose": [-0.22069542109966278, 0.06826265156269073, -0.3431475758552551, -0.38096532225608826, -0.9107316136360168, -0.1594783067703247], "Predicted Trajectory 0": [[0.26304112604114394, 0.6938741676659388, 0.5369726220681388, -0.37509652972221375, 0.7066599130630493, 0.5999452471733093], [0.2704007029533386, 0.6862918734550476, 0.5244870185852051, -0.41389843821525574, 0.6327275633811951, 0.65447998046875], [0.2966850697994232, 0.6604185104370117, 0.4886280596256256, -0.5142146348953247, 0.5627704858779907, 0.647203803062439], [0.3267501890659332, 0.6174103617668152, 0.4452001452445984, -0.6540086269378662, 0.41323304176330566, 0.6336490511894226], [0.36031773686408997, 0.5789766311645508, 0.4025164246559143, -0.7558668851852417, 0.22331170737743378, 0.615464985370636], [0.35747453570365906, 0.5807110667228699, 0.3723607659339905, -0.8237689733505249, 0.14272554218769073, 0.5486656427383423], [0.3327385485172272, 0.5631316304206848, 0.3696812391281128, -0.8561820387840271, 0.026753779500722885, 0.5159812569618225], [0.32175183296203613, 0.5626580715179443, 0.3457336723804474, -0.9144749045372009, -0.05154578760266304, 0.4013461172580719], [0.3189202845096588, 0.5171995759010315, 0.32365554571151733, -0.9238831400871277, -0.19778162240982056, 0.32760101556777954], [0.3023710548877716, 0.4081381857395172, 0.32949569821357727, -0.8158603310585022, -0.4681643843650818, 0.33940261602401733], [0.30315542221069336, 0.4171716570854187, 0.31019261479377747, -0.8423008322715759, -0.4933678209781647, 0.2170659601688385], [0.3202180564403534, 0.38728541135787964, 0.3089982569217682, -0.7577645182609558, -0.6218655705451965, 0.19767704606056213], [0.31545814871788025, 0.3729725778102875, 0.32393401861190796, -0.7196409106254578, -0.6626428365707397, 0.20741628110408783], [0.3119846284389496, 0.34060046076774597, 0.2959197759628296, -0.6905931234359741, -0.7221773862838745, 0.03925666958093643], [0.31296491622924805, 0.3141371011734009, 0.30093029141426086, -0.6392841339111328, -0.768963098526001, 0.003377026179805398], [0.32003143429756165, 0.2878236174583435, 0.29313910007476807, -0.6074600219726562, -0.7943485379219055, -0.001708216848783195], [0.3163721561431885, 0.24980786442756653, 0.29081863164901733, -0.5272181630134583, -0.8490989208221436, -0.032742585986852646], [0.29507920145988464, 0.28313305974006653, 0.3164514899253845, -0.6144067049026489, -0.7863177061080933, 0.06487443298101425], [0.29583990573883057, 0.2849532961845398, 0.26908230781555176, -0.5927572846412659, -0.7947695255279541, -0.1303078830242157], [0.2796667516231537, 0.26805830001831055, 0.2814236879348755, -0.5661832690238953, -0.808455765247345, -0.1607355922460556], [0.2901500165462494, 0.2643602192401886, 0.2699609100818634, -0.5184254050254822, -0.8132225871086121, -0.26439374685287476]], "Control Inputs 0": [[-4.9360204077639045, -4.500631843331477, 0.001177868572120404, -2.9620739108001692, -2.9717161731228274], [-4.929755916395316, -9.674806830099135, 0.6196936109242477, -2.900623343950983, -2.979080494833761], [-4.995047108954579, -9.816022929722115, 0.001502085342767701, -2.9728645566303227, -2.9704127489241827], [-4.8581378394020165, -4.281674000635727, 0.5297640030442341, -2.934328338691305, -2.9718347607391022], [4.840259980577958, 0.10975281351200117, 0.24669077393126956, -2.531280984364365, -2.934453079654169], [1.973573029709856, 1.4622785470156785, 0.006604303359166543, -2.969191902357945, -2.962466425685106], [-0.26989276539363516, 2.716376370233654, 0.07936463731139767, -1.1191483375851712, -2.954407212959826], [-2.8754442308659858, -9.709524286940727, 0.6142171309384556, 2.896013804281508, -2.950937415040502], [3.5736020479445703, -9.18247314834888, 0.3439827664936113, -2.932168820327088, -2.949471439036135], [-3.829521819646568, 1.7876074377217535, 0.4876843783249751, 1.8312856235649333, -2.891310354322998], [-0.8685045721502211, 4.967765355180655, 0.4358688960024482, 2.70220933122705, -2.8831955016910364], [1.4810711682011215, -2.687425580073487, 0.021945184689879164, -2.961442451742741, -2.9447967590773527], [0.7588257920735844, 0.2389721547281134, 0.08733621581495643, -0.2669290850053798, -2.9756801881118], [-0.5065105930830542, -2.8395712987698793, 0.3717147400912216, 0.7461252612679656, 0.32223111410762195], [-1.610816477834459, -7.389866231978575, 0.4190786179412334, 0.31723155882467946, 2.02187822739062], [4.901799604076691, -0.2813450906562771, 0.0009548983252632831, 0.061432151688756154, -2.9411079534309215], [-2.34832256657764, -0.7682124633984291, 0.5444771108971365, -2.9368582726363948, 1.249532874714257], [2.6049071511214397, 0.13113121495514868, 0.12049071923242224, -0.8752133202613135, -2.937745005930079], [0.9350663139683224, -2.5072744296756264, 0.5530882804779222, 1.311791646602492, -2.942655262626854], [-3.0571267433348233, 4.976546557713986, 0.36143534736663824, -2.8774318625808335, -2.935389892479744]], "Final Predicted Pose 0": [0.2901500165462494, 0.2643602192401886, 0.2699609100818634, -0.5184254050254822, -0.8132225871086121, -0.26439374685287476], "Predicted Translation Error 0": "0.33913379716474346cm", "Predicted Rotation Error 0": "tensor([0.9803], grad_fn=<DivBackward0>)"}