{"num_updates": "1125", "penalty": "tensor(24.6940, dtype=torch.float64, grad_fn=<AddBackward0>)", "Starting Pose": [-0.36163002252578735, 0.10063739866018295, -0.19181297719478607, -0.27463382482528687, 0.5345258712768555, -0.7691920399665833, 0.21726012229919434], "Starting Soft Arm States": [35.900001525878906, -86.80000305175781, 10.0, 15.17201042175293, 30.708181381225586, 35.407779693603516], "Number of Trajectories": 1, "Final Desired Pose": [0.1588277816772461, 0.032270535826683044, -0.2359134554862976, 0.02923697605729103, -0.7148469090461731, 0.6986694931983948], "Predicted Trajectory 0": [[0.11660546806849606, 0.37486898087888954, 0.6554099235347552, -0.7547485828399658, 0.040631745010614395, 0.654754638671875], [0.13419902324676514, 0.3433557450771332, 0.6083768010139465, -0.7566944360733032, -0.14992833137512207, 0.6363450884819031], [0.1614748239517212, 0.3275453448295593, 0.5728463530540466, -0.6919575929641724, -0.3086700439453125, 0.6526235342025757], [0.19705364108085632, 0.2737475633621216, 0.5284793972969055, -0.5483806133270264, -0.5535016059875488, 0.626829206943512], [0.24019064009189606, 0.24757136404514313, 0.49126601219177246, -0.3564263582229614, -0.7071183323860168, 0.6106913089752197], [0.2860633134841919, 0.23096387088298798, 0.4649917781352997, -0.1570071130990982, -0.7813872694969177, 0.6039724349975586], [0.33480560779571533, 0.2282046377658844, 0.44651341438293457, -0.014226732775568962, -0.8219746947288513, 0.5693462491035461], [0.37985724210739136, 0.23938386142253876, 0.4269031584262848, 0.01653119921684265, -0.8569106459617615, 0.5151997804641724], [0.41349974274635315, 0.26775991916656494, 0.4365735948085785, -0.07393302023410797, -0.8174359202384949, 0.5712552070617676], [0.47210925817489624, 0.2213888168334961, 0.45165878534317017, -0.018473133444786072, -0.8257609009742737, 0.5637177228927612], [0.5332348942756653, 0.19710953533649445, 0.45005130767822266, 0.06407409906387329, -0.8800657391548157, 0.47050929069519043], [0.5697025656700134, 0.21846115589141846, 0.449203222990036, 0.01114810723811388, -0.9180040955543518, 0.3964141011238098], [0.5903453230857849, 0.2401953935623169, 0.4745161831378937, -0.15399006009101868, -0.912268340587616, 0.3795437514781952], [0.6250712871551514, 0.19212406873703003, 0.4546099305152893, 0.07670912891626358, -0.9706708788871765, 0.22784578800201416], [0.5933691263198853, 0.2615472674369812, 0.4540134072303772, -0.30650684237480164, -0.9112259149551392, 0.27517440915107727], [0.6479102373123169, 0.21038685739040375, 0.4834747612476349, -0.22000759840011597, -0.9446645379066467, 0.24332182109355927], [0.6955341100692749, 0.18559011816978455, 0.5447677969932556, -0.08985333144664764, -0.9199540019035339, 0.38159021735191345], [0.7253303527832031, 0.1999218910932541, 0.5388696193695068, -0.1172487810254097, -0.9688425064086914, 0.21816721558570862], [0.7270059585571289, 0.206975057721138, 0.5269996523857117, -0.17846152186393738, -0.9659597873687744, 0.1872786283493042], [0.7264153361320496, 0.2102101594209671, 0.5513051152229309, -0.20259127020835876, -0.9222241044044495, 0.3293321132659912], [0.7295225858688354, 0.1843867152929306, 0.5677222013473511, -0.00835895910859108, -0.8734098076820374, 0.48691415786743164]], "Control Inputs 0": [[-4.996237130314186, 3.381901159084464, 0.002584324051799045, 2.8880839367927527, -2.95935320662931], [-4.9379145459878115, -2.5235541068131733, 0.0050321538046147725, 2.9001590598637454, -2.973181000558554], [-4.976553954728466, -3.4356410195517695, 0.0010888546841896268, 2.8686549743261676, -2.9701931040349088], [-4.960868853022958, 1.0739612775078644, 0.0008938104141803149, 2.6235918721714118, -2.9999933294852563], [-4.987176479387848, 4.42579730748713, 0.00674083304200015, 2.8926885837238245, -2.9667623574493858], [-4.929780381386434, 6.462715613237627, 0.0005972412422790639, 0.931288955143533, -2.9737267215699474], [-4.977669115241968, 7.400953605174216, 0.013784932121600472, 1.0087654492369964, 2.899108789219632], [-4.972291865342801, -5.692796021516567, 0.1676083260170088, 2.7686368193744864, 2.9346957940759992], [-4.975496231733627, -8.029699655346693, 0.21658810694867534, -0.0572478823557554, -2.9741730145431786], [-4.959365544313402, 2.1003725090552, 0.005014863993785285, -1.748240693253109, -2.9765929536547535], [-4.939786101501388, 6.031351854145775, 0.012083840442657983, -0.1945989189194175, 2.931836657406717], [-4.819829139009199, -1.897063110325771, 0.01483316461888099, -2.901376775727266, -2.9643570227653506], [4.7750503195467715, 1.5075578892123893, 0.0468246360018748, -1.0908107965435883, 2.9002534454615567], [-4.834020753410842, -2.45021330297757, 0.01965971386267867, -2.9066242328904868, 2.92406336840882], [-4.933325065541241, -6.6701652621438905, 0.6310052773254788, 2.9297915907706757, -2.9538808052279437], [-4.166240606854722, -0.02509634428891161, 0.0014168098849812424, -2.839952648366304, -2.951275474282655], [-4.0394085765159575, 2.4059478665034284, 0.0003560311070709549, -2.920396313257057, 2.9244958338452225], [2.6799413487645207, -4.574265910243811, 0.007981311333827094, 1.9985885109567363, 2.9371668207382546], [-3.0417294628617, -1.7149509121180646, 0.5674254195199793, 2.994754321766923, -2.9465126591467294], [4.877309230123547, -0.6360992355206747, 0.013037415895215211, -2.9036484529776745, 2.9423435285923603]], "Final Predicted Pose 0": [0.7295225858688354, 0.1843867152929306, 0.5677222013473511, -0.00835895910859108, -0.8734098076820374, 0.48691415786743164], "Predicted Translation Error 0": "2.0725864072355455cm", "Predicted Rotation Error 0": "tensor([0.9643], grad_fn=<DivBackward0>)"}