{"num_updates": "1224", "penalty": "tensor(0., dtype=torch.float64, grad_fn=<AddBackward0>)", "Starting Pose": [0.1770242154598236, 0.031957510858774185, -0.26028454303741455, -0.5734854340553284, 0.7542643547058105, 0.012305192649364471, 0.31945016980171204], "Starting Soft Arm States": [-43.29999923706055, -60.0, 15.0, 17.4406681060791, 3.3551151752471924, 35.553504943847656], "Number of Trajectories": 1, "Final Desired Pose": [0.1179916113615036, 0.06018345057964325, -0.3645464777946472, 0.01827295310795307, -0.8731886148452759, -0.4870397746562958], "Predicted Trajectory 0": [[0.7714520597190696, 0.157884927042675, 0.47962846265663334, -0.13813216984272003, -0.8729809522628784, 0.4677860140800476], [0.7721955180168152, 0.1728135645389557, 0.3662281334400177, -0.026926403865218163, -0.9990289211273193, 0.034874651581048965], [0.7307815551757812, 0.18517731130123138, 0.3229168653488159, -0.05160103738307953, -0.9965940117835999, -0.06432483345270157], [0.710078775882721, 0.2050684541463852, 0.2897604703903198, -0.05987344682216644, -0.9838233590126038, -0.16883908212184906], [0.6846154928207397, 0.21435657143592834, 0.2634526491165161, -0.08007705956697464, -0.951784074306488, -0.29613298177719116], [0.6752333045005798, 0.19000500440597534, 0.28509125113487244, -0.07149513810873032, -0.9605884552001953, -0.26862281560897827], [0.6707887649536133, 0.2072771191596985, 0.2537921071052551, -0.040996018797159195, -0.9141734838485718, -0.40324440598487854], [0.6460027694702148, 0.20127539336681366, 0.24732939898967743, -0.19135579466819763, -0.8733583092689514, -0.44791534543037415], [0.6857149004936218, 0.2119893729686737, 0.24493299424648285, -0.05295083671808243, -0.8540405631065369, -0.5175045728683472], [0.6684596538543701, 0.22736632823944092, 0.2277163565158844, -0.12373513728380203, -0.7462202906608582, -0.6540985703468323], [0.6694104671478271, 0.20531517267227173, 0.22144418954849243, -0.12538105249404907, -0.7371352314949036, -0.664011538028717], [0.6859678626060486, 0.23189033567905426, 0.2267870306968689, -0.14364641904830933, -0.7226868867874146, -0.6760838031768799], [0.688585102558136, 0.24101229012012482, 0.21884045004844666, -0.17790162563323975, -0.6231905221939087, -0.7615671753883362], [0.6944979429244995, 0.2154950350522995, 0.23056559264659882, -0.145466610789299, -0.6932298541069031, -0.7058836817741394], [0.6886503100395203, 0.24256516993045807, 0.224860280752182, -0.16330645978450775, -0.5907962918281555, -0.7901206612586975], [0.6874679923057556, 0.2331806868314743, 0.22351546585559845, -0.21467429399490356, -0.6237199902534485, -0.7515905499458313], [0.6892004609107971, 0.2350270003080368, 0.22764472663402557, -0.20878292620182037, -0.632215678691864, -0.7461320757865906], [0.6845873594284058, 0.2581711709499359, 0.21954312920570374, -0.25224658846855164, -0.6098172068595886, -0.7513286471366882], [0.6755419969558716, 0.23583273589611053, 0.209670752286911, -0.23904207348823547, -0.6379231214523315, -0.7320607900619507], [0.6808227896690369, 0.21258990466594696, 0.2093786895275116, -0.24499617516994476, -0.6931055784225464, -0.6779244542121887], [0.7014015913009644, 0.22374652326107025, 0.2221239060163498, -0.09776007384061813, -0.7398845553398132, -0.6655929088592529]], "Control Inputs 0": [[4.913725735141686, 9.750603602720975, 0.006174569858938157, 0.8551383990086205, -2.3098287393284758], [4.905262106175069, 2.6860951693717023, 0.0016282756873771244, -0.004189076018962012, 0.12034487337365807], [4.862523523178133, 0.7032231028353078, 0.008634097369806025, -1.5590804914224672, 0.2881375279418905], [4.797018660882962, -6.050042604501595, 0.004893623717967207, 2.253944269126496, 1.465225100546137], [0.06842100318932243, 0.459397504933845, 0.0035668766238546104, -1.623365494955685, -0.4281549028301024], [3.971273336137534, -7.162630562091566, 0.005996719396049338, -2.9369523411993184, 2.416952394535146], [-0.859088546378385, -7.0978283630815096, 0.008587189435121883, -2.9338077611285764, -2.284905817038478], [-2.808056193234757, 9.796517156124274, 0.005099605226850941, 1.029377952655251, -0.8020053547239634], [2.7741200938347657, -5.914288622817597, 0.011751074607033323, -0.202318053149245, -0.9868063490794343], [0.2816940763763345, -7.490757671321447, 0.00984310734384918, -1.0761594683267377, -0.21452824495728384], [-4.8970626606147425, 9.506742241029666, 0.01059775919284995, -0.9253789271102972, 2.935239148085838], [2.9579070334961024, -8.074404243637435, 0.006050621233588091, 1.6486571688621385, -1.850087038943869], [-3.22803142783726, 9.780304238061106, 0.011008314156218823, 2.4958510235558506, -0.37686983187842493], [2.5669114684325285, -6.4345596733067705, 0.005389893666307257, -2.412242855836781, 0.2895830141523965], [-1.4211264074427077, -1.7041472672689864, 0.0001801575368836866, 0.04432948404313786, 2.6708367912889983], [-0.015204743968102008, -2.5042374878546028, 0.004054892539023682, -2.8431617241291156, 2.892785636598224], [-1.3850856131241867, 0.32639673900476573, 0.006826804689948436, -0.5447114773054365, 2.85745617939629], [2.4629702088341343, -9.779370838119634, 0.014376091613442056, -0.43791819441201074, 1.4282598580334769], [-3.982379419602747, 0.5671633407481345, 0.00514375909595119, 0.7957953408442582, -2.9120071420515923], [1.581085952805421, 9.814153473023282, 0.0072177801213739665, -0.7107428095151858, 1.6815229210710099]], "Final Predicted Pose 0": [0.7014015913009644, 0.22374652326107025, 0.2221239060163498, -0.09776007384061813, -0.7398845553398132, -0.6655929088592529], "Predicted Translation Error 0": "0.8491528726536419cm", "Predicted Rotation Error 0": "tensor([0.9684], grad_fn=<DivBackward0>)"}