{"num_updates": "91", "penalty": "tensor(1578.0886, dtype=torch.float64, grad_fn=<AddBackward0>)", "Starting Pose": [0.18611803650856018, 0.14401449263095856, -0.18112406134605408, -0.2703685760498047, -0.352952778339386, -0.8759581446647644, -0.18714286386966705], "Starting Soft Arm States": [-44.900001525878906, 1.7999999523162842, 10.0, 31.360626220703125, 35.24549865722656, 27.101511001586914], "Number of Trajectories": 1, "Final Desired Pose": [0.10281311720609665, 0.20100164413452148, -0.3148469030857086, -0.7932559847831726, -0.5613484382629395, 0.2358662486076355], "Predicted Trajectory 0": [[0.7825074962104177, 0.5119125608076885, 0.6828507045359057, -0.7837567329406738, -0.13700395822525024, 0.6057683229446411], [0.7781770825386047, 0.5221609473228455, 0.6337350010871887, -0.7842194437980652, -0.17212550342082977, 0.5961313843727112], [0.7414764165878296, 0.5296328067779541, 0.5914953947067261, -0.7637324333190918, -0.26781976222991943, 0.5873546004295349], [0.7071840167045593, 0.5897522568702698, 0.5335738062858582, -0.8389325141906738, -0.1902470886707306, 0.5099001526832581], [0.6705366969108582, 0.6004424691200256, 0.47069352865219116, -0.88737952709198, -0.21713042259216309, 0.40670886635780334], [0.6640968918800354, 0.6015986204147339, 0.4528237581253052, -0.9235859513282776, -0.17165212333202362, 0.3428184986114502], [0.6704804301261902, 0.5688962936401367, 0.41955438256263733, -0.955233633518219, -0.23008696734905243, 0.18598072230815887], [0.6542225480079651, 0.5755330920219421, 0.37736716866493225, -0.9753586649894714, -0.21258756518363953, 0.059009794145822525], [0.6340932250022888, 0.6189497113227844, 0.32822147011756897, -0.9960573315620422, -0.02795935794711113, -0.08419045805931091], [0.6132833957672119, 0.597625732421875, 0.35207071900367737, -0.9914734363555908, -0.0131238317117095, 0.1296464055776596], [0.6317901015281677, 0.5905144214630127, 0.3557235300540924, -0.9944489598274231, -0.004032298922538757, 0.10514233261346817], [0.6599631905555725, 0.5920318961143494, 0.382609099149704, -0.9940258264541626, 0.012731578201055527, 0.10839949548244476], [0.674018383026123, 0.6371757984161377, 0.35923996567726135, -0.9913978576660156, 0.08992400020360947, -0.0951000228524208], [0.6309205889701843, 0.6378273367881775, 0.36932605504989624, -0.9969486594200134, 0.041882723569869995, 0.06587236374616623], [0.6230974197387695, 0.6133779883384705, 0.3837833106517792, -0.9863710999488831, 0.01928168162703514, 0.16340230405330658], [0.6211634874343872, 0.6095276474952698, 0.3898894190788269, -0.9795568585395813, -0.09972859919071198, 0.17470668256282806], [0.6130406260490417, 0.6301666498184204, 0.35909271240234375, -0.9873921275138855, -0.08013594895601273, 0.13650989532470703], [0.6121286749839783, 0.6021026372909546, 0.3867867588996887, -0.9566566944122314, -0.12278898805379868, 0.26406586170196533], [0.6396102905273438, 0.5929945111274719, 0.394802451133728, -0.9590118527412415, -0.175776869058609, 0.22225834429264069], [0.6524460911750793, 0.608596920967102, 0.42612195014953613, -0.9324182868003845, -0.23170901834964752, 0.277320921421051], [0.6382888555526733, 0.639331042766571, 0.3894898593425751, -0.9550227522850037, -0.22831426560878754, 0.18922002613544464]], "Control Inputs 0": [[4.953193845953381, -7.324542477699943, 0.294606922587029, -2.9468031259746095, -2.8522547057050898], [4.937481385948912, 9.72059063028286, 0.4873217429272103, -2.9665912702443755, -0.10392977033712825], [4.959731212126721, 9.807407230132146, 0.4017598100731104, -2.9621069161365634, -1.0794337207013698], [4.8383444523761, 9.802484940523115, 0.26027192099091867, -1.774825284206208, -0.25761078082034317], [-4.698630570064368, -9.83088611863113, 0.19381515987623849, -2.940945707386261, -0.9879790851697936], [1.7956835553001307, -9.833738746545633, 0.43056955396222174, -2.9523387760751247, 0.6294293061494263], [1.4448693550113365, 9.80381177712637, 0.4548588110441574, -2.931325870520372, 0.2617439012335576], [4.794184132382517, 9.81003586868577, 0.1378209482764834, 2.9687225031144067, 1.8365129532783886], [-3.3892541072471793, -9.874895212971223, 0.4449343211737028, 1.0189128459937233, 2.8699797917981744], [-3.5310343543180958, -9.844729015045992, 0.31531362950607683, 1.1134301115463971, 2.9430503538217483], [-4.9059725858104795, -9.822064905357909, 0.408470362225685, -2.8340695030574126, 2.940102863998792], [4.883254404670348, 9.69317410898751, 0.013321853333114477, 2.895713267885074, -2.894858263293635], [4.175066572370392, 9.810918042168616, 0.39740300240582027, 2.940493548735107, -2.9418497443314497], [-4.782367390424655, -9.924256735657876, 0.2150617864299828, 1.638823188633121, 0.48176865094112253], [4.517306219581256, 9.763752756120734, 0.3499559056672711, -2.8554640272238863, -2.844517757307218], [0.5776455690281637, 9.817115906948796, 0.28731707752351376, 1.3105927210495762, -1.6791133131383125], [-2.9701935492883873, -9.829857555760576, 0.13020523919500784, -0.3485458257411409, 2.935288511386271], [-4.910989907748061, -9.812564887902637, 0.35213819667150076, 2.4688954132657255, 2.9372086722321002], [1.3412346276345346, 9.953652519567239, 0.18528687480372472, -1.33309608371988, -2.9530873231494197], [4.8218376326067265, 9.806737255135712, 0.16654241577554407, 2.942130040969973, -2.9455085474646654]], "Final Predicted Pose 0": [0.6382888555526733, 0.639331042766571, 0.3894898593425751, -0.9550227522850037, -0.22831426560878754, 0.18922002613544464], "Predicted Translation Error 0": "4.363018700604442cm", "Predicted Rotation Error 0": "tensor([0.9304], grad_fn=<DivBackward0>)"}