{"num_updates": "401", "penalty": "tensor(0., dtype=torch.float64, grad_fn=<AddBackward0>)", "Starting Pose": [0.08378060162067413, 0.09496460109949112, -0.28475821018218994, -0.17776207625865936, 0.45996278524398804, -0.8177803158760071, 0.2967661917209625], "Starting Soft Arm States": [-26.600000381469727, -13.5, 10.0, 23.819408416748047, 22.699981689453125, 35.407779693603516], "Number of Trajectories": 1, "Final Desired Pose": [-0.33142486214637756, 0.09839515388011932, -0.2755207121372223, -0.8719136118888855, -0.25807449221611023, 0.41613009572029114], "Predicted Trajectory 0": [[0.6580949961153477, 0.3569466072304303, 0.4167992150585713, -0.7606609463691711, 0.3218512535095215, 0.5637434720993042], [0.6403382420539856, 0.3356257975101471, 0.3781406879425049, -0.7775844931602478, 0.338856041431427, 0.5296590924263], [0.5846480131149292, 0.3444499969482422, 0.3702811002731323, -0.7028056383132935, 0.3653210997581482, 0.6104134917259216], [0.5288377404212952, 0.36603501439094543, 0.35986584424972534, -0.6494908928871155, 0.41119158267974854, 0.6395960450172424], [0.4710743725299835, 0.3609672784805298, 0.3456366956233978, -0.6844283938407898, 0.3237498998641968, 0.6532562971115112], [0.420566588640213, 0.3720236122608185, 0.3539096415042877, -0.679813802242279, 0.20791363716125488, 0.703295886516571], [0.37342098355293274, 0.37712401151657104, 0.37417951226234436, -0.6675789952278137, 0.10840132087469101, 0.7366052865982056], [0.32909154891967773, 0.38161957263946533, 0.37902703881263733, -0.7380883693695068, 0.022709904238581657, 0.674321711063385], [0.2982822060585022, 0.37468773126602173, 0.3913615643978119, -0.7869350910186768, -0.07594665884971619, 0.6123441457748413], [0.26699140667915344, 0.36251503229141235, 0.4163171052932739, -0.804085373878479, -0.1633017659187317, 0.5716461539268494], [0.23027773201465607, 0.3640463650226593, 0.42446476221084595, -0.8627015352249146, -0.23006895184516907, 0.45034924149513245], [0.197444349527359, 0.3903120160102844, 0.4404575824737549, -0.913269579410553, -0.21229711174964905, 0.3476617634296417], [0.17789550125598907, 0.4064621925354004, 0.4624003469944, -0.9445312023162842, -0.1839415431022644, 0.2720780372619629], [0.17034105956554413, 0.38070639967918396, 0.4369093179702759, -0.971847414970398, -0.22497063875198364, 0.07000512629747391], [0.16416402161121368, 0.3876306414604187, 0.45518508553504944, -0.9763657450675964, -0.1853201538324356, 0.11120374500751495], [0.1662106066942215, 0.3647982180118561, 0.44019395112991333, -0.9619398713111877, -0.24616490304470062, 0.11863622814416885], [0.16514763236045837, 0.3606783449649811, 0.4554777145385742, -0.9344422221183777, -0.2951219975948334, 0.19930040836334229], [0.15859787166118622, 0.3605981469154358, 0.46284323930740356, -0.9101430177688599, -0.31111326813697815, 0.27358412742614746], [0.16452114284038544, 0.39738303422927856, 0.41188710927963257, -0.9660316109657288, -0.22525881230831146, 0.1266549825668335], [0.15571360290050507, 0.3611449897289276, 0.4399343430995941, -0.9090409278869629, -0.35513386130332947, 0.21800114214420319], [0.15518324077129364, 0.37325218319892883, 0.4451654255390167, -0.8910795450210571, -0.37106961011886597, 0.26131314039230347]], "Control Inputs 0": [[4.9080375944227175, 1.6085596002406177, 0.0950883624940753, 1.4984494357060436, 2.9002216097098286], [4.983092664882445, 6.6287919241419, 0.6667807891046881, 1.5322333044794245, 2.9378818731843825], [4.921402160737674, 5.629524216960762, 0.008179348699063102, -1.9687327983108718, 1.9247366177145935], [4.908248708053932, 9.77917052592301, 0.5138662695062868, -0.5832209231313121, -2.7338087406404177], [4.90975095448621, 9.810268333319762, 0.22077993975255172, 0.6145897828660063, -1.0386263679716738], [4.906738112494994, 9.800863648716795, 0.005914441605094765, -2.528885324669758, -0.7613682696102537], [4.875713950565649, 9.806656190545397, 0.03382785241640877, -2.2079391079947723, -1.0681570681930321], [3.2471625265680863, -0.3576912449652081, 0.5574730924924348, -0.5569608399300767, 0.7157553451595655], [4.888931214431707, -0.8377807834685242, 0.3153790844430178, -2.9379072039174963, -0.4767917042545644], [3.1332875953450507, 9.803507784912686, 0.45858104856289233, -2.907479062158557, -1.6251640547835546], [4.865649674745425, 9.808463454058906, 0.3944300274666533, -1.946533355385021, -0.18558901007843254], [0.17735026959977862, -0.5548272152237299, 0.00016959402673356752, -2.90263280095937, -0.06284126141800961], [0.8917218229224808, 1.8538443607677664, 0.0841141537015669, -0.20557296965704852, 0.5371635743589236], [-0.5687264958410996, -3.800602150037994, 0.437930475730889, 1.2607272928156021, 2.9195838277470623], [-1.4082785924312726, -9.324756107900704, 0.4898458541576871, 2.8549726970971037, 2.8045637606873965], [1.8988930735835563, -2.2913875044012535, 0.0035705972573930097, 0.7842958880850048, -1.2531889611748037], [-2.065661094467033, -1.1455705155713378, 0.5158894373017463, -2.934961265211607, 1.6689828542356473], [-0.5839898921045981, -4.771512152187689, 0.18866296605152963, 1.3555136099993685, 0.31344838138637776], [2.601177476970001, -0.4195345864287354, 0.5241082534386848, 2.1626023137147126, -2.938921134629515], [-4.826645809560276, -0.3936332576964947, 0.4027719791363045, -2.9392367811839732, -0.567965899006869]], "Final Predicted Pose 0": [0.15518324077129364, 0.37325218319892883, 0.4451654255390167, -0.8910795450210571, -0.37106961011886597, 0.26131314039230347], "Predicted Translation Error 0": "0.2934468317661019cm", "Predicted Rotation Error 0": "tensor([0.9814], grad_fn=<DivBackward0>)"}