{"num_updates": "3349", "penalty": "tensor(0., dtype=torch.float64, grad_fn=<AddBackward0>)", "Starting Pose": [0.1808728575706482, 0.23443977534770966, -0.21903611719608307, -0.3459324538707733, -0.6061857342720032, -0.5359384417533875, -0.4750153720378876], "Starting Soft Arm States": [-41.70000076293945, -48.29999923706055, 10.0, 22.3919734954834, 35.18257141113281, 2.8583285808563232], "Number of Trajectories": 1, "Final Desired Pose": [-0.29426392912864685, 0.10453643649816513, -0.29224473237991333, -0.9340123534202576, -0.22726234793663025, 0.2756316065788269], "Predicted Trajectory 0": [[0.7761308870465614, 0.7975980073229925, 0.5855221787427642, -0.30938228964805603, -0.08975935727357864, 0.9466920495033264], [0.7762503027915955, 0.8071753978729248, 0.50478196144104, -0.3608377277851105, 0.19308608770370483, 0.9124220013618469], [0.7360671162605286, 0.7784613966941833, 0.4421751797199249, -0.45753923058509827, 0.3625413775444031, 0.8119246363639832], [0.6850289702415466, 0.7380169630050659, 0.3671107292175293, -0.5928396582603455, 0.4532605707645416, 0.6656545400619507], [0.6249839067459106, 0.6948724985122681, 0.3035838007926941, -0.7315906286239624, 0.43593767285346985, 0.5241501927375793], [0.5620078444480896, 0.6823383569717407, 0.2725702226161957, -0.7675091028213501, 0.44096097350120544, 0.4652775526046753], [0.5020507574081421, 0.6581012010574341, 0.27257007360458374, -0.7664893269538879, 0.3983350694179535, 0.5038087964057922], [0.4501093626022339, 0.6481238007545471, 0.26401370763778687, -0.7786132097244263, 0.35540708899497986, 0.5171529650688171], [0.38991469144821167, 0.6025445461273193, 0.29126614332199097, -0.7214012742042542, 0.250394731760025, 0.6456645727157593], [0.3408110737800598, 0.49590229988098145, 0.3293209671974182, -0.6716351509094238, 0.025681519880890846, 0.740436851978302], [0.30687662959098816, 0.4766058027744293, 0.3296273350715637, -0.6790188550949097, -0.07425692677497864, 0.7303555607795715], [0.26624196767807007, 0.4907703399658203, 0.3942071795463562, -0.5750117897987366, -0.0921563059091568, 0.8129383325576782], [0.23779524862766266, 0.49127069115638733, 0.40055859088897705, -0.6511821746826172, -0.13571299612522125, 0.7466885447502136], [0.21674208343029022, 0.44335395097732544, 0.3945605754852295, -0.6775636076927185, -0.30938035249710083, 0.6672266125679016], [0.2034185826778412, 0.43379661440849304, 0.43438825011253357, -0.6199951767921448, -0.3568342924118042, 0.6987669467926025], [0.21755419671535492, 0.3585047423839569, 0.4282846748828888, -0.518898069858551, -0.521769106388092, 0.6771275401115417], [0.2009257823228836, 0.3742876946926117, 0.3993017077445984, -0.6694673895835876, -0.47809091210365295, 0.5685441493988037], [0.20127908885478973, 0.40008431673049927, 0.4124751687049866, -0.6930297613143921, -0.46098726987838745, 0.5542566776275635], [0.1954946517944336, 0.420412540435791, 0.39660772681236267, -0.7770311832427979, -0.3935195803642273, 0.4912891387939453], [0.19957880675792694, 0.37996047735214233, 0.39039620757102966, -0.7630122900009155, -0.49854302406311035, 0.4114207625389099], [0.19365337491035461, 0.40416717529296875, 0.3885466754436493, -0.8212064504623413, -0.40869906544685364, 0.39822739362716675]], "Control Inputs 0": [[4.988841038586589, -7.794649299346921, 0.6993154873521903, -2.987770493848427, -2.982119466332517], [4.952773407789524, -8.558974985008359, 0.6996018422519236, -2.0903158708323626, -2.992940181104794], [4.974757851012841, -9.813036280730561, 0.531096006831229, -1.914133474606288, -2.998748842917954], [4.85827501044151, -2.735690006595946, 0.6951813769416187, -0.2270636475813097, -2.9765979084289644], [4.931172428026292, 0.833129108816447, 0.38326068166585886, 1.9860099894217162, -2.9766940416680328], [4.842433735340029, 1.8037607494685126, 0.010984821330232635, -0.25295163810124643, -2.9556481281965095], [4.794868164402297, 3.3975621226576873, 0.12466437010937062, 2.863684316998011, -2.9908694606556305], [4.871702195206401, -8.983187178257495, 0.6656438126074546, 2.8925408199955776, -2.9630631001077763], [4.78531676350536, -8.75103778716944, 0.22257804873066858, -2.927858504520871, -2.9627870300373975], [4.740425298562998, 2.76722294238294, 0.44784108882033186, 0.6046541927124807, -2.9952866114740115], [4.918032691764916, 5.6359926944174354, 0.29350973734137137, -2.996121063726156, -2.8365802705013365], [0.34485760501008045, -1.3766791058670016, 0.005324274151579464, -2.9631111219444572, -0.8882929404384754], [4.72856655687746, 1.6630993797545859, 0.006125798668595765, 0.5173752031553409, -2.1404272167564566], [-2.9339162957755835, -1.5390055834060021, 0.21668133634640635, 2.9068016297877772, -2.7741623668382807], [-3.095850440050016, -5.958083171672567, 0.21095049747252095, -2.35475140598866, 2.944917932021464], [4.9015085773760365, -0.44215279925318285, 0.006579213736796049, -2.9534150217318396, -1.295610994615765], [-4.7673720234906165, 5.307130341274652, 0.33538808603966036, 1.1059682221606595, 1.789006142187752], [4.560013791536319, -5.426244621389537, 0.003744110573129203, -2.9569479875145244, -1.7481381413305646], [-4.767334340601995, 1.9307198191664057, 0.3829655492841602, 2.9365736954501944, 1.9168867798305183], [4.796142002583856, -2.087521384957024, 0.009102180759802422, -2.9408358461276536, -2.945837110754889]], "Final Predicted Pose 0": [0.19365337491035461, 0.40416717529296875, 0.3885466754436493, -0.8212064504623413, -0.40869906544685364, 0.39822739362716675], "Predicted Translation Error 0": "0.7561637064257577cm", "Predicted Rotation Error 0": "tensor([0.9697], grad_fn=<DivBackward0>)"}