{"num_updates": "8783", "penalty": "tensor(0., dtype=torch.float64, grad_fn=<AddBackward0>)", "Starting Pose": [-0.3737664520740509, 0.08014781028032303, -0.20873697102069855, -0.10561268776655197, 0.8927318453788757, -0.43155860900878906, 0.0750526413321495], "Starting Soft Arm States": [39.20000076293945, 66.9000015258789, 10.0, 7.822881698608398, 12.499299049377441, 35.411094665527344], "Number of Trajectories": 1, "Final Desired Pose": [-0.06958426535129547, 0.16044408082962036, -0.3366599678993225, -0.9788352251052856, -0.20316508412361145, 0.024607086554169655], "Predicted Trajectory 0": [[0.1018511062459497, 0.3101351251545911, 0.611962335882844, -0.9664261341094971, -0.12378840148448944, 0.2251599133014679], [0.1285630315542221, 0.2665666341781616, 0.5356415510177612, -0.9498789310455322, -0.31058916449546814, -0.0355585478246212], [0.15892115235328674, 0.22957776486873627, 0.4769045412540436, -0.8534566164016724, -0.46059536933898926, -0.24385181069374084], [0.20101118087768555, 0.21787628531455994, 0.40280625224113464, -0.750029444694519, -0.4936788082122803, -0.4401557147502899], [0.2375507801771164, 0.2103700339794159, 0.3352397680282593, -0.6581161022186279, -0.4610600769519806, -0.5952367782592773], [0.26659974455833435, 0.2021392583847046, 0.2949206829071045, -0.5784906148910522, -0.4194211959838867, -0.6995958685874939], [0.30227863788604736, 0.23293063044548035, 0.24912719428539276, -0.5755736231803894, -0.27226611971855164, -0.7710942029953003], [0.3318263292312622, 0.25888726115226746, 0.19119694828987122, -0.4688219428062439, -0.07778488844633102, -0.8798611164093018], [0.3332776427268982, 0.2983843982219696, 0.20389477908611298, -0.6286008954048157, 0.05391315743327141, -0.775857150554657], [0.40495023131370544, 0.3514958918094635, 0.13907170295715332, -0.4466966986656189, 0.22555109858512878, -0.8657879829406738], [0.45066118240356445, 0.3969517648220062, 0.12488473951816559, -0.43519359827041626, 0.302051305770874, -0.8481577038764954], [0.49125003814697266, 0.44699931144714355, 0.10808936506509781, -0.4104820489883423, 0.3283003866672516, -0.8507192730903625], [0.5160778760910034, 0.4959985911846161, 0.10132262855768204, -0.2722542881965637, 0.3749585449695587, -0.8861623406410217], [0.4932713508605957, 0.5233718156814575, 0.12204954773187637, -0.486087828874588, 0.30306535959243774, -0.8196768164634705], [0.5170823931694031, 0.5855119824409485, 0.11478357762098312, -0.2779577672481537, 0.3836742639541626, -0.8806437849998474], [0.4513251781463623, 0.5910208225250244, 0.14040783047676086, -0.5296685695648193, 0.2963274121284485, -0.7947585582733154], [0.4368278682231903, 0.6272777318954468, 0.16844098269939423, -0.667596697807312, 0.22809584438800812, -0.7087219953536987], [0.45350760221481323, 0.5427767634391785, 0.16013272106647491, -0.5139229893684387, -0.026145825162529945, -0.857437789440155], [0.4178798198699951, 0.5948735475540161, 0.2198539823293686, -0.8066661357879639, 0.04299149662256241, -0.58944171667099], [0.42453810572624207, 0.5364334583282471, 0.20324581861495972, -0.6600432395935059, -0.17017416656017303, -0.7316991686820984], [0.3907102346420288, 0.5684000849723816, 0.27722659707069397, -0.9259420037269592, -0.1887136995792389, -0.32713693380355835]], "Control Inputs 0": [[-4.906875745132149, -9.982052447339633, 0.006673026993818509, -0.5178351156007999, -2.9194011798322244], [-4.79700009216948, -9.864752415901378, 0.0011154335069508403, 0.19632898657225617, -2.8821734376854904], [-4.688076379419168, -9.650676814820823, 0.0015865555449542216, -0.3492198859445703, -2.904968249519615], [-1.2334627893641303, -9.838974099704627, 0.0008946302009538931, 2.5078392057407326, -1.049529218676008], [-1.0652165562445806, -9.579457548801997, 0.004435348380363242, -0.23908921792503435, -1.9581385639994728], [-4.683634644037026, -9.712332470895559, 0.000286721000781726, -1.592122589857865, 1.7373170433531824], [4.769391997137298, -9.784774728138274, 0.002709779347602523, -0.41380336863103206, -1.6158656901958313], [-4.638449207835946, -9.478631788169018, 0.0009619461077504941, 0.02089766300119722, 0.03960797616979228], [-4.886505124727946, -9.85883510128826, 0.001275330623171131, 0.05512124514507466, 2.783764641361471], [-2.066437265063147, -9.75161981362739, 0.004987660330557533, 0.14092223963832495, 2.8542686694676043], [-4.784841359653995, -9.64978722780237, 0.0017236625562147103, 2.563884950298509, 2.9437138967369894], [4.686409430915647, -9.514166168203964, 0.005901711643899314, 1.125795037571094, 2.87870135695149], [-4.818157766852762, -9.474154869505401, 0.0007164510723062184, 2.9877028076748866, 2.947516659395709], [4.341502237737501, -9.602058252271, 0.006449463091373113, -2.840190740723523, 2.9125105675821183], [4.862211027294643, -9.971787296663502, 0.0019688932549160217, 2.953449171891366, 2.946100862706478], [-4.897196870962128, 9.479769190728398, 0.003336551970419305, 2.8099981409336623, 3.000090362882241], [4.81291957260343, -9.695045297994913, 0.0029813908205973422, -2.3597496124864907, 2.9175821101439965], [-4.98588515905757, -8.366807052206712, 0.0824263745369384, 2.849460358692517, 2.998158040063842], [4.791503466359057, 9.421818737789522, 0.0029916223995563275, 0.4405298354943876, 2.9405728884681324], [-4.83726722185694, 9.915242209273469, 0.6986946685920473, -2.8973156882251008, 2.8525699280635735]], "Final Predicted Pose 0": [0.3907102346420288, 0.5684000849723816, 0.27722659707069397, -0.9259420037269592, -0.1887136995792389, -0.32713693380355835], "Predicted Translation Error 0": "6.6638033451249665cm", "Predicted Rotation Error 0": "tensor([0.9366], grad_fn=<DivBackward0>)"}