{"num_updates": "9080", "penalty": "tensor(0.0057, dtype=torch.float64, grad_fn=<AddBackward0>)", "Starting Pose": [-0.19970695674419403, 0.0974322259426117, -0.24843467772006989, -0.5645666122436523, 0.4751583933830261, -0.6385074257850647, 0.21862617135047913], "Starting Soft Arm States": [12.600000381469727, -59.70000076293945, 10.0, 27.94273567199707, 26.462312698364258, 35.39122009277344], "Number of Trajectories": 1, "Final Desired Pose": [0.14918473362922668, 0.08417315781116486, -0.2881869375705719, -0.621100902557373, 0.6745349764823914, 0.39904409646987915], "Predicted Trajectory 0": [[0.3134567323103278, 0.36474270677205295, 0.5100496544470952, -0.266934335231781, -0.25732824206352234, 0.9287239909172058], [0.3341149687767029, 0.33360275626182556, 0.5097484588623047, -0.13218694925308228, -0.3173431158065796, 0.9390527009963989], [0.3744669556617737, 0.3009525537490845, 0.5075507760047913, 0.03919332101941109, -0.4222741723060608, 0.9056205153465271], [0.4156777560710907, 0.27946996688842773, 0.49874645471572876, 0.11205839365720749, -0.5425185561180115, 0.8325361609458923], [0.4345528781414032, 0.23119433224201202, 0.4988604485988617, 0.25907039642333984, -0.7138427495956421, 0.650623619556427], [0.4481031894683838, 0.20033816993236542, 0.510427713394165, 0.3501374125480652, -0.8259313106536865, 0.4418611228466034], [0.4922058880329132, 0.1708686351776123, 0.5033335089683533, 0.33462655544281006, -0.9141337871551514, 0.2288762778043747], [0.5309745073318481, 0.18537496030330658, 0.4575631022453308, 0.16997180879116058, -0.9714196920394897, -0.16569101810455322], [0.5685888528823853, 0.17998206615447998, 0.4281936287879944, 0.027772586792707443, -0.8977862000465393, -0.439554899930954], [0.5930929183959961, 0.16332152485847473, 0.3914664685726166, 0.045319586992263794, -0.7500230073928833, -0.6598572731018066], [0.5783116221427917, 0.1640016734600067, 0.36092719435691833, -0.07745584845542908, -0.5898385643959045, -0.8037979006767273], [0.5835078954696655, 0.1790291965007782, 0.3508836328983307, -0.30103644728660583, -0.4011669158935547, -0.8651254773139954], [0.6509472131729126, 0.16347087919712067, 0.3507860600948334, -0.10734400153160095, -0.2993065416812897, -0.9480996131896973], [0.5817426443099976, 0.20462419092655182, 0.3284294307231903, -0.5192984938621521, -0.055591754615306854, -0.8527827858924866], [0.6303194761276245, 0.2030351161956787, 0.3537771999835968, -0.5342472791671753, 0.07770668715238571, -0.8417490720748901], [0.6562060713768005, 0.2038264125585556, 0.3392416536808014, -0.4922727048397064, 0.16225074231624603, -0.8551855683326721], [0.6590667366981506, 0.22021014988422394, 0.3633817434310913, -0.602586030960083, 0.3502981960773468, -0.717064380645752], [0.6873126029968262, 0.21502189338207245, 0.3387008607387543, -0.41223204135894775, 0.49083375930786133, -0.7675590515136719], [0.6485592722892761, 0.21090258657932281, 0.339480996131897, -0.5998478531837463, 0.5501498579978943, -0.5809627771377563], [0.7005559206008911, 0.1821347326040268, 0.34415656328201294, -0.32271724939346313, 0.7680593729019165, -0.5531169176101685], [0.6509040594100952, 0.22560037672519684, 0.3542212247848511, -0.5556489825248718, 0.7595970630645752, -0.3380332291126251]], "Control Inputs 0": [[-4.863638376363162, -8.29242820437085, 0.5390198995741348, 2.8083151371136337, -2.96716660889795], [-4.849643711895722, -1.119763960882187, 0.697649354085051, 1.3965887064190836, -2.977435262476097], [-4.816804742423054, -0.21055424503663822, 0.6995974953084741, -0.20979264377554596, -2.9786265112014045], [3.4600247034502782, -0.7428052710292175, 0.6983395149527196, 2.973408366428801, -2.981340531392829], [-3.518358143677796, -9.236507764331284, 0.6972850049884264, -0.02187009733700318, -2.9730154920968155], [-4.793891328403912, 4.320319162096608, 0.00516937771835084, -1.6735245722936745, -2.5562304824583584], [-4.4909469389919, 5.776236819916502, 0.0068775214248425025, -1.414225347264997, -2.975761510125081], [-4.756062180973522, 6.967486935239464, 0.008617693144210532, 2.2893503188777693, -2.975081825768304], [4.733653560477041, -5.9986136786409965, 0.003510451586794073, 0.7810561772877351, -2.5514698750334466], [4.740761649094084, -8.57039615129543, 0.0031539440992435852, -0.5410422499082639, -0.003393181788567734], [-4.9650367631417325, -9.835198989535803, 0.004425933486017171, -0.6003445209902534, 0.11769678269898032], [4.773297599314748, 0.29404123833178986, 0.5772437436561874, -0.015906954337766344, -0.11056734571999005], [-4.843536521427934, 0.32586624278872733, 0.3984499052190769, 1.1258769695172646, 0.20410258994097896], [-4.722724341864807, 2.862841010913133, 0.1741615209065895, -1.6692440753330415, 0.9767484148808476], [-2.7545736260526956, 2.333410555813016, 0.15693481390280198, 1.6242650624773072, -1.2030505138429668], [-4.811267482350123, 5.011218359842603, 0.0013092808327583789, -0.030787978229033897, 1.2646283866097168], [4.855495943996722, -1.2481875577742407, 0.16614510932401652, -0.010362952277126691, 1.611511095148904], [-4.674947228657662, -3.6031359607865685, 0.4483671943703163, -0.09332173113553344, -0.030306196266673968], [4.847236868633232, -4.09377045272575, 0.5635698896679718, 0.13424603826040693, -2.7662869306847324], [-4.882778022405701, 9.414981893297444, 0.13522335698269736, -0.09010080386304109, 1.5293387274766488]], "Final Predicted Pose 0": [0.6509040594100952, 0.22560037672519684, 0.3542212247848511, -0.5556489825248718, 0.7595970630645752, -0.3380332291126251], "Predicted Translation Error 0": "8.045341548784986cm", "Predicted Rotation Error 0": "tensor([0.7226], grad_fn=<DivBackward0>)"}