{"num_updates": "3391", "penalty": "tensor(0., dtype=torch.float64, grad_fn=<AddBackward0>)", "Starting Pose": [0.1885271668434143, 0.2343386858701706, -0.21449199318885803, -0.3059803545475006, -0.5499453544616699, -0.5906779766082764, -0.5050105452537537], "Starting Soft Arm States": [-41.70000076293945, -48.29999923706055, 10.0, 22.3919734954834, 35.18257141113281, 2.8583285808563232], "Number of Trajectories": 1, "Final Desired Pose": [0.0771937295794487, 0.23496511578559875, -0.268842488527298, 0.04774600267410278, 0.025635752826929092, 0.9985305070877075], "Predicted Trajectory 0": [[0.7854362966864354, 0.7972786299136986, 0.5971879373181884, -0.30268073081970215, -0.26005226373672485, 0.9169281125068665], [0.7753252387046814, 0.8222227096557617, 0.5043590068817139, -0.3119697868824005, 0.20365214347839355, 0.9280089735984802], [0.733733057975769, 0.7945126891136169, 0.4771818518638611, -0.3058205246925354, 0.4324614405632019, 0.848204493522644], [0.7057580947875977, 0.7846893668174744, 0.43798068165779114, -0.35348832607269287, 0.589633047580719, 0.726208508014679], [0.6967401504516602, 0.8181747794151306, 0.4336238205432892, -0.29898348450660706, 0.7031996250152588, 0.6450730562210083], [0.6828568577766418, 0.8164914846420288, 0.4296727776527405, -0.2706461548805237, 0.7328334450721741, 0.6242642402648926], [0.6789678335189819, 0.8238207101821899, 0.447562575340271, -0.21620619297027588, 0.7436526417732239, 0.6326416730880737], [0.6756588220596313, 0.8244252800941467, 0.4528227150440216, -0.20460905134677887, 0.7551969289779663, 0.6227461695671082], [0.6633660197257996, 0.8203558921813965, 0.4589806795120239, -0.16597433388233185, 0.7481457591056824, 0.6424409747123718], [0.6552751660346985, 0.8072794675827026, 0.4655854105949402, -0.16918857395648956, 0.7253381013870239, 0.6672778725624084], [0.6397864818572998, 0.8041149377822876, 0.4566887617111206, -0.1705433577299118, 0.7498602867126465, 0.6392374038696289], [0.6410623788833618, 0.8149120211601257, 0.4708404242992401, 0.05223273113369942, 0.7927919626235962, 0.6072500944137573], [0.6420572996139526, 0.8120014667510986, 0.4950557053089142, 0.15053780376911163, 0.7954249978065491, 0.5870583057403564], [0.6213923692703247, 0.79847252368927, 0.48532456159591675, 0.09390046447515488, 0.7952131628990173, 0.5990148782730103], [0.6236446499824524, 0.8168106079101562, 0.4591560661792755, 0.17438463866710663, 0.8438959121704102, 0.507375180721283], [0.6390214562416077, 0.8112395405769348, 0.4414708912372589, 0.20765343308448792, 0.8717537522315979, 0.4437628388404846], [0.6606296300888062, 0.821863055229187, 0.42297884821891785, 0.3682861030101776, 0.8538668751716614, 0.36779966950416565], [0.6670757532119751, 0.8054383993148804, 0.41684314608573914, 0.46950531005859375, 0.8039586544036865, 0.3649864196777344], [0.680665135383606, 0.8134177327156067, 0.4636911451816559, 0.4213349223136902, 0.7031785845756531, 0.5727274417877197], [0.6476544737815857, 0.8083990216255188, 0.4682762920856476, 0.38528376817703247, 0.5110706090927124, 0.7683510184288025], [0.6216152906417847, 0.7671904563903809, 0.48414063453674316, 0.2751012146472931, 0.28505396842956543, 0.9181849360466003]], "Control Inputs 0": [[4.925998951329182, -9.91005874858324, 0.6770211011357594, 2.818674698254985, 1.75583972757798], [4.811637981661402, -9.697663598578036, 0.011979215992447062, 1.2513215769515034, -2.8393896414519766], [4.836928082675161, 5.8170611860248265, 0.0017411365374247194, -0.42755326654929426, -2.831159473646268], [2.1703965342817213, 7.501575027903758, 0.0036619931148995167, -1.1729257479127229, -2.831180846524535], [3.1403211381883605, 7.797568073926122, 0.012153599219342311, 2.8654657107097288, -2.9424501411225634], [0.20413724975010794, 7.890270201457604, 0.0014040746990941452, -1.7939686476508243, -2.867547816119968], [2.1875677059866083, 9.162311910167254, 0.004706054675530394, -0.6075756413573008, -2.8461259546139877], [2.379758041629384, 9.047638894407527, 0.004140541888806057, 0.5512767820173252, -2.8295740800380678], [0.20504491909108769, 9.375518935455894, 0.008632345138845251, -2.8150716448458013, -2.832315542915761], [3.4623916808578663, 8.776536253991111, 0.0015306888968133492, 2.8260789848314065, 2.823186244628287], [-0.0920435457017259, 8.064022613788989, 0.002153391158294678, 2.8162281888754457, 2.9956279920641125], [0.5267767257647487, 3.371281697753089, 0.007168675203852686, -1.58167340446972, -2.8947607998388176], [2.5254681927999876, 9.079202823198592, 0.0054382952097156954, -2.833100798670381, 2.837107410760547], [-0.4565741683574993, 8.51311329138079, 0.0038100775298514546, -2.820172456347727, 2.9433762231456218], [-3.4641001513573575, 9.157450419000963, 0.001045256428391605, -2.8485123788719156, 2.7785632518571495], [4.878082120705617, 9.352630109954951, 0.007045604326699146, 2.8289848855597794, 2.86848458458216], [-4.861124273552888, 9.785193148132947, 0.0036532571039241957, 1.8945413793857222, -2.877663246170067], [-1.1849740435644809, 9.737180260265731, 0.6997678202561334, 2.851352664645776, -2.9592717337092], [4.603284333174617, 9.772383750736715, 0.6987881696737439, 2.8615125837523534, -2.983842066385634], [-4.8092542619117875, 9.475952002225583, 0.1291512308011127, -2.93682105777793, 2.93815122510631]], "Final Predicted Pose 0": [0.6216152906417847, 0.7671904563903809, 0.48414063453674316, 0.2751012146472931, 0.28505396842956543, 0.9181849360466003], "Predicted Translation Error 0": "2.753056871345131cm", "Predicted Rotation Error 0": "tensor([0.9373], grad_fn=<DivBackward0>)"}