{"num_updates": "3862", "penalty": "tensor(0., dtype=torch.float64, grad_fn=<AddBackward0>)", "Starting Pose": [-0.10644806921482086, 0.0708770826458931, -0.2976919412612915, -0.5462543368339539, 0.7617703676223755, -0.1666744351387024, 0.30582955479621887], "Starting Soft Arm States": [2.700000047683716, -15.0, 10.0, 31.132104873657227, 13.58891773223877, 35.40446853637695], "Number of Trajectories": 1, "Final Desired Pose": [-0.22368526458740234, 0.19082970917224884, -0.26782476902008057, -0.20359177887439728, 0.9456460475921631, 0.2535822093486786], "Predicted Trajectory 0": [[0.42683236427066806, 0.2808456180146454, 0.3835955031861926, -0.21614894270896912, -0.730292797088623, 0.6480370759963989], [0.3972252607345581, 0.2798280417919159, 0.40619102120399475, -0.3354497253894806, -0.7482337951660156, 0.572380781173706], [0.3822326958179474, 0.32463061809539795, 0.40699878334999084, -0.5149213671684265, -0.6860752701759338, 0.513961672782898], [0.37617117166519165, 0.3260206878185272, 0.40894633531570435, -0.5210599303245544, -0.7078222036361694, 0.4769532084465027], [0.3306213915348053, 0.38832563161849976, 0.43216145038604736, -0.6550788879394531, -0.5419882535934448, 0.5264223217964172], [0.3277537226676941, 0.42276594042778015, 0.4222249388694763, -0.7393537759780884, -0.4462578296661377, 0.5041924715042114], [0.3322475552558899, 0.4532551169395447, 0.4386760890483856, -0.6990035772323608, -0.3648344576358795, 0.6150526404380798], [0.30447447299957275, 0.5076138973236084, 0.45744892954826355, -0.7334061861038208, -0.14674979448318481, 0.6637618541717529], [0.29578325152397156, 0.534020721912384, 0.4671725928783417, -0.7153997421264648, 0.01591682806611061, 0.6985341310501099], [0.2847820818424225, 0.5755252838134766, 0.48660579323768616, -0.6324251294136047, 0.24190554022789001, 0.7358804941177368], [0.28618916869163513, 0.5867769718170166, 0.4758787453174591, -0.6308810114860535, 0.3176560401916504, 0.707872748374939], [0.28369590640068054, 0.6341501474380493, 0.46529215574264526, -0.5576074719429016, 0.5130045413970947, 0.6526103019714355], [0.2846476137638092, 0.6421595811843872, 0.47842147946357727, -0.4883236885070801, 0.5643466711044312, 0.6656221151351929], [0.2829640507698059, 0.6579996943473816, 0.45709434151649475, -0.47644272446632385, 0.6557428240776062, 0.5856651663780212], [0.2689639925956726, 0.6308465600013733, 0.47376754879951477, -0.5445529222488403, 0.5793823599815369, 0.6064472198486328], [0.27163055539131165, 0.6349923014640808, 0.47498229146003723, -0.46319305896759033, 0.6888116598129272, 0.5576653480529785], [0.2650265693664551, 0.5841988921165466, 0.5021572709083557, -0.44739624857902527, 0.6156042814254761, 0.6487434506416321], [0.28325214982032776, 0.6736857295036316, 0.4764040410518646, -0.28035128116607666, 0.8240329027175903, 0.4923139214515686], [0.2865859568119049, 0.6777383089065552, 0.4707129895687103, -0.2821982204914093, 0.8334252834320068, 0.47514888644218445], [0.2927069067955017, 0.691230058670044, 0.45408037304878235, -0.21260371804237366, 0.9141989350318909, 0.3450217545032501], [0.2835484445095062, 0.6591648459434509, 0.4412480294704437, -0.3311614394187927, 0.8969129920005798, 0.29305171966552734]], "Control Inputs 0": [[4.9254604326597295, 9.518761258670317, 0.010691575062218232, -2.9445319742156677, 2.9898134960602096], [-4.892673535912413, 9.51716738576955, 0.25276322404373625, -1.0953746563922873, 2.9927556203070322], [4.818684048194701, 9.969606746217195, 0.010049638098442198, -2.2463284287074305, 2.972304190314591], [4.753486314487311, 9.559411574334728, 0.013977814675441257, -2.1200395465571393, 2.916554065756718], [-4.890596830429522, 9.820484855952216, 0.01226050685980253, 2.8036561074060646, 2.9032320556260904], [2.3853603056170094, 9.60057688857291, 0.013184413900848011, -1.0841920190842746, 2.974710114653087], [4.878506733432802, 9.561351163870668, 0.01420154511493287, -0.775493197236095, 2.959641788343373], [-1.936657545739409, 8.886811515726205, 0.23197670473510432, 1.2361970828009818, 2.8674894490618366], [4.72235182481284, 6.75451237458482, 0.23961390819801143, -2.422271156101885, 2.84982633013371], [-4.8836708105466, 9.260005470634802, 0.644788808040727, -1.1090236599488896, 0.8536817721455257], [4.734158682639858, 9.625746251739653, 0.3958047065350126, 0.2087772756688211, 2.924536254518766], [-4.2522425005499045, -6.308744150789179, 0.1848227131978951, -1.8360110955965603, 2.5742832487572604], [4.924680982049573, 8.338320152764911, 0.04385467048509588, 0.3677155911413128, -2.8549031764414106], [-4.877260489008146, -9.388635303101172, 0.31160213395336606, 1.0466555754173648, 2.9186627371773888], [4.910676514812886, -9.211858466275208, 0.2651718040066594, 2.3582443521645073, 2.5439713206507886], [-4.98221151770287, -4.437986200849088, 0.040331532903260435, -0.3012685883307391, 2.9136884903960745], [4.9016528979939835, 9.759594619488063, 0.0010396131083274817, -1.5508959730049479, 2.890614724494399], [-4.77444705105701, -9.683958821174476, 0.11042572695422372, 0.9710574338016107, 2.9149908945763388], [4.777754243851636, -7.437050294016126, 0.00583643304030142, 0.4006318399607043, 2.9263383726896457], [-4.89198188158727, -9.535630104711158, 0.01082924438091712, -2.9439943573126053, -2.8398198935882233]], "Final Predicted Pose 0": [0.2835484445095062, 0.6591648459434509, 0.4412480294704437, -0.3311614394187927, 0.8969129920005798, 0.29305171966552734], "Predicted Translation Error 0": "0.7439014573252078cm", "Predicted Rotation Error 0": "tensor([0.9899], grad_fn=<DivBackward0>)"}