{"num_updates": "1073", "penalty": "tensor(0., dtype=torch.float64, grad_fn=<AddBackward0>)", "Starting Pose": [-0.2960636019706726, 0.1736903339624405, -0.21850937604904175, -0.49312523007392883, -0.44897156953811646, -0.7048059701919556, -0.24186880886554718], "Starting Soft Arm States": [27.399999618530273, 67.69999694824219, 10.0, 21.63023567199707, 35.19581985473633, 23.898893356323242], "Number of Trajectories": 1, "Final Desired Pose": [0.09673261642456055, 0.0956978052854538, -0.30351677536964417, -0.9146982431411743, 0.4032587707042694, 0.0266359131783247], "Predicted Trajectory 0": [[0.1963151296647944, 0.6056690382749269, 0.586874438285716, -0.396653950214386, 0.1018572598695755, 0.9122996926307678], [0.2118728756904602, 0.6081739664077759, 0.5673426985740662, -0.3652627170085907, 0.23196181654930115, 0.9015413522720337], [0.2477930635213852, 0.596921980381012, 0.5555866360664368, -0.3288009762763977, 0.2654692232608795, 0.9063200950622559], [0.279081255197525, 0.5407995581626892, 0.5353339910507202, -0.37599000334739685, 0.08037029206752777, 0.9231317043304443], [0.32094359397888184, 0.5064650177955627, 0.5142480731010437, -0.4096987545490265, -0.08570422232151031, 0.9081860184669495], [0.36579880118370056, 0.46291089057922363, 0.4878506660461426, -0.4486204981803894, -0.2325613647699356, 0.8629338145256042], [0.4134492874145508, 0.4302418529987335, 0.4748300611972809, -0.45895206928253174, -0.3337087631225586, 0.8234084844589233], [0.4523825943470001, 0.4013028144836426, 0.444694459438324, -0.5419692397117615, -0.39966708421707153, 0.7392803430557251], [0.49101826548576355, 0.3715788424015045, 0.4212944209575653, -0.5975661277770996, -0.46541982889175415, 0.652915894985199], [0.5310012698173523, 0.34375178813934326, 0.4069737195968628, -0.6378479599952698, -0.5218390226364136, 0.566422164440155], [0.5652440786361694, 0.3600504994392395, 0.3952101767063141, -0.7738185524940491, -0.4215391278266907, 0.4727681279182434], [0.6090298891067505, 0.34974926710128784, 0.3878619968891144, -0.8392518758773804, -0.4231376349925995, 0.34148329496383667], [0.6517406105995178, 0.334579199552536, 0.39648741483688354, -0.8774641156196594, -0.4404682219028473, 0.18985383212566376], [0.6602895855903625, 0.358546644449234, 0.3808225393295288, -0.959794819355011, -0.27686554193496704, 0.046254467219114304], [0.6487926840782166, 0.33701008558273315, 0.37844759225845337, -0.9526114463806152, -0.2787940502166748, 0.12167761474847794], [0.6688998937606812, 0.35667136311531067, 0.38045603036880493, -0.9810097217559814, -0.19366984069347382, -0.010575205087661743], [0.6776432394981384, 0.34269165992736816, 0.39142441749572754, -0.9850225448608398, -0.16576877236366272, -0.047448720782995224], [0.654822051525116, 0.35744354128837585, 0.3726516664028168, -0.9969411492347717, -0.05552656576037407, -0.05500305816531181], [0.6515955328941345, 0.3628074526786804, 0.38530728220939636, -0.9994185566902161, 0.02099197544157505, 0.026869038119912148], [0.6585910320281982, 0.3689832091331482, 0.37156417965888977, -0.9888935089111328, 0.0909900888800621, -0.11751777678728104], [0.6620999574661255, 0.3790751099586487, 0.38295823335647583, -0.9801067113876343, 0.18581289052963257, -0.06974499672651291]], "Control Inputs 0": [[-5.000362017329711, -9.566289060603351, 0.004781603716731389, 2.960146124591895, 2.9382538864630074], [-4.971697421036161, -9.8772553436964, 0.001980739263593617, 2.9469268165259077, -2.9325209189208823], [-4.894040453810701, -9.890537344673858, 0.0006297737644424956, 2.923159038726525, -2.876322388694175], [-4.870045147659142, -9.716399316729255, 0.0010931181958443671, 1.4355865238891639, -2.882346153345588], [-4.964727002156315, -9.86682413587652, 0.005448967948575539, 2.8407877369668615, -2.8375904855262535], [-4.921102945822528, -9.479552780265427, 0.002778241421128963, -2.9152808438974036, -2.9527316413431524], [-4.928926892845626, -9.831489353180158, 0.008527296835524549, -2.8871990494901967, -2.833009356623025], [-4.946426694934907, -9.686904043776126, 0.003763495485308732, -2.8252604995250716, -2.9399226138257886], [-4.780768756306939, -9.792861014157149, 0.013296123032930894, -2.9251565783367064, 1.6783135911327127], [-4.795531838610024, -9.543311756976488, 0.008241284806180473, -2.880198027301669, 1.2559447381944144], [-4.9867364135547225, -3.399621518609151, 0.006156907135742437, -2.151901860745823, -2.900687212818249], [-3.3958324735960725, -4.85256482124025, 0.011066411421149305, -1.8630762764478848, 2.700861124514687], [1.7107329806519127, -9.775677127826656, 0.01696680590684905, 2.371967058694521, 2.5902594305488513], [0.1274863033662923, -2.2481228556991564, 0.0009616500963144259, -2.8701257758247207, -0.8482310450863331], [-4.874607358329859, -3.423359734118919, 0.0057357238433927114, 0.5353154371153059, 1.5421281147497057], [1.5947170948072484, -3.7676809854223006, 0.019785367696764696, 0.7617277514013865, 1.007483508091756], [2.7577593837819094, -4.6859842408991605, 0.0009453681611577721, 2.8902943104322363, 2.8308379139004787], [-4.205623064572398, -2.710855630927422, 0.006432597786739862, -2.9158951937353144, 2.8219639663849563], [2.825086741153319, -6.524009680214991, 0.025217578870240315, 2.9146238050678104, 2.9707528234017078], [-4.8990655750998595, -9.811339046751744, 0.004896006830444234, 0.5951003553387109, 2.838187680088863]], "Final Predicted Pose 0": [0.6620999574661255, 0.3790751099586487, 0.38295823335647583, -0.9801067113876343, 0.18581289052963257, -0.06974499672651291], "Predicted Translation Error 0": "1.279427692497785cm", "Predicted Rotation Error 0": "tensor([0.9696], grad_fn=<DivBackward0>)"}