{"num_updates": "1034", "penalty": "tensor(0., dtype=torch.float64, grad_fn=<AddBackward0>)", "Starting Pose": [-0.11294344067573547, 0.07300999760627747, -0.2930687963962555, -0.56661057472229, 0.7441525459289551, -0.2079533338546753, 0.2862602472305298], "Starting Soft Arm States": [2.700000047683716, -15.0, 10.0, 31.132104873657227, 13.58891773223877, 35.40446853637695], "Number of Trajectories": 1, "Final Desired Pose": [-0.10722073912620544, 0.19076471030712128, -0.33972713351249695, -0.7237952351570129, -0.40605342388153076, 0.5578898787498474], "Predicted Trajectory 0": [[0.4189358853000562, 0.28758425066836124, 0.395464125558507, -0.19401511549949646, -0.7242317795753479, 0.661699652671814], [0.4013427793979645, 0.284069299697876, 0.4041956067085266, -0.3229380249977112, -0.7520406246185303, 0.574583113193512], [0.40862950682640076, 0.3200926184654236, 0.3998335599899292, -0.47567594051361084, -0.7175635099411011, 0.5087581872940063], [0.4340788722038269, 0.3458745777606964, 0.37227413058280945, -0.6201611757278442, -0.683426022529602, 0.3851349651813507], [0.4550648033618927, 0.38842788338661194, 0.35625386238098145, -0.7292583584785461, -0.5915108323097229, 0.3439437448978424], [0.46045196056365967, 0.43350106477737427, 0.3253345489501953, -0.8543208241462708, -0.4663974642753601, 0.22936725616455078], [0.45996201038360596, 0.48598048090934753, 0.3061354458332062, -0.9424982666969299, -0.30425888299942017, 0.13828828930854797], [0.4427313506603241, 0.5283053517341614, 0.28621116280555725, -0.9924979209899902, -0.11442746967077255, 0.043060723692178726], [0.43329358100891113, 0.5245246887207031, 0.3136754035949707, -0.9590708613395691, -0.08020410686731339, 0.2715703248977661], [0.451894611120224, 0.5068308711051941, 0.2677726745605469, -0.9948461651802063, -0.07595989108085632, 0.06716608256101608], [0.43924564123153687, 0.5388830304145813, 0.25551238656044006, -0.9992750287055969, 0.02548924647271633, 0.028282124549150467], [0.40366557240486145, 0.5827561616897583, 0.29182013869285583, -0.9467535614967346, 0.16998247802257538, 0.2734294831752777], [0.40880829095840454, 0.5890328288078308, 0.3027500510215759, -0.8959059715270996, 0.20952223241329193, 0.3917308449745178], [0.41274192929267883, 0.5767996311187744, 0.2625965178012848, -0.9633910059928894, 0.14344047009944916, 0.22650092840194702], [0.41540423035621643, 0.6288572549819946, 0.30670708417892456, -0.8304966688156128, 0.318368136882782, 0.45707443356513977], [0.41746899485588074, 0.5965386033058167, 0.2932148277759552, -0.8360276818275452, 0.233317032456398, 0.4966093599796295], [0.4272094964981079, 0.6073495149612427, 0.3127421736717224, -0.7851003408432007, 0.25813475251197815, 0.5630133152008057], [0.4224397838115692, 0.5871990323066711, 0.29662057757377625, -0.8088430166244507, 0.0641486644744873, 0.5845150947570801], [0.42070746421813965, 0.6077157258987427, 0.34381675720214844, -0.7420194745063782, 0.09437977522611618, 0.6637014150619507], [0.4307160973548889, 0.5783376097679138, 0.30629050731658936, -0.7921379804611206, -0.14286385476589203, 0.5933864116668701], [0.4377915561199188, 0.6047884225845337, 0.29284223914146423, -0.8043047189712524, -0.11390981078147888, 0.583196759223938]], "Control Inputs 0": [[-0.19536160263170732, 9.729266925699314, 0.01021134752957719, -2.964487898407271, 2.9162600321845735], [-4.907208964740738, 9.484960900887597, 0.558336671325217, -2.992154882987732, 2.999821726370464], [-3.654874564573837, 9.847819120530922, 0.01643882991725532, -2.96215133414136, 2.95415101543289], [-2.770702946023883, 9.924512183601351, 0.5279665837254145, -2.95822783316302, 2.915889807431326], [0.8458898884986965, 9.788172271827055, 0.2654332475766247, -2.908618976137798, 2.895944530120861], [0.5196441861339194, 9.780885995709255, 0.0226595698403643, -2.8341607820432935, 2.9226557989363284], [4.8579159979952085, 9.767161045292983, 0.09867036928903192, 2.855284682499115, 2.9817855210484847], [-4.765150783070677, -9.487143570152181, 0.600684886992613, -2.89891853782541, 2.9610007099255835], [-1.2526794971002673, -9.480393527358371, 0.3981926831999616, -2.884348504256568, 2.92738716397131], [4.784016685211446, 9.749865676523832, 0.5240821717779881, 2.8739884220185914, 2.861731470459879], [2.698225339779704, 9.781644188053974, 0.44291825895888187, 2.8434217238127477, 2.9470791860882484], [-4.8127489118750875, -9.898999923505523, 0.0533148681324297, -2.561693255162935, -1.2396131592930373], [4.896948165122112, 9.649440954638443, 0.10305508725909493, 1.7333626366341033, 2.9010049838253957], [-3.5497046415327658, -9.802760840979733, 0.3615729866433602, 2.9376824600841793, 2.9529512726093223], [-0.2012170240669331, -9.634373369664608, 0.41383967333643457, 2.9353028558309893, 2.8878453717990915], [-2.3654570617618504, -9.68849871763677, 0.005638441391117316, 0.11929256363071339, -2.893064797114271], [4.802544589998286, 9.85955202785281, 0.5226746398485588, 2.869308640988411, -2.3756898449795703], [-3.3870556032882284, -9.728538645994183, 0.0776409174929364, -2.6183288471213904, -2.984896344807266], [2.6581405863276837, 9.599256012601295, 0.483384833278125, -2.9583703140249225, -2.945396473993166], [-4.888954922490153, 9.932297960650654, 0.329211936247404, -0.16278553134051021, -2.945589226726639]], "Final Predicted Pose 0": [0.4377915561199188, 0.6047884225845337, 0.29284223914146423, -0.8043047189712524, -0.11390981078147888, 0.583196759223938], "Predicted Translation Error 0": "2.1014351857039344cm", "Predicted Rotation Error 0": "tensor([0.9538], grad_fn=<DivBackward0>)"}