{"num_updates": "2057", "penalty": "tensor(175.5423, dtype=torch.float64, grad_fn=<AddBackward0>)", "Starting Pose": [-0.09154671430587769, 0.0727105438709259, -0.36222511529922485, -0.5720610022544861, 0.5869454741477966, 0.4968205988407135, 0.28532522916793823], "Starting Soft Arm States": [0.6000000238418579, -69.4000015258789, 10.0, 20.222673416137695, 1.7124077081680298, 35.394535064697266], "Number of Trajectories": 1, "Final Desired Pose": [-0.15985235571861267, 0.10107365250587463, -0.2944559156894684, -0.7494640946388245, -0.3105745017528534, 0.5846769213676453], "Predicted Trajectory 0": [[0.44494806964335587, 0.2866381704181887, 0.2179247540527221, -0.1826714277267456, -0.955048143863678, -0.23348268866539001], [0.41645681858062744, 0.30034083127975464, 0.26685312390327454, -0.3324039578437805, -0.9072550535202026, -0.25767433643341064], [0.4043597877025604, 0.3376786410808563, 0.302139014005661, -0.4358787536621094, -0.8672327995300293, -0.24065950512886047], [0.40682220458984375, 0.3158051371574402, 0.314893513917923, -0.28839442133903503, -0.9269366264343262, -0.2400355339050293], [0.3548583686351776, 0.3671113848686218, 0.3637290894985199, -0.474691241979599, -0.8729919791221619, -0.11204101145267487], [0.3303317427635193, 0.3593742847442627, 0.3983519971370697, -0.4666183292865753, -0.8826816082000732, -0.056038856506347656], [0.3371792435646057, 0.387641966342926, 0.41229474544525146, -0.5001916885375977, -0.8652732372283936, -0.033323321491479874], [0.3702496886253357, 0.3909032344818115, 0.3703269064426422, -0.5128489136695862, -0.8517958521842957, -0.10691021382808685], [0.3675544857978821, 0.38734719157218933, 0.3678886890411377, -0.5354059934616089, -0.8418228626251221, -0.06837223470211029], [0.33579108119010925, 0.38417133688926697, 0.3863552212715149, -0.5611454844474792, -0.8275266289710999, -0.01775706559419632], [0.3206115961074829, 0.38739749789237976, 0.4229678213596344, -0.5436843037605286, -0.835141122341156, 0.08334668725728989], [0.3396759331226349, 0.36838704347610474, 0.40710243582725525, -0.4932212233543396, -0.8698949813842773, 0.003938641399145126], [0.36897361278533936, 0.3987126648426056, 0.40210774540901184, -0.5587707757949829, -0.8286448121070862, 0.033510398119688034], [0.40493157505989075, 0.3905182182788849, 0.3611364960670471, -0.5926892161369324, -0.8049509525299072, -0.027809489518404007], [0.40118443965911865, 0.40428218245506287, 0.35939207673072815, -0.6600160598754883, -0.7499017715454102, 0.045011695474386215], [0.36621421575546265, 0.38476818799972534, 0.3801015317440033, -0.6575914025306702, -0.7376459240913391, 0.15314055979251862], [0.36767035722732544, 0.4154425263404846, 0.4064466655254364, -0.6703003644943237, -0.6963061690330505, 0.2566225528717041], [0.35831910371780396, 0.3888702988624573, 0.37301740050315857, -0.6705132126808167, -0.7297594547271729, 0.13365298509597778], [0.3555868864059448, 0.46582916378974915, 0.40567290782928467, -0.7915968298912048, -0.5308511257171631, 0.3026079833507538], [0.34818992018699646, 0.3655361831188202, 0.32220256328582764, -0.6798102855682373, -0.7317362427711487, 0.04919511079788208], [0.3460291624069214, 0.4290313422679901, 0.4036913514137268, -0.698637843132019, -0.5791993737220764, 0.4200395941734314]], "Control Inputs 0": [[4.936706109902083, 9.897778750692044, 0.00818856570821308, 2.218175429010955, 2.8638315569587354], [-4.852603337522715, 7.9044565047628765, 0.056955924392369274, 2.9407854983773563, 2.883562211223839], [4.86730638002088, 5.7272618861024505, 0.00356743435968782, -0.8992760888450526, 2.886149492035665], [4.249386919684202, 9.362479457678326, 0.20506385829375218, 2.3770425459800055, 2.8175166191800027], [1.2564593846461385, 9.777192788344571, 0.371108216087422, 2.941121455134798, 2.8601786727266925], [-4.874449796518851, 9.770392899768666, 0.0016677374568360482, -2.068451579655749, -2.8428614151329286], [-4.764281150710745, 9.780285164039853, 0.003055953701250157, -2.447982626211595, 0.6153128330458881], [4.754816211090718, 1.0906939626501178, 0.4112801595953645, -1.644143025055909, 2.912305960278874], [4.765069534993131, 1.7968440325124462, 0.31517153879207255, 2.838150172306732, 2.816057182471549], [-1.2945297926573938, 9.655946388011287, 0.37046465946923574, 2.882235641630724, -2.8118473566761852], [-4.761922224246719, 9.751305765128269, 0.4204509563477354, -0.047729465342993826, 2.0921440239164033], [-4.85138565094522, 8.573364548133043, 0.013120245544224892, -1.4311060115368215, -2.0830781505106444], [-4.6978163438507625, 9.133151308053787, 0.13762917074492573, -2.863834290103978, 2.8528854239402532], [4.79272124611877, 3.67972769539956, 0.6772519489114457, 1.3544549347647887, 2.963572967124234], [4.907663076455481, 3.5279080232539233, 0.6600304039030045, 2.825706892150108, 2.9431258295927005], [-4.853774591401395, 5.4667286377116255, 0.018713433385832152, -2.7825889153059977, -2.8941255379811164], [4.894058770932197, 9.773659325907861, 0.07956809725347576, -2.9473522980996103, 2.8452240966310205], [-4.900110073208528, -1.7474429112556145, 0.6659799483691909, -2.8822152213333565, -2.5342439164208392], [4.9061805101074665, 3.297078986582216, 0.696804458749595, 2.952760084868114, 2.937137846627131], [-4.90875893910465, 9.117738306756824, 0.6908795330304444, 2.876505414338723, 2.876587677659761]], "Final Predicted Pose 0": [0.3460291624069214, 0.4290313422679901, 0.4036913514137268, -0.698637843132019, -0.5791993737220764, 0.4200395941734314], "Predicted Translation Error 0": "2.1698465752289cm", "Predicted Rotation Error 0": "tensor([0.9491], grad_fn=<DivBackward0>)"}