{"num_updates": "1067", "penalty": "tensor(0., dtype=torch.float64, grad_fn=<AddBackward0>)", "Starting Pose": [-0.2081960141658783, 0.18976742029190063, -0.2878361642360687, -0.18706227838993073, -0.38616272807121277, -0.8889913558959961, -0.15993863344192505], "Starting Soft Arm States": [11.699999809265137, -52.099998474121094, 10.0, 16.387481689453125, 35.212379455566406, 19.351640701293945], "Number of Trajectories": 1, "Final Desired Pose": [-0.2612594664096832, 0.12590336799621582, -0.20852799713611603, -0.35603755712509155, -0.5594889521598816, 0.7484713792800903], "Predicted Trajectory 0": [[0.3031365121637178, 0.6564622395644825, 0.40889743490430897, -0.8788546919822693, -0.13989517092704773, 0.4561181962490082], [0.27921321988105774, 0.6347590684890747, 0.4400913119316101, -0.8622375726699829, -0.19761523604393005, 0.4663630425930023], [0.2287762463092804, 0.5825160145759583, 0.4915473759174347, -0.7930445075035095, -0.2984132766723633, 0.5310649871826172], [0.1931878924369812, 0.5313085317611694, 0.5534334182739258, -0.683577835559845, -0.4035275876522064, 0.6081831455230713], [0.18809910118579865, 0.4913346767425537, 0.5902099609375, -0.5980332493782043, -0.4976074993610382, 0.6282857060432434], [0.20042510330677032, 0.4762552082538605, 0.5889357924461365, -0.536929726600647, -0.5700990557670593, 0.6218469142913818], [0.21370163559913635, 0.4704124927520752, 0.6000805497169495, -0.43721723556518555, -0.6130571365356445, 0.6580289006233215], [0.22193576395511627, 0.4749040901660919, 0.5991412401199341, -0.389989972114563, -0.6215478181838989, 0.6794013381004333], [0.22694087028503418, 0.46551549434661865, 0.6049904227256775, -0.3124506175518036, -0.6057108640670776, 0.7317710518836975], [0.23482085764408112, 0.44162386655807495, 0.6142000555992126, -0.2140117883682251, -0.5885912179946899, 0.7795891761779785], [0.23920266330242157, 0.4515315890312195, 0.607342541217804, -0.2102990299463272, -0.5980956554412842, 0.7733407616615295], [0.2354838103055954, 0.46749934554100037, 0.6107033491134644, -0.25084856152534485, -0.5983824729919434, 0.7609293460845947], [0.23516219854354858, 0.4551558494567871, 0.6111415028572083, -0.23838794231414795, -0.6062226295471191, 0.7587261199951172], [0.22773753106594086, 0.4629729092121124, 0.6049557328224182, -0.2702956199645996, -0.5999823808670044, 0.752968430519104], [0.2288454920053482, 0.4625505208969116, 0.6039896607398987, -0.25651976466178894, -0.5902273654937744, 0.7653948664665222], [0.24138306081295013, 0.4635693430900574, 0.6129282712936401, -0.15167579054832458, -0.5151271224021912, 0.8435866832733154], [0.24790331721305847, 0.4611774682998657, 0.6212381720542908, -0.07968961447477341, -0.46585336327552795, 0.8812662959098816], [0.24227701127529144, 0.438791424036026, 0.6177270412445068, -0.05735599622130394, -0.5296635031700134, 0.8462664484977722], [0.2354183942079544, 0.45921000838279724, 0.6034393310546875, -0.17471793293952942, -0.4958246350288391, 0.8506653904914856], [0.22352361679077148, 0.45334798097610474, 0.6167400479316711, -0.18890424072742462, -0.5253338813781738, 0.8296623229980469], [0.2340833693742752, 0.4564811587333679, 0.60673588514328, -0.2233334481716156, -0.616523265838623, 0.7549974918365479]], "Control Inputs 0": [[4.98188561971415, -5.363325385914833, 0.010588409607149454, 2.8586431767292613, -2.9490785279562957], [4.777478722671917, -8.089649006106335, 0.2184791736405576, 2.880373389317109, -2.9566643850837186], [3.9169592853952473, -8.391352784288026, 0.00592957361827446, 1.651307971434968, -2.971257720971597], [-1.3875858783752109, -4.0612850102830045, 0.12553961045390663, 1.2640274686735822, -2.9100909606747294], [-1.1977502946331318, 0.9979262681705876, 0.009711767739079407, 2.983258089040488, -2.8558485015299566], [-0.9656657445359995, 3.0907588750914403, 0.007060241300345384, 0.5326649923239009, -2.2457930921044444], [-0.8851071086930693, 1.680655824189607, 0.0020948373859316274, 0.37762756772083295, -0.5261124377835764], [-0.932870375022743, -6.732194873346195, 0.2520179531285859, 1.6852521262864473, 1.5533085445927064], [-0.6314352952550717, -5.048217190283359, 0.10737251120075761, -1.30118734739139, -0.3117328107266166], [-0.08959069156279664, 9.925147586934266, 0.16369600376680948, -0.8079708060292634, -2.716604311402048], [-0.2740744851169943, -2.8397030287291427, 0.1736167214098957, -0.2664857938206402, 1.0859293042863944], [0.2764490357364391, -0.7798982817303557, 0.007428925584863303, -1.7927101514907586, -0.18431057213823276], [0.4659813672709703, -0.33836032049069864, 0.007859207024628062, -0.8461423272998632, 0.19688267069503773], [-0.8849144824137412, -1.4415212411090526, 0.13790128313523212, 2.937139705663477, 1.1984282659732202], [-1.8842462013258992, -1.7942893035107108, 0.12165291009153924, 2.941742921468852, 0.9641396686709696], [0.5555931400592016, 0.466266536836784, 0.007241619083181701, -1.2995691020091646, -2.904704553809195], [-0.24213639200167414, -2.27935954581314, 0.20825135907190348, -2.90227306291788, 1.0867108898765832], [-0.078143144365173, -0.11809173489712244, 0.012632153544483726, -0.9222299139040944, 0.42861618064226725], [3.3567126101821962, 2.6691073691952205, 0.12912576565403014, -0.6601247880551422, -2.937856492541689], [-4.899302817024767, 9.81245707725829, 0.06761890352821778, -2.9456946184960224, -2.8708178664948485]], "Final Predicted Pose 0": [0.2340833693742752, 0.4564811587333679, 0.60673588514328, -0.2233334481716156, -0.616523265838623, 0.7549974918365479], "Predicted Translation Error 0": "0.4396224113660488cm", "Predicted Rotation Error 0": "tensor([0.9895], grad_fn=<DivBackward0>)"}