{"num_updates": "932", "penalty": "tensor(0., dtype=torch.float64, grad_fn=<AddBackward0>)", "Starting Pose": [-0.1065516471862793, 0.054163575172424316, -0.29338595271110535, -0.6062766313552856, 0.7370169162750244, -0.11853702366352081, 0.2741966247558594], "Starting Soft Arm States": [2.700000047683716, -15.0, 10.0, 31.132104873657227, 13.58891773223877, 35.40446853637695], "Number of Trajectories": 1, "Final Desired Pose": [-0.3031117916107178, 0.11437983810901642, -0.26625099778175354, -0.8594204187393188, 0.06245817616581917, 0.5074401497840881], "Predicted Trajectory 0": [[0.42670644363959076, 0.2280417372642646, 0.39464991604445615, -0.11448980867862701, -0.8286672830581665, 0.5479074716567993], [0.38885828852653503, 0.24961139261722565, 0.4249597191810608, -0.33129560947418213, -0.8133589625358582, 0.4782159626483917], [0.3367883861064911, 0.2829439043998718, 0.4314790666103363, -0.49582403898239136, -0.7697989344596863, 0.4019553065299988], [0.28809303045272827, 0.3185577392578125, 0.44958552718162537, -0.6199082136154175, -0.6777055859565735, 0.39551082253456116], [0.24456669390201569, 0.3576841652393341, 0.48055562376976013, -0.710894763469696, -0.5549904704093933, 0.43198859691619873], [0.21744723618030548, 0.3964255154132843, 0.49085351824760437, -0.8125848770141602, -0.4365166127681732, 0.3862111568450928], [0.20661310851573944, 0.4150560796260834, 0.4801371097564697, -0.8881980776786804, -0.36399906873703003, 0.28037285804748535], [0.20106972754001617, 0.43238160014152527, 0.4724196791648865, -0.9356746077537537, -0.29044443368911743, 0.2003873884677887], [0.19694314897060394, 0.4365638792514801, 0.46610814332962036, -0.959790050983429, -0.21621525287628174, 0.17903663218021393], [0.19176337122917175, 0.425330251455307, 0.46445906162261963, -0.9632661938667297, -0.2096041738986969, 0.16788212954998016], [0.18584026396274567, 0.4201919436454773, 0.46791979670524597, -0.9655988216400146, -0.19880418479442596, 0.16761799156665802], [0.18503646552562714, 0.42245838046073914, 0.4704681932926178, -0.9627694487571716, -0.20172297954559326, 0.1799525022506714], [0.18973608314990997, 0.449433296918869, 0.4596567153930664, -0.9821859002113342, -0.09911667555570602, 0.1596459001302719], [0.18750585615634918, 0.42994433641433716, 0.4643712639808655, -0.9778837561607361, -0.11587435007095337, 0.17411649227142334], [0.18808315694332123, 0.43238309025764465, 0.4655187129974365, -0.9776619672775269, -0.07518389821052551, 0.19627660512924194], [0.1872493475675583, 0.42494773864746094, 0.4607345163822174, -0.9772098064422607, -0.05427835136651993, 0.2052188217639923], [0.18291960656642914, 0.4031620919704437, 0.47186020016670227, -0.9638858437538147, -0.10447809845209122, 0.24496611952781677], [0.18636679649353027, 0.42181938886642456, 0.47574153542518616, -0.9514637589454651, -0.082029327750206, 0.2966274619102478], [0.19490815699100494, 0.4597199857234955, 0.455056756734848, -0.9584096074104309, 0.04120559245347977, 0.282405823469162], [0.18648266792297363, 0.41978219151496887, 0.4648714065551758, -0.9470369219779968, -0.04546830803155899, 0.3178894519805908], [0.19234304130077362, 0.4232957363128662, 0.46861138939857483, -0.9165477752685547, -0.053064942359924316, 0.396388977766037]], "Control Inputs 0": [[4.9042005743571035, 9.879735918715127, 0.6597403708203523, -2.9919506282279933, 2.9472541038702174], [4.908862368863307, 9.695331857641506, 0.38489412926206074, -2.9410178115239316, 2.943513939599728], [4.881010875064062, 9.600971482387536, 0.007501078576494406, -2.9395309054664427, 2.920169390955822], [4.242577014162093, 9.52675088932174, 0.1889996869787303, -2.898570628932262, 1.889828179386642], [1.2691554244622516, 9.790635204821061, 0.014435022216690073, -2.9200145604773016, 0.40805565060176807], [0.7525675252771027, 9.78608605075275, 0.00663622361277771, -1.706998960135014, -0.5439290121891363], [0.11849011939212417, 9.792657051073647, 0.004670590121723879, -1.095824566533377, 0.45294012578317], [0.45125947150787304, 0.08643363040658691, 0.32462114598944, -0.37576547872241806, 1.8445799181433538], [0.08101744985172843, 0.11120601550604547, 0.12743855598079104, -0.0020046415327414913, 0.36550269710313676], [0.47550473895698264, -0.3806104696875199, 0.2214111451996869, 0.6333428962220391, 0.31029413802972394], [-1.3087092933708053, 9.79270115974779, 0.0840721053832, 0.1253612521501264, -0.06153885723774444], [0.04903254199050355, -1.0830709085641494, 0.005581720179349096, -0.39877314988582047, 1.5837420924248828], [0.3326482000049005, -2.8927860298700816, 0.008522326194509846, -0.24419976779010266, 1.3544030602537305], [-0.8515767178507998, -2.9658645659134866, 0.14153609066396308, -0.17249321472674017, 2.170445664965574], [0.7590267674795701, -8.707205611827236, 0.23601025028087383, 0.27883624527316364, 1.4241344453965645], [1.1616926225126827, -4.09505973734967, 0.006878417459459789, 0.6723582449819112, -0.25297617500831215], [-2.431169161308001, 9.795975930771284, 0.12823547819755368, 0.09647934667143199, 0.39669493740066386], [-0.3296310648158718, -6.394083110054691, 0.12566876483139547, -0.3340887728376991, 1.427074065707858], [2.5337117626425414, -6.0215811844796, 0.18974159319246067, 1.1101857495906113, 0.2276907357413691], [-4.898543055817096, -6.054303860061653, 0.2174135246336752, -2.755566332805507, -1.576323361466]], "Final Predicted Pose 0": [0.19234304130077362, 0.4232957363128662, 0.46861138939857483, -0.9165477752685547, -0.053064942359924316, 0.396388977766037], "Predicted Translation Error 0": "0.44288769748562556cm", "Predicted Rotation Error 0": "tensor([0.9855], grad_fn=<DivBackward0>)"}