{"num_updates": "1421", "penalty": "tensor(593.0836, dtype=torch.float64, grad_fn=<AddBackward0>)", "Starting Pose": [-0.3408721089363098, 0.09913362562656403, -0.2641664743423462, -0.32711130380630493, 0.8136994242668152, 0.4374617338180542, 0.19879302382469177], "Starting Soft Arm States": [34.79999923706055, -39.79999923706055, 10.0, 12.532418251037598, 3.914828062057495, 35.39784622192383], "Number of Trajectories": 1, "Final Desired Pose": [0.06440899521112442, 0.17705078423023224, -0.2977691888809204, -0.8864974975585938, -0.42398780584335327, -0.1853550225496292], "Predicted Trajectory 0": [[0.1418410422184011, 0.37011803006447186, 0.4696626973435145, -0.706959068775177, -0.7062692642211914, 0.03731818124651909], [0.16761495172977448, 0.3962089419364929, 0.378013014793396, -0.6398406624794006, -0.7166035771369934, -0.2776387631893158], [0.19850093126296997, 0.3778521418571472, 0.3116499185562134, -0.5293200016021729, -0.7050327062606812, -0.4719630479812622], [0.2348168045282364, 0.40437397360801697, 0.2515247166156769, -0.4625357687473297, -0.6154552698135376, -0.6381815075874329], [0.2778250575065613, 0.4337228834629059, 0.1939895898103714, -0.37036997079849243, -0.49541759490966797, -0.785740077495575], [0.32420703768730164, 0.4701369106769562, 0.16294251382350922, -0.2895975112915039, -0.3740122318267822, -0.8810494542121887], [0.3714767098426819, 0.47438549995422363, 0.14684581756591797, -0.25541290640830994, -0.318203866481781, -0.9129679799079895], [0.4029066264629364, 0.5144080519676208, 0.13121376931667328, -0.22975994646549225, -0.21282266080379486, -0.9496930241584778], [0.43102532625198364, 0.46918928623199463, 0.14472146332263947, -0.29130062460899353, -0.26848676800727844, -0.918182373046875], [0.4603722095489502, 0.5423799753189087, 0.12751132249832153, -0.2364756464958191, -0.021741459146142006, -0.9713941216468811], [0.4629640281200409, 0.5184447169303894, 0.15533624589443207, -0.37884098291397095, -0.13855434954166412, -0.9150313138961792], [0.5105493068695068, 0.5109670758247375, 0.1482507437467575, -0.18659450113773346, -0.17921145260334015, -0.9659532904624939], [0.5181641578674316, 0.4946163296699524, 0.18613974750041962, -0.3132175803184509, -0.2904728055000305, -0.9041682481765747], [0.5569396018981934, 0.4564741849899292, 0.1989491879940033, -0.10197720676660538, -0.41765910387039185, -0.9028629660606384], [0.5456963777542114, 0.47342270612716675, 0.23873476684093475, -0.2995607852935791, -0.5079064965248108, -0.8076474070549011], [0.5867040157318115, 0.4535177946090698, 0.2677854001522064, -0.19794903695583344, -0.6632378101348877, -0.7217560410499573], [0.6131859421730042, 0.4766412079334259, 0.31674742698669434, -0.2626173198223114, -0.727672815322876, -0.6336595416069031], [0.6168885827064514, 0.4870692193508148, 0.33790722489356995, -0.2926855981349945, -0.7722724080085754, -0.5638532638549805], [0.6189639568328857, 0.548079788684845, 0.367270290851593, -0.48990997672080994, -0.7277135252952576, -0.48002204298973083], [0.6214317679405212, 0.5652540326118469, 0.3565608859062195, -0.5224970579147339, -0.6936796307563782, -0.4957875907421112], [0.6215939521789551, 0.6417641043663025, 0.38407936692237854, -0.7161312103271484, -0.5684247612953186, -0.40503013134002686]], "Control Inputs 0": [[-4.967140228227839, -9.714526486267694, -5.955449300035524e-06, -2.924230634420217, -2.9727054903465304], [-4.901481379989244, -9.710111800323803, 0.00043168366247518623, -0.9030889654840921, 0.1746208953149777], [-4.937850292189965, -9.699759915472182, 0.003019234894905377, -1.5900604271734076, -0.4497182590500506], [-4.94182404784105, -9.361701071413464, 5.225202396985369e-05, -0.07239098114034181, -0.11134589081703661], [-4.96964395053912, -1.1290798320737032, 0.0036588573202822397, 2.686036537503254, -0.04175079130800663], [-4.970903005361926, 0.6072664704279127, 0.003102532480360602, -2.3158497869990455, 0.0032164925983972914], [-0.09564261565758336, 6.399939432922306, 0.0018476053037866748, 3.0001339232630837, 0.12625022646676376], [-4.866097380528425, -9.304492866129669, 0.0015183863807031854, 2.888819893182591, 0.7485486733754856], [2.41554716941578, -6.16554057168042, 0.004313984671205029, 2.8288514330885066, 2.9559384676956713], [-4.8917702647720835, 4.169970573839937, 0.003797183643955611, 2.839461083445461, 2.9106733943138288], [2.7317769016217133, 9.574031811623456, 7.411695032928114e-05, 2.864893260430807, 2.942386453201432], [-4.795252254685636, 9.910052883366927, 0.009106286714349713, 2.892181249664131, 2.929044053881496], [2.529249750809945, 9.552350610092954, 0.005240129186447905, -0.32757446755428843, 2.9247025873789205], [-4.791727730503512, 9.515019174126177, 0.018660060548322557, -0.319761236809863, 2.934457204790573], [-4.995869011635712, 9.374887108501962, 0.045194171704602784, 0.8929129617889311, 2.9767136207815312], [-4.786640969177697, 9.672320243128759, 0.06620262024028142, -0.1855593923431158, 2.845582517116773], [2.171607754013344, 9.989744144152713, 0.10261770742264265, -0.6360056688970719, 2.8783311321982428], [-4.944906939564022, 9.853320783535445, 0.14087581503250962, -2.8189963840832903, 2.9544096362025503], [4.495039098783941, 9.855077977743175, 0.10482393796399425, -0.5071973794020352, 2.9523717903868487], [-4.977395995833896, 9.898347394950584, 0.058802440138586216, -2.821265702212432, 2.8195516033551]], "Final Predicted Pose 0": [0.6215939521789551, 0.6417641043663025, 0.38407936692237854, -0.7161312103271484, -0.5684247612953186, -0.40503013134002686], "Predicted Translation Error 0": "1.3363716803336954cm", "Predicted Rotation Error 0": "tensor([0.9509], grad_fn=<DivBackward0>)"}