{"num_updates": "4091", "penalty": "tensor(0., dtype=torch.float64, grad_fn=<AddBackward0>)", "Starting Pose": [0.16755126416683197, 0.12764568626880646, -0.29099786281585693, 0.20105165243148804, 0.5200039744377136, -0.7186347842216492, 0.4156177043914795], "Starting Soft Arm States": [-37.599998474121094, -57.0, 10.0, 10.57176685333252, 26.157615661621094, 35.40446853637695], "Number of Trajectories": 1, "Final Desired Pose": [-0.40207168459892273, 0.17059433460235596, -0.23827926814556122, -0.8027567863464355, -0.4352896809577942, 0.4075590968132019], "Predicted Trajectory 0": [[0.759935711327779, 0.46019771276964433, 0.40078066426569375, -0.5736802816390991, 0.8064500689506531, 0.1432802975177765], [0.7712683081626892, 0.46699047088623047, 0.33667582273483276, -0.6860215663909912, 0.7265321016311646, -0.03905901312828064], [0.748764157295227, 0.454475462436676, 0.32182663679122925, -0.7735113501548767, 0.6318185329437256, 0.04985477402806282], [0.702126145362854, 0.46097999811172485, 0.28157755732536316, -0.7767168879508972, 0.6211574673652649, 0.10428012162446976], [0.6393700838088989, 0.4602653682231903, 0.2757548391819, -0.7531939148902893, 0.5884722471237183, 0.2939375042915344], [0.56809002161026, 0.42745962738990784, 0.28395554423332214, -0.713361918926239, 0.4137134850025177, 0.5656464695930481], [0.5051814317703247, 0.44153133034706116, 0.29679393768310547, -0.5994751453399658, 0.33845189213752747, 0.7253137230873108], [0.44231128692626953, 0.4198600947856903, 0.3178551197052002, -0.5018109083175659, 0.14974379539489746, 0.851917028427124], [0.385822594165802, 0.3947291076183319, 0.3523295223712921, -0.319715678691864, 0.04180052876472473, 0.9465909600257874], [0.3251681625843048, 0.3762071430683136, 0.4140331447124481, -0.203213170170784, 0.11863718926906586, 0.9719205498695374], [0.27090466022491455, 0.390041708946228, 0.4368250370025635, -0.2703073024749756, 0.22428250312805176, 0.9362859129905701], [0.22414447367191315, 0.45570918917655945, 0.47453051805496216, -0.3516681492328644, 0.3481297194957733, 0.8689851760864258], [0.184522807598114, 0.5027809143066406, 0.5191234350204468, -0.44079458713531494, 0.37742263078689575, 0.8144029378890991], [0.15066435933113098, 0.5009633898735046, 0.5461959838867188, -0.5041773915290833, 0.3539605438709259, 0.7877291440963745], [0.12243442237377167, 0.5686992406845093, 0.5859864354133606, -0.5254945755004883, 0.4628414809703827, 0.7138859629631042], [0.11395268887281418, 0.481678307056427, 0.6056607365608215, -0.6196959018707275, 0.18699756264686584, 0.7622394561767578], [0.1139533594250679, 0.44558024406433105, 0.5558120012283325, -0.7459025979042053, -0.013558229431509972, 0.6659170389175415], [0.10049139708280563, 0.5172185301780701, 0.5744630098342896, -0.7540881633758545, 0.006887597497552633, 0.6567370295524597], [0.11544112861156464, 0.4888991713523865, 0.5042440891265869, -0.8824775815010071, -0.1960459053516388, 0.4275502562522888], [0.10449767112731934, 0.4843915104866028, 0.5269593000411987, -0.8691094517707825, -0.25174421072006226, 0.42576250433921814], [0.10728537291288376, 0.5408177375793457, 0.5530962944030762, -0.8427825570106506, -0.11697817593812943, 0.5253890752792358]], "Control Inputs 0": [[4.98919885830051, -8.859749947764612, 0.6981612066762253, 2.9368259313543437, 2.991420307259812], [4.974864004194638, -6.2812918657039845, 0.6967246672587775, 2.360328428961205, 2.9932914625102836], [4.975390595540292, -7.175022417241355, 0.6497987857588321, 2.7426239631374596, 2.9828808139899765], [4.993638208217892, 0.26705388251458295, 0.002643812717423499, 2.686525266928883, -2.178324906974941], [4.927358069875892, 5.536903154019599, 0.0034153729747636004, 2.7697015768932793, -2.065741079758928], [4.926224974115142, 5.832374048710223, 0.007032224544480225, 0.9607397330869056, -2.364233356244474], [4.854282935166529, 6.428765047537556, 0.6894226800118769, 1.4175013884523473, -2.321976582548441], [4.991080989995735, -9.54659386702769, 0.6920863114080682, 2.4118890255836343, 2.9763158527374625], [4.81428525117823, -9.403523060988732, 0.6881381164250275, -2.9267842993363415, 2.922598923829308], [4.779391865409016, 3.336180730146328, 0.6644981840208554, -2.8972272155872667, 2.9067944404740063], [4.985900953270537, 9.397129801533033, 0.6235566643322253, -2.8882235342374143, 2.9099629920336847], [4.6767566477664335, -2.5548420583592684, 0.006709323579769647, -2.8821624038505904, 2.762110964609934], [4.991327885598341, 5.6857603922397235, 0.010349895902645517, -2.6358296584082663, 2.74408084027424], [4.681373714808396, -1.594481778150751, 0.011671354955725917, -1.6191334773780481, -1.2844858302069446], [-4.803828932318119, -7.4279472173741885, 0.015023808392351465, -1.864618761613509, -2.948310261291031], [4.973574064125952, 9.83265885001553, 0.009980921647741245, -1.9688848554162102, -2.945262770542876], [-4.7526615518673445, 9.386378014179233, 0.3600625909848046, -1.1987808225416217, -2.976244191206042], [-0.28587657201449446, 9.817788266197887, 0.029819121543611854, 0.9060063307935557, -2.9533973584345556], [4.494375343214617, 9.862510885399338, 0.063620206675727, 1.742518978845447, 2.9306240372004275], [-4.754982553168983, 9.81391385563132, 0.003479100824572318, -2.466651213706131, 2.938809044740341]], "Final Predicted Pose 0": [0.10728537291288376, 0.5408177375793457, 0.5530962944030762, -0.8427825570106506, -0.11697817593812943, 0.5253890752792358], "Predicted Translation Error 0": "3.770641726374349cm", "Predicted Rotation Error 0": "tensor([0.9416], grad_fn=<DivBackward0>)"}