{"num_updates": "1186", "penalty": "tensor(32.3308, dtype=torch.float64, grad_fn=<AddBackward0>)", "Starting Pose": [0.17929470539093018, 0.08738204836845398, -0.19838596880435944, -0.24273079633712769, 0.2604772448539734, -0.901494026184082, 0.24605250358581543], "Starting Soft Arm States": [-39.5, 20.600000381469727, 10.0, 33.735267639160156, 23.41204261779785, 35.387908935546875], "Number of Trajectories": 1, "Final Desired Pose": [0.12083182483911514, 0.09385081380605698, -0.33521735668182373, -0.4783864915370941, -0.1988532692193985, 0.8553383946418762], "Predicted Trajectory 0": [[0.7742123138634022, 0.3329906416242438, 0.6385356188032704, -0.7610798478126526, 0.31717804074287415, 0.5658228993415833], [0.7585223317146301, 0.3224504292011261, 0.571144163608551, -0.722698450088501, 0.4197578430175781, 0.5490995645523071], [0.7177369594573975, 0.33973369002342224, 0.5459893941879272, -0.5828826427459717, 0.49773621559143066, 0.6422666311264038], [0.6800488829612732, 0.3306889832019806, 0.5111451745033264, -0.5225228071212769, 0.5262112021446228, 0.6708738207817078], [0.6448123455047607, 0.3159122169017792, 0.4802529513835907, -0.523784339427948, 0.549942672252655, 0.6505482792854309], [0.6120802760124207, 0.31895262002944946, 0.47950422763824463, -0.47197675704956055, 0.6002774238586426, 0.6456817984580994], [0.580233633518219, 0.2903922498226166, 0.46583646535873413, -0.5190520882606506, 0.5692399740219116, 0.6376132369041443], [0.5470718145370483, 0.32533755898475647, 0.4246090054512024, -0.5889087915420532, 0.6403806209564209, 0.49305081367492676], [0.5497192740440369, 0.280742883682251, 0.4120182693004608, -0.7391725778579712, 0.44375622272491455, 0.5066600441932678], [0.5782978534698486, 0.2707042396068573, 0.39663365483283997, -0.7962961196899414, 0.35257038474082947, 0.4915349781513214], [0.6074777245521545, 0.2743682265281677, 0.3796137869358063, -0.8672564625740051, 0.2472587525844574, 0.43212202191352844], [0.6380954384803772, 0.27732589840888977, 0.36221492290496826, -0.9188767075538635, 0.1731707751750946, 0.35451018810272217], [0.6471383571624756, 0.29817089438438416, 0.31339067220687866, -0.952965259552002, 0.2472534477710724, 0.17527951300144196], [0.6289981007575989, 0.2972121238708496, 0.3413972556591034, -0.9391950964927673, 0.16453112661838531, 0.3014000654220581], [0.620854914188385, 0.3208579421043396, 0.35776421427726746, -0.8747619986534119, 0.1288149505853653, 0.4671168029308319], [0.6148048043251038, 0.3310655653476715, 0.31652382016181946, -0.9371512532234192, 0.024069780483841896, 0.34809231758117676], [0.6232887506484985, 0.3294254541397095, 0.2889254689216614, -0.9615833163261414, -0.05174339935183525, 0.26959267258644104], [0.6355192065238953, 0.35302188992500305, 0.3075568974018097, -0.9463774561882019, -0.026340242475271225, 0.32198774814605713], [0.6395596265792847, 0.326229065656662, 0.31089165806770325, -0.9120572209358215, -0.17216308414936066, 0.3721711039543152], [0.6409474015235901, 0.41537871956825256, 0.34589049220085144, -0.8625876903533936, -0.0031400159932672977, 0.5058978199958801], [0.6463802456855774, 0.3588956892490387, 0.36345183849334717, -0.7314965128898621, -0.2805812656879425, 0.621439516544342]], "Control Inputs 0": [[4.931858249144641, 7.8005829614100755, 0.12602928945373526, 0.4173373702253209, 2.8786655864439306], [4.925065638242037, 6.211886273158143, 0.4057420700456829, -0.3045412150190465, 2.191701215967967], [4.925014947115898, -2.9524185730580106, 0.3232250665840986, -2.0807373465403143, 1.9641367586768732], [4.859337138625666, -7.145649318609889, 0.254181184457691, 2.032610304377294, 2.2061711016861993], [2.2795905872804783, -9.470496233804235, 0.204574659965555, -2.9879896195974056, 0.11954289859415956], [3.358284631458689, -9.494268648438043, 0.43195794262146014, -2.963422003255355, 2.394224529441577], [3.0624005281863145, -9.811207111895769, 0.44108175894655033, -2.9664542203926874, -2.946583076744347], [-4.911079996315618, -9.80863902963422, 0.14589115328424346, -2.9530575030532473, -1.4843329731574417], [-4.788318472724024, -8.177893773296772, 0.49491434842222726, -2.928680842763345, -1.3837275263818278], [-4.730332222621849, -1.0419556636317502, 0.32447383058378965, -2.9288769684775575, -1.555396452001816], [-4.913681280408274, 1.3452022045783494, 0.4179454868170514, -2.962547423334595, 1.2825701577917377], [4.9112442554256415, -9.543273199140561, 0.018656236074037692, 2.938549722256745, 1.6789535255129637], [-4.9045609404479515, 3.169980438103927, 0.4264278781981468, 2.935333267252057, -2.9425189714039077], [4.896303493270862, 9.800515547828969, 0.249052857024421, -2.9264795757791764, -2.944447890434947], [-2.449522032618113, 2.543620575512623, 0.36231146545937076, -2.8331155571541347, 0.34084715935715115], [-0.040976708863274425, 2.048304007419537, 0.3941296285957755, 0.9715948215009482, 1.7661183829253888], [-4.534095747381692, 2.97612519950054, 0.17614473026034044, 1.298546220492529, -1.6914712186639245], [3.430246946857757, 9.78361119649546, 0.3902550808661767, 2.9062946535095078, 2.8743176812499938], [-4.91588947531781, 9.788721842064344, 0.1953201218554822, 2.9477500715832816, -2.8563863893591086], [4.907540225020368, 9.797618680851507, 0.18286433157884588, 2.9588430846445, -2.9420046865206033]], "Final Predicted Pose 0": [0.6463802456855774, 0.3588956892490387, 0.36345183849334717, -0.7314965128898621, -0.2805812656879425, 0.621439516544342], "Predicted Translation Error 0": "5.534929562287251cm", "Predicted Rotation Error 0": "tensor([0.9373], grad_fn=<DivBackward0>)"}