{"num_updates": "732", "penalty": "tensor(0., dtype=torch.float64, grad_fn=<AddBackward0>)", "Starting Pose": [-0.11294344067573547, 0.07300999760627747, -0.2930687963962555, -0.56661057472229, 0.7441525459289551, -0.2079533338546753, 0.2862602472305298], "Starting Soft Arm States": [2.700000047683716, -15.0, 10.0, 31.132104873657227, 13.58891773223877, 35.40446853637695], "Number of Trajectories": 1, "Final Desired Pose": [-0.3031117916107178, 0.11437983810901642, -0.26625099778175354, -0.8594204187393188, 0.06245817616581917, 0.5074401497840881], "Predicted Trajectory 0": [[0.4189358853000562, 0.28758425066836124, 0.395464125558507, -0.19401511549949646, -0.7242317795753479, 0.661699652671814], [0.3917149305343628, 0.2857895791530609, 0.4148074686527252, -0.3130578100681305, -0.7537305355072021, 0.5778278708457947], [0.3419645428657532, 0.31579598784446716, 0.43135085701942444, -0.4442945122718811, -0.7121739387512207, 0.5435169339179993], [0.29278209805488586, 0.34125006198883057, 0.44524356722831726, -0.5743926763534546, -0.6493139266967773, 0.498462051153183], [0.24703869223594666, 0.3746963441371918, 0.47582897543907166, -0.6702325940132141, -0.5365310311317444, 0.5127598643302917], [0.2154807299375534, 0.40573403239250183, 0.4877578616142273, -0.7869628071784973, -0.43472591042518616, 0.43783900141716003], [0.20524677634239197, 0.42050039768218994, 0.4799463450908661, -0.8689920902252197, -0.3793919086456299, 0.3176704943180084], [0.20034636557102203, 0.43570050597190857, 0.4713309109210968, -0.9245960712432861, -0.31180599331855774, 0.21885885298252106], [0.19680683314800262, 0.43607738614082336, 0.4659896194934845, -0.949126660823822, -0.2447752058506012, 0.1981002241373062], [0.191998690366745, 0.42400455474853516, 0.463847815990448, -0.9528765678405762, -0.2394021898508072, 0.1863139420747757], [0.1865212619304657, 0.41943359375, 0.46638059616088867, -0.9564422965049744, -0.22684691846370697, 0.18373532593250275], [0.18473099172115326, 0.42190903425216675, 0.46854087710380554, -0.9550014138221741, -0.22501595318317413, 0.1932361125946045], [0.18925535678863525, 0.44744712114334106, 0.46070557832717896, -0.9755985736846924, -0.12743166089057922, 0.17879793047904968], [0.18753303587436676, 0.42894622683525085, 0.4642423093318939, -0.9719997644424438, -0.14411573112010956, 0.1855994015932083], [0.18884602189064026, 0.43293052911758423, 0.4659061133861542, -0.9724183082580566, -0.10092703998088837, 0.2102770209312439], [0.19022297859191895, 0.424762099981308, 0.4614158868789673, -0.968739926815033, -0.08338847756385803, 0.23364342749118805], [0.18765273690223694, 0.40199506282806396, 0.4733293652534485, -0.948195219039917, -0.14224351942539215, 0.2840644419193268], [0.1872936487197876, 0.42235034704208374, 0.4825703799724579, -0.9307880401611328, -0.11718133091926575, 0.3462691009044647], [0.1947951316833496, 0.46579068899154663, 0.4456346929073334, -0.9673760533332825, 0.05706385523080826, 0.24683474004268646], [0.18532712757587433, 0.4149336516857147, 0.465650349855423, -0.9469135999679565, -0.05261416733264923, 0.31715354323387146], [0.19143597781658173, 0.42416051030158997, 0.4685230553150177, -0.9165814518928528, -0.05424700304865837, 0.3961511552333832]], "Control Inputs 0": [[4.901777538527666, 9.884373290131727, 0.0009011271050156798, -2.9928776657537197, 2.9478064005069466], [4.908145536703085, 9.665011316610723, 0.302762624448884, -2.9380967777593763, 2.9445369761159483], [4.868587970962908, 9.576344536700116, 0.007264865042487615, -2.940746199519521, 2.906479660007477], [4.831256043843322, 7.755165332559294, 0.26803460064839585, -2.9400891730660903, 1.6744128172832786], [1.385693130723051, 9.795032958845695, 0.05976514704596772, -2.511478185032038, 0.06783770303118786], [0.5122373180557513, 9.801156911793527, 0.007270628530459596, -1.791183766489229, -0.5449316595160472], [0.31870038755625263, 9.795668362178613, 0.0060543771337951005, -1.1948969262898537, 0.44235599030119666], [0.19823560993516764, -0.00937339014662264, 0.37531823081822646, -0.23808242099698163, 1.9448661131389935], [0.08741466997044878, 0.4574805657981411, 0.15782404597156596, -0.06835645890893272, 0.30865692189869565], [0.2912371281466122, 0.40623939983423085, 0.2547360049129618, 0.5952706592966899, 0.26801625973422993], [-0.9961030821345149, 9.803967945675364, 0.147651780324492, 0.11919882489753997, 0.10310778119057273], [0.019703849138953622, -0.5898882465984965, 0.0035933073592619826, -0.35607229467396895, 1.1765825015960854], [0.09802283175583248, -1.7003670346823458, 0.008407162235076053, -0.0639686275210023, 1.075157731344806], [-0.9703209790141134, -2.187700528818813, 0.1641480858855536, 0.128327617939211, 2.2340495621633547], [0.16252579885202412, -7.749906563013679, 0.24747617047826118, 0.8998725260549154, 1.2912369940684858], [0.9900900404765522, -2.932629276010319, 0.007088410878441186, 1.1989878146711055, -0.4966480918537419], [-1.7560313468843765, 9.784609006232142, 0.19006199218295927, -2.9618996041625056, 1.0329102579807383], [0.2320626929568963, -6.028277060033372, 0.07833125600012088, 0.07318562925928074, 1.2682730436250207], [2.0743129956010353, -4.3744858037893986, 0.24420885731052575, 2.0969104241756895, -0.22740813161446738], [-4.901131191898909, -4.044001562777135, 0.23517586702500945, -2.3911966766095665, -1.59164977198776]], "Final Predicted Pose 0": [0.19143597781658173, 0.42416051030158997, 0.4685230553150177, -0.9165814518928528, -0.05424700304865837, 0.3961511552333832], "Predicted Translation Error 0": "0.391899533306416cm", "Predicted Rotation Error 0": "tensor([0.9854], grad_fn=<DivBackward0>)"}