{"num_updates": "3435", "penalty": "tensor(0., dtype=torch.float64, grad_fn=<AddBackward0>)", "Starting Pose": [0.1691049039363861, 0.22522155940532684, -0.2240484058856964, -0.3273702561855316, -0.3039345443248749, -0.7891036868095398, -0.42162537574768066], "Starting Soft Arm States": [-40.599998474121094, 86.0999984741211, 15.600000381469727, 18.059995651245117, 35.066654205322266, 13.678339004516602], "Number of Trajectories": 1, "Final Desired Pose": [-0.27445000410079956, 0.1273813396692276, -0.2526431977748871, -0.7648117542266846, -0.48429951071739197, 0.42487281560897827], "Predicted Trajectory 0": [[0.7618244845629994, 0.7684744031887002, 0.5726545391998317, -0.4301215708255768, -0.4664139747619629, 0.7729511260986328], [0.7285802960395813, 0.7269036173820496, 0.5100412964820862, -0.43134254217147827, -0.5394277572631836, 0.7231606245040894], [0.6736156940460205, 0.686238169670105, 0.48611554503440857, -0.37126556038856506, -0.5206925272941589, 0.7687919735908508], [0.6136794686317444, 0.6194821000099182, 0.45482200384140015, -0.30918529629707336, -0.5479335188865662, 0.7772859334945679], [0.5535069108009338, 0.5917072892189026, 0.44430315494537354, -0.24103610217571259, -0.5569289326667786, 0.7948155403137207], [0.4933091700077057, 0.5706528425216675, 0.4346730709075928, -0.1968981772661209, -0.6038516163825989, 0.772395133972168], [0.43715620040893555, 0.5492129325866699, 0.4495575428009033, -0.1301725059747696, -0.6422321200370789, 0.7553761005401611], [0.3865105211734772, 0.5422632694244385, 0.443765252828598, -0.1407264918088913, -0.6738887429237366, 0.7253068685531616], [0.3406367003917694, 0.4994078278541565, 0.43607330322265625, -0.1477852612733841, -0.7192480564117432, 0.6788532733917236], [0.30360299348831177, 0.44404083490371704, 0.4685400426387787, -0.10194944590330124, -0.6845489144325256, 0.7218026518821716], [0.26897796988487244, 0.450385183095932, 0.46869367361068726, -0.18057502806186676, -0.6428852677345276, 0.7443730235099792], [0.2306235283613205, 0.46558263897895813, 0.47640955448150635, -0.29399240016937256, -0.6350356936454773, 0.7143515944480896], [0.20840345323085785, 0.4700726270675659, 0.4855496287345886, -0.41217240691185, -0.6394524574279785, 0.649010419845581], [0.20546872913837433, 0.45771804451942444, 0.4783638119697571, -0.4895894527435303, -0.6505204439163208, 0.5806249380111694], [0.21063174307346344, 0.4610796272754669, 0.4775373339653015, -0.54439377784729, -0.6139868497848511, 0.5715379118919373], [0.23340652883052826, 0.44437018036842346, 0.48684149980545044, -0.48462212085723877, -0.5927494764328003, 0.643264651298523], [0.22979344427585602, 0.440095990896225, 0.5084041953086853, -0.4478040635585785, -0.5540184378623962, 0.7018084526062012], [0.2219616174697876, 0.4523848295211792, 0.5219011306762695, -0.5074268579483032, -0.5084667801856995, 0.6956864595413208], [0.22437429428100586, 0.46924906969070435, 0.5036838054656982, -0.599263072013855, -0.4594961702823639, 0.655551016330719], [0.22295038402080536, 0.4450385868549347, 0.4997744858264923, -0.6261836886405945, -0.505922794342041, 0.5932420492172241], [0.22534678876399994, 0.4529278576374054, 0.49803778529167175, -0.6676613688468933, -0.5119389295578003, 0.54050612449646]], "Control Inputs 0": [[4.945384430697052, 1.1989223434797385, 0.07274829679858355, 2.860612763470174, -2.9929374508090216], [4.944093297895986, -4.522314236988309, 0.2113506879538371, 2.8972574525124637, -2.9753973775364027], [4.903995424387789, -6.170423819152204, 0.0051762690866318985, 2.2020269644240136, -2.978339953106426], [4.9877043646287, -1.0606923131316641, 0.0010737290386028757, 1.5880733247182137, -2.9866820001609558], [4.864216010424981, 3.2490613302096882, 0.0010927234050818674, 2.971303896090917, -2.957891131845923], [4.987187315142084, 4.092632570425966, 0.0010196755217347752, 0.08265431465406126, -2.9016416370296554], [4.842738478463051, 4.089719013679909, 0.001071138244632921, 0.030364201707431704, -2.917264417384835], [4.820634165635571, -7.783372380345558, 0.02762786235617183, 1.4445915245580183, -0.6339181300259731], [4.809126087269675, -7.142203477458301, 0.0020913933345072374, -2.9166748609526025, -1.1896129649729204], [4.906924775112422, 4.262652435223838, 0.002036381249993712, -2.0015326787220014, -1.939812885845063], [4.9071615324898, 7.747038607380134, 0.00041340785436913205, -0.6454369661330102, -2.320229550959203], [1.0395985724608767, -0.189730778399257, 0.0020636832027330536, -2.9935999754376286, -0.001526318999003351], [0.43985516085901555, 2.2195696442303507, 0.0035550740454263216, -0.5149723275340579, 0.3378660452570883], [-1.528296095409956, -1.2131396397890857, 0.0038712126264308514, 2.9097733622982265, 2.9354509094905943], [-4.052805570242488, -5.227411957334442, 0.001501882559423191, 2.779737703627041, 2.9377877967494994], [4.895526428125464, 0.5133138023781783, 0.0012938066022758724, 0.26698079999670643, -1.0007471889908517], [-1.689145002310375, 7.044470877133968, 0.05347397044243334, -1.2586063489566877, -1.7203699434429638], [0.03266467554336927, -3.1704686115548553, 0.0021695243530110344, -2.4468684054108887, 0.12719564098157843], [1.2408226631477826, 4.147041216043835, 0.0017496798878955941, 1.2595752366292734, -2.9330047653379094], [-2.948364906732173, 0.8702912628446207, 0.0023554910478286693, -2.9840742092310397, -2.94453788120717]], "Final Predicted Pose 0": [0.22534678876399994, 0.4529278576374054, 0.49803778529167175, -0.6676613688468933, -0.5119389295578003, 0.54050612449646], "Predicted Translation Error 0": "0.3083516447511952cm", "Predicted Rotation Error 0": "tensor([0.9882], grad_fn=<DivBackward0>)"}