{"num_updates": "1173", "penalty": "tensor(0., dtype=torch.float64, grad_fn=<AddBackward0>)", "Starting Pose": [-0.36990341544151306, 0.09550941735506058, -0.19604936242103577, -0.2824452519416809, 0.5251760482788086, -0.7717226147651672, 0.22104057669639587], "Starting Soft Arm States": [35.900001525878906, -86.80000305175781, 10.0, 15.17201042175293, 30.708181381225586, 35.407779693603516], "Number of Trajectories": 1, "Final Desired Pose": [0.07064003497362137, 0.16327862441539764, -0.30991584062576294, -0.8482075333595276, 0.49351680278778076, -0.19231532514095306], "Predicted Trajectory 0": [[0.10654743311733744, 0.35866787445310194, 0.644534197607526, -0.7427314519882202, 0.044497065246105194, 0.6681092381477356], [0.1233673244714737, 0.3949391841888428, 0.581265926361084, -0.8042975664138794, 0.08928028494119644, 0.5874814391136169], [0.15187783539295197, 0.4472544193267822, 0.5244259238243103, -0.8135246634483337, 0.16864468157291412, 0.5565398931503296], [0.1862032264471054, 0.4945853054523468, 0.4706103205680847, -0.8016580939292908, 0.2531863749027252, 0.5415171980857849], [0.2279168665409088, 0.5449185371398926, 0.4177130162715912, -0.7890472412109375, 0.34257692098617554, 0.5099465250968933], [0.2767210304737091, 0.5875682234764099, 0.37789416313171387, -0.750317394733429, 0.4259646236896515, 0.505547285079956], [0.3282853364944458, 0.6185236573219299, 0.3579825460910797, -0.6852004528045654, 0.4762343168258667, 0.5510909557342529], [0.3761045038700104, 0.625765860080719, 0.34202608466148376, -0.6831789612770081, 0.4277053475379944, 0.5918906927108765], [0.4198055863380432, 0.6193063259124756, 0.34025922417640686, -0.697869598865509, 0.3079659342765808, 0.6466336250305176], [0.46261510252952576, 0.6128218173980713, 0.3490116000175476, -0.7139066457748413, 0.18096263706684113, 0.6764538288116455], [0.5015746355056763, 0.6018500924110413, 0.34488868713378906, -0.7944462895393372, 0.044779807329177856, 0.605681300163269], [0.5424184203147888, 0.5973626971244812, 0.34874674677848816, -0.8696918487548828, -0.05961108207702637, 0.48998215794563293], [0.5885251760482788, 0.5982164740562439, 0.35413414239883423, -0.9399696588516235, -0.0477420799434185, 0.33790186047554016], [0.6235948801040649, 0.5952669382095337, 0.35247042775154114, -0.9853094220161438, 0.0015702751697972417, 0.17077159881591797], [0.6414946913719177, 0.5813527703285217, 0.3552413582801819, -0.9951058030128479, 0.005182155407965183, 0.09868016839027405], [0.6526315808296204, 0.582079291343689, 0.36094361543655396, -0.9955704212188721, 0.06616799533367157, 0.06679275631904602], [0.6364243626594543, 0.5658385753631592, 0.34866487979888916, -0.9929166436195374, 0.09203740954399109, 0.07513679563999176], [0.6332886219024658, 0.5631224513053894, 0.3497183322906494, -0.9887297749519348, 0.10893737524747849, 0.10269380360841751], [0.6593248248100281, 0.6000557541847229, 0.3471548557281494, -0.9508315920829773, 0.2983114421367645, -0.08324437588453293], [0.6479935050010681, 0.5566075444221497, 0.342764675617218, -0.9664602875709534, 0.24416178464889526, -0.07962087541818619], [0.6528007388114929, 0.5801600813865662, 0.34170112013816833, -0.928112804889679, 0.3610233962535858, -0.09093285351991653]], "Control Inputs 0": [[-4.952834985101027, 9.827127383852801, 0.002153978283018395, -1.1765620594188575, 2.9799619405730686], [-4.969950582931596, 9.848940911405734, 0.0018247498901812979, 0.5208367384356922, 2.957949485630703], [-4.940993789626981, 9.623664799170658, 0.0009277686240766454, 0.32459112272305957, 2.9099583418677017], [-4.957970606522413, 9.819165172106928, 0.006281750489536879, 0.8857097483729812, 2.8609599006118067], [-4.9062432615149065, 9.815582832490762, 0.005498091152517579, 2.9767697229103414, 2.0821422322975094], [-4.954740114167449, 9.80825840833046, 0.0017772656066999584, 1.6998775153500336, -0.6710150080064547], [-4.93263320621522, 9.818527384521353, 0.002871828710237734, 1.5125284925346847, -2.939562572488912], [-4.9219468971634095, 9.749081257399894, 0.005311761668173777, 2.520975150734852, -2.59210096858714], [-4.819778466519503, 9.641706439021249, 0.012495964119693564, -1.313453346852261, -2.8768728856272423], [-4.825726678806584, 9.810783331893536, 0.011678540212912062, -1.5566768263684907, -2.359433267121843], [-4.805423205508072, 9.803320621079163, 0.011248953004049767, -1.5309594081426012, -0.6572204694709578], [-4.900907554577708, -0.5106100575854207, 0.0003616086286746616, -2.866020435232634, 0.8334367379817067], [-2.3974756643128026, -2.5793658851193033, 0.005473067491879117, -1.1257120167051389, 0.4412363734145641], [-1.23727714751453, 0.07567349816848612, 0.016605592931384895, -0.2610612907557259, 0.6688133503833038], [-1.0448828546348197, -0.9060544543462239, 0.016534733050936175, 0.8625237231695526, 0.718513608997529], [4.899714111510722, -3.42428303596009, 0.004477013336980634, -0.3275986178004304, 0.4108414577305526], [-4.0147734346702215, 9.787070747099822, 0.017831578581672322, -2.926143674925082, 1.257887434460006], [0.932653416364114, -6.980605389105816, 0.006721645361930257, 0.373502347898357, 2.14434893346999], [0.7466491872088463, 0.12246445654932359, 0.028244684227205597, 0.8888231623274638, 2.375328758822927], [-1.3171293876055605, -9.626709673802097, 0.016339542489560772, -2.9275014498400638, -1.429613575774914]], "Final Predicted Pose 0": [0.6528007388114929, 0.5801600813865662, 0.34170112013816833, -0.928112804889679, 0.3610233962535858, -0.09093285351991653], "Predicted Translation Error 0": "0.997108172160501cm", "Predicted Rotation Error 0": "tensor([0.9829], grad_fn=<DivBackward0>)"}