{"num_updates": "4299", "penalty": "tensor(0., dtype=torch.float64, grad_fn=<AddBackward0>)", "Starting Pose": [-0.026372287422418594, 0.06597724556922913, -0.33062130212783813, -0.5676891803741455, 0.6972618103027344, 0.3120002746582031, 0.3069379925727844], "Starting Soft Arm States": [-6.0, -26.100000381469727, 10.0, 29.737791061401367, 3.5968844890594482, 35.40115737915039], "Number of Trajectories": 1, "Final Desired Pose": [-0.22368526458740234, 0.19082970917224884, -0.26782476902008057, -0.20359177887439728, 0.9456460475921631, 0.2535822093486786], "Predicted Trajectory 0": [[0.524181181160345, 0.26536529988853275, 0.2990586434303033, -0.1670362502336502, -0.9831852912902832, 0.0737939104437828], [0.5471018552780151, 0.22739729285240173, 0.3009137809276581, 0.054338108748197556, -0.9895759224891663, -0.13336686789989471], [0.5253217816352844, 0.19887085258960724, 0.31325632333755493, 0.06171595677733421, -0.954430341720581, -0.2919826805591583], [0.5145788192749023, 0.16376613080501556, 0.3081488609313965, 0.13117662072181702, -0.9202330708503723, -0.36873283982276917], [0.4941389858722687, 0.16301150619983673, 0.28873875737190247, 0.07719480991363525, -0.8101726174354553, -0.5810861587524414], [0.46810999512672424, 0.1630973517894745, 0.27496224641799927, 0.08448713272809982, -0.7385720014572144, -0.6688597798347473], [0.394260972738266, 0.1892106831073761, 0.3117011785507202, -0.2000102698802948, -0.6461195945739746, -0.7365632057189941], [0.3428698778152466, 0.1968214213848114, 0.34037071466445923, -0.3254168927669525, -0.5463663339614868, -0.7717432975769043], [0.29424938559532166, 0.198031947016716, 0.3797873854637146, -0.42056503891944885, -0.41512858867645264, -0.8067176342010498], [0.27074670791625977, 0.19574199616909027, 0.37950190901756287, -0.45363283157348633, -0.15172350406646729, -0.8781783580780029], [0.24033989012241364, 0.2491278201341629, 0.37315797805786133, -0.6142969727516174, 0.1570107787847519, -0.7732961177825928], [0.24324877560138702, 0.2245374619960785, 0.37060052156448364, -0.6226178407669067, 0.17373713850975037, -0.7629956603050232], [0.2283516824245453, 0.2130943238735199, 0.3785274028778076, -0.6033456921577454, 0.26651501655578613, -0.7516273856163025], [0.19201335310935974, 0.26730117201805115, 0.4018233120441437, -0.6709985136985779, 0.47270628809928894, -0.5712352395057678], [0.1803351491689682, 0.2697226405143738, 0.41338881850242615, -0.7377672791481018, 0.5142135620117188, -0.43736013770103455], [0.2019520401954651, 0.3120022118091583, 0.3560140132904053, -0.5884538888931274, 0.624960720539093, -0.5129777193069458], [0.1704319268465042, 0.35117945075035095, 0.40605008602142334, -0.7345408201217651, 0.6551939845085144, -0.17655211687088013], [0.20498977601528168, 0.4124545454978943, 0.356463223695755, -0.5550717115402222, 0.7443445920944214, -0.37127700448036194], [0.16803111135959625, 0.3830138146877289, 0.440698504447937, -0.7442113757133484, 0.6653328537940979, -0.05900616571307182], [0.1947164237499237, 0.49985232949256897, 0.38779330253601074, -0.5352901220321655, 0.8190160393714905, -0.20658455789089203], [0.1690962016582489, 0.458401083946228, 0.4584757685661316, -0.7551678419113159, 0.6467834711074829, 0.1067354753613472]], "Control Inputs 0": [[4.996289652298048, -9.551086432349361, 0.13910054840626904, -1.66584622514622, -1.735692687487699], [0.5726671040751405, -9.483131543502607, 0.6941920293315343, 0.44534772015435786, 0.9963334831801811], [4.95238457703373, -9.818850243579117, 0.14499269441003268, -0.8194387740231757, -1.1576015800522657], [1.826789419397489, -9.785197579072271, 0.6269696837005841, -0.6464314196019236, -0.7126756661939981], [4.9264283349858875, 7.3858684386175, 0.40844490752798573, 2.98466595894521, 0.11924385715095687], [4.922613380469297, 6.782302031420887, 0.21694909134387996, 0.2758494859428926, 0.1890045741099904], [4.980079226525039, 7.100351798767132, 0.2781735327627684, 0.5532918069991277, -0.8030528940378625], [4.913682200409825, -9.809984716735043, 0.32610790514298904, 2.206366137538236, 1.6521066864738438], [4.956946778386225, -9.896358320578079, 0.32139466901160957, -1.2093341223242455, -1.6364384716351699], [-1.9240455935560674, 6.388274476801119, 0.6974776498187973, -0.32536123166340936, 0.0062720093541850375], [-2.41896214176758, 9.239049081911826, 0.6499492150807034, 0.5824907068197747, 1.731777980257493], [4.974392278538451, -9.618816158335884, 0.264977779857694, -1.2016643619309748, -1.662180180843219], [4.932193406943346, -5.831754140739115, 0.220909574801672, 0.6423697215577775, 1.4547987130025035], [-3.807278702588395, -9.286036366316877, 0.3743801687813391, 0.9159361964442918, 2.3986271635120806], [4.9967923889961074, -9.046440432627776, 0.31216477054733927, 2.2608605418401364, 1.3977096983466542], [-4.923491709232491, -7.06831757385914, 0.017339282011329046, -0.017889600100667202, 2.521186222745124], [4.955926395835359, 9.855372432946233, 0.001941265085492034, -0.023464013582374044, 2.1817162364876266], [-4.9819138401214635, -9.703960558859242, 0.17085180414145523, -0.07531977987987215, 1.7867307802018502], [4.942430032592442, 9.178490256566906, 0.0016647766893889122, -0.006638805431320449, -0.507965701593236], [-4.9139790535014525, 9.404776099801943, 0.09075960097154083, -2.941170399711072, 1.9119940898064414]], "Final Predicted Pose 0": [0.1690962016582489, 0.458401083946228, 0.4584757685661316, -0.7551678419113159, 0.6467834711074829, 0.1067354753613472], "Predicted Translation Error 0": "11.421825524364952cm", "Predicted Rotation Error 0": "tensor([0.7924], grad_fn=<DivBackward0>)"}