{"num_updates": "1553", "penalty": "tensor(34.9268, dtype=torch.float64, grad_fn=<AddBackward0>)", "Starting Pose": [-0.32817620038986206, 0.0987478643655777, -0.27135807275772095, -0.35598281025886536, 0.7598748803138733, 0.498855322599411, 0.21681757271289825], "Starting Soft Arm States": [34.79999923706055, -39.79999923706055, 10.0, 12.532418251037598, 3.914828062057495, 35.39784622192383], "Number of Trajectories": 1, "Final Desired Pose": [-0.325888067483902, 0.07222741842269897, -0.23017922043800354, -0.43015190958976746, -0.4572282135486603, 0.7784032821655273], "Predicted Trajectory 0": [[0.1572755674727458, 0.3688992738186286, 0.45120029386337773, -0.6525328159332275, -0.7573259472846985, -0.025659382343292236], [0.12828129529953003, 0.30832600593566895, 0.4962526857852936, -0.6208049058914185, -0.774944543838501, -0.11858375370502472], [0.11514782905578613, 0.31280139088630676, 0.5492908358573914, -0.646730363368988, -0.7611052989959717, -0.049583349376916885], [0.12662729620933533, 0.2925305664539337, 0.5420814752578735, -0.5891425013542175, -0.8030070662498474, -0.08994901180267334], [0.13271279633045197, 0.2900181710720062, 0.5466307997703552, -0.5672314167022705, -0.8230442404747009, -0.029098255559802055], [0.13936667144298553, 0.2909463346004486, 0.5467585921287537, -0.5328435897827148, -0.8458011150360107, -0.0264219269156456], [0.14783503115177155, 0.2920266389846802, 0.5555707812309265, -0.548471212387085, -0.8361404538154602, -0.006956321652978659], [0.1537439227104187, 0.3032439053058624, 0.5468803644180298, -0.6060030460357666, -0.7954228520393372, -0.007924816571176052], [0.15548044443130493, 0.2996508777141571, 0.5520231127738953, -0.6411465406417847, -0.7658357620239258, 0.0492628812789917], [0.15874622762203217, 0.29472386837005615, 0.5514388680458069, -0.6045913696289062, -0.7957680225372314, 0.034966159611940384], [0.16449537873268127, 0.29218971729278564, 0.5401641726493835, -0.6099648475646973, -0.7920287251472473, 0.02516448125243187], [0.15229514241218567, 0.277326375246048, 0.5490124225616455, -0.6099532842636108, -0.7864781022071838, 0.09700088948011398], [0.14404143393039703, 0.26798495650291443, 0.5749698877334595, -0.5728839039802551, -0.8121569156646729, 0.11047784239053726], [0.15323834121227264, 0.29970821738243103, 0.5297665596008301, -0.6700459718704224, -0.7388059496879578, 0.0721394494175911], [0.14574122428894043, 0.303391695022583, 0.516762912273407, -0.7167869806289673, -0.6749969124794006, 0.17491568624973297], [0.14707385003566742, 0.30497586727142334, 0.52951979637146, -0.6931034326553345, -0.6825626492500305, 0.2317669838666916], [0.14772829413414001, 0.3185398578643799, 0.5482322573661804, -0.7073664665222168, -0.6542668342590332, 0.2675212025642395], [0.14804865419864655, 0.26833829283714294, 0.569075882434845, -0.5655996203422546, -0.7677621841430664, 0.3010619282722473], [0.17028217017650604, 0.361011803150177, 0.5220341682434082, -0.7370277643203735, -0.5852630734443665, 0.33801960945129395], [0.17355890572071075, 0.276612251996994, 0.5293527841567993, -0.5705263018608093, -0.7186965942382812, 0.39746057987213135], [0.1751260608434677, 0.3089960813522339, 0.5748722553253174, -0.4867320656776428, -0.6364478468894958, 0.5983526706695557]], "Control Inputs 0": [[4.742951505743282, 9.814672047976039, 0.4272939230853859, 2.872230999662303, 2.8658103814369627], [-2.0824467154301707, 9.753471858666561, 0.5274376777407078, 2.8795662344238293, 2.7201639635093713], [-3.008285246933867, 5.927233924895699, 0.008175392954400632, 2.048575584874981, 1.473377556924171], [-1.4351818639886265, 2.5196516835583527, 0.45246377059610304, 1.9874708109772383, 1.6559827786730619], [-1.7863160147382855, 9.776798194529945, 0.018147106853383953, 2.931210909680976, -0.8855074910147667], [-1.893534902916198, 9.791545989335788, 0.0067172781728006645, -0.094199726750829, -0.9252066734202491], [-1.0790814737928365, 9.790196502332293, 0.006446257089961843, -1.1497465205563562, -0.29154000150383563], [0.6978467527933265, -2.143278921515223, 0.3142756713649182, -0.05985521448552911, 2.920998193615991], [-0.79078732301892, 1.8546693121868625, 0.012844965684608132, -0.8483484075622556, -1.0637440606753363], [-1.0857610733024603, 1.7790992321175736, 0.09028816659493999, -1.8520636747617827, 1.8303919040246956], [4.781984865602563, -9.606162854980747, 0.6840514462146017, 0.8103588337214367, 2.9343323657191887], [-1.1501203161468934, 4.713669588961972, 0.004905421724790305, -2.8883113919384256, -2.5338667164186175], [-4.3898240314610515, 9.772440972800467, 0.006256518494319033, -2.8306563688953705, 2.9389328106964996], [4.846014317944, -9.814144250390754, 0.6851036155170374, 0.44182929762753886, 2.944705455206557], [-4.709353793251509, 9.788138892289865, 0.000619353770041027, 2.9268531319326883, 2.9446181751681095], [4.887480851857946, -9.499643312734669, 0.008188390027956485, 2.88479520994035, -2.85487272679685], [-4.738579445207315, 9.806330740057803, 0.6907803056867038, -2.8370266559748205, 2.8453947219520828], [-4.908968832048819, -2.6932902455449392, 0.03901715200118744, 2.862754085294764, 2.9048138274704005], [4.905248389752703, -9.827868809640572, 0.6845325776188974, 2.948405527152646, -0.17901832554470865], [-4.9011206343537035, -9.510578911066697, 0.6939404081818635, -2.8646686252048363, 2.866830198607503]], "Final Predicted Pose 0": [0.1751260608434677, 0.3089960813522339, 0.5748722553253174, -0.4867320656776428, -0.6364478468894958, 0.5983526706695557], "Predicted Translation Error 0": "1.6115665424361079cm", "Predicted Rotation Error 0": "tensor([0.9661], grad_fn=<DivBackward0>)"}