{"num_updates": "476", "penalty": "tensor(0., dtype=torch.float64, grad_fn=<AddBackward0>)", "Starting Pose": [0.08391028642654419, 0.13984112441539764, -0.2656410038471222, -0.20697921514511108, -0.19796794652938843, -0.9392991065979004, -0.18890610337257385], "Starting Soft Arm States": [-27.299999237060547, 41.0, 10.0, 26.68752098083496, 35.17594909667969, 26.432504653930664], "Number of Trajectories": 1, "Final Desired Pose": [-0.23680557310581207, 0.17158126831054688, -0.2802642583847046, -0.6548610329627991, -0.04543400928378105, 0.7543824315071106], "Predicted Trajectory 0": [[0.65825265504964, 0.49872741472559146, 0.46587725812845204, -0.8429481983184814, -0.2729281485080719, 0.4636254906654358], [0.6400657892227173, 0.5197495222091675, 0.4353095293045044, -0.8826693892478943, -0.2636796832084656, 0.38906005024909973], [0.588036835193634, 0.5109110474586487, 0.41853514313697815, -0.8634403944015503, -0.27079370617866516, 0.425607293844223], [0.5399087071418762, 0.5200360417366028, 0.40002793073654175, -0.8531025052070618, -0.2015666961669922, 0.48123490810394287], [0.4912779927253723, 0.5379445552825928, 0.384409636259079, -0.8461504578590393, -0.13798531889915466, 0.5147714018821716], [0.44132015109062195, 0.5481962561607361, 0.38268232345581055, -0.8132236003875732, -0.08504535257816315, 0.5757036209106445], [0.3980810046195984, 0.5807406902313232, 0.3991532623767853, -0.7752567529678345, 0.01634286344051361, 0.6314347386360168], [0.3562563359737396, 0.5959411263465881, 0.4101603925228119, -0.7637456059455872, 0.09517405927181244, 0.6384626030921936], [0.3296203315258026, 0.5966094136238098, 0.42562541365623474, -0.7143341898918152, 0.17326310276985168, 0.6780166029930115], [0.30508387088775635, 0.5729309320449829, 0.44095611572265625, -0.6902647614479065, 0.1798383593559265, 0.700851559638977], [0.29168447852134705, 0.5707908868789673, 0.4267178773880005, -0.735516369342804, 0.18636824190616608, 0.6513696908950806], [0.2679072320461273, 0.5961617827415466, 0.4292859435081482, -0.7212073802947998, 0.25724005699157715, 0.6431853771209717], [0.25988975167274475, 0.5943494439125061, 0.4402645230293274, -0.7127466201782227, 0.2785854935646057, 0.6437252759933472], [0.2622077465057373, 0.5970463156700134, 0.4227490723133087, -0.7366467118263245, 0.314489483833313, 0.5987052321434021], [0.2627886235713959, 0.5955692529678345, 0.4310775101184845, -0.6688142418861389, 0.35283344984054565, 0.6543669700622559], [0.27864566445350647, 0.5995723009109497, 0.4322842061519623, -0.5828962326049805, 0.38652414083480835, 0.7147244215011597], [0.27949705719947815, 0.5956169366836548, 0.444977343082428, -0.5649259090423584, 0.3557218909263611, 0.7445271611213684], [0.2720072567462921, 0.6051571369171143, 0.45945999026298523, -0.5305212736129761, 0.3313099145889282, 0.7802441716194153], [0.27537795901298523, 0.6057032942771912, 0.42599350214004517, -0.6256875395774841, 0.34293225407600403, 0.7006515264511108], [0.28289106488227844, 0.5850285291671753, 0.42762890458106995, -0.6082719564437866, 0.22314754128456116, 0.7617154121398926], [0.2724802792072296, 0.5803669095039368, 0.4270731210708618, -0.6284977793693542, 0.15259931981563568, 0.7626951336860657]], "Control Inputs 0": [[4.9119253056144725, 5.164498386740254, 0.0364788060983211, -0.4542754244600462, -2.9319166376762134], [4.904841668011212, -0.41347679649211777, 0.6068557911944568, -0.19967136506279548, -1.1801826072122998], [4.975796720915593, -2.178968799528101, 0.007345933317326142, -2.420590343693081, 0.6405510723600285], [4.875283374176563, 3.7313658394307527, 0.5213549663338484, 0.06356882235482963, -0.7149732058945863], [4.902366151957068, 8.073702679573763, 0.23751506596875147, 0.3858286335292269, -0.3870061206057449], [4.946381554966512, 7.913105381273777, 0.005442689175389972, -1.0642120732242286, -0.44173517602531387], [4.815436834290866, 8.294957749703904, 0.07532230383427958, -0.508812046970017, 0.29766321410515895], [1.6112406128299384, -6.055721596297435, 0.5919165586871159, -0.6852682354310571, 2.661410904841823], [3.115382296860435, -5.346901759523159, 0.3495401456048499, -2.947002633841349, 0.7558301178944298], [-1.1570247457100975, 5.18278322036179, 0.49433925616337, -0.8224498624903012, -1.703996530164918], [4.922317582839122, 8.668533185037514, 0.42781309024486447, -0.5239506734867998, 0.3940447004955323], [-3.7816067781215725, 0.5925806661911359, 0.028088839512443228, -0.3022523083569224, -1.4918195615372436], [1.10423095102027, 2.7845648040788884, 0.09115574754152297, 0.43321678318116996, 0.5329290616739533], [-1.0067720732712644, -0.6667684735024473, 0.36797720467534717, 2.1889217886323866, 2.9334853201001643], [-2.992389106142918, -4.948201963791695, 0.4251353312824624, 1.8726308449600149, 0.7878311293678921], [2.32026037596476, 1.0459165056375674, 0.007303131990275748, -0.06693606665435992, -1.1273946383854825], [-0.1847218334382612, 7.5889221239690805, 0.5637042687371067, -2.951774957273065, -1.8993333698171557], [-2.0504618075689462, -1.9166765687400567, 0.13952702953594778, 0.7061170690555896, -0.7669545497759223], [-1.1473746462087382, 4.732545717242282, 0.5365394249682852, 0.7766697770255018, -2.9361840033367215], [1.1835995381313174, 4.525482911049053, 0.358859866967898, -2.9400926055316297, -2.9430635326683765]], "Final Predicted Pose 0": [0.2724802792072296, 0.5803669095039368, 0.4270731210708618, -0.6284977793693542, 0.15259931981563568, 0.7626951336860657], "Predicted Translation Error 0": "0.6823351331155184cm", "Predicted Rotation Error 0": "tensor([0.9800], grad_fn=<DivBackward0>)"}