{"num_updates": "1923", "penalty": "tensor(0., dtype=torch.float64, grad_fn=<AddBackward0>)", "Starting Pose": [0.14668215811252594, 0.2301301211118698, -0.2232351303100586, -0.33644431829452515, -0.248656764626503, -0.8590723276138306, -0.2949061691761017], "Starting Soft Arm States": [-40.599998474121094, 86.0999984741211, 15.600000381469727, 18.059995651245117, 35.066654205322266, 13.678339004516602], "Number of Trajectories": 1, "Final Desired Pose": [-0.2516893446445465, 0.09067089855670929, -0.2661706209182739, -0.925401508808136, -0.3755968511104584, 0.050587356090545654], "Predicted Trajectory 0": [[0.7345649595416922, 0.7839822855060189, 0.5747423951882675, -0.5996710658073425, -0.3393732011318207, 0.7247208952903748], [0.7058080434799194, 0.7470697164535522, 0.5075581669807434, -0.6376363039016724, -0.38484734296798706, 0.6673173308372498], [0.6506896018981934, 0.7112210392951965, 0.47079402208328247, -0.5986785292625427, -0.3737189471721649, 0.7084617614746094], [0.5871970057487488, 0.6399438381195068, 0.43330276012420654, -0.5494667887687683, -0.4394609034061432, 0.7106055617332458], [0.5246904492378235, 0.6179249286651611, 0.4031863808631897, -0.5340194702148438, -0.4707375168800354, 0.7023028135299683], [0.46208271384239197, 0.5953305959701538, 0.3813989758491516, -0.5253649353981018, -0.5223764777183533, 0.6716505885124207], [0.40112221240997314, 0.5802513360977173, 0.39424487948417664, -0.47133731842041016, -0.5567317605018616, 0.6840254664421082], [0.3495272696018219, 0.5816486477851868, 0.37784120440483093, -0.533400297164917, -0.5551749467849731, 0.6381731629371643], [0.3076462745666504, 0.5444247722625732, 0.36883559823036194, -0.5611175894737244, -0.5825380682945251, 0.5880445241928101], [0.2760649621486664, 0.44244393706321716, 0.3953092098236084, -0.4573283791542053, -0.6662943363189697, 0.5889844298362732], [0.25176650285720825, 0.4271393120288849, 0.38936200737953186, -0.5241595506668091, -0.6633926630020142, 0.5340102910995483], [0.22235240042209625, 0.42913761734962463, 0.40394896268844604, -0.5838997960090637, -0.6671290993690491, 0.46260103583335876], [0.20586539804935455, 0.4349478483200073, 0.4266584515571594, -0.6565256714820862, -0.648014485836029, 0.3860716223716736], [0.20553821325302124, 0.39710965752601624, 0.41937747597694397, -0.6742730140686035, -0.694957971572876, 0.24977853894233704], [0.2156347632408142, 0.39775165915489197, 0.4313236176967621, -0.7089270353317261, -0.673049807548523, 0.21077561378479004], [0.23914849758148193, 0.3444470465183258, 0.42300447821617126, -0.6442844867706299, -0.7494945526123047, 0.15216925740242004], [0.2349235862493515, 0.31642982363700867, 0.4442611336708069, -0.5986731648445129, -0.785478413105011, 0.1568891853094101], [0.23484200239181519, 0.3514120876789093, 0.45468929409980774, -0.7177887558937073, -0.6848192811012268, 0.12570548057556152], [0.25684934854507446, 0.3600142300128937, 0.435930997133255, -0.7353917956352234, -0.6747874617576599, 0.062134940177202225], [0.2412722259759903, 0.3117485046386719, 0.4415643513202667, -0.6892998218536377, -0.7244443893432617, 0.006785897072404623], [0.24070899188518524, 0.3539721369743347, 0.4621836841106415, -0.7824386954307556, -0.6227254271507263, 0.0016765459440648556]], "Control Inputs 0": [[4.96818172103716, 0.6575539353292843, 0.010820831321194168, 1.334471768871924, -2.989863540187549], [4.924024979240716, -4.702883227664194, 0.19257920682046342, 2.46328218049948, -2.996582022939234], [4.956594922334203, -6.271555173918621, 0.00043068933834630903, 0.529152652081295, -2.982202041710848], [4.820516085129977, -0.33471956668445557, 0.06728586600862754, 0.5754771175587177, -2.9915050976844753], [4.902814619331849, 3.2087722288227134, 0.0008342053358951233, 2.992824090982685, -2.953668141176786], [4.935048808260438, 5.076383561319588, 5.271440918052381e-05, -0.5056607081845561, -2.9228465783529924], [4.970712102780773, 5.125971248066321, 0.0005662738418068336, -0.20654470400551705, -2.940453341964287], [4.784803888582074, -7.68797992172297, 0.10484803424186555, 2.4608034707917508, -2.9464580532312823], [4.763697296390243, -8.230132599981573, 0.0003700195658666336, -2.3273922629745742, -2.993841484715188], [4.807801557961977, 3.00206586840161, 0.008463820097458066, -1.0415219330749153, -2.8444131285726044], [4.899421892077687, 6.636408419252604, 0.0014106935670515433, 0.31046340762070956, -2.533835506650771], [1.4171341526191155, -0.9069628546082917, 7.13263935396744e-05, -2.0365069757394703, -1.4369404488384596], [0.172045592340897, 2.006773902524934, 0.0010384310218425768, 1.0038387990240318, -0.8616800405187988], [-2.5485592239456705, -2.0959562747920213, 0.0008139127968137176, 2.951303914471109, 0.6860379228887434], [-3.343118771524299, -6.224507014282482, 0.0005281719616203921, 2.9537500660692233, 2.2030669370401297], [4.896376249946027, -0.047669256312889985, 0.0019163361223896549, 0.39814275459167003, -1.0024598808928318], [-4.742873076773492, 5.641404947947347, 0.001163680595412494, -0.35220378302344724, 1.633796479063954], [-1.024687211798013, -4.900049597144084, 0.0012952768631593764, -1.0950810967336282, 0.3047883415060655], [4.915408680529495, 1.7633166716588757, 0.0006202107827425832, 2.938047754918416, -2.7290371337844315], [-4.977792076166185, 2.736047646774857, 0.0015955697707596913, -2.9403540319461166, 0.3344310034160869]], "Final Predicted Pose 0": [0.24070899188518524, 0.3539721369743347, 0.4621836841106415, -0.7824386954307556, -0.6227254271507263, 0.0016765459440648556], "Predicted Translation Error 0": "0.8590842910384059cm", "Predicted Rotation Error 0": "tensor([0.9580], grad_fn=<DivBackward0>)"}