{"num_updates": "2400", "penalty": "tensor(98.7833, dtype=torch.float64, grad_fn=<AddBackward0>)", "Starting Pose": [0.08391028642654419, 0.13984112441539764, -0.2656410038471222, -0.20697921514511108, -0.19796794652938843, -0.9392991065979004, -0.18890610337257385], "Starting Soft Arm States": [-27.299999237060547, 41.0, 10.0, 26.68752098083496, 35.17594909667969, 26.432504653930664], "Number of Trajectories": 1, "Final Desired Pose": [0.12083182483911514, 0.09385081380605698, -0.33521735668182373, -0.4783864915370941, -0.1988532692193985, 0.8553383946418762], "Predicted Trajectory 0": [[0.65825265504964, 0.49872741472559146, 0.46587725812845204, -0.8429481983184814, -0.2729281485080719, 0.4636254906654358], [0.6516197323799133, 0.5072952508926392, 0.43790435791015625, -0.8625019788742065, -0.30250367522239685, 0.4056870937347412], [0.6463605165481567, 0.46638357639312744, 0.42986440658569336, -0.864747166633606, -0.3935548663139343, 0.3119724690914154], [0.6488544344902039, 0.4708678126335144, 0.42108964920043945, -0.8914484977722168, -0.3828025162220001, 0.24244976043701172], [0.6410127282142639, 0.43466442823410034, 0.3785008192062378, -0.8942944407463074, -0.44331803917884827, 0.06088200956583023], [0.651457667350769, 0.42863333225250244, 0.3600781559944153, -0.8921918869018555, -0.44140371680259705, -0.09568963944911957], [0.668023407459259, 0.38491952419281006, 0.34712299704551697, -0.8371990919113159, -0.5060837864875793, -0.2073083519935608], [0.6853190660476685, 0.3649795949459076, 0.3247087001800537, -0.7814822793006897, -0.5055833458900452, -0.3656103312969208], [0.7011138200759888, 0.33615174889564514, 0.3074835240840912, -0.7297684550285339, -0.4908510446548462, -0.4759235680103302], [0.6966870427131653, 0.33918648958206177, 0.29346850514411926, -0.7506850957870483, -0.46995335817337036, -0.46434441208839417], [0.7096148729324341, 0.31340640783309937, 0.2885611355304718, -0.7152237296104431, -0.4924633800983429, -0.4959181845188141], [0.7227345108985901, 0.30550435185432434, 0.28652501106262207, -0.6562446355819702, -0.5566074848175049, -0.5094419717788696], [0.7045161724090576, 0.39501500129699707, 0.2907252609729767, -0.8283510208129883, -0.3216075003147125, -0.45869728922843933], [0.7040568590164185, 0.3027968406677246, 0.27973195910453796, -0.7285894751548767, -0.5693129301071167, -0.3808414041996002], [0.6215742230415344, 0.39300015568733215, 0.25791817903518677, -0.9230395555496216, -0.2912629246711731, -0.2513239085674286], [0.5805211067199707, 0.3722536563873291, 0.27231597900390625, -0.9448806047439575, -0.3266165256500244, -0.022852661088109016], [0.589201033115387, 0.40813326835632324, 0.30469846725463867, -0.9485030770301819, -0.28449639678001404, 0.13929739594459534], [0.5835158228874207, 0.3453374207019806, 0.3294001519680023, -0.8071739077568054, -0.49495357275009155, 0.32170069217681885], [0.5692628026008606, 0.35966411232948303, 0.3650631606578827, -0.7943313121795654, -0.40941721200942993, 0.4487932026386261], [0.6026486754417419, 0.37148550152778625, 0.4276837110519409, -0.6987467408180237, -0.3747898042201996, 0.6093320846557617], [0.5947459936141968, 0.3698822855949402, 0.3998373746871948, -0.6883498430252075, -0.3958359956741333, 0.607855498790741]], "Control Inputs 0": [[4.948807572626897, -9.113294653588097, 0.008299616529148568, -2.9689339279751694, -2.9704713846108723], [-4.65422715630264, -9.757703290160983, 0.046159167026925234, -2.881124401673935, -2.9702366043255872], [4.68004143274023, -9.687558707400033, 0.013922397677325168, -2.9816014588201596, -2.9698775522668104], [-1.648009749814901, -9.474261043256504, 0.053709128588727645, -2.9435026761902257, -2.926722100459746], [-0.6832240333663586, -9.329837769898234, 0.05518797233443307, -0.8808056228142371, -2.9511812189952336], [-2.0560262023035154, -9.247853826659682, 0.018244064068604387, -2.795615334461595, -2.878767928869794], [0.5851937758933312, -9.209671957573546, 0.015837492726087348, -2.730307232584179, -2.9010961479676465], [-2.474740569689088, -9.263062378291364, 0.35909389135610514, 0.25924663894705713, 2.9309398907821835], [2.4687907428472524, -4.78457964493397, 0.022480809628042622, -0.7602916011886314, -2.7695884591062656], [-4.912070821467198, -9.261924121171644, 0.30916838898959825, -0.13381310716146144, -0.843607528131646], [4.184670453492037, 9.428177539624002, 0.008376821144514886, -0.5925915764158272, 2.8453321235638525], [-4.901902666111278, -9.29409007375844, 0.04056857716323894, 2.7497026686177444, 2.9514331722684704], [4.909950140793626, -2.076549054232509, 0.6488109428599417, 2.792947709375995, 2.9011187340394367], [4.714866832763798, -8.999435934618406, 0.6302288463493518, 2.962722508628464, 2.953710680484825], [-1.8217356936700586, -8.873534206465708, 0.6322837384724858, 2.976702817783992, 2.9562850839139285], [-4.746585717215632, -4.258308324603513, 0.6888630946378249, 2.8406485599927986, -2.858251698367251], [4.865175563624479, -3.311246809648943, 0.4962276687118961, 2.7959659534716073, -2.856404844705353], [-4.933625811147148, -8.889363185343308, 0.6673934573458633, 2.964423043738284, 2.8740637106463165], [-4.778436591775684, 8.435542823332828, 0.6984926193167136, -2.440213536750396, -2.9397155081761572], [4.904179701540459, -9.894659661635762, 0.533370712181293, 2.988459157605911, 2.958657383975318]], "Final Predicted Pose 0": [0.5947459936141968, 0.3698822855949402, 0.3998373746871948, -0.6883498430252075, -0.3958359956741333, 0.607855498790741], "Predicted Translation Error 0": "9.94968403664045cm", "Predicted Rotation Error 0": "tensor([0.9279], grad_fn=<DivBackward0>)"}