{"num_updates": "1962", "penalty": "tensor(0., dtype=torch.float64, grad_fn=<AddBackward0>)", "Starting Pose": [-0.36990341544151306, 0.09550941735506058, -0.19604936242103577, -0.2824452519416809, 0.5251760482788086, -0.7717226147651672, 0.22104057669639587], "Starting Soft Arm States": [35.900001525878906, -86.80000305175781, 10.0, 15.17201042175293, 30.708181381225586, 35.407779693603516], "Number of Trajectories": 1, "Final Desired Pose": [-0.325888067483902, 0.07222741842269897, -0.23017922043800354, -0.43015190958976746, -0.4572282135486603, 0.7784032821655273], "Predicted Trajectory 0": [[0.10654743311733744, 0.35866787445310194, 0.644534197607526, -0.7427314519882202, 0.044497065246105194, 0.6681092381477356], [0.12395678460597992, 0.32636308670043945, 0.5941699147224426, -0.7565631866455078, -0.18731161952018738, 0.6265192627906799], [0.14154279232025146, 0.31863993406295776, 0.5586703419685364, -0.7241082191467285, -0.3449943959712982, 0.5971986651420593], [0.150104358792305, 0.2920072674751282, 0.5484081506729126, -0.6439734697341919, -0.5104053020477295, 0.5698988437652588], [0.14952068030834198, 0.28966188430786133, 0.5504961013793945, -0.597611129283905, -0.5855713486671448, 0.5476927161216736], [0.1536843180656433, 0.2918711304664612, 0.5460618138313293, -0.5768455862998962, -0.6367337107658386, 0.5116828680038452], [0.16222046315670013, 0.2892770767211914, 0.5625622272491455, -0.4700011610984802, -0.703317403793335, 0.5333322882652283], [0.16441471874713898, 0.2860993444919586, 0.5535481572151184, -0.44190648198127747, -0.766159176826477, 0.4666033685207367], [0.16395379602909088, 0.3011535108089447, 0.5524448156356812, -0.4716845452785492, -0.7404865622520447, 0.4787415862083435], [0.15781672298908234, 0.2904677987098694, 0.5550613403320312, -0.48072895407676697, -0.7403975129127502, 0.46979907155036926], [0.15987645089626312, 0.28247466683387756, 0.5564136505126953, -0.4455459713935852, -0.791064441204071, 0.4191727042198181], [0.1650076061487198, 0.29091015458106995, 0.5494071841239929, -0.43139421939849854, -0.800975501537323, 0.41513535380363464], [0.16045422852039337, 0.31893306970596313, 0.5624461770057678, -0.48615124821662903, -0.7467632293701172, 0.45387399196624756], [0.16206933557987213, 0.2878049910068512, 0.5484582185745239, -0.4364478588104248, -0.8193971514701843, 0.371620237827301], [0.16232728958129883, 0.3106524646282196, 0.5418465733528137, -0.48367995023727417, -0.7666074633598328, 0.4223347306251526], [0.15403388440608978, 0.30298885703086853, 0.5379087328910828, -0.5202480554580688, -0.7342341542243958, 0.43616774678230286], [0.15318378806114197, 0.26678964495658875, 0.58074951171875, -0.38268131017684937, -0.7893399000167847, 0.48010170459747314], [0.15919798612594604, 0.27482613921165466, 0.5691436529159546, -0.368249773979187, -0.8085436820983887, 0.4589652717113495], [0.1791161298751831, 0.3095643222332001, 0.5458223223686218, -0.39935052394866943, -0.7152459025382996, 0.5735350251197815], [0.1859758049249649, 0.30263400077819824, 0.5324580073356628, -0.43815329670906067, -0.672718346118927, 0.5962144136428833], [0.16975688934326172, 0.30192315578460693, 0.5636048913002014, -0.41128554940223694, -0.6351065635681152, 0.6538224816322327]], "Control Inputs 0": [[-4.910974542000451, 2.991039891992328, 0.007840443197667949, 0.29718184558689, -2.9413062897170588], [-2.480924588894931, -2.2269310220263687, 0.1175952787172817, 1.3540631641051526, -1.4853068252257668], [-0.14747787033167992, -1.7672614153983464, 0.00792370453682488, 0.27659402908691444, -0.7960044943756723], [-0.4907733838817059, 0.012214229467119253, 0.18223122434395156, -0.2391434218108195, -0.5694317744066839], [-1.3444578682562907, 3.5729787433432048, 0.198812807322059, 2.930727904758136, -0.9658269463954055], [-0.027538789506964534, 4.312274693634087, 0.007848728252445576, -0.5297406502766631, -2.942260518308502], [-0.7260344784891739, 7.317564368518433, 0.18428459085712484, -0.397439161845222, -0.6685119667399331], [-0.17954090216377772, -2.2352902118395255, 0.45687194743165654, -0.3927903289082457, 2.9396292624786957], [0.5646984590461157, -2.609422370168394, 0.3898758100502111, 0.14314155781341764, -0.08029726910736334], [-0.059029309796788, 2.149614479166763, 0.06501781169102895, -0.24952641763546435, -1.3931584207000616], [-1.9989378560459605, 4.329382898569715, 0.4674228569316986, 1.2087938879490254, 2.938942468733541], [1.817221916613426, 1.7668203309373798, 0.009046951850585587, -0.9007204524550558, -2.93900194244175], [-1.1942099667469765, -0.38889932404731553, 0.2902272934666292, -0.6349248112141841, 1.9718395797748762], [-0.6846508394756192, -2.9349962428349086, 0.4424349540828614, -1.4271124552784977, 2.941596282689428], [0.8291135112115011, -8.334290912511015, 0.6803025418697055, 2.9323618925230317, 0.934677647824127], [2.336847705169766, -2.448620622203129, 0.004766004093649378, -0.04653125535292668, -2.9408696156568763], [-4.904436216050274, 1.988683385494891, 0.06411429531530485, 0.5865046566192853, 2.942387884021734], [-4.885990702979854, -4.543279566658744, 0.6830804477215779, 0.041013208021062564, 2.86896355167839], [0.2664587093237598, -2.3331792810248917, 0.6845115534597139, 0.7965717265350447, -0.3283526828017518], [4.756682837265007, -1.7142606709740509, 0.14435894976275757, -2.95255378594014, 2.9437854377521093]], "Final Predicted Pose 0": [0.16975688934326172, 0.30192315578460693, 0.5636048913002014, -0.41128554940223694, -0.6351065635681152, 0.6538224816322327], "Predicted Translation Error 0": "0.99379051352202cm", "Predicted Rotation Error 0": "tensor([0.9762], grad_fn=<DivBackward0>)"}