{"num_updates": "435", "penalty": "tensor(0., dtype=torch.float64, grad_fn=<AddBackward0>)", "Starting Pose": [-0.26798075437545776, 0.174608051776886, -0.246579110622406, -0.5504485368728638, -0.7455644011497498, 0.22953100502490997, -0.29741498827934265], "Starting Soft Arm States": [28.600000381469727, 71.4000015258789, 10.0, 28.585247039794922, 34.963985443115234, 11.883283615112305], "Number of Trajectories": 1, "Final Desired Pose": [-0.3462235927581787, 0.0908350944519043, -0.2663823068141937, -0.8343507051467896, -0.5084440112113953, -0.2129402458667755], "Predicted Trajectory 0": [[0.230455689108532, 0.6085684333967112, 0.5148133003659631, -0.21710148453712463, 0.9573215842247009, 0.19079403579235077], [0.2323085516691208, 0.6048964262008667, 0.508261501789093, -0.22097763419151306, 0.9036150574684143, 0.3669451177120209], [0.23672844469547272, 0.5884331464767456, 0.4892825186252594, -0.23163174092769623, 0.8636776804924011, 0.447669118642807], [0.22402705252170563, 0.5448652505874634, 0.4990933835506439, -0.36110860109329224, 0.720457136631012, 0.5920659303665161], [0.21117502450942993, 0.5252392888069153, 0.5034085512161255, -0.40832462906837463, 0.6177302002906799, 0.6720717549324036], [0.1923728883266449, 0.5012674927711487, 0.5153165459632874, -0.5275198817253113, 0.45328059792518616, 0.7185120582580566], [0.2004167139530182, 0.4996418058872223, 0.5028688907623291, -0.5923352241516113, 0.3507307171821594, 0.7253461480140686], [0.19181527197360992, 0.4911686182022095, 0.4757597744464874, -0.7225437760353088, 0.24135884642601013, 0.6478243470191956], [0.1763734370470047, 0.45791095495224, 0.47480639815330505, -0.7949036955833435, 0.058552686125040054, 0.6039037704467773], [0.16560862958431244, 0.4141016900539398, 0.48776665329933167, -0.7864537835121155, -0.18468087911605835, 0.589392364025116], [0.15744951367378235, 0.39444923400878906, 0.47283536195755005, -0.821452260017395, -0.3393084704875946, 0.4583512842655182], [0.15089157223701477, 0.37873518466949463, 0.47202807664871216, -0.8216098546981812, -0.4453172981739044, 0.35587888956069946], [0.14701028168201447, 0.37077978253364563, 0.4854390323162079, -0.8164119124412537, -0.4917944073677063, 0.3026711642742157], [0.15041236579418182, 0.3429632782936096, 0.46363237500190735, -0.8072060942649841, -0.5753642916679382, 0.13181135058403015], [0.15303228795528412, 0.34683817625045776, 0.47845789790153503, -0.7981682419776917, -0.58420330286026, 0.1470843404531479], [0.1599223017692566, 0.3437449336051941, 0.47599896788597107, -0.7761242389678955, -0.6058874130249023, 0.17473284900188446], [0.16340182721614838, 0.33753713965415955, 0.4761181175708771, -0.7421280741691589, -0.6509529948234558, 0.15970627963542938], [0.15446174144744873, 0.3396771550178528, 0.4841368496417999, -0.7455503344535828, -0.6449938416481018, 0.16774310171604156], [0.14322222769260406, 0.3591122627258301, 0.46745961904525757, -0.819279670715332, -0.5715841054916382, 0.04552401602268219], [0.1321294605731964, 0.323244571685791, 0.4840392768383026, -0.769195556640625, -0.6390089988708496, -0.0023871224839240313], [0.1401592195034027, 0.33467555046081543, 0.46115410327911377, -0.7996689677238464, -0.5978405475616455, -0.05582309514284134]], "Control Inputs 0": [[-4.9028846389522265, -5.363708356497758, 0.00048750230876156114, -2.933182415102203, -2.9426122206458034], [0.8066668841910358, -9.743184160086463, 0.18626161417596693, -2.828870402289823, -2.9478157060783023], [-0.7791176294155706, -9.695842029548585, 0.0056860585776924, -2.921743002538219, -2.9907691676977732], [3.480129400443129, -6.7013873487103535, 0.1490594480959041, -2.915136624441392, -2.944226023861805], [-1.1650097908093437, -2.666672448889467, 0.07087695854235652, 0.2543035307885728, -2.942296920389086], [-2.2837993230309928, -1.4824660119765216, 0.0074821599680442805, -2.8593112620603303, -2.9421297547468024], [2.037671064163127, -1.8879814919577402, 0.21923428787476903, -1.2128806306928743, -2.9447374806393554], [-0.4029554805925999, -9.808464569396882, 0.6918568429509764, 1.5156869869486327, -2.903912594771813], [1.5030687314806164, -9.776868862988378, 0.20014255404226286, -2.055774042111547, -2.9423668405530825], [0.07751737668338876, -3.3723599737364642, 0.35139921628509213, -0.6889582141508406, -2.916034895613724], [0.5596299427984217, 0.9605388022663899, 0.34368094650660586, 0.8866986562298176, -1.8879206999538207], [0.14328165827115313, -5.523217541491701, 0.005425589412719107, -1.350844189054982, -2.935872453394156], [-0.2667466355589836, -3.2196807785082138, 0.010644576348516743, 0.7896776362697122, -0.5365193304005889], [-0.7550831774145799, -1.7517899999113027, 0.18202666721662783, 1.6156858217034005, 0.9682475537591775], [-1.9451676912688347, -4.230964523014182, 0.21049816456857784, 1.4706673503257264, 0.8560504951561589], [1.855418574708323, -0.16636450630387856, 0.0033495934538541484, -0.6679371243460066, -2.9397438004119802], [-0.02841723690464093, 5.199713798474519, 0.3349189923249169, -2.922213725495602, -1.0860035109724049], [3.013729294332567, -0.9053177202754128, 0.010438733947048084, -0.4719439234282361, -2.9377241528419997], [1.0692004010273868, 6.8363792659195255, 0.3620450897804917, -0.21371410707686822, -2.9422988151081584], [-4.935500697924988, -2.974462777055443, 0.10102461534471438, -2.597581638996878, -2.9424872474350154]], "Final Predicted Pose 0": [0.1401592195034027, 0.33467555046081543, 0.46115410327911377, -0.7996689677238464, -0.5978405475616455, -0.05582309514284134], "Predicted Translation Error 0": "0.5047491333918909cm", "Predicted Rotation Error 0": "tensor([0.9831], grad_fn=<DivBackward0>)"}