{"num_updates": "115", "penalty": "tensor(0., dtype=torch.float64, grad_fn=<AddBackward0>)", "Starting Pose": [-0.19970695674419403, 0.0974322259426117, -0.24843467772006989, -0.5645666122436523, 0.4751583933830261, -0.6385074257850647, 0.21862617135047913], "Starting Soft Arm States": [12.600000381469727, -59.70000076293945, 10.0, 27.94273567199707, 26.462312698364258, 35.39122009277344], "Number of Trajectories": 1, "Final Desired Pose": [-0.3462235927581787, 0.0908350944519043, -0.2663823068141937, -0.8343507051467896, -0.5084440112113953, -0.2129402458667755], "Predicted Trajectory 0": [[0.3134567323103278, 0.36474270677205295, 0.5100496544470952, -0.266934335231781, -0.25732824206352234, 0.9287239909172058], [0.30442744493484497, 0.349356085062027, 0.5144873857498169, -0.2905482351779938, -0.4138326644897461, 0.8627422451972961], [0.2776862680912018, 0.35172536969184875, 0.5223888754844666, -0.3212960958480835, -0.5175387263298035, 0.7930464148521423], [0.2566102147102356, 0.34966427087783813, 0.5183975696563721, -0.3919426202774048, -0.6050404906272888, 0.6930419206619263], [0.23922711610794067, 0.3363357186317444, 0.5011271834373474, -0.43921273946762085, -0.7131387591362, 0.5463746786117554], [0.21377946436405182, 0.3375382125377655, 0.49289676547050476, -0.4967871606349945, -0.7854440212249756, 0.3691613972187042], [0.18950483202934265, 0.35047629475593567, 0.531373143196106, -0.5313388109207153, -0.7772452235221863, 0.3370000123977661], [0.1753530502319336, 0.3773520290851593, 0.5178345441818237, -0.6629395484924316, -0.7236003875732422, 0.19212934374809265], [0.1828480362892151, 0.3527381122112274, 0.48631855845451355, -0.6718381643295288, -0.7360037565231323, 0.08325859904289246], [0.18613094091415405, 0.32643115520477295, 0.4657522439956665, -0.6256759762763977, -0.7798638939857483, 0.018496006727218628], [0.1772531270980835, 0.33954882621765137, 0.4499902129173279, -0.6701962351799011, -0.7409783601760864, -0.042285170406103134], [0.16287323832511902, 0.3432709872722626, 0.45021820068359375, -0.7120959758758545, -0.6949836611747742, -0.09958469867706299], [0.14959917962551117, 0.36013200879096985, 0.48935410380363464, -0.7680767178535461, -0.6402243375778198, -0.013077335432171822], [0.14961418509483337, 0.3470768332481384, 0.4432379901409149, -0.7561479210853577, -0.618252694606781, -0.21448497474193573], [0.13922613859176636, 0.3473351001739502, 0.4921492338180542, -0.7904917001724243, -0.6080860495567322, -0.07317312806844711], [0.15058574080467224, 0.3322438597679138, 0.46091243624687195, -0.7581421136856079, -0.6392780542373657, -0.1286243200302124], [0.14762558043003082, 0.32502010464668274, 0.465219646692276, -0.7436243891716003, -0.6535139083862305, -0.14121736586093903], [0.13186372816562653, 0.3472081124782562, 0.5043859481811523, -0.8022021055221558, -0.5967922806739807, 0.01762853004038334], [0.14171989262104034, 0.3569486737251282, 0.43524855375289917, -0.8206700682640076, -0.5430851578712463, -0.17764905095100403], [0.13115262985229492, 0.3286854922771454, 0.4655047655105591, -0.8052668571472168, -0.5853228569030762, -0.09456536918878555], [0.1266639530658722, 0.34177717566490173, 0.45880192518234253, -0.8399381041526794, -0.5317058563232422, -0.10859475284814835]], "Control Inputs 0": [[1.9382210383406333, 6.0310025611316185, 0.0008572725127837771, -2.936695750424395, -1.09756257163793], [3.366324840430499, 2.903313699754646, 0.6176225013582447, -1.707649227873726, -0.412036175565885], [0.44145938590976197, 3.1217195879604507, 0.007195323743593052, -2.95195221560748, -1.4013999456419204], [2.071278684426984, 4.74111948979451, 0.5289028902659089, -2.934422340170212, -2.5340521865003165], [3.624028387495102, 9.794997195055853, 0.2734986249693039, 1.358397686060858, -1.5353850886786338], [2.326509697268393, 9.800820732168983, 0.007270415624275023, -2.5535472429712085, -1.1856352845322315], [-0.06094334708317195, 9.796648290020372, 0.11055475593911306, -1.0801650102627762, -1.945908001480775], [-2.761591514283522, -0.984501135245397, 0.5189164146537663, 1.0373342959694059, 1.6581440327398465], [2.0962050020649237, -1.3534666180679586, 0.30252671917168433, -2.277567353486905, -1.968069977144742], [-0.8530115749036238, 8.52358016054216, 0.4311559733525675, -1.0781465863574426, -0.12038277299449529], [4.21975467644201, 9.955223742067773, 0.39705725321145535, 0.3912025105225996, 0.796272969152088], [-1.730868868235249, 2.999199996708679, 0.011320917906781613, -2.1434531207464396, -1.522964048207178], [2.3777590221609444, 3.937455870540191, 0.07976028753567345, 0.4309169641856041, 0.5114889348525495], [-0.4925717261272551, 1.0410419010816643, 0.29795394365051564, 1.23760387936143, 1.7445709445813051], [-3.5158824785321032, 0.3809043311078728, 0.3439694330805308, 1.61459315723351, 1.9611502790006767], [4.8957548363761845, 2.1493903594170654, 0.001868429291971446, -0.15230629231272186, -2.148076829224464], [-3.14026496113203, 9.787989876498845, 0.4750871451960985, -2.97030753192301, 0.13781340074065795], [-0.178965110607459, 2.9339263117358314, 0.054996440363382776, 0.8860546496660313, -1.1417455871660773], [2.166333491430146, 8.04323789125727, 0.4609359633791055, 0.4676307050427888, -2.466139597527513], [-3.1651912787699694, 2.4093466186650527, 0.28729707740389293, -2.357817011400317, -2.572517018116167]], "Final Predicted Pose 0": [0.1266639530658722, 0.34177717566490173, 0.45880192518234253, -0.8399381041526794, -0.5317058563232422, -0.10859475284814835], "Predicted Translation Error 0": "0.7442146862260685cm", "Predicted Rotation Error 0": "tensor([0.9943], grad_fn=<DivBackward0>)"}