{"num_updates": "541", "penalty": "tensor(132.3091, dtype=torch.float64, grad_fn=<AddBackward0>)", "Starting Pose": [-0.07024119049310684, 0.17650577425956726, -0.34674152731895447, 0.12825706601142883, -0.24804268777370453, -0.9188895225524902, -0.2786880135536194], "Starting Soft Arm States": [-2.5, -1.899999976158142, 10.0, 8.839638710021973, 35.12627029418945, 19.47418212890625], "Number of Trajectories": 1, "Final Desired Pose": [-0.39676201343536377, 0.05514971911907196, -0.15915919840335846, -0.24339424073696136, -0.5180046558380127, 0.8200185894966125], "Predicted Trajectory 0": [[0.4708493782533065, 0.6145640098388128, 0.2576745053737644, -0.8117662072181702, -0.575793445110321, -0.09745509922504425], [0.4074530601501465, 0.614570140838623, 0.23537926375865936, -0.8740365505218506, -0.4779036045074463, -0.08756816387176514], [0.31703200936317444, 0.5568447709083557, 0.2535167634487152, -0.8634487390518188, -0.49476495385169983, 0.09830565005540848], [0.25325867533683777, 0.5270403623580933, 0.29186153411865234, -0.815348207950592, -0.49762094020843506, 0.2959403395652771], [0.2093304544687271, 0.4879722595214844, 0.3546163737773895, -0.705387532711029, -0.5269054174423218, 0.4741297960281372], [0.17360001802444458, 0.45991820096969604, 0.4354081451892853, -0.5946808457374573, -0.5169661641120911, 0.615711510181427], [0.1521260142326355, 0.4098663330078125, 0.5281344056129456, -0.3963437080383301, -0.565490186214447, 0.7232789993286133], [0.14529286324977875, 0.37208953499794006, 0.6098493933677673, -0.1874772012233734, -0.5856946706771851, 0.788551926612854], [0.15800254046916962, 0.3322318494319916, 0.6505466103553772, 0.06870533525943756, -0.663435161113739, 0.7450726628303528], [0.1468067616224289, 0.31214621663093567, 0.6567052006721497, 0.018726052716374397, -0.7245086431503296, 0.6890113353729248], [0.13796019554138184, 0.2811151146888733, 0.6842849254608154, 0.04387359693646431, -0.8277196884155273, 0.5594238638877869], [0.11002856492996216, 0.28330865502357483, 0.7095290422439575, -0.05705266818404198, -0.8839535713195801, 0.46408089995384216], [0.09064528346061707, 0.3387920558452606, 0.7241495251655579, -0.30874741077423096, -0.7951896786689758, 0.5218701362609863], [0.08275286853313446, 0.3210044503211975, 0.7144396901130676, -0.38438883423805237, -0.822479784488678, 0.419251948595047], [0.07630152255296707, 0.25182104110717773, 0.7511405348777771, -0.1460263580083847, -0.9551132321357727, 0.25774991512298584], [0.0693320631980896, 0.2870230972766876, 0.7596906423568726, -0.1365111619234085, -0.9692749977111816, 0.20462320744991302], [0.08407754451036453, 0.3005477786064148, 0.7424838542938232, -0.12129238247871399, -0.951320469379425, 0.28333306312561035], [0.0916576012969017, 0.314426064491272, 0.7282809615135193, -0.10945035517215729, -0.9150180220603943, 0.3882817029953003], [0.10503176599740982, 0.33383071422576904, 0.6832917332649231, -0.14170992374420166, -0.8533293008804321, 0.5017443895339966], [0.09711096435785294, 0.3401036262512207, 0.665926456451416, -0.2769324779510498, -0.7930041551589966, 0.5426350831985474], [0.07994697988033295, 0.2908625602722168, 0.7458205223083496, -0.14919042587280273, -0.7692025303840637, 0.621345043182373]], "Control Inputs 0": [[4.97345121269084, -5.861551338311828, 0.6974490603061104, 2.980979379148957, -2.9233039322378582], [4.984418386922524, -7.059029419604753, 0.3804087105852129, 2.9503200155542126, -2.973759367747238], [4.95401265673207, -4.708133948076637, 0.49250501321782947, 2.988838048134272, -2.9845567541402587], [4.9572425760164, -1.5477200268649547, 0.28812583889154625, 2.9665346697046546, -2.9582016366189707], [4.822844895101413, -5.098316895288042, 0.3810572411098462, 2.947663488478594, -2.922644290543598], [4.892397891093413, -4.788644199649879, 0.17244785339485513, 2.9533171505457894, -2.9620038068286587], [0.9952354879627388, -9.602659344718035, 0.3622034188361317, 2.8819630121853876, -2.980843726550524], [0.41343673501402467, 0.6451307868633815, 0.05224577082906093, -2.756895378990182, -2.933706487680829], [0.796641968539344, -9.675990984082489, 0.3675881114390871, -1.5255529730396151, -0.3584104614520087], [3.7825610081140724, 1.1619068209899304, 0.18334147131872414, -2.947205417644255, -2.832294494207719], [3.5906700482986107, 3.5094574840727724, 0.4575065593777449, -2.905577219094206, 1.7367422112966908], [-0.13054852511678394, -3.6204021224606793, 0.4923593488147393, -2.8595181603496163, 2.8662174498129973], [3.3497828350559224, -9.708268903409264, 0.4165612779111298, 2.882225981532267, -2.846562030635997], [4.697205448050839, 0.06645478527271642, 0.0031016697531525573, 1.66756734826345, -2.883610316617615], [-4.88602634517792, 5.371796041820133, 0.0067186222247265955, 1.4044112394805417, 2.821780463681173], [-2.3862398271125826, -2.2989342601217597, 0.005601516535995747, 0.10097916364517667, 2.8582012790687674], [-4.756463964057503, -3.9739212244490885, 0.007284170931205999, -1.786679208911612, 2.9805560887036426], [-4.989027501035094, -5.091027936886004, 0.44654235586973856, -2.819859878370231, 2.8707806934624465], [4.7102193510461525, -9.414973806910321, 0.6956003554140938, 2.760367417314046, -1.3984465536852164], [4.953922009071212, -9.739256606763425, 0.020250877273038988, -2.9486256030564424, 2.936535471279818]], "Final Predicted Pose 0": [0.07994697988033295, 0.2908625602722168, 0.7458205223083496, -0.14919042587280273, -0.7692025303840637, 0.621345043182373], "Predicted Translation Error 0": "1.9709995441595196cm", "Predicted Rotation Error 0": "tensor([0.9443], grad_fn=<DivBackward0>)"}