{"num_updates": "2541", "penalty": "tensor(0., dtype=torch.float64, grad_fn=<AddBackward0>)", "Starting Pose": [-0.026372287422418594, 0.06597724556922913, -0.33062130212783813, -0.5676891803741455, 0.6972618103027344, 0.3120002746582031, 0.3069379925727844], "Starting Soft Arm States": [-6.0, -26.100000381469727, 10.0, 29.737791061401367, 3.5968844890594482, 35.40115737915039], "Number of Trajectories": 1, "Final Desired Pose": [0.10802865028381348, 0.07023769617080688, -0.29750871658325195, -0.6294369697570801, 0.11074813455343246, 0.7691189646720886], "Predicted Trajectory 0": [[0.524181181160345, 0.26536529988853275, 0.2990586434303033, -0.1670362502336502, -0.9831852912902832, 0.0737939104437828], [0.5548475384712219, 0.2375415563583374, 0.3294658660888672, -0.007123790215700865, -0.9996576905250549, 0.025176357477903366], [0.6063535213470459, 0.226599782705307, 0.3355916738510132, 0.08407378941774368, -0.9880245327949524, -0.12937970459461212], [0.6385807991027832, 0.2357274740934372, 0.3710004985332489, -0.0011699143797159195, -0.989668071269989, -0.143373042345047], [0.6752873063087463, 0.23790131509304047, 0.39049679040908813, -0.03928287699818611, -0.9746246337890625, -0.22037158906459808], [0.6924231648445129, 0.2385869175195694, 0.396047979593277, -0.00910555012524128, -0.9669994711875916, -0.2546156644821167], [0.6809789538383484, 0.28894785046577454, 0.40422242879867554, -0.2742455005645752, -0.9009547233581543, -0.3362587094306946], [0.7024216651916504, 0.2569160759449005, 0.38170763850212097, -0.18445363640785217, -0.8941419124603271, -0.40802833437919617], [0.6926910877227783, 0.31439080834388733, 0.38980916142463684, -0.4669903516769409, -0.7759398818016052, -0.4240722954273224], [0.7239232659339905, 0.22857187688350677, 0.37319573760032654, -0.19818872213363647, -0.88492751121521, -0.4214552342891693], [0.6916971206665039, 0.2788867652416229, 0.39580586552619934, -0.42315322160720825, -0.8574762940406799, -0.2927042841911316], [0.6944480538368225, 0.22518162429332733, 0.37867653369903564, -0.284274160861969, -0.936008632183075, -0.20754769444465637], [0.6748343110084534, 0.29150208830833435, 0.39619535207748413, -0.5451083183288574, -0.8312044739723206, -0.10934331268072128], [0.6974841952323914, 0.2088078409433365, 0.39268070459365845, -0.3023722767829895, -0.9529233574867249, -0.02254081517457962], [0.6681070327758789, 0.3047291934490204, 0.41020217537879944, -0.6173610091209412, -0.7816724181175232, 0.08862023800611496], [0.6890360116958618, 0.2105848342180252, 0.4275805950164795, -0.32744482159614563, -0.8978376984596252, 0.2943933308124542], [0.6537222266197205, 0.31243637204170227, 0.45114490389823914, -0.5673984289169312, -0.6334599852561951, 0.5261058807373047], [0.6628668904304504, 0.23572148382663727, 0.4643092155456543, -0.3981659710407257, -0.6698716878890991, 0.6266863346099854], [0.6282948851585388, 0.348910391330719, 0.4548191428184509, -0.7429391741752625, -0.29424506425857544, 0.6012164950370789], [0.6383945941925049, 0.30983275175094604, 0.43476563692092896, -0.7410335540771484, -0.29577529430389404, 0.6028151512145996], [0.6308624744415283, 0.31789588928222656, 0.4472353458404541, -0.7245117425918579, -0.16050207614898682, 0.6703146696090698]], "Control Inputs 0": [[-4.999902681996464, -1.5528682244131762, 0.004381536015668927, 0.24064486713351396, -2.9690318676038157], [-4.856725793355955, -2.6370385726237133, 0.006396235892143148, -1.6080733802078668, 2.98547882595407], [-4.92196443405668, 0.8157145274144799, 0.0034955586032571822, -2.395307808788459, 2.906931441517962], [-4.775415941114669, 0.8107576661419316, 0.01321185920606439, -1.1693738728227292, 0.2726871726114344], [1.09370091320576, 9.780427027072907, 0.0025116032014946693, -0.3372903799132776, 2.848373689821692], [-4.732451130330895, 9.95683311261081, 0.0025829339572779842, -0.6963066868250669, -2.9663982583955577], [3.0180803820538475, 9.772752117772121, 0.0036611561846064747, -1.8322554639854132, 2.9633830257290894], [-4.895970816621532, -3.4471694772083774, 0.016834541531657938, -2.82481771147046, -0.7175179198024155], [4.862497879431968, -3.786793154715589, 0.004309791856159123, 2.3353391853791745, 2.8693552387361736], [-2.714389279446967, -1.6300208521831152, 0.015075280748274836, 0.4776256869127522, 2.8924036075774815], [4.945184051657256, 1.351122303924063, 0.012456905631121064, 0.12653906859900665, 2.9266234636349004], [-4.842695906010427, -9.228546148648572, 0.0013303480956479163, -1.0025897684961989, 2.994994496375222], [4.919156245666629, -3.9816891196034714, 0.0037566054232005845, 0.028047209203498458, 2.9953779562162666], [-4.721890472839823, -9.396370452035478, 0.014612670875864065, 2.829451790318525, 2.951461788674518], [4.8996938350602655, -8.988075343250383, 0.008187744778538205, 2.920974783131016, 2.955342888744794], [-4.925323010028252, -9.269974475757909, 0.00211374097339327, 2.2935792953132994, 2.9785786950457176], [4.8866888775578, -6.603047059709775, 0.0028488799052691846, -2.943111095601971, 2.959498348608057], [-4.921368077185034, -9.243787334738489, 0.5982625527554, -2.846272879588357, 2.9585901354211046], [4.909872613188943, -9.287032462371961, 0.0009690051559790665, 2.949478513644199, -2.3735325256686175], [-4.901775043746646, -8.39499502825218, 0.00880348252605543, 2.831933362277648, 2.945729564838004]], "Final Predicted Pose 0": [0.6308624744415283, 0.31789588928222656, 0.4472353458404541, -0.7245117425918579, -0.16050207614898682, 0.6703146696090698], "Predicted Translation Error 0": "5.417090128673436cm", "Predicted Rotation Error 0": "tensor([0.9538], grad_fn=<DivBackward0>)"}