{"num_updates": "565", "penalty": "tensor(532.2710, dtype=torch.float64, grad_fn=<AddBackward0>)", "Starting Pose": [-0.1171317771077156, 0.09510336071252823, -0.346181720495224, -0.30158770084381104, 0.8332537412643433, -0.24433507025241852, 0.39374271035194397], "Starting Soft Arm States": [0.5, -74.0, 10.0, 13.860493659973145, 13.804191589355469, 35.40115737915039], "Number of Trajectories": 1, "Final Desired Pose": [-0.10722073912620544, 0.19076471030712128, -0.33972713351249695, -0.7237952351570129, -0.40605342388153076, 0.5578898787498474], "Predicted Trajectory 0": [[0.413844088663637, 0.35738499791960265, 0.2591116517289544, -0.5080230236053467, -0.3101878762245178, 0.8035521507263184], [0.3779427111148834, 0.3634541928768158, 0.22883521020412445, -0.7129132747650146, -0.388743132352829, 0.5836381316184998], [0.35946890711784363, 0.4057265818119049, 0.2140878438949585, -0.8214450478553772, -0.37787726521492004, 0.4271262586116791], [0.38767924904823303, 0.4289839267730713, 0.19127917289733887, -0.8826872110366821, -0.38602831959724426, 0.2680400609970093], [0.4029904007911682, 0.4637606143951416, 0.1885540634393692, -0.9277119040489197, -0.31115010380744934, 0.20624318718910217], [0.41768014430999756, 0.49562981724739075, 0.19278745353221893, -0.9574450254440308, -0.22062203288078308, 0.1860775500535965], [0.42813336849212646, 0.5200405120849609, 0.21904264390468597, -0.941941499710083, -0.14820340275764465, 0.3013003468513489], [0.42692360281944275, 0.5547212958335876, 0.23244592547416687, -0.933014452457428, -0.029541002586483955, 0.3586241602897644], [0.4194817543029785, 0.5424301028251648, 0.24849803745746613, -0.8973204493522644, -0.002968095475807786, 0.4413696825504303], [0.4190380573272705, 0.514124870300293, 0.23194827139377594, -0.9462279677391052, -0.054224442690610886, 0.31892383098602295], [0.42485809326171875, 0.5499422550201416, 0.22629624605178833, -0.963773787021637, -0.005570138338953257, 0.26666274666786194], [0.41105735301971436, 0.6146937608718872, 0.24577420949935913, -0.896919310092926, 0.18667222559452057, 0.4008606970310211], [0.40724822878837585, 0.6042014360427856, 0.2708981931209564, -0.8439327478408813, 0.19485065340995789, 0.49981072545051575], [0.41230177879333496, 0.6107056736946106, 0.25161507725715637, -0.8937166333198547, 0.1415649801492691, 0.4257112741470337], [0.411064088344574, 0.6631600856781006, 0.2876337766647339, -0.768736720085144, 0.3090231120586395, 0.5599541664123535], [0.4082241952419281, 0.6214483976364136, 0.2749595642089844, -0.7974209785461426, 0.2074722796678543, 0.5666348338127136], [0.41754427552223206, 0.6275211572647095, 0.29272031784057617, -0.7725144624710083, 0.1814444363117218, 0.6085222363471985], [0.41316431760787964, 0.6252821087837219, 0.29318830370903015, -0.7592713832855225, 0.05313567444682121, 0.648601233959198], [0.4210902154445648, 0.6357443928718567, 0.3253744840621948, -0.7271384000778198, 0.08230790495872498, 0.6815387010574341], [0.43039965629577637, 0.5883423089981079, 0.2882894277572632, -0.7715597748756409, -0.23469772934913635, 0.5912804007530212], [0.4335055351257324, 0.6323020458221436, 0.2835899889469147, -0.8076090812683105, -0.16156429052352905, 0.5671547651290894]], "Control Inputs 0": [[4.067318111015878, 9.812951809684481, 0.011085693145668825, -2.9069437540637484, 2.9848546305971455], [-4.942844444369248, 9.832406119233958, 0.48413284193169787, -0.6853948900552687, 2.9836133939848084], [-3.6608667029580895, 9.962901035621215, 0.002617861020931418, -0.45520225723976226, 2.9839203049396748], [-1.2619625332117623, 9.830460569066378, 0.42000046253525164, 0.20085349046427936, 2.9935135973622318], [-1.5771462391206654, 9.829727411374549, 0.14632501167852635, 2.9293429328645715, 2.995694167503099], [-0.7225156197858542, 9.847986018216865, 0.008402660510136578, 1.1106794879561805, 2.9978071313846764], [1.707309242355877, 9.830329435170277, 0.05466846034530584, 1.624308711811075, 2.9079984757584807], [-1.8957721706774904, -9.78473253804244, 0.5352284453404738, -2.0027798153218446, 2.967695518120541], [-1.1645115268577086, -9.746766294805914, 0.37978688868427396, -2.0921081768775225, 2.8645948995900694], [-0.3461530919230871, 9.686363491274651, 0.5160320504849152, 2.0062317955246067, 2.9658240051649942], [4.899772555397329, 9.817682166954679, 0.456242016809283, 2.0283569988049104, 2.976531191192974], [-4.788585402503321, -9.799051707552383, 0.04558568397309494, -0.312403282927892, 1.2968422326031623], [4.201570278580535, 9.79744105402861, 0.09845113077818295, 1.749125770627046, 2.8346807395276663], [-1.212690460421721, -9.802376342984948, 0.3774022558219784, 1.370302505173873, 2.950022383450298], [-2.147921461232753, -9.808031138341722, 0.45059178447811193, 2.9344373825655454, 0.8575907732116987], [-0.4560931990253696, -1.4584023459791613, 0.0014973236894188383, 0.42445614722513003, -2.8777747160142515], [3.0373716355637175, 9.630103473469127, 0.5521849939886305, 2.0208825870693214, -2.6313432945413777], [-4.89226934872723, -9.801345768401216, 0.10088643270006127, -2.8246681700157614, -2.904954612013608], [4.902221831339119, 9.816805954103469, 0.5795187833865166, -2.8371461549705455, -2.9462450175021946], [-4.897917747230576, 9.810261180561795, 0.3696701719587801, 0.27190530352112585, -2.9442127887740077]], "Final Predicted Pose 0": [0.4335055351257324, 0.6323020458221436, 0.2835899889469147, -0.8076090812683105, -0.16156429052352905, 0.5671547651290894], "Predicted Translation Error 0": "1.1109719587910065cm", "Predicted Rotation Error 0": "tensor([0.9666], grad_fn=<DivBackward0>)"}