{"num_updates": "2642", "penalty": "tensor(0., dtype=torch.float64, grad_fn=<AddBackward0>)", "Starting Pose": [0.18161779642105103, 0.23097530007362366, -0.22144243121147156, -0.32182440161705017, -0.5993974804878235, -0.5491143465042114, -0.48541226983070374], "Starting Soft Arm States": [-41.70000076293945, -48.29999923706055, 10.0, 22.3919734954834, 35.18257141113281, 2.8583285808563232], "Number of Trajectories": 1, "Final Desired Pose": [-0.27445000410079956, 0.1273813396692276, -0.2526431977748871, -0.7648117542266846, -0.48429951071739197, 0.42487281560897827], "Predicted Trajectory 0": [[0.7770365156163814, 0.7866525047391766, 0.5793446452257325, -0.32160791754722595, -0.14729222655296326, 0.9353466629981995], [0.7774951457977295, 0.8012670278549194, 0.5020474791526794, -0.3863530158996582, 0.14335817098617554, 0.9111419916152954], [0.7378399968147278, 0.7716134786605835, 0.4401705265045166, -0.4907824695110321, 0.3217370808124542, 0.8097023367881775], [0.6882159113883972, 0.7300282120704651, 0.3620927631855011, -0.6427670121192932, 0.43071839213371277, 0.6335079073905945], [0.6288874745368958, 0.6905695796012878, 0.32340872287750244, -0.6902422308921814, 0.41704365611076355, 0.591303825378418], [0.5631449818611145, 0.6768540143966675, 0.3159315288066864, -0.6538008451461792, 0.43540164828300476, 0.618845522403717], [0.5060051083564758, 0.6620617508888245, 0.3244902193546295, -0.6094275116920471, 0.42789652943611145, 0.6674597859382629], [0.4609847664833069, 0.6530681252479553, 0.35025638341903687, -0.5460103750228882, 0.39295801520347595, 0.7399031519889832], [0.41229093074798584, 0.625426709651947, 0.3862420916557312, -0.43754372000694275, 0.36592909693717957, 0.8213716149330139], [0.3656597137451172, 0.5399014949798584, 0.4347451627254486, -0.32112687826156616, 0.2828695774078369, 0.903804361820221], [0.3182598054409027, 0.5732342004776001, 0.43179747462272644, -0.3776323199272156, 0.44206100702285767, 0.8136190176010132], [0.28549474477767944, 0.5540541410446167, 0.48060518503189087, -0.31954964995384216, 0.3233438730239868, 0.8906945586204529], [0.2505384385585785, 0.5436438918113708, 0.5061270594596863, -0.3624339699745178, 0.22412534058094025, 0.9046598076820374], [0.23590083420276642, 0.4788391590118408, 0.5068312883377075, -0.39016103744506836, -0.03571570664644241, 0.9200536012649536], [0.23082908987998962, 0.4625708758831024, 0.5001650452613831, -0.41581112146377563, -0.16689057648181915, 0.8940070271492004], [0.2319498211145401, 0.43033432960510254, 0.5152188539505005, -0.36112090945243835, -0.19598497450351715, 0.9116916656494141], [0.21025197207927704, 0.43065503239631653, 0.49326902627944946, -0.5166906714439392, -0.1670292764902115, 0.8397214412689209], [0.19910494983196259, 0.42025789618492126, 0.5092189908027649, -0.5170897841453552, -0.3229452669620514, 0.7926692962646484], [0.19289761781692505, 0.4480893909931183, 0.507007896900177, -0.5738852024078369, -0.3364764153957367, 0.7466186881065369], [0.18873746693134308, 0.4448053538799286, 0.4686557650566101, -0.6936208605766296, -0.4027456045150757, 0.5972320437431335], [0.20259881019592285, 0.4556925892829895, 0.4799560308456421, -0.6576442718505859, -0.4358683228492737, 0.6144288182258606]], "Control Inputs 0": [[4.974741749125714, -8.171542869299214, 0.6996723546903778, -2.9680636945396817, -2.981239988320876], [4.972098654172218, -9.2317241339158, 0.6999472570660232, -2.8578169543996252, -2.986753393063818], [4.962472111135357, -9.87009362615292, 0.2908548834271453, 0.7179378095338875, -2.995394262886378], [4.955612707219489, -2.8116427592165794, 0.6154514956879703, 2.8689855643622453, -2.984190128794334], [4.985196644800302, 0.7031885311717918, 0.36887263322840325, 2.9472552598734385, -2.988371020650101], [4.908019107070832, 1.7734986226278124, 0.013521883265126973, 2.8380088486441233, -2.9749080006635578], [4.9521185977130475, 3.7175836669507305, 0.15519348687349374, 2.8511794984364025, -2.8863500468613483], [4.942906529178147, -8.610299003752077, 0.6954453701611072, 2.944122525722043, -2.9457915592491677], [4.920632848352744, -8.447371545527886, 0.33852125002469335, -2.938267478631123, 2.8914864517636394], [4.9448989886184975, 2.8856249292971974, 0.5101239273740981, -2.5880799482657033, -2.9060162918562766], [4.911145855004314, 4.915328486509587, 0.37491931516167193, -2.924643743387614, -2.981469759337817], [2.9879543476064434, -1.6919333369736762, 0.007804326863578598, -2.9418940461837795, -2.869242030319137], [0.2569562104543932, 1.9918961659493206, 0.007407808034316673, -2.3294071985110203, -2.8510019219257807], [-1.6256594359340992, -1.3427643039567752, 0.21928893814938608, 2.928112522546315, -0.48253841514664053], [-2.7594359486902422, -5.21929417310274, 0.22599232202502237, -1.389685834933344, 2.942374648933937], [4.895618864884893, -0.18339343483868298, 0.007644443462173878, -2.942501704390988, -2.8326013269145998], [-0.3089815873085753, 9.810649813744778, 0.3243225444124884, -0.7613606520845169, -2.9395996732122223], [-0.6083863383828385, -3.1446513277287513, 0.007732644747282089, -2.9417882938212174, 2.937739148859217], [0.08004895115938115, 9.80598144704365, 0.19035547356209775, 2.9423128672778027, -2.9410518049123353], [-4.8472601573717, 1.943145351884965, 0.004824542845023946, -2.9455757567984597, -2.9442600617354056]], "Final Predicted Pose 0": [0.20259881019592285, 0.4556925892829895, 0.4799560308456421, -0.6576442718505859, -0.4358683228492737, 0.6144288182258606], "Predicted Translation Error 0": "1.8117371655484913cm", "Predicted Rotation Error 0": "tensor([0.9751], grad_fn=<DivBackward0>)"}