{"num_updates": "444", "penalty": "tensor(0., dtype=torch.float64, grad_fn=<AddBackward0>)", "Starting Pose": [-0.36990341544151306, 0.09550941735506058, -0.19604936242103577, -0.2824452519416809, 0.5251760482788086, -0.7717226147651672, 0.22104057669639587], "Starting Soft Arm States": [35.900001525878906, -86.80000305175781, 10.0, 15.17201042175293, 30.708181381225586, 35.407779693603516], "Number of Trajectories": 1, "Final Desired Pose": [-0.22368526458740234, 0.19082970917224884, -0.26782476902008057, -0.20359177887439728, 0.9456460475921631, 0.2535822093486786], "Predicted Trajectory 0": [[0.10654743311733744, 0.35866787445310194, 0.644534197607526, -0.7427314519882202, 0.044497065246105194, 0.6681092381477356], [0.1238333061337471, 0.39612695574760437, 0.5850159525871277, -0.7976605892181396, 0.09933744370937347, 0.5948694348335266], [0.15162506699562073, 0.4460737109184265, 0.5352787375450134, -0.7880472540855408, 0.1786613017320633, 0.589119553565979], [0.18479202687740326, 0.49609845876693726, 0.49070626497268677, -0.758073091506958, 0.2777501940727234, 0.5900679230690002], [0.21629470586776733, 0.5456825494766235, 0.4496995508670807, -0.7407138347625732, 0.3714888393878937, 0.5597670078277588], [0.24215728044509888, 0.5957014560699463, 0.4339509606361389, -0.6912505030632019, 0.46656209230422974, 0.5518084764480591], [0.2587670385837555, 0.6370853185653687, 0.4485325217247009, -0.5839406251907349, 0.5549922585487366, 0.5924499034881592], [0.2675148844718933, 0.6604192852973938, 0.44999033212661743, -0.5529584884643555, 0.5993710160255432, 0.5787844061851501], [0.27632632851600647, 0.6645944118499756, 0.45061904191970825, -0.5119593739509583, 0.6327125430107117, 0.5810098052024841], [0.2784820795059204, 0.661467432975769, 0.46257495880126953, -0.48774710297584534, 0.6475731134414673, 0.5854501724243164], [0.27479326725006104, 0.6669829487800598, 0.46072813868522644, -0.5208680629730225, 0.6425227522850037, 0.5620151162147522], [0.27756360173225403, 0.6857467293739319, 0.4584784507751465, -0.4965597689151764, 0.6915464401245117, 0.5245872735977173], [0.27788621187210083, 0.6822229623794556, 0.45869335532188416, -0.4712356626987457, 0.7294445633888245, 0.4958302080631256], [0.2704775929450989, 0.6704097390174866, 0.4533129632472992, -0.5105994939804077, 0.7229703664779663, 0.46540528535842896], [0.27236056327819824, 0.670425295829773, 0.4539700150489807, -0.47603535652160645, 0.7598447799682617, 0.4427485466003418], [0.2746933400630951, 0.6648587584495544, 0.4544971287250519, -0.43714800477027893, 0.7949737310409546, 0.4206165671348572], [0.27966123819351196, 0.6714953184127808, 0.4658530354499817, -0.3723889887332916, 0.8325748443603516, 0.4100555181503296], [0.27480921149253845, 0.681074321269989, 0.4652654826641083, -0.3713577389717102, 0.8479936718940735, 0.3781535029411316], [0.2735479474067688, 0.6947291493415833, 0.449551522731781, -0.3151167929172516, 0.9090465307235718, 0.27264562249183655], [0.27033746242523193, 0.6808842420578003, 0.46618807315826416, -0.28065380454063416, 0.9056224822998047, 0.317933052778244], [0.2853938341140747, 0.661984384059906, 0.45880821347236633, -0.30602288246154785, 0.8830453753471375, 0.35578209161758423]], "Control Inputs 0": [[-4.90378543144558, 9.805800243841766, 0.007617401764387152, -0.37707638986114755, 2.9934814039054274], [-4.899108793012182, 9.78613135155322, 0.12364826162867545, 1.7984144552050072, 2.939615311980747], [-4.851680022887472, 9.699187194186823, 0.006933761311892836, 0.3345231350623421, 2.941452842954112], [-2.6925901570171513, 9.790479036272071, 0.04812721955021116, 0.24198654747473558, 2.9088333594049347], [-1.4579603687937541, 9.806259212478114, 0.00368874320958375, 2.9618706310571445, 2.930798597277321], [0.004849560081705562, 9.796051034729956, 0.006637923596822023, -0.24206756939183371, 1.1789319085326362], [0.07385628464378513, 9.801084192087508, 0.006830250374088966, -0.038189760335484824, -0.08627380551051322], [-1.1392106912525315, -0.09000821892115951, 0.15513716469754998, 1.6576031355959788, 1.164297478479627], [-0.030262393896094864, -1.5130303428414145, 0.0167869694080483, -1.7780631166509997, 0.14856351137771018], [1.2159470366359821, 9.77889156836222, 0.1384854350094035, -1.1043081007762765, -0.5115359559528145], [0.7208551567646477, 9.80005777131895, 0.06923302499002115, 0.050290122572404616, -0.06926725424865277], [0.36349941573918443, 0.2706767544259048, 0.0066514666506548815, -1.6998819720423266, -0.09634177256839349], [0.343957688429569, 1.7185988209627343, 0.006694698361679614, 0.2864670074911828, 0.6190036340159448], [-0.8069515304122152, -0.9531130450877345, 0.047294779879639086, 0.8577008295696418, 1.5925602379486117], [-1.0689999033531072, -4.872641420733031, 0.08226174450317329, 2.9344749496150992, 2.7119403238212927], [0.12159003084706121, 1.0887186093243333, 0.0065170170481828335, -0.6316503956187547, -0.14067824357397374], [1.9964299566689512, 9.798356607048646, 0.23488194677177274, -2.895222141401328, 1.3586200453899968], [0.8883225356402296, 1.528485666903487, 0.007188701446931761, 0.7615324027437045, -0.39877569070826135], [-0.44995032908662846, 5.189280308850339, 0.2243315388421287, 1.519437609619839, -2.936263391506938], [-4.900736882028745, -0.3605380426368878, 0.13747324504744285, -2.0695062298493054, -2.8927031684611215]], "Final Predicted Pose 0": [0.2853938341140747, 0.661984384059906, 0.45880821347236633, -0.30602288246154785, 0.8830453753471375, 0.35578209161758423], "Predicted Translation Error 0": "0.12630379100814257cm", "Predicted Rotation Error 0": "tensor([0.9876], grad_fn=<DivBackward0>)"}