{"num_updates": "1675", "penalty": "tensor(243.6954, dtype=torch.float64, grad_fn=<AddBackward0>)", "Starting Pose": [-0.2960636019706726, 0.1736903339624405, -0.21850937604904175, -0.49312523007392883, -0.44897156953811646, -0.7048059701919556, -0.24186880886554718], "Starting Soft Arm States": [27.399999618530273, 67.69999694824219, 10.0, 21.63023567199707, 35.19581985473633, 23.898893356323242], "Number of Trajectories": 1, "Final Desired Pose": [0.06812894344329834, 0.07370106875896454, -0.2856834828853607, -0.44556280970573425, 0.12279252707958221, 0.8867895603179932], "Predicted Trajectory 0": [[0.1963151296647944, 0.6056690382749269, 0.586874438285716, -0.396653950214386, 0.1018572598695755, 0.9122996926307678], [0.20326435565948486, 0.5826961398124695, 0.5687505602836609, -0.47544345259666443, -0.01938810758292675, 0.8795326352119446], [0.23326998949050903, 0.5316417813301086, 0.5545251369476318, -0.471510648727417, -0.24249927699565887, 0.8478630781173706], [0.2686730921268463, 0.4931897819042206, 0.5319141745567322, -0.45694583654403687, -0.4104551672935486, 0.7891305685043335], [0.30771616101264954, 0.44605308771133423, 0.5044063329696655, -0.43795862793922424, -0.5341262221336365, 0.7231191992759705], [0.3493432104587555, 0.4054158926010132, 0.47373053431510925, -0.4150511622428894, -0.5950129628181458, 0.6882529854774475], [0.39241886138916016, 0.363307386636734, 0.45296934247016907, -0.35040953755378723, -0.6538174748420715, 0.6706234812736511], [0.4355430603027344, 0.3292844891548157, 0.4361346662044525, -0.321666419506073, -0.6995482444763184, 0.6380932927131653], [0.48139917850494385, 0.28768858313560486, 0.42946454882621765, -0.27587586641311646, -0.7569375038146973, 0.5924003720283508], [0.5257132649421692, 0.25893455743789673, 0.4233038127422333, -0.2615250051021576, -0.8153820633888245, 0.5164850354194641], [0.5667250752449036, 0.2528166174888611, 0.4168318212032318, -0.2647199332714081, -0.8760824799537659, 0.40299221873283386], [0.5768692493438721, 0.25472357869148254, 0.39928245544433594, -0.32760265469551086, -0.9183202385902405, 0.22218118607997894], [0.5775103569030762, 0.2693708837032318, 0.42082303762435913, -0.36196601390838623, -0.8727033138275146, 0.32767295837402344], [0.6053766012191772, 0.2822532653808594, 0.42359107732772827, -0.47803211212158203, -0.8208508491516113, 0.3125526010990143], [0.636970579624176, 0.27393046021461487, 0.4440394341945648, -0.5013442039489746, -0.775202214717865, 0.38433772325515747], [0.6382266879081726, 0.2729375958442688, 0.4399176836013794, -0.5458293557167053, -0.7262206077575684, 0.41794005036354065], [0.6044530272483826, 0.31018269062042236, 0.4132881462574005, -0.672423243522644, -0.5919889211654663, 0.4442927837371826], [0.6084121465682983, 0.30850014090538025, 0.43166667222976685, -0.6676283478736877, -0.48045891523361206, 0.568710446357727], [0.6216047406196594, 0.2545289993286133, 0.43597668409347534, -0.6163792610168457, -0.5966987013816833, 0.5138357877731323], [0.6102184653282166, 0.3303278684616089, 0.4457365572452545, -0.7157808542251587, -0.22410260140895844, 0.6613892316818237], [0.6096739172935486, 0.3071889281272888, 0.46498167514801025, -0.6071119904518127, -0.07452711462974548, 0.7911136150360107]], "Control Inputs 0": [[-4.9608411406315716, -9.861051217564901, 0.0031902762784065623, 2.8876986061987537, -2.9124628080156327], [-4.966006340418242, -9.697598162018803, 0.0022752312940223594, 2.961844155231745, -2.9710951915224415], [-4.994688091266778, -9.462449343835113, 0.0031303474325109337, 2.3318812279130663, -2.976849629403065], [-4.91854289486097, -9.99855667191966, 0.008635138389616487, 1.609300138842035, -2.9790505705685297], [-4.9223667016881905, -9.587307141863807, 0.0011765377451952023, 2.8903096950334826, -2.9114838810065473], [-4.801306321971418, -9.400433516593477, 0.006711122832955234, 0.2085053617863335, -2.962936575910137], [-4.993447929138503, -9.27625042481258, 0.015245770273720911, 0.07546755918363024, -2.945475985124502], [-4.947687627379389, -9.223014980517426, 0.006875671230913366, -2.4408104503342054, -2.9482892014047044], [-4.892206674367964, -6.273408334295768, 0.004457333229723107, -2.837310208934268, -2.8105860885796146], [-4.734014280660315, 9.701974385542094, 0.012507958705539841, -2.8319737983644244, -2.897307056349785], [4.16491045615693, -9.188263678464299, 0.007544168567758242, 1.8306977886847662, 2.947592135166661], [-4.917280546046787, 2.3380085870607825, 0.0037797537460813645, -2.950709646311131, 2.853409104170934], [-2.860300256932009, -9.327854816767108, 0.003953631484059865, -0.09457056719714263, 2.968195947521308], [-4.112059247589682, -9.325179089223521, 0.01541396485336149, -0.6696530440570729, 2.953599076501237], [4.835176555175517, -9.389172691297544, 0.014360960906435273, -1.3840110637621137, 2.950282077335184], [2.857978125623144, -9.38428314790859, 0.0033471865037214867, 2.8473970332184306, 2.8294911542908396], [-4.946502647760119, -9.212954775449756, 0.003669344909131878, -2.821013801728368, -2.6434815691505706], [3.225506084749197, -9.214713683339081, 0.006012288324067928, 2.820716914625036, 2.955022384997055], [-4.916275780835519, -9.026406377143331, 0.5549068493485247, 2.970184755795626, 2.912266970425634], [4.903836194615094, -9.255374802648342, 0.01519939852301694, 2.9031841018064197, 2.943941039459996]], "Final Predicted Pose 0": [0.6096739172935486, 0.3071889281272888, 0.46498167514801025, -0.6071119904518127, -0.07452711462974548, 0.7911136150360107], "Predicted Translation Error 0": "3.166723782953018cm", "Predicted Rotation Error 0": "tensor([0.9629], grad_fn=<DivBackward0>)"}