{"num_updates": "2988", "penalty": "tensor(0., dtype=torch.float64, grad_fn=<AddBackward0>)", "Starting Pose": [-0.11145883798599243, 0.09820762276649475, -0.3463197350502014, -0.2795861065387726, 0.8266373872756958, -0.2629236578941345, 0.41154998540878296], "Starting Soft Arm States": [0.5, -74.0, 10.0, 13.860493659973145, 13.804191589355469, 35.40115737915039], "Number of Trajectories": 1, "Final Desired Pose": [-0.07913687080144882, 0.11689724028110504, -0.39702481031417847, -0.7787439823150635, 0.5409873127937317, -0.3176327347755432], "Predicted Trajectory 0": [[0.42074072956336167, 0.3671924595536004, 0.2587573382296526, -0.5049164295196533, -0.24582019448280334, 0.8274248242378235], [0.4341171085834503, 0.2903384566307068, 0.23048655688762665, -0.45474228262901306, -0.685306966304779, 0.5688267350196838], [0.4439515769481659, 0.26037198305130005, 0.21234343945980072, -0.3821239173412323, -0.8930659294128418, 0.23751765489578247], [0.4468330144882202, 0.25851011276245117, 0.20020027458667755, -0.38361772894859314, -0.923366367816925, -0.015231470577418804], [0.44197943806648254, 0.2647005021572113, 0.17864292860031128, -0.3101070523262024, -0.9024946689605713, -0.2988929748535156], [0.42054712772369385, 0.27887895703315735, 0.21155983209609985, -0.44526752829551697, -0.8489885926246643, -0.284525990486145], [0.46358758211135864, 0.24988965690135956, 0.16199329495429993, -0.09723380953073502, -0.836650013923645, -0.539038360118866], [0.4072725474834442, 0.35706526041030884, 0.1917446255683899, -0.5174492001533508, -0.6632959842681885, -0.5406336784362793], [0.4432864785194397, 0.3516194522380829, 0.1553116887807846, -0.3157234191894531, -0.6033583283424377, -0.7323096394538879], [0.4055629074573517, 0.34990859031677246, 0.17081496119499207, -0.43224290013313293, -0.5162551403045654, -0.7393556237220764], [0.4058336019515991, 0.3765410780906677, 0.1519096940755844, -0.41441792249679565, -0.4172267019748688, -0.808813750743866], [0.43024396896362305, 0.368539959192276, 0.11790749430656433, -0.24489443004131317, -0.3779186010360718, -0.8928629159927368], [0.40363720059394836, 0.39811211824417114, 0.15107299387454987, -0.4310823976993561, -0.34240639209747314, -0.8348208665847778], [0.44430235028266907, 0.37325018644332886, 0.11439518630504608, -0.19164641201496124, -0.33574768900871277, -0.9222500920295715], [0.40869447588920593, 0.3917408287525177, 0.16230089962482452, -0.4314172863960266, -0.26163914799690247, -0.8633794188499451], [0.4535411298274994, 0.3650229275226593, 0.1191016286611557, -0.17897829413414001, -0.19718730449676514, -0.963890016078949], [0.41576600074768066, 0.391742467880249, 0.16082952916622162, -0.4312168061733246, -0.07916545122861862, -0.8987685441970825], [0.4611380398273468, 0.3350829780101776, 0.1310998946428299, -0.2053387612104416, -0.06503720581531525, -0.9765275716781616], [0.4211250841617584, 0.3772071897983551, 0.16074562072753906, -0.5073337554931641, 0.15570992231369019, -0.847565233707428], [0.48601865768432617, 0.33761030435562134, 0.1258947104215622, -0.24189536273479462, 0.23856011033058167, -0.9405187964439392], [0.4376051127910614, 0.41401827335357666, 0.16523952782154083, -0.5843141674995422, 0.4414064884185791, -0.6809826493263245]], "Control Inputs 0": [[-1.6209126592458398, -4.3219589295805525, 0.219468521250642, -1.501766858942236, -2.927720427380041], [-0.45464999284588803, -0.7723402008097313, 0.35605771854678825, -0.790566349752226, -1.445695995973958], [-2.0800597597552213, 1.620569080870645, 0.32968240928074205, -1.8710217968739544, -1.068108599155288], [4.901035658987471, 2.3381313760725853, 0.09780616349325223, 2.142227734943635, 0.3384834442175766], [-4.933773379165364, -6.188115569925473, 0.12912472071570094, -0.8941667912149693, -1.8811545295962804], [4.700748459584849, 5.2599734001110665, 0.39376515410655133, -2.3926049042957125, 0.8806827820722298], [-3.104230875933145, 7.8367210789223485, 0.35459037434739565, -1.3143340258282388, -2.8729445908435536], [0.9565492132259603, 9.095191621512065, 0.16189722602816195, 0.4470253572530214, -1.9667095353159607], [4.703130346147184, -5.64275711495462, 0.38912073761353283, 0.03250445018774828, -1.78559415520695], [-3.8601155542783765, -5.48577136336584, 0.3443465931210714, -0.3448803550489239, -0.32999508565637603], [4.752619794413432, -4.181124701549041, 0.5190579411010727, 1.2791623384854098, 2.5940722089496875], [-4.962400065147443, -0.9995898781810979, 0.10711026302827886, 2.849508659184801, 0.7555911709039278], [4.848656816531308, 5.725747885665669, 0.40532020754341924, 2.9221976800393623, -1.6163120167039131], [-4.905243453597591, 0.5428010471055664, 0.1885659539770469, 2.8346675279223454, -1.618435890590297], [4.945914003873655, -1.2659645455799744, 0.4154131414725405, 2.8695379788814037, 0.038286255915444656], [-4.997774962452812, 4.331894708743178, 0.31243653810799704, 2.8908381381972115, 0.018503376709303243], [4.9095768155587685, -7.418613762319331, 0.19000878392323653, 2.889506833517296, 0.3256450513491629], [-4.91241349907083, -7.888470386453183, 0.42789572396793746, 2.941445962886662, 1.5429229354276925], [4.944777329915766, -6.511530799843246, 0.2901997697910381, 2.931490336973374, -1.8295970662295322], [-4.953856383338059, 9.965180381160682, 0.16297726383583744, -2.237041854057632, 0.023212206324521478]], "Final Predicted Pose 0": [0.4376051127910614, 0.41401827335357666, 0.16523952782154083, -0.5843141674995422, 0.4414064884185791, -0.6809826493263245], "Predicted Translation Error 0": "2.3647552262124654cm", "Predicted Rotation Error 0": "tensor([0.9101], grad_fn=<DivBackward0>)"}