{"num_updates": "1792", "penalty": "tensor(97.2278, dtype=torch.float64, grad_fn=<AddBackward0>)", "Starting Pose": [0.18961374461650848, 0.15425632894039154, -0.17913532257080078, -0.27899521589279175, -0.29419857263565063, -0.8972629308700562, -0.174722820520401], "Starting Soft Arm States": [-44.900001525878906, 1.7999999523162842, 10.0, 31.360626220703125, 35.24549865722656, 27.101511001586914], "Number of Trajectories": 1, "Final Desired Pose": [-0.10722073912620544, 0.19076471030712128, -0.33972713351249695, -0.7237952351570129, -0.40605342388153076, 0.5578898787498474], "Predicted Trajectory 0": [[0.7867572586340011, 0.5442701436793094, 0.6879562312303361, -0.7832671999931335, -0.14938463270664215, 0.6034705638885498], [0.7797765731811523, 0.5788910388946533, 0.6229278445243835, -0.8020691275596619, 0.052360422909259796, 0.5949313640594482], [0.7479196190834045, 0.5697905421257019, 0.5774087905883789, -0.7672632932662964, 0.06428571045398712, 0.6381022930145264], [0.6990512013435364, 0.5633611083030701, 0.5172944664955139, -0.7840836048126221, -0.028805872425436974, 0.619986355304718], [0.646031379699707, 0.6007397770881653, 0.4531608521938324, -0.8242264986038208, -0.008778272196650505, 0.5661922097206116], [0.5953191518783569, 0.5758273601531982, 0.3875965178012848, -0.8650606274604797, -0.07753660529851913, 0.4956391155719757], [0.556195080280304, 0.6124204993247986, 0.40522006154060364, -0.7549378275871277, 0.09969589859247208, 0.648173987865448], [0.5071120262145996, 0.5759193301200867, 0.3783069849014282, -0.7692074775695801, 0.05130763351917267, 0.6369359493255615], [0.4650254547595978, 0.604333758354187, 0.3803459107875824, -0.6910846829414368, 0.1791815459728241, 0.7002113461494446], [0.44172394275665283, 0.5912724137306213, 0.37520837783813477, -0.7114930748939514, 0.18652896583080292, 0.6774839758872986], [0.4502735137939453, 0.580062747001648, 0.3422508239746094, -0.7908211350440979, 0.025260884314775467, 0.6115257740020752], [0.4310826063156128, 0.6372125148773193, 0.3527683913707733, -0.7465722560882568, 0.0874168872833252, 0.6595363020896912], [0.41751477122306824, 0.6092039346694946, 0.3226536810398102, -0.8264792561531067, -0.014068488031625748, 0.5627912878990173], [0.4273102283477783, 0.6273942589759827, 0.30059370398521423, -0.869265615940094, -0.0042195688001811504, 0.49432724714279175], [0.4310400187969208, 0.6391440629959106, 0.31825247406959534, -0.8131170272827148, 0.03767033666372299, 0.5808799862861633], [0.44622334837913513, 0.6387494802474976, 0.3382265269756317, -0.7092865705490112, 0.10615558922290802, 0.6968811750411987], [0.44014614820480347, 0.6204278469085693, 0.3455934226512909, -0.6956849694252014, -0.0236077718436718, 0.717958927154541], [0.42987120151519775, 0.6309961676597595, 0.3250732123851776, -0.7394940853118896, -0.04536604881286621, 0.671632707118988], [0.43578922748565674, 0.5944575667381287, 0.32868123054504395, -0.7482285499572754, -0.11926253139972687, 0.6526334881782532], [0.44758522510528564, 0.5637083649635315, 0.2940519154071808, -0.8084636330604553, -0.279236376285553, 0.5180863738059998], [0.4272594153881073, 0.612514853477478, 0.28681427240371704, -0.8547371029853821, -0.16833800077438354, 0.4910060465335846]], "Control Inputs 0": [[4.95683406517634, -9.52790378496247, 0.3459504062662572, -2.9683904160641084, 2.984745888254163], [4.925932754682107, -9.539055269921741, 0.6969245430623864, -2.9513928690732243, -2.843622835099481], [4.962894338397785, 9.467754941593057, 0.6924522488109532, -2.959712162076187, -2.7429075952222246], [4.971653168628386, 9.929972122184388, 0.6955126641895075, -2.958259057977794, -2.745760896827462], [4.884716694567905, 9.790223921237843, 0.3729283314667518, 2.719476578327858, 2.908603712746398], [4.776833454454479, -9.37539435597414, 0.0330091144996783, -0.6519496614000118, 2.924212531425346], [4.795441272310761, -7.58227467626693, 0.054955410859886825, 0.813481907774376, 2.9925048690490357], [3.5585366452561082, -9.784610903903019, 0.5309563194753818, 0.43329799956449166, 2.9856827178471637], [-1.6326091893277335, -9.502776928550118, 0.3082958863834847, -2.9421050421884405, -2.6163661606693753], [-0.8203632096561702, 9.496370741974552, 0.5005348209097827, 0.34576641632177774, -2.785264481626292], [4.798045603461917, 9.83391296691277, 0.3235822265050184, -2.915198140485037, -2.7267463681237123], [-1.3470568321117384, 9.575444481322343, 0.0036558485509806055, -2.0459125127128575, -2.757028003081594], [-1.6265486179231932, 9.920193109914376, 0.0013357825913178141, 1.8452873996059207, 0.28426036262744603], [0.6125508821211749, 9.789038947667638, 0.023914833356462935, 2.971416955021004, 2.957288446650991], [-4.724638509606295, -9.286895814891595, 0.2161161292041433, 2.985723918616941, 2.9977298670883465], [4.86244539920726, 9.848366306515551, 0.003011850119807, -2.855615782451148, -2.8551052909874093], [-1.9209254056506748, 9.998791190857226, 0.3886809857670733, 0.7246955850765517, -2.8880298187180893], [-2.3371717115594763, -8.284095092321122, 0.0004463697808772184, -2.899529125368031, -1.0358790141385164], [-1.1026433055883564, 9.662766542734772, 0.09253452276813279, -1.2512482161840046, -1.0927863146159609], [4.747160658311374, 9.466313660862294, 0.2713319244449458, -2.939288050144012, -2.9415221367844753]], "Final Predicted Pose 0": [0.4272594153881073, 0.612514853477478, 0.28681427240371704, -0.8547371029853821, -0.16833800077438354, 0.4910060465335846], "Predicted Translation Error 0": "1.5566039217773722cm", "Predicted Rotation Error 0": "tensor([0.9609], grad_fn=<DivBackward0>)"}