{"num_updates": "296", "penalty": "tensor(757.8328, dtype=torch.float64, grad_fn=<AddBackward0>)", "Starting Pose": [-0.08721320331096649, 0.07462102174758911, -0.36480480432510376, -0.5741033554077148, 0.5489280223846436, 0.5473909974098206, 0.2635270953178406], "Starting Soft Arm States": [0.6000000238418579, -69.4000015258789, 10.0, 20.222673416137695, 1.7124077081680298, 35.394535064697266], "Number of Trajectories": 1, "Final Desired Pose": [0.02187373861670494, 0.2209409475326538, -0.30595871806144714, -0.4342903196811676, -0.2579953670501709, 0.8630355000495911], "Predicted Trajectory 0": [[0.450216356244999, 0.29267404566075544, 0.2113021290258246, -0.20191767811775208, -0.9187874794006348, -0.3392031788825989], [0.4322129189968109, 0.33537110686302185, 0.25354158878326416, -0.32575687766075134, -0.9047308564186096, -0.2744896709918976], [0.46339765191078186, 0.38471055030822754, 0.24701718986034393, -0.3665705621242523, -0.8403465747833252, -0.3993041515350342], [0.5012688040733337, 0.3985517919063568, 0.25336652994155884, -0.3764602541923523, -0.812081515789032, -0.4458712935447693], [0.5440132021903992, 0.43421852588653564, 0.2628697156906128, -0.3874068856239319, -0.7604397535324097, -0.5211977958679199], [0.5813344120979309, 0.45812422037124634, 0.2837601900100708, -0.4097653329372406, -0.7043706774711609, -0.5796157121658325], [0.6051490902900696, 0.4733772277832031, 0.30908089876174927, -0.4262517988681793, -0.6785234212875366, -0.5982602834701538], [0.6087937355041504, 0.5057134628295898, 0.3163447082042694, -0.4742771089076996, -0.6205347180366516, -0.6244981288909912], [0.6278270483016968, 0.5171942710876465, 0.3425154983997345, -0.5080790519714355, -0.6088172197341919, -0.6092596650123596], [0.6319139003753662, 0.49838149547576904, 0.3594808876514435, -0.42728391289711, -0.6894523501396179, -0.584879457950592], [0.6293712854385376, 0.5573991537094116, 0.39056771993637085, -0.5387384295463562, -0.6589943170547485, -0.5248689651489258], [0.6297591924667358, 0.5780751705169678, 0.4050617218017578, -0.564690887928009, -0.6833558678627014, -0.4627622365951538], [0.6384286284446716, 0.6490350365638733, 0.43461325764656067, -0.6739023923873901, -0.6225702166557312, -0.397821307182312], [0.6460253596305847, 0.6443728804588318, 0.4290095865726471, -0.6809685230255127, -0.5884910821914673, -0.4358442425727844], [0.6124478578567505, 0.6894491910934448, 0.43204641342163086, -0.802370548248291, -0.48066017031669617, -0.35378995537757874], [0.5849713683128357, 0.6814759969711304, 0.4285222589969635, -0.8350984454154968, -0.48873674869537354, -0.25248149037361145], [0.56236732006073, 0.6994531750679016, 0.44360706210136414, -0.9012949466705322, -0.4306551516056061, -0.04694100469350815], [0.5424675345420837, 0.7332113981246948, 0.45235946774482727, -0.9403781294822693, -0.3104601800441742, 0.13893723487854004], [0.5350248217582703, 0.7261604070663452, 0.44534021615982056, -0.9388877749443054, -0.20254620909690857, 0.2783247232437134], [0.5206519961357117, 0.680218517780304, 0.43660086393356323, -0.8626402616500854, -0.21968181431293488, 0.45562228560447693], [0.5190632939338684, 0.7164300680160522, 0.47379162907600403, -0.712994396686554, -0.07383695244789124, 0.6972711086273193]], "Control Inputs 0": [[-4.982907092669801, 9.993396819222237, 0.0015258423422252392, -2.989001442236403, 2.9471825628550974], [-4.888708604617293, 4.666143088636652, 0.001053838310963369, -1.5625004346122406, 2.9312875801156686], [-4.934870767500496, 4.113865532457076, 0.003874351359937179, -0.3578286436859841, 2.914060145969624], [-4.977970874204486, 9.253970927161582, 0.0034499349630882706, -0.12230810879013099, 2.9056640924351056], [-3.528479968835341, 9.843792117794347, 0.004907264734768428, 2.2709539136017893, 2.995917375470274], [-1.0007460911057366, 9.994407742348528, 0.002516100354828954, 0.314610452110069, 2.989449709998323], [2.05617809613332, 9.98637757940195, 0.002970572443457867, 0.6240785040205488, 2.873780050521365], [-4.896241175506421, -1.4288215193350116, 0.00538574264879452, 2.9359736960016, 2.923216680494871], [4.822398216825203, -0.9487248280737255, 0.012082299158622417, 2.866055334497017, 2.91437599955138], [-3.1070026368921067, 9.943142733858057, 0.011205060369531816, 1.797965439517479, 2.5944342064861967], [4.856702392798827, 9.883947701032568, 0.010257057050615033, 1.2775469553545786, 2.9439886142350513], [-4.713052586816178, 7.32674612549803, 0.00512967724579234, -0.9814774444281618, -2.888023189995907], [4.808816573217134, 8.552368819241238, 0.028209835533926853, -0.15276461031728328, 2.940619390127961], [4.750766884661511, 4.553137857610038, 0.23342045422702362, 0.6795754118734099, 2.9529752388493877], [2.9457751560956043, 2.672738585990839, 0.3601168023853234, 2.9618785022484797, 2.928822276734623], [2.661259581500696, 5.514940610675646, 0.19486005640790305, 1.827391530542572, 2.7872454694521496], [4.796093100556286, 9.832023446682612, 0.004801307335101324, -2.8702829760380335, 2.9179587735886052], [-4.9335145096478525, -3.409768301851405, 0.6962745078265591, 2.9678960280242146, -2.9228173471413457], [4.86299107427099, 9.830133926452458, 0.09456225694409083, 2.877363016412832, 2.83645245276712], [-4.929518120036217, 8.128697851345091, 0.686250832409897, -2.923386404426842, -2.654839621920175]], "Final Predicted Pose 0": [0.5190632939338684, 0.7164300680160522, 0.47379162907600403, -0.712994396686554, -0.07383695244789124, 0.6972711086273193], "Predicted Translation Error 0": "6.916559704845084cm", "Predicted Rotation Error 0": "tensor([0.9305], grad_fn=<DivBackward0>)"}