{"num_updates": "1611", "penalty": "tensor(118.9812, dtype=torch.float64, grad_fn=<AddBackward0>)", "Starting Pose": [0.1770242154598236, 0.031957510858774185, -0.26028454303741455, -0.5734854340553284, 0.7542643547058105, 0.012305192649364471, 0.31945016980171204], "Starting Soft Arm States": [-43.29999923706055, -60.0, 15.0, 17.4406681060791, 3.3551151752471924, 35.553504943847656], "Number of Trajectories": 1, "Final Desired Pose": [-0.18659545481204987, 0.08817330002784729, -0.24366188049316406, -0.24503971636295319, -0.3354467451572418, 0.9096323251724243], "Predicted Trajectory 0": [[0.7714520597190696, 0.157884927042675, 0.47962846265663334, -0.13813216984272003, -0.8729809522628784, 0.4677860140800476], [0.7534566521644592, 0.18584813177585602, 0.3726799488067627, -0.23871611058712006, -0.9562546014785767, 0.16909095644950867], [0.70570969581604, 0.21232634782791138, 0.34353363513946533, -0.28299030661582947, -0.9325647354125977, 0.2241416722536087], [0.6680479049682617, 0.24400313198566437, 0.3261902332305908, -0.3104056715965271, -0.9118494391441345, 0.2686615586280823], [0.6286254525184631, 0.2625042796134949, 0.3346441686153412, -0.3000442385673523, -0.8833127617835999, 0.3601834774017334], [0.5908800959587097, 0.2825085520744324, 0.3439386785030365, -0.2734222710132599, -0.8625364899635315, 0.42575928568840027], [0.54985111951828, 0.29575642943382263, 0.3720459043979645, -0.24472437798976898, -0.8077026009559631, 0.5364013314247131], [0.5099478363990784, 0.30369630455970764, 0.38387343287467957, -0.21808309853076935, -0.7769832611083984, 0.5905393362045288], [0.46940699219703674, 0.3191945254802704, 0.405044287443161, -0.19256377220153809, -0.7093758583068848, 0.6780155897140503], [0.4278203547000885, 0.3195803165435791, 0.4383801221847534, -0.12293458729982376, -0.6218242645263672, 0.7734478712081909], [0.3837111294269562, 0.3279861807823181, 0.44146037101745605, -0.07236018031835556, -0.6316967606544495, 0.7718309760093689], [0.3354856073856354, 0.33334192633628845, 0.4539041519165039, -0.05880094692111015, -0.6264089941978455, 0.7772735357284546], [0.30490562319755554, 0.364088773727417, 0.48303788900375366, -0.12069238722324371, -0.535453200340271, 0.8358966708183289], [0.2792544662952423, 0.30902278423309326, 0.4697546660900116, -0.03627718240022659, -0.6696013808250427, 0.7418341636657715], [0.2690690755844116, 0.36916786432266235, 0.4885973036289215, -0.13952216506004333, -0.4971836507320404, 0.8563538193702698], [0.3004036545753479, 0.3362314701080322, 0.4861568808555603, -0.047246940433979034, -0.4401108920574188, 0.8966996073722839], [0.2918802499771118, 0.3565305173397064, 0.512061357498169, 0.03281499445438385, -0.19590410590171814, 0.980073869228363], [0.29129868745803833, 0.4032967686653137, 0.5228167772293091, -0.046174392104148865, 0.008334108628332615, 0.9988986253738403], [0.31886008381843567, 0.3893651068210602, 0.4781697392463684, -0.15813025832176208, 0.01151764951646328, 0.9873510599136353], [0.3190126121044159, 0.3270118236541748, 0.4897492229938507, -0.09673592448234558, -0.1807529777288437, 0.9787597060203552], [0.32990217208862305, 0.3192538917064667, 0.5220152139663696, -0.031762056052684784, -0.2246168553829193, 0.9739294052124023]], "Control Inputs 0": [[4.862191943576567, 9.854146927080869, 0.0018816546192435828, 2.826735871526468, 2.905697716712212], [4.932843446090304, 8.6466779330631, 0.22574816173502205, 2.9083540433879262, 2.932975590367432], [4.994113512071218, 5.9520504186693, 0.003198572762197164, 2.4307176308202, 2.904814542880552], [4.822537766513632, 5.281053769972171, 0.11956705644571121, 1.5653749555961411, 2.9444829626495324], [4.906342721711111, 6.149536874068303, 0.0001240793703669587, 2.9858584444324876, 2.9620119421743087], [4.8275108641709465, 1.4363092670827324, 0.004576642328891535, 0.18724455842720156, 2.8398370581924617], [4.969572446991933, 1.830084090920927, 0.0031202787986226574, 0.026483704379194783, 2.9288319347716643], [4.97345061632465, -1.1625994441061405, 0.1919768416712141, 1.8035343073871086, 2.952642215424003], [4.9556693620075265, -5.798039318020439, 0.0007252856993363573, -2.680869107177545, 0.5382102194101339], [4.992722786116444, 3.087444763899116, 0.10724915623099582, -1.732711458866319, -0.7621673827491473], [4.893014533733737, 0.6950057760552042, 0.02509227509049457, -0.5552334712134317, 2.8970441155232605], [0.5353858680816925, -3.990943000225923, 0.0008633067050916661, -2.911286600027905, -1.9527107471822955], [4.610081715006741, -4.145110565174899, 0.00214379437937068, -0.8342568283837624, 2.9014567653358805], [-4.788536183656213, -9.144979583201474, 0.002909814177763438, 2.7732629331910177, 2.936056504183588], [-4.945829066125995, -9.566327506677434, 0.019122870265188784, 2.7610278818233507, 2.9394203627145448], [4.878322456280134, -6.652746210268191, 0.00457464910902859, -0.41941624361585417, 1.896381336371662], [-4.965198974745377, -3.7744856425035183, 0.13702543672646517, -2.9461982573444434, -0.10044822683629873], [-4.975063931473524, -8.814007464489405, 0.005423577906435401, 0.6413046062575596, -2.835766815624568], [4.846047714450632, -4.750025267248677, 0.07611235558152775, 2.7035928719949176, -2.815824377598141], [-4.785840962570432, -6.793305951212641, 0.005999188715938523, -2.943267792685156, -2.8356310889049445]], "Final Predicted Pose 0": [0.32990217208862305, 0.3192538917064667, 0.5220152139663696, -0.031762056052684784, -0.2246168553829193, 0.9739294052124023], "Predicted Translation Error 0": "0.5157233031635785cm", "Predicted Rotation Error 0": "tensor([0.9690], grad_fn=<DivBackward0>)"}