{"num_updates": "834", "penalty": "tensor(0., dtype=torch.float64, grad_fn=<AddBackward0>)", "Starting Pose": [-0.36163002252578735, 0.10063739866018295, -0.19181297719478607, -0.27463382482528687, 0.5345258712768555, -0.7691920399665833, 0.21726012229919434], "Starting Soft Arm States": [35.900001525878906, -86.80000305175781, 10.0, 15.17201042175293, 30.708181381225586, 35.407779693603516], "Number of Trajectories": 1, "Final Desired Pose": [-0.18381868302822113, 0.185871422290802, -0.343124657869339, -0.3800008296966553, 0.890053391456604, 0.25180211663246155], "Predicted Trajectory 0": [[0.11660546806849606, 0.37486898087888954, 0.6554099235347552, -0.7547485828399658, 0.040631745010614395, 0.654754638671875], [0.13042812049388885, 0.4072582721710205, 0.581642746925354, -0.8331911563873291, 0.07423945516347885, 0.547978937625885], [0.1542557179927826, 0.45826256275177, 0.511793315410614, -0.8589614033699036, 0.1454358547925949, 0.49095192551612854], [0.18729494512081146, 0.5161960124969482, 0.43973490595817566, -0.8855827450752258, 0.2468377649784088, 0.3934645652770996], [0.22553777694702148, 0.5602038502693176, 0.370512992143631, -0.8981609344482422, 0.30866849422454834, 0.3130985200405121], [0.274859756231308, 0.6086168885231018, 0.3106512725353241, -0.9050094485282898, 0.37235546112060547, 0.2056923806667328], [0.3188227415084839, 0.6313650608062744, 0.283861368894577, -0.905214250087738, 0.3887883126735687, 0.17155446112155914], [0.33999985456466675, 0.6502463817596436, 0.26678466796875, -0.9084088206291199, 0.40746402740478516, 0.09362950921058655], [0.340499609708786, 0.6459912657737732, 0.26887086033821106, -0.9161276817321777, 0.38702115416526794, 0.10452070832252502], [0.33710575103759766, 0.6476711630821228, 0.27398180961608887, -0.9072397351264954, 0.4046233296394348, 0.11487400531768799], [0.3354049623012543, 0.6434164047241211, 0.26836782693862915, -0.907722532749176, 0.40825319290161133, 0.09679371863603592], [0.3337774872779846, 0.645002543926239, 0.26825445890426636, -0.889767050743103, 0.44719526171684265, 0.09127475321292877], [0.33444854617118835, 0.6415532827377319, 0.2756207585334778, -0.8637032508850098, 0.484529584646225, 0.13873600959777832], [0.33638209104537964, 0.636075496673584, 0.2644997537136078, -0.8497223854064941, 0.5185860991477966, 0.095081627368927], [0.33457812666893005, 0.6347255706787109, 0.2725304961204529, -0.814152717590332, 0.5645518898963928, 0.13578160107135773], [0.34563884139060974, 0.6488723754882812, 0.26740917563438416, -0.729244589805603, 0.6680601239204407, 0.14797942340373993], [0.33887648582458496, 0.663309633731842, 0.2678215801715851, -0.6497112512588501, 0.7507631778717041, 0.11928912997245789], [0.31514880061149597, 0.6414931416511536, 0.29759058356285095, -0.6659539341926575, 0.6935145854949951, 0.27485060691833496], [0.3357548117637634, 0.6581398248672485, 0.24019624292850494, -0.6078709363937378, 0.7929550409317017, 0.041414178907871246], [0.3213370442390442, 0.6438459157943726, 0.2899675965309143, -0.6069825291633606, 0.7638229131698608, 0.21942369639873505], [0.33613812923431396, 0.6524635553359985, 0.2714065611362457, -0.5415337085723877, 0.8210806846618652, 0.1804654598236084]], "Control Inputs 0": [[-4.913449154187089, 9.973359559898288, 0.01017570729551408, -2.813718761473731, 2.9341392049783632], [-4.9215365972247795, 9.817678590575692, 0.3140387002506227, -1.1522214735591294, 2.943088628264838], [-4.914204545148775, 9.787057633710212, 0.006900866653289692, -2.0829037130646064, 2.8865665761538164], [-4.909312888749264, 9.798311306248177, 0.2724854736640804, -1.4725249359053139, 2.419518928452587], [-4.809490273831428, 9.815638862428187, 0.11343913055734739, 0.9984048147513724, 1.127684575466434], [-3.1285342890857666, 9.796899828675617, 0.007484159065685328, -0.754739549045945, -0.6344630937086522], [1.046140709563736, 9.802952254043756, 0.005620512861734105, -0.09348595280929883, -0.13050171302564895], [-0.2734632097723786, 5.496928773983262, 0.4104301231633287, 1.2034940717104883, 0.660884101972445], [0.8530158681014361, 7.323563148201806, 0.1889291118439763, -0.9741375585081196, 0.08002399954678019], [0.11237796231216013, 9.795532459777203, 0.2842177695403468, 0.1390277869965204, 0.273963106616105], [1.3834317101310694, 9.805774017062546, 0.2216668416088416, 0.6300556004953344, 1.2499810791739856], [-0.9251050908644638, 8.981953925851457, 0.006594212520338771, -0.20131036176763173, -0.997044404900763], [0.9063638056161354, 7.565620822758586, 0.003134211091983142, 0.4413208902235719, 0.4323928308304681], [-0.6499396435774107, 6.486012145942809, 0.13317498527473765, 1.5988475545303587, 2.9415369036468784], [-1.6710557248561848, 3.4938155945207985, 0.18549458764480264, 0.6927306770644428, 2.9396360588751325], [4.895506151675008, 2.4406876198327527, 0.00626436402191194, 0.9132700092702164, 0.3125179904847384], [-2.6464318611959614, 9.80341360693276, 0.18903837059567719, -2.9468495537047503, -0.04881975901204383], [-0.27851592231604094, -2.688168870839103, 0.0001286638740146998, 2.872119729639338, -0.3107392848791335], [0.2496048044318826, 2.4930684585663965, 0.11606570844038537, 1.85836788847927, 2.11157921378906], [-4.090960259066772, -7.419264961326096, 0.015918434955239917, -2.045169937366669, -2.8864564752996236]], "Final Predicted Pose 0": [0.33613812923431396, 0.6524635553359985, 0.2714065611362457, -0.5415337085723877, 0.8210806846618652, 0.1804654598236084], "Predicted Translation Error 0": "0.41933781792291697cm", "Predicted Rotation Error 0": "tensor([0.9820], grad_fn=<DivBackward0>)"}