{"num_updates": "5687", "penalty": "tensor(0.0107, dtype=torch.float64, grad_fn=<AddBackward0>)", "Starting Pose": [-0.3737664520740509, 0.08014781028032303, -0.20873697102069855, -0.10561268776655197, 0.8927318453788757, -0.43155860900878906, 0.0750526413321495], "Starting Soft Arm States": [39.20000076293945, 66.9000015258789, 10.0, 7.822881698608398, 12.499299049377441, 35.411094665527344], "Number of Trajectories": 1, "Final Desired Pose": [0.014011307619512081, 0.12654156982898712, -0.349212646484375, -0.8320123553276062, 0.46701982617378235, 0.29941266775131226], "Predicted Trajectory 0": [[0.1018511062459497, 0.3101351251545911, 0.611962335882844, -0.9664261341094971, -0.12378840148448944, 0.2251599133014679], [0.1283738911151886, 0.26685112714767456, 0.5348423719406128, -0.9497007727622986, -0.3108343780040741, -0.03808511793613434], [0.1588226854801178, 0.2305530458688736, 0.4741685092449188, -0.8535932898521423, -0.45759117603302, -0.2489752322435379], [0.19570386409759521, 0.21861383318901062, 0.4050997495651245, -0.7482505440711975, -0.4844418168067932, -0.45325183868408203], [0.23510488867759705, 0.21280525624752045, 0.34295549988746643, -0.6770064830780029, -0.4589267075061798, -0.5753681659698486], [0.29164615273475647, 0.21468885242938995, 0.266850084066391, -0.5655795335769653, -0.3918362855911255, -0.7256610989570618], [0.34170350432395935, 0.23825591802597046, 0.21724587678909302, -0.5531136989593506, -0.26617470383644104, -0.7894405126571655], [0.37244635820388794, 0.26650044322013855, 0.16571356356143951, -0.45379629731178284, -0.08149731904268265, -0.8873709440231323], [0.3697289526462555, 0.2960785925388336, 0.18688972294330597, -0.625036358833313, 0.0022621457464993, -0.7805923223495483], [0.4146694540977478, 0.3221382796764374, 0.13133767247200012, -0.3944942355155945, 0.16322149336338043, -0.9042859077453613], [0.377928763628006, 0.3506121039390564, 0.16864050924777985, -0.5327385067939758, 0.28059932589530945, -0.7984070181846619], [0.37888774275779724, 0.40814653038978577, 0.15750634670257568, -0.5567254424095154, 0.3815348446369171, -0.7378942966461182], [0.4038010239601135, 0.4618512988090515, 0.13550560176372528, -0.38384148478507996, 0.4810087978839874, -0.7882235050201416], [0.38080689311027527, 0.5082417130470276, 0.16385518014431, -0.5807696580886841, 0.4443526864051819, -0.6820977926254272], [0.4440169632434845, 0.5021863579750061, 0.13510870933532715, -0.3560221195220947, 0.3458152115345001, -0.8681359887123108], [0.46057960391044617, 0.579003632068634, 0.1561460793018341, -0.2756228744983673, 0.46542465686798096, -0.8410779237747192], [0.4529716968536377, 0.5478625297546387, 0.17470139265060425, -0.4475192725658417, 0.34170496463775635, -0.8264164328575134], [0.4820513129234314, 0.6111672520637512, 0.17273232340812683, -0.20183712244033813, 0.5178238749504089, -0.8313363790512085], [0.45261454582214355, 0.581611156463623, 0.2076156586408615, -0.5232469439506531, 0.4647478759288788, -0.7142983078956604], [0.4603298306465149, 0.6403635144233704, 0.19681768119335175, -0.31369590759277344, 0.6827813982963562, -0.6598518490791321], [0.4248806834220886, 0.6092397570610046, 0.2644258439540863, -0.7170999050140381, 0.6356210112571716, -0.28592613339424133]], "Control Inputs 0": [[-4.92905610862617, -9.9938531929362, 0.0001582130156124648, -0.8024309184550038, -2.877874694582882], [-4.8741275630936665, -9.818082700493513, 0.0013096008451216957, 0.16852471874363095, -2.9625700120447727], [-2.8594638533507184, -9.711915319815567, 0.0008402155272757637, -0.17911539110958508, -2.961043656541472], [-4.534313085585012, -9.752089381011873, 0.0013428468642380329, 1.9602017841594046, -0.6926118096509715], [-3.6357850319276896, -9.703862674111514, 0.0009193189915121705, -0.435961487802373, -2.3993424224067033], [-4.660186308182015, -9.771511819809042, 0.0014606563136324486, -1.3968851127536264, 1.9530006842632472], [4.712084188121871, -6.381119630330543, 0.00019070578113790284, 0.03336527229467601, -1.9360380241822404], [-4.8662824870028265, -6.322103416454281, 0.0007893720936092813, 1.4876204653359766, 0.2839960185765764], [3.5759380143102852, -8.932308493205246, 0.0005287808014687637, 2.8546811052362777, 0.6730811296403054], [4.745892187425525, -8.335219876952245, 0.001633269512961006, 2.9166595813722243, -0.6265712254781937], [-4.868992514742915, -9.643324934501026, 0.001427091914868934, 2.931547224219842, 2.9346607389785904], [4.981977460107391, -8.162322815261325, 0.0009214217666280668, 2.9318545584633373, 2.9168280678446283], [-4.918829038813446, -2.3203275631440095, 0.000776050109541694, 2.9390477539994064, 2.941208888092552], [-4.9444849079842506, -7.58769542369693, 0.0003158344520776998, 2.8946309790764886, 2.93584975064989], [4.870186232351756, -4.927539434208616, 0.0007069547054247925, 2.899173014258304, 2.9932120519835], [-4.9916019835925365, -6.582602093181587, 0.00032471397880167135, 0.39285724961010615, 2.9889092176290895], [4.967674213409582, -8.415013660602254, 0.0002649776301388747, -1.3812693847075055, 2.952329938893003], [-4.900273123452127, -9.190255572542886, 0.0007531724909968214, -2.94391173775526, 2.9922333708966535], [4.94793568525731, -8.945927120854622, 0.000826408953058011, -2.924031478744567, 2.96302925540932], [-4.99791375853006, 9.88420162394047, 0.6477034754211248, 2.889367656543233, -2.8718577375061893]], "Final Predicted Pose 0": [0.4248806834220886, 0.6092397570610046, 0.2644258439540863, -0.7170999050140381, 0.6356210112571716, -0.28592613339424133], "Predicted Translation Error 0": "13.136470124175597cm", "Predicted Rotation Error 0": "tensor([0.8079], grad_fn=<DivBackward0>)"}