{"num_updates": "1938", "penalty": "tensor(0., dtype=torch.float64, grad_fn=<AddBackward0>)", "Starting Pose": [-0.1452832818031311, 0.12365691363811493, -0.33797457814216614, -0.04502582177519798, 0.6133645176887512, -0.7432768940925598, 0.2632416784763336], "Starting Soft Arm States": [2.299999952316284, -70.9000015258789, 10.0, 9.531827926635742, 23.421977996826172, 35.39784622192383], "Number of Trajectories": 1, "Final Desired Pose": [-0.10722073912620544, 0.19076471030712128, -0.33972713351249695, -0.7237952351570129, -0.40605342388153076, 0.5578898787498474], "Predicted Trajectory 0": [[0.379620062192466, 0.4475957694213817, 0.2801811782499479, -0.8573529720306396, 0.3360884189605713, 0.38985949754714966], [0.3716993033885956, 0.47738948464393616, 0.25018659234046936, -0.9150373935699463, 0.3005560636520386, 0.269021600484848], [0.37195369601249695, 0.5156916379928589, 0.22401531040668488, -0.9484924674034119, 0.22052238881587982, 0.22744661569595337], [0.3942469358444214, 0.5429408550262451, 0.20522341132164001, -0.9560641646385193, 0.24814142286777496, 0.15609963238239288], [0.3975076973438263, 0.5700300931930542, 0.21319201588630676, -0.9331963062286377, 0.2607865333557129, 0.24725478887557983], [0.40649881958961487, 0.5879629850387573, 0.20941376686096191, -0.9123138785362244, 0.2844976484775543, 0.2945241928100586], [0.41196122765541077, 0.6153287887573242, 0.23335130512714386, -0.849781334400177, 0.3434806764125824, 0.3998658359050751], [0.4064236283302307, 0.6421141028404236, 0.24987569451332092, -0.7884596586227417, 0.39735111594200134, 0.4695141315460205], [0.40482234954833984, 0.6335521340370178, 0.2607816457748413, -0.742671549320221, 0.3901291489601135, 0.5442777276039124], [0.4034690856933594, 0.6152299642562866, 0.2615761160850525, -0.7881403565406799, 0.3511945903301239, 0.5054673552513123], [0.41719624400138855, 0.630142867565155, 0.259025514125824, -0.7947137951850891, 0.3400002717971802, 0.5028219223022461], [0.4090125262737274, 0.6437578201293945, 0.2669578194618225, -0.750291109085083, 0.35228231549263, 0.5594287514686584], [0.4083191454410553, 0.6605324745178223, 0.2907027304172516, -0.6794825196266174, 0.40674686431884766, 0.6106230020523071], [0.405071884393692, 0.6144153475761414, 0.2591478228569031, -0.8057301640510559, 0.19040590524673462, 0.5608426332473755], [0.40492403507232666, 0.6872357130050659, 0.27573972940444946, -0.704656183719635, 0.4145694077014923, 0.575840175151825], [0.4106653332710266, 0.62620609998703, 0.2630271017551422, -0.7725386023521423, 0.271513432264328, 0.573989987373352], [0.4132274389266968, 0.6347083449363708, 0.275850772857666, -0.7496922016143799, 0.15140755474567413, 0.6442339420318604], [0.412106454372406, 0.6290262341499329, 0.3131336569786072, -0.7186112999916077, 0.11312299221754074, 0.6861494183540344], [0.4280272126197815, 0.5955519676208496, 0.29713550209999084, -0.7924781441688538, -0.016657521948218346, 0.6096727252006531], [0.42737752199172974, 0.57486492395401, 0.2862672507762909, -0.79751056432724, -0.2335609346628189, 0.5562610030174255], [0.4342139661312103, 0.6330870985984802, 0.28846412897109985, -0.8275668621063232, -0.16878701746463776, 0.5353913903236389]], "Control Inputs 0": [[4.908671531682549, 9.805056357012987, 0.004935171119022565, -2.3682328783933215, 2.9797294322739276], [-4.827118541584407, 9.81444792822634, 0.4048575924463168, 1.4249375175755334, 2.9596024407850576], [0.6902901968015005, 9.597511931783174, 0.00926023160061231, 0.9577264979312341, 2.9769625835141493], [-1.8390711642602549, 9.819305843013652, 0.4068128392503784, 1.6788464076653193, 2.998600521242361], [-2.1996979738371483, 9.805281668889009, 0.5952385012307018, 2.93582485892908, 2.9355864797142477], [0.5644563343730287, 9.574149832129947, 0.013362718258823576, 0.9085591012561194, 2.849220377735641], [1.2517391462533283, 9.799883720875037, 0.04303226744717575, 1.8807828947132768, 2.964626050866805], [-3.2940014557605286, -9.813076943414535, 0.6179602672237745, 0.6704111984707306, 2.9465050694419075], [-1.7024633502456163, -9.80824378387551, 0.42144297899994254, -0.07556933242333974, 2.927428657760079], [-1.985461769253499, 7.463314925527335, 0.4960621504805512, 0.27392533744286895, -2.8318938198099106], [4.89627069313042, 9.818371215972363, 0.20686261513363313, 1.3446345502298964, 2.9305746738999945], [-4.828216079011086, -9.809690298785931, 0.007938478005540367, -1.840359571027815, -2.1698493534873697], [4.955077170380987, 9.817855025272262, 0.4150258873277398, -0.771441143714894, 2.917751662349832], [-1.6262498384620692, -9.816132735733124, 0.17228567896616365, 0.896135499077833, 2.995699175374157], [-4.833481694284531, -9.807792266028713, 0.015752791331295493, 2.9193980403940127, -1.7637521467331083], [4.89300260640994, 9.820121257422123, 0.01409124403724858, 2.836301515687241, -2.900999858232608], [-4.730335670363884, -9.796784506799883, 0.016953019251768196, -0.5849477551758202, -0.4415620467687229], [-0.37826949852917746, -9.759181899347396, 0.014183796837411446, -2.8799366567905293, -2.939062523149788], [3.478793540177824, 9.800742051831325, 0.006902990490443786, -1.9046613902879763, -2.946773577053672], [-4.895830866249569, 9.815705621502566, 0.4391546418823107, 0.4438589916477387, -2.946238142857773]], "Final Predicted Pose 0": [0.4342139661312103, 0.6330870985984802, 0.28846412897109985, -0.8275668621063232, -0.16878701746463776, 0.5353913903236389], "Predicted Translation Error 0": "1.1921853098714967cm", "Predicted Rotation Error 0": "tensor([0.9662], grad_fn=<DivBackward0>)"}