{"num_updates": "731", "penalty": "tensor(507.1500, dtype=torch.float64, grad_fn=<AddBackward0>)", "Starting Pose": [-0.08721320331096649, 0.07462102174758911, -0.36480480432510376, -0.5741033554077148, 0.5489280223846436, 0.5473909974098206, 0.2635270953178406], "Starting Soft Arm States": [0.6000000238418579, -69.4000015258789, 10.0, 20.222673416137695, 1.7124077081680298, 35.394535064697266], "Number of Trajectories": 1, "Final Desired Pose": [0.1390634924173355, 0.10715644806623459, -0.32666707038879395, -0.2595290541648865, -0.003110830206423998, 0.9657303094863892], "Predicted Trajectory 0": [[0.450216356244999, 0.29267404566075544, 0.2113021290258246, -0.20191767811775208, -0.9187874794006348, -0.3392031788825989], [0.44601011276245117, 0.3312281668186188, 0.238603875041008, -0.26895126700401306, -0.8943399786949158, -0.3575208783149719], [0.4879159927368164, 0.3475225567817688, 0.22740241885185242, -0.22407196462154388, -0.8295867443084717, -0.5114465951919556], [0.53529953956604, 0.3213694393634796, 0.2419506162405014, -0.15610352158546448, -0.8360859751701355, -0.525920033454895], [0.5979312062263489, 0.3354285657405853, 0.22890913486480713, -0.06885378807783127, -0.7517719268798828, -0.6558187007904053], [0.6385563611984253, 0.34997862577438354, 0.2461199313402176, -0.001358955865725875, -0.7273706197738647, -0.6862434148788452], [0.6459037661552429, 0.3741794526576996, 0.27970415353775024, -0.11187227815389633, -0.6964278221130371, -0.7088531255722046], [0.6848413348197937, 0.423271507024765, 0.28262338042259216, -0.1435488909482956, -0.5887277722358704, -0.7954831123352051], [0.7230322360992432, 0.4031338095664978, 0.3254773020744324, -0.1254650503396988, -0.593220055103302, -0.7952033877372742], [0.7714002728462219, 0.3556038439273834, 0.35941413044929504, 0.060381121933460236, -0.6755031943321228, -0.7348806858062744], [0.7813819050788879, 0.3714278042316437, 0.3598399758338928, 0.04645662009716034, -0.719081699848175, -0.6933709383010864], [0.7750219106674194, 0.3860260248184204, 0.3618997633457184, 0.050605129450559616, -0.7244217991828918, -0.6874969601631165], [0.7573984861373901, 0.3664807379245758, 0.3690294921398163, -0.07096263021230698, -0.7515881657600403, -0.6558043956756592], [0.7877565026283264, 0.33390477299690247, 0.38961294293403625, 0.14965389668941498, -0.8150252103805542, -0.5597655773162842], [0.7574606537818909, 0.27094557881355286, 0.37746793031692505, 0.183319553732872, -0.897188127040863, -0.40180522203445435], [0.7097381353378296, 0.26534393429756165, 0.3638596832752228, 0.17901760339736938, -0.9811698794364929, -0.07251414656639099], [0.6802571415901184, 0.279324471950531, 0.3812883496284485, 0.004793332424014807, -0.9795879125595093, 0.20095893740653992], [0.6996347308158875, 0.2695154547691345, 0.4120601713657379, 0.1487257480621338, -0.8836610317230225, 0.44387364387512207], [0.6394031643867493, 0.3786040246486664, 0.39481040835380554, -0.41277435421943665, -0.7700684070587158, 0.48642775416374207], [0.6403262615203857, 0.3096143901348114, 0.39451175928115845, -0.27007097005844116, -0.7491334676742554, 0.6048641204833984], [0.6058652400970459, 0.4279898405075073, 0.4187839925289154, -0.4651679992675781, -0.34240904450416565, 0.8163177967071533]], "Control Inputs 0": [[-4.889679619229504, 9.7476471294271, 0.005525387554022047, -2.2810773681502523, -1.2474631760296504], [-4.944428630584193, -3.6679524653125624, 0.0028964050066540084, -0.05149600928758291, 2.8677816941086034], [-4.965983252194384, -2.2161309535562745, 0.002240789473605547, -1.9282784526623618, -2.602084293681506], [-4.295730864939053, -3.191252738023408, 0.0009169571043449556, -1.8759208084718906, 0.045120569089887486], [-1.6961880870127235, 9.812074404706948, 0.004802725185796754, 2.3413570689363334, 2.8002698689598766], [-2.270788103683534, 9.824411720077222, 0.0010260858918411753, -1.7626207337049646, -2.7292685689683456], [-3.897061632473118, 9.854584437443311, 0.0022782312466568403, -1.124312733554601, 2.484521810201044], [-4.738783383807807, -9.245917366455354, 0.004362131510895725, 1.6480425003751469, 2.784767288688382], [-0.302736142385176, -9.31611438414777, 0.004424491471122878, -1.868357756388425, -2.8551871272017366], [-2.35411179136579, 9.464693561182305, 0.004627955984806156, -0.22808404020348672, 2.873100410877722], [4.354593668337497, 9.765418156601193, 0.0032548247313469282, 2.206667031716094, 2.9178804361770485], [-3.2946650622383045, -9.566611158235643, 0.005897407151069475, -0.653194740756665, 2.8519217664665835], [1.794396597062394, -9.339428649732081, 0.002783154263992332, 2.650695603971207, 2.9173918110437764], [4.697806585170227, -9.716482802826174, 0.6910437137407279, 2.888678927301406, 2.9433701421593366], [4.89023129272562, -2.9282649015228737, 0.3433540897972328, 2.999470954283809, 2.993162688683067], [-4.843963184163898, -9.777460939980056, 0.015996139181744883, 2.220020507816203, 2.9385618705331007], [4.854446339502553, 9.905359482012905, 0.0034891240689519194, -2.619373792493812, 2.974509084400599], [-3.7249835229463413, -9.83766287250548, 0.6795065496480559, -0.3442338440151671, 2.907511639150587], [4.9086828626401555, -6.682857831159961, 0.137299032929199, 2.9561278814152923, 2.978483903200683], [-4.902669937805652, 9.294343477391529, 0.42022809190088406, 1.0668823904601954, 2.877017639160634]], "Final Predicted Pose 0": [0.6058652400970459, 0.4279898405075073, 0.4187839925289154, -0.4651679992675781, -0.34240904450416565, 0.8163177967071533], "Predicted Translation Error 0": "10.760980926821375cm", "Predicted Rotation Error 0": "tensor([0.9101], grad_fn=<DivBackward0>)"}