{"num_updates": "460", "penalty": "tensor(608.3792, dtype=torch.float64, grad_fn=<AddBackward0>)", "Starting Pose": [-0.3408721089363098, 0.09913362562656403, -0.2641664743423462, -0.32711130380630493, 0.8136994242668152, 0.4374617338180542, 0.19879302382469177], "Starting Soft Arm States": [34.79999923706055, -39.79999923706055, 10.0, 12.532418251037598, 3.914828062057495, 35.39784622192383], "Number of Trajectories": 1, "Final Desired Pose": [0.14918473362922668, 0.08417315781116486, -0.2881869375705719, -0.621100902557373, 0.6745349764823914, 0.39904409646987915], "Predicted Trajectory 0": [[0.1418410422184011, 0.37011803006447186, 0.4696626973435145, -0.706959068775177, -0.7062692642211914, 0.03731818124651909], [0.15925836563110352, 0.32405534386634827, 0.41234731674194336, -0.6613578796386719, -0.7396889328956604, -0.12436284869909286], [0.19032897055149078, 0.3241199553012848, 0.385810524225235, -0.6450189352035522, -0.7391394376754761, -0.19396747648715973], [0.22465170919895172, 0.2975503206253052, 0.358943909406662, -0.5919952392578125, -0.7709145545959473, -0.23501603305339813], [0.2646523714065552, 0.2957800626754761, 0.3172638714313507, -0.49192097783088684, -0.7891476154327393, -0.3677769899368286], [0.29479941725730896, 0.2985367476940155, 0.3259441554546356, -0.5068976283073425, -0.7913419604301453, -0.3418077528476715], [0.33190032839775085, 0.30866673588752747, 0.3192231059074402, -0.4885599613189697, -0.7842155694961548, -0.3825114965438843], [0.36795082688331604, 0.32139909267425537, 0.3242354094982147, -0.5006425380706787, -0.7860596776008606, -0.3625839054584503], [0.4075900614261627, 0.34208381175994873, 0.3204798698425293, -0.5441201329231262, -0.7695642709732056, -0.3342215120792389], [0.44671061635017395, 0.3652937114238739, 0.3119465410709381, -0.6111851930618286, -0.7386251091957092, -0.2844037413597107], [0.4881228506565094, 0.3998139202594757, 0.3070545792579651, -0.6899089813232422, -0.6767566204071045, -0.2569553554058075], [0.49516382813453674, 0.42635414004325867, 0.2930231988430023, -0.7472538352012634, -0.5979908108711243, -0.289859801530838], [0.5071926116943359, 0.4981880486011505, 0.3043322265148163, -0.8701228499412537, -0.4278697967529297, -0.24456804990768433], [0.5168800354003906, 0.5011515617370605, 0.26973870396614075, -0.8347362875938416, -0.35055920481681824, -0.4246450662612915], [0.5136142373085022, 0.5550960302352905, 0.30946066975593567, -0.9518311023712158, -0.20198075473308563, -0.23069745302200317], [0.5221750140190125, 0.5410043597221375, 0.2546745836734772, -0.8888793587684631, -0.1269550919532776, -0.4401997923851013], [0.5087845325469971, 0.5178515315055847, 0.31454452872276306, -0.9884250164031982, -0.10965923964977264, -0.10483705252408981], [0.5164243578910828, 0.6125406622886658, 0.3025089502334595, -0.9498982429504395, 0.2546353340148926, -0.18125711381435394], [0.5129413604736328, 0.5734389424324036, 0.3426065742969513, -0.9749453663825989, 0.17728771269321442, 0.13435280323028564], [0.5144909620285034, 0.5895435214042664, 0.35000184178352356, -0.9098827242851257, 0.3471795618534088, 0.22711174190044403], [0.5128257274627686, 0.5504123568534851, 0.3845368027687073, -0.8624391555786133, 0.28286001086235046, 0.4197487533092499]], "Control Inputs 0": [[-4.9834039076379595, 9.960795740525658, 0.0020201592355193728, 2.9257064424677246, -1.8905670021031207], [-4.988721738731571, 9.698800945256494, 0.005197602808795381, 2.992626237855033, 1.1600754854723023], [-4.998668532159557, 0.9039366442046806, 0.0017758516745232627, 2.8510793196375905, -1.2793506161416093], [-4.995876077759718, 9.999380101263345, 0.0037337078855188112, 2.882894675014332, 1.104313198941858], [-4.960564053990605, 9.902704616680058, 0.0031920683476411357, 2.913479620072817, 2.9197229750214717], [-4.979601509425133, 9.827144073621398, 0.0014557348173735412, 2.918254928743292, 2.8887153105429544], [-4.942641018270951, 9.809539944133249, 0.001394083129407648, 0.5914685161003801, 2.9837994006241217], [-4.967744337859954, 5.940895692616573, 0.0025964322746886235, -2.846254576832369, 2.9395280319423005], [-4.925036325618915, 6.785593492212978, 0.0037809991819524776, -2.9171191136749197, 2.94144246950692], [-4.9591233497536535, 9.659365406320493, 5.485449186020492e-05, -2.91866454494696, 2.8821678768391443], [4.396248653967442, 9.792280339153944, 0.0005052698523334289, -2.989626350819082, 2.863350801337127], [-4.995653999493488, 9.026047102351637, 0.002130682362598616, -2.976146667321542, 2.9333236374059926], [4.651434939344611, 5.252353328621378, 0.0012088429932720333, 1.6781115246197542, 2.9159838838662093], [-4.988310414953331, 7.570993736119668, 0.0004194178824781583, -2.8454922899658346, 2.971207466552797], [4.658119011600659, -4.102308461488134, 0.6605001245807454, 2.9770788460609587, 2.9936226974102897], [-4.993473134928247, 8.98955253906724, 0.0030746300146251996, 2.8680109677623813, 2.9898650055910965], [4.50090316752892, 9.295636934457598, 0.002418487767350177, 2.9441557993945047, 2.981471098287031], [-4.971477562253867, -8.173524779319804, 0.6923288206955085, 2.8323977625664227, 2.8923249124608494], [4.807420479966652, -9.60989689267217, 0.002114257564779767, 2.9814942266185627, 2.9646192544703682], [-4.96562471497739, 8.932379352494333, 0.6455774856940723, -2.908469227840713, 2.952495556343006]], "Final Predicted Pose 0": [0.5128257274627686, 0.5504123568534851, 0.3845368027687073, -0.8624391555786133, 0.28286001086235046, 0.4197487533092499], "Predicted Translation Error 0": "19.8641824256205cm", "Predicted Rotation Error 0": "tensor([0.8940], grad_fn=<DivBackward0>)"}