{"num_updates": "1174", "penalty": "tensor(0., dtype=torch.float64, grad_fn=<AddBackward0>)", "Starting Pose": [-0.08721320331096649, 0.07462102174758911, -0.36480480432510376, -0.5741033554077148, 0.5489280223846436, 0.5473909974098206, 0.2635270953178406], "Starting Soft Arm States": [0.6000000238418579, -69.4000015258789, 10.0, 20.222673416137695, 1.7124077081680298, 35.394535064697266], "Number of Trajectories": 1, "Final Desired Pose": [-0.22069542109966278, 0.06826265156269073, -0.3431475758552551, -0.38096532225608826, -0.9107316136360168, -0.1594783067703247], "Predicted Trajectory 0": [[0.450216356244999, 0.29267404566075544, 0.2113021290258246, -0.20191767811775208, -0.9187874794006348, -0.3392031788825989], [0.4209701716899872, 0.28982308506965637, 0.24739350378513336, -0.30941492319107056, -0.8549226522445679, -0.41637691855430603], [0.3667415678501129, 0.2915077805519104, 0.26999279856681824, -0.3832702934741974, -0.7979604005813599, -0.4651484191417694], [0.3288014829158783, 0.28539660573005676, 0.2709568440914154, -0.349051833152771, -0.7682439684867859, -0.5366227626800537], [0.30589544773101807, 0.27239954471588135, 0.26623794436454773, -0.31927409768104553, -0.7134414315223694, -0.6237511038780212], [0.29466500878334045, 0.2861940264701843, 0.2713583707809448, -0.3148338794708252, -0.6350270509719849, -0.7054219841957092], [0.297042578458786, 0.28420716524124146, 0.2898297905921936, -0.3519671559333801, -0.5842370390892029, -0.7312906980514526], [0.3034926652908325, 0.29509130120277405, 0.28656598925590515, -0.39610975980758667, -0.49089667201042175, -0.775962233543396], [0.30086445808410645, 0.2772090435028076, 0.28510499000549316, -0.41558921337127686, -0.4335242509841919, -0.7995887994766235], [0.2970578968524933, 0.2601989209651947, 0.2721448242664337, -0.41693276166915894, -0.39348679780960083, -0.8193504214286804], [0.30366194248199463, 0.2916521728038788, 0.2534327805042267, -0.47146108746528625, -0.3479803502559662, -0.8103296756744385], [0.3055402636528015, 0.27621838450431824, 0.25478312373161316, -0.4252210557460785, -0.3969884514808655, -0.8133801221847534], [0.2813771069049835, 0.29852721095085144, 0.3049468696117401, -0.6034159660339355, -0.437189519405365, -0.6668992042541504], [0.3030378818511963, 0.29023870825767517, 0.23985932767391205, -0.42778319120407104, -0.4403572380542755, -0.7893586158752441], [0.2689912021160126, 0.3021434545516968, 0.2913919687271118, -0.6280736923217773, -0.5079008340835571, -0.5895423293113708], [0.29705631732940674, 0.27924641966819763, 0.23281078040599823, -0.4549572765827179, -0.5462984442710876, -0.7032580971717834], [0.28982263803482056, 0.23919524252414703, 0.2556721568107605, -0.39299276471138, -0.6747351288795471, -0.6247313618659973], [0.2556668519973755, 0.2920052409172058, 0.2787829637527466, -0.5619034171104431, -0.6396579146385193, -0.5245019793510437], [0.27784276008605957, 0.22563612461090088, 0.2723686695098877, -0.3862413465976715, -0.7915838956832886, -0.47351086139678955], [0.28090909123420715, 0.2838543653488159, 0.2523040771484375, -0.4460561275482178, -0.7560306787490845, -0.47901099920272827], [0.2953879237174988, 0.2711935043334961, 0.27681493759155273, -0.479295939207077, -0.8230292201042175, -0.3047921359539032]], "Control Inputs 0": [[4.909597092009225, 9.833195306863207, 0.6827775827962432, -0.027352382101946127, 1.6611802334215513], [4.908053696309844, -1.6372189109526314, 0.6850854335901093, -2.4344473077025723, 0.4262664160006411], [4.807645906386421, -8.40270123086908, 0.009919871125857868, -0.9062281397011258, -1.1776881508675927], [1.8270720969714862, 1.6507060344468876, 0.6849269791418698, 0.7867041148521414, -1.389561159607275], [-1.3676985568585667, 9.822079920979313, 0.5698169071777144, 2.9555615134205846, -0.1740927266536758], [-2.3004206451088214, 9.816276650013762, 0.008557747644610281, 0.6462952993454794, 0.4430477919174103], [-1.5326292921455416, 9.823131376400763, 0.32622786406318094, -0.0578784721161294, -0.23300836227808475], [1.6431760222974043, -8.912910064577405, 0.32452425930755674, -0.8624718292875135, 2.8704762864431093], [1.4000906032788594, -9.742962331454553, 0.0772085794839225, -2.9393202672432057, 0.2650777125381638], [-3.4684461699660254, 5.299394633531131, 0.01805516534214367, -0.20720141180986706, 1.241508476753289], [4.884157303081809, 4.38630812286636, 0.01732729787486606, 0.44664932897605514, 2.913138339989799], [-4.901300531942167, 0.4564529529032555, 0.008092725923918433, -2.954132384668282, -0.1783764237865415], [4.904889973672592, -5.087508779965233, 0.04475002066777729, -2.222858682834511, 1.9632074408904607], [-0.7250003795159419, -8.959720245995282, 0.015639412910231718, -1.3869985386552335, 2.93578393291598], [-1.4007864439879532, -9.761319493615655, 0.11504159573208855, 2.9449210938611374, 2.9588365942181944], [4.9029768309354935, -3.3048361503191863, 0.005354403642128969, -2.9424683021408264, 0.8119511826157022], [-2.6034952846239894, -3.386648203842795, 0.017281018862438803, 2.940967609122338, 0.6594235921487641], [-0.8593959731492626, -9.675450652824244, 0.010282202185334266, -2.943168089064799, 1.8784578081484975], [-4.1961133347629795, 9.77833603749329, 0.009629633627145098, 2.944810181619597, -0.29364491702121276], [-4.985198312934832, -9.528865644639568, 0.23740910922217082, -2.846640421737165, -0.43374422348891395]], "Final Predicted Pose 0": [0.2953879237174988, 0.2711935043334961, 0.27681493759155273, -0.479295939207077, -0.8230292201042175, -0.3047921359539032], "Predicted Translation Error 0": "0.7254747992968671cm", "Predicted Rotation Error 0": "tensor([0.9808], grad_fn=<DivBackward0>)"}