{"num_updates": "67", "penalty": "tensor(1285.1503, dtype=torch.float64, grad_fn=<AddBackward0>)", "Starting Pose": [-0.024280767887830734, 0.05764329433441162, -0.32427310943603516, -0.6036325693130493, 0.7016621828079224, 0.2554294764995575, 0.279380738735199], "Starting Soft Arm States": [-6.0, -26.100000381469727, 10.0, 29.737791061401367, 3.5968844890594482, 35.40115737915039], "Number of Trajectories": 1, "Final Desired Pose": [-0.24579757452011108, 0.09835022687911987, -0.34353721141815186, -0.47534632682800293, -0.6322875022888184, -0.6117665767669678], "Predicted Trajectory 0": [[0.526723859453785, 0.23903540068087947, 0.3153558402530788, -0.11514817178249359, -0.9898165464401245, 0.08369070291519165], [0.5005733966827393, 0.2307175248861313, 0.31647583842277527, -0.20046895742416382, -0.9746088981628418, -0.09974848479032516], [0.4481358230113983, 0.2502861022949219, 0.31223100423812866, -0.31380295753479004, -0.9124925136566162, -0.26245972514152527], [0.39796140789985657, 0.27391910552978516, 0.3146297335624695, -0.4233958125114441, -0.8321277499198914, -0.3581888675689697], [0.3529006838798523, 0.3060612976551056, 0.3547564446926117, -0.5802081823348999, -0.7574149966239929, -0.2994677722454071], [0.33187752962112427, 0.3020068109035492, 0.34824103116989136, -0.590777575969696, -0.7274625301361084, -0.348969966173172], [0.3171999156475067, 0.3270062208175659, 0.3571489751338959, -0.6340012550354004, -0.7016156911849976, -0.3252350986003876], [0.31467586755752563, 0.3175320625305176, 0.32942456007003784, -0.6392596960067749, -0.6576727032661438, -0.39851436018943787], [0.30418774485588074, 0.3373264968395233, 0.33523473143577576, -0.6640511155128479, -0.6477941870689392, -0.37336140871047974], [0.28950005769729614, 0.3392490744590759, 0.32453587651252747, -0.697696328163147, -0.6007254719734192, -0.39031875133514404], [0.28785064816474915, 0.3559836745262146, 0.3311491012573242, -0.7350921630859375, -0.5914509892463684, -0.3313990831375122], [0.2781713604927063, 0.35589179396629333, 0.29344481229782104, -0.7158974409103394, -0.5551335215568542, -0.4234592318534851], [0.2714194059371948, 0.36882638931274414, 0.3214445412158966, -0.8040370345115662, -0.5129380822181702, -0.3006972670555115], [0.2818095088005066, 0.33662259578704834, 0.25840651988983154, -0.6709021329879761, -0.5141339898109436, -0.5343748927116394], [0.2780410945415497, 0.33993878960609436, 0.32774102687835693, -0.7720586061477661, -0.6017778515815735, -0.2044229358434677], [0.2994087040424347, 0.3541472852230072, 0.2621766924858093, -0.6809417009353638, -0.5944871306419373, -0.4276720881462097], [0.2639598846435547, 0.37457671761512756, 0.3225083351135254, -0.8014165759086609, -0.5429897308349609, -0.2507859170436859], [0.2464921772480011, 0.34612002968788147, 0.2943478226661682, -0.7398789525032043, -0.5380073189735413, -0.40389004349708557], [0.25655198097229004, 0.3397604525089264, 0.31557169556617737, -0.7408085465431213, -0.5706795454025269, -0.3542986214160919], [0.28908348083496094, 0.3538266718387604, 0.25185778737068176, -0.6524681448936462, -0.5339781045913696, -0.5377292633056641], [0.27709275484085083, 0.3464447259902954, 0.27671098709106445, -0.64630526304245, -0.5754527449607849, -0.5011423826217651]], "Control Inputs 0": [[4.933325309971718, 9.415440861933789, 0.6920675861132091, -2.9054973555718946, -0.9443281559416032], [4.947691771485653, 9.776792233898306, 0.2685177801318169, -2.9369854583424075, -1.8041798849513222], [4.713687220440239, 9.57206480318197, 0.01145588997841826, -1.613910494700385, 2.9199941154687776], [1.0084575227583166, 9.770287992651784, 0.00026813383370789356, -2.8390176872398545, 2.2804936314743793], [4.054314346245791, -4.953488447993983, 0.011606119455834105, -1.3537166372201812, 2.910062076339626], [-2.819929545891947, 9.492828934653545, 0.001680822697063427, -2.8503216124507134, -0.6918507921026293], [2.5855980066258724, -7.264726943120641, 0.01445496225235699, -1.076660720102218, 2.9067257610994908], [-1.2018646249770355, 9.758559853835209, 0.01131738993374766, -2.8008722840132303, 2.936722193329282], [4.27159500022872, -9.491242733785555, 0.010848719419027543, -1.085917956675222, 2.947575323028108], [-4.89065669068583, 9.680191853273694, 0.009974151753540954, -1.4972962905999299, 2.942691933335996], [4.905918705350114, 9.781131573732857, 0.6793210939933899, 0.18289000071173334, -2.9438371146074993], [-4.876978258708791, -9.548576745650921, 0.0013506564720758743, -0.9570681645349635, 2.9431093751592226], [4.161534427156084, -9.44574668537475, 0.012551836972155766, 2.852422073323085, 2.9445069288895978], [-4.8960151527204605, -9.61585275580773, 0.0054992125019621, 0.13476303241855758, 2.9399497662264347], [1.3960567823705885, 9.780062236416487, 0.0021520121662433646, 0.25226632335846233, -2.9454684453722053], [4.768664430385659, -9.496334528856874, 0.01921138307253639, -2.717717172598225, -2.9482845288821546], [2.894166222390563, -7.783742088523082, 0.0013983912142129932, 0.9425039716704475, -2.9444661557503697], [-4.787022848540091, -9.42326810034649, 0.012603955883670324, -1.1996924496108037, 2.9414982714987135], [-1.6886696984570495, -3.2713433611291336, 0.013390599825792394, 0.9232073883308636, -2.9472601453827587], [4.901141215803078, 9.456463121012593, 0.0024107535909979744, -1.312708803708239, 2.9407853652830394]], "Final Predicted Pose 0": [0.27709275484085083, 0.3464447259902954, 0.27671098709106445, -0.64630526304245, -0.5754527449607849, -0.5011423826217651], "Predicted Translation Error 0": "1.801408299519165cm", "Predicted Rotation Error 0": "tensor([0.9777], grad_fn=<DivBackward0>)"}