{"num_updates": "751", "penalty": "tensor(0., dtype=torch.float64, grad_fn=<AddBackward0>)", "Starting Pose": [-0.2816028892993927, 0.18784800171852112, -0.25219637155532837, -0.5050739049911499, -0.660050630569458, 0.516546905040741, -0.20594365894794464], "Starting Soft Arm States": [28.600000381469727, 71.4000015258789, 10.0, 28.585247039794922, 34.963985443115234, 11.883283615112305], "Number of Trajectories": 1, "Final Desired Pose": [-0.3689664900302887, 0.1257234513759613, -0.15021373331546783, -0.44573599100112915, -0.7527289390563965, 0.48447757959365845], "Predicted Trajectory 0": [[0.21389514247790972, 0.6503981174991598, 0.5003925649735214, -0.40497511625289917, 0.879507839679718, -0.2499222457408905], [0.1977764219045639, 0.6579535007476807, 0.5638223886489868, -0.4438660740852356, 0.8936522006988525, -0.06609596312046051], [0.1682034730911255, 0.6145950555801392, 0.5968904495239258, -0.5480214357376099, 0.8362099528312683, 0.020625455304980278], [0.15244512259960175, 0.6000972390174866, 0.6530976295471191, -0.5507751107215881, 0.811069130897522, 0.19701188802719116], [0.1340634971857071, 0.5739473104476929, 0.6987102031707764, -0.5520201921463013, 0.7585514783859253, 0.3462272882461548], [0.12604615092277527, 0.5399167537689209, 0.7259256839752197, -0.5961487889289856, 0.6244601607322693, 0.5046344995498657], [0.12541106343269348, 0.5243009924888611, 0.7316194176673889, -0.552117645740509, 0.5599604249000549, 0.6177462339401245], [0.11699548363685608, 0.4765547215938568, 0.7538504600524902, -0.5639767646789551, 0.3785162568092346, 0.7339316010475159], [0.11778460443019867, 0.4781518876552582, 0.7635229229927063, -0.4817469120025635, 0.27321869134902954, 0.8326292037963867], [0.1170201450586319, 0.4681321978569031, 0.765235424041748, -0.47424131631851196, 0.21011649072170258, 0.854953944683075], [0.11933494359254837, 0.44791579246520996, 0.759023129940033, -0.43376773595809937, -0.0063655017875134945, 0.9010022878646851], [0.11284754425287247, 0.4717618525028229, 0.7747418284416199, -0.415778249502182, -0.035794448107481, 0.9087613821029663], [0.11657936125993729, 0.43140101432800293, 0.7744677066802979, -0.3972069323062897, -0.1826779544353485, 0.8993639349937439], [0.11727524548768997, 0.4390612542629242, 0.7644681930541992, -0.38432881236076355, -0.27778947353363037, 0.8804115056991577], [0.12007205188274384, 0.4376852810382843, 0.7756274342536926, -0.34011223912239075, -0.2848646938800812, 0.8962007761001587], [0.11858261376619339, 0.4437897503376007, 0.7616506218910217, -0.3603101074695587, -0.3665972948074341, 0.8577779531478882], [0.12000516802072525, 0.4475797712802887, 0.7680235505104065, -0.3681849241256714, -0.3747665584087372, 0.8508760333061218], [0.11321184039115906, 0.4391646087169647, 0.7617585062980652, -0.3940865695476532, -0.4808215796947479, 0.7832664847373962], [0.10756054520606995, 0.4508077800273895, 0.7702003717422485, -0.4088498055934906, -0.49775952100753784, 0.7649034857749939], [0.10163801908493042, 0.4199506342411041, 0.7466649413108826, -0.47940385341644287, -0.622377872467041, 0.618722677230835], [0.10363245010375977, 0.44555413722991943, 0.7572550177574158, -0.49456900358200073, -0.6470202207565308, 0.5803158283233643]], "Control Inputs 0": [[4.331691417547972, -9.919116226393124, 0.007670440221631405, -2.886682401932801, -2.9460826082195877], [3.843236497003687, -9.801481652175653, 0.004541006666433614, 0.8920954312343468, -2.9432915081735125], [2.938958094179216, -9.813367393818211, 0.008343293645136121, 1.236053612449827, -2.9399245756145627], [4.005191066820123, -9.717983857516112, 0.005167562138003859, -1.9408792460910456, -2.8793098073461953], [-2.5211906376686715, -9.816259250139701, 0.007454562493683713, 0.9825890868890537, -2.9774266496085735], [2.3235177280938224, -9.576298637556022, 0.005655572501938056, -1.414793146385402, -2.9348128471230974], [-1.2837549465219422, -9.579169650293743, 0.001891246173475934, 1.2803580440055065, -2.918747574411115], [1.4592018236524487, 4.592563859535414, 0.005872977146019288, -0.6508183565362935, -1.2488374789301113], [-2.4460705632942483, -7.895577694605967, 0.006196648099661193, 0.035231102422534466, -2.8806365913630194], [1.4943331595314202, 9.857194001975682, 0.0017401095589730548, -0.9230549578685894, -1.5527023067986543], [0.6238561959825146, 9.801695752893863, 0.025735074128392196, 0.7525588868401911, -1.9599621444748894], [-1.9999167911466298, -6.754285272238844, 0.008498007867243591, -0.7893667086364617, -0.9390364459056926], [0.33723067780785065, 7.277690127093663, 0.006936374310802285, 0.8027903254712503, 0.9587719463064936], [-1.3071497957842988, -5.586336160094793, 0.0006459832070025613, -1.1571325602801366, -0.004003605500081608], [0.09507678277788134, 9.795388212491492, 0.006511689168876837, 0.31285660756802436, -0.0004576750856437606], [-0.5804573169789107, -3.803569948531984, 0.010312928596904324, -1.2458178097255888, -0.7620318125254943], [1.1322643365074248, 4.8321431034559215, 0.014396834945449542, -0.5368860819925843, -0.36388209714094755], [-0.7089113142625703, 9.759411032033526, 0.6908430019864557, -0.5077735863859116, -2.7051316141557136], [0.9140795913806556, -2.8472760112288693, 0.025713010255571184, -0.29493836159014375, 0.23167986274447738], [-2.5379383893787524, 9.809936922200531, 0.008992733266115797, -2.944373281382975, -2.9437297304259755]], "Final Predicted Pose 0": [0.10363245010375977, 0.44555413722991943, 0.7572550177574158, -0.49456900358200073, -0.6470202207565308, 0.5803158283233643], "Predicted Translation Error 0": "0.4711248564197711cm", "Predicted Rotation Error 0": "tensor([0.9886], grad_fn=<DivBackward0>)"}