{"num_updates": "1943", "penalty": "tensor(0., dtype=torch.float64, grad_fn=<AddBackward0>)", "Starting Pose": [-0.28535977005958557, 0.14914153516292572, -0.17045769095420837, -0.7365193367004395, -0.3684742748737335, -0.5669733285903931, -0.01752825826406479], "Starting Soft Arm States": [29.399999618530273, 4.199999809265137, 10.0, 34.175750732421875, 35.17926025390625, 29.63180923461914], "Number of Trajectories": 1, "Final Desired Pose": [0.08560697734355927, 0.18312208354473114, -0.30229640007019043, -0.7584820985794067, -0.5402801632881165, 0.3644203841686249], "Predicted Trajectory 0": [[0.2093278702138871, 0.5281107013170868, 0.710233606426233, 0.085535928606987, 0.5229007601737976, 0.8480910658836365], [0.2340293824672699, 0.5483712553977966, 0.6512015461921692, 0.1901935487985611, 0.6212618947029114, 0.760171115398407], [0.27751073241233826, 0.6009753942489624, 0.611200749874115, 0.2543138861656189, 0.702386736869812, 0.664813756942749], [0.3197188675403595, 0.6347640156745911, 0.5604313611984253, 0.2941531538963318, 0.7437055110931396, 0.6003133058547974], [0.3598451316356659, 0.6730324625968933, 0.5127729177474976, 0.3130454421043396, 0.760352373123169, 0.5690929293632507], [0.4126257002353668, 0.7023030519485474, 0.4807095229625702, 0.3756362497806549, 0.7680919766426086, 0.5185866951942444], [0.45654237270355225, 0.7247843742370605, 0.4448695480823517, 0.3662243187427521, 0.7641814947128296, 0.5309485197067261], [0.5063945651054382, 0.7373454570770264, 0.4218864142894745, 0.3759910762310028, 0.7262275218963623, 0.5755208134651184], [0.5309552550315857, 0.7499043941497803, 0.41963258385658264, 0.21643832325935364, 0.6141830086708069, 0.7589029669761658], [0.5517953634262085, 0.756255030632019, 0.4520593285560608, 0.05055714771151543, 0.41990894079208374, 0.9061569571495056], [0.5522415041923523, 0.7011620998382568, 0.42796963453292847, -0.3258013427257538, 0.2460540384054184, 0.9128587245941162], [0.5614970922470093, 0.6364635229110718, 0.4159696102142334, -0.6100365519523621, 0.016742659732699394, 0.7921963334083557], [0.5755167603492737, 0.5980024337768555, 0.4011618494987488, -0.7232998609542847, -0.03808077424764633, 0.6894832253456116], [0.5966808199882507, 0.6333534121513367, 0.39395689964294434, -0.7324216961860657, 0.006708558648824692, 0.6808182001113892], [0.621690571308136, 0.6200439929962158, 0.4345168173313141, -0.7547950148582458, 0.0032775066792964935, 0.6559525728225708], [0.6378005743026733, 0.5847928524017334, 0.41661474108695984, -0.8397216796875, -0.18539930880069733, 0.5103867650032043], [0.6236468553543091, 0.6196385622024536, 0.4054357409477234, -0.8711289167404175, -0.15901421010494232, 0.4645952880382538], [0.6127177476882935, 0.5926499962806702, 0.399147629737854, -0.8843256831169128, -0.18841581046581268, 0.4271623194217682], [0.6187320947647095, 0.5703071355819702, 0.4025876522064209, -0.8877313733100891, -0.1980818510055542, 0.41556766629219055], [0.6231777667999268, 0.5943641066551208, 0.41556575894355774, -0.8836742639541626, -0.19092117249965668, 0.42739763855934143], [0.6344642043113708, 0.5923423767089844, 0.3998292088508606, -0.9077610969543457, -0.24260017275810242, 0.34222039580345154]], "Control Inputs 0": [[-4.981531774394636, 9.989955150512799, 0.007838657006211476, 0.7138594590779985, 2.985331809167998], [-4.996258490007916, 9.767535372960033, 0.002365401634794654, -0.042345212688315925, 2.984751969240448], [-4.982053804470759, 9.645671451188754, 0.009063188886048408, -1.879924024828671, 2.9941839366739087], [-4.961111112810259, 9.573928096632905, 0.0027775253118302347, 1.6611000912373388, 2.9598814507440263], [-4.951601583342607, 9.570709355546835, 0.00618673881886812, -2.850045584081846, 2.893575091700077], [-4.817412924118059, 9.811207728866364, 0.0018978563880377934, -2.949589326455207, 2.91631476106114], [-4.78108005945805, 9.793492731629694, 0.6888404821723811, -2.9343557425122744, -2.9517169158807977], [-4.822370851710419, 9.764583668171472, 0.6964629729036131, 2.892671410215457, -2.9682684774647767], [-4.851137152608479, -9.525664040369465, 0.6924364493434159, -2.8123780203087483, -2.993168151020788], [-2.151359214134251, -9.98960220898805, 0.699015464659111, -0.3672484919163441, -2.957500056799167], [-4.8919677458449256, -9.837743043001048, 0.6811231528383911, -1.617411028155988, -2.98100911903757], [1.3109302796963593, -9.868053776930083, 0.01041176278259858, -2.8489484249828125, 2.924355613455587], [-4.720383231840704, 9.799925445296523, 0.6221912643162293, 2.9470194819148077, -2.9452517599335177], [-4.801736041084105, -9.888488209904542, 0.00865523712529215, -2.943366439732244, -2.947278690155272], [2.013721594344193, 9.76963232317129, 0.05610051175262979, -0.751653326479711, -2.850020021493255], [1.6007737898315542, 9.804587851366012, 0.011074402587021845, 0.19361915006441333, -1.5366976874535536], [0.06409317374944568, -9.812474174539853, 0.0018731344533418866, -1.2122518298396219, 2.9390193753247953], [-2.497409044932185, -9.501544828736002, 0.016886032174002065, 0.8128042697567031, 2.9358447427788317], [0.8320905712313253, 9.76765935409816, 0.25564359654816976, -1.1286774880406627, -2.8770060413416347], [-4.771262548785328, 9.807961568874745, 0.6934145116195449, 2.9436230628536837, -2.9467219725073748]], "Final Predicted Pose 0": [0.6344642043113708, 0.5923423767089844, 0.3998292088508606, -0.9077610969543457, -0.24260017275810242, 0.34222039580345154], "Predicted Translation Error 0": "2.7530126117615414cm", "Predicted Rotation Error 0": "tensor([0.9443], grad_fn=<DivBackward0>)"}