{"num_updates": "1261", "penalty": "tensor(0., dtype=torch.float64, grad_fn=<AddBackward0>)", "Starting Pose": [-0.033632323145866394, 0.06422430276870728, -0.3246546685695648, -0.595168948173523, 0.715156078338623, 0.20697219669818878, 0.30247023701667786], "Starting Soft Arm States": [-6.0, -26.100000381469727, 10.0, 29.737791061401367, 3.5968844890594482, 35.40115737915039], "Number of Trajectories": 1, "Final Desired Pose": [-0.3646414279937744, 0.1723511815071106, -0.1774245649576187, -0.6410044431686401, 0.5719937086105347, 0.511797308921814], "Predicted Trajectory 0": [[0.5153550932666706, 0.25982713366292576, 0.31437629464056294, -0.1085713803768158, -0.9764832258224487, 0.18625999987125397], [0.49052825570106506, 0.26475754380226135, 0.3331321179866791, -0.2740192711353302, -0.9557477235794067, 0.10704993456602097], [0.4476761817932129, 0.2966194152832031, 0.3460153043270111, -0.40501779317855835, -0.9131200909614563, 0.04660700634121895], [0.3992058336734772, 0.3033318519592285, 0.3736463189125061, -0.47819289565086365, -0.8737397193908691, 0.08894012868404388], [0.34833627939224243, 0.3344951868057251, 0.3978164792060852, -0.5778082013130188, -0.8015064001083374, 0.15402939915657043], [0.30150413513183594, 0.3581236004829407, 0.4301563501358032, -0.648340106010437, -0.7270185351371765, 0.22605091333389282], [0.2545872628688812, 0.37394753098487854, 0.48987725377082825, -0.6350163817405701, -0.6763235330581665, 0.3732835650444031], [0.21188434958457947, 0.41016685962677, 0.5402848720550537, -0.6929499506950378, -0.5458649396896362, 0.47101160883903503], [0.1789225935935974, 0.42994365096092224, 0.5950927138328552, -0.7078588604927063, -0.4210086762905121, 0.567175030708313], [0.1523190438747406, 0.44209712743759155, 0.6648128032684326, -0.6350676417350769, -0.3383488953113556, 0.6944127678871155], [0.13594751060009003, 0.48371273279190063, 0.6898157596588135, -0.6803799271583557, -0.15647342801094055, 0.7159603238105774], [0.1356651782989502, 0.5193815231323242, 0.6952397227287292, -0.6584360599517822, 0.0768946036696434, 0.748698353767395], [0.13381324708461761, 0.5583533644676208, 0.7051681876182556, -0.5667380094528198, 0.312845379114151, 0.7621914148330688], [0.12849970161914825, 0.5831227898597717, 0.7053990960121155, -0.5438417196273804, 0.47102317214012146, 0.6945310235023499], [0.13205085694789886, 0.5880895256996155, 0.7118397951126099, -0.4732009470462799, 0.5600242614746094, 0.6800394654273987], [0.14502690732479095, 0.5869717597961426, 0.700482189655304, -0.382021963596344, 0.6240841746330261, 0.6815996766090393], [0.14915966987609863, 0.5865262150764465, 0.705862283706665, -0.33308902382850647, 0.6176973581314087, 0.7123914957046509], [0.14528021216392517, 0.6005405187606812, 0.7257333397865295, -0.3372858166694641, 0.554986298084259, 0.7604133486747742], [0.14617282152175903, 0.6186789274215698, 0.6981779336929321, -0.4298912286758423, 0.5843687057495117, 0.6882635951042175], [0.1278540939092636, 0.594825267791748, 0.7003116011619568, -0.5336198806762695, 0.48367470502853394, 0.6937640905380249], [0.12135057151317596, 0.6035305261611938, 0.6958062648773193, -0.6416632533073425, 0.4821697771549225, 0.5964735746383667]], "Control Inputs 0": [[4.981369762959915, 9.919762752309904, 0.004413852692758733, -2.032780682205118, 2.973731791271317], [4.933935392583953, 9.79375857580088, 0.006269804885174781, -0.11811508938774562, 2.9833032636842622], [4.971742623556866, 8.37309566988408, 0.00027041408506813967, -1.500339937176669, 2.9573102666606026], [4.958949972417994, 9.822298080097369, 0.0030359450915053883, -1.6539643040443626, 2.9960883584964115], [4.828192510725966, 9.795896058307296, 0.003333755454215789, 2.550673871205282, 2.9627223444544537], [4.952420955371311, 9.782607426127136, 0.0008316111132212762, -1.1814232356311711, 2.98739648286437], [4.83621005778256, 9.79086409307607, 0.00866351564920522, -0.6012745738027885, 2.873020642645863], [4.749027284485663, 3.5037305091922235, 0.002282897549383164, 1.5870865635499234, 2.9474150711542384], [3.5445435089770303, 3.6358216827329066, 0.0029554926771946325, -2.317180376116113, 2.9306429955694346], [1.1967028960551112, 9.662065572453805, 0.013086597223851814, -1.1263993148212685, 2.9725585186233436], [0.4756424995468418, 9.770045991007166, 0.01852143511105245, 0.2424484432935401, 2.9390415530394822], [0.5624513512426903, 8.861744675423687, 0.1171266552247864, -1.5621930109233888, 1.3354522030534381], [0.9321751306798394, 7.747629902038906, 0.01249197376144894, 0.4298840492135758, 0.2744413583021843], [-2.075429870840176, -0.8870662661910664, 0.23016430100064403, 1.8511929397958413, 2.942378225984693], [-2.8773475335609517, -6.991547618640545, 0.2621091942576138, 1.6196618466719324, 2.936620247382736], [0.7776429344625093, -0.898046941799878, 0.14173045964257716, 0.8357809928269013, -2.0211163878886818], [-1.127227607216406, 9.765391929821973, 0.2228204117267427, -2.946758023153805, -1.3605943814376025], [-0.363153404714577, -7.823862355018829, 0.22774407753885603, -2.9463080906513768, 0.8569272302964581], [4.8958544295298925, 9.685279848442342, 0.006556980061496544, -2.944840482429462, -1.411245777847852], [-4.900470874753399, -9.477115291717736, 0.05354121744860886, -2.9398738277809895, -1.998820183395095]], "Final Predicted Pose 0": [0.12135057151317596, 0.6035305261611938, 0.6958062648773193, -0.6416632533073425, 0.4821697771549225, 0.5964735746383667], "Predicted Translation Error 0": "0.7075613968271574cm", "Predicted Rotation Error 0": "tensor([0.9924], grad_fn=<DivBackward0>)"}