{"num_updates": "4956", "penalty": "tensor(0., dtype=torch.float64, grad_fn=<AddBackward0>)", "Starting Pose": [0.18961374461650848, 0.15425632894039154, -0.17913532257080078, -0.27899521589279175, -0.29419857263565063, -0.8972629308700562, -0.174722820520401], "Starting Soft Arm States": [-44.900001525878906, 1.7999999523162842, 10.0, 31.360626220703125, 35.24549865722656, 27.101511001586914], "Number of Trajectories": 1, "Final Desired Pose": [0.10281311720609665, 0.20100164413452148, -0.3148469030857086, -0.7932559847831726, -0.5613484382629395, 0.2358662486076355], "Predicted Trajectory 0": [[0.7867572586340011, 0.5442701436793094, 0.6879562312303361, -0.7832671999931335, -0.14938463270664215, 0.6034705638885498], [0.7726184129714966, 0.5507581830024719, 0.6319176554679871, -0.745311439037323, -0.16277992725372314, 0.6465396285057068], [0.7253819108009338, 0.54414302110672, 0.5867668390274048, -0.6948666572570801, -0.2522754669189453, 0.6734369993209839], [0.6965109705924988, 0.5963730812072754, 0.5306909084320068, -0.775688111782074, -0.05516738072037697, 0.6287006735801697], [0.6568734645843506, 0.5840673446655273, 0.4683590829372406, -0.7894816398620605, -0.1425027698278427, 0.5970023274421692], [0.6273679733276367, 0.6353912353515625, 0.4183322787284851, -0.8688955903053284, -0.009267871268093586, 0.49490875005722046], [0.6243493556976318, 0.6348330974578857, 0.38796740770339966, -0.9295783638954163, -0.04311085119843483, 0.3660949766635895], [0.6028263568878174, 0.6358132362365723, 0.40070655941963196, -0.8873239159584045, -0.05802071839570999, 0.45748215913772583], [0.6044287085533142, 0.6346781253814697, 0.4272401034832001, -0.8137238025665283, 0.009523306973278522, 0.5811737775802612], [0.6223827600479126, 0.6259713172912598, 0.4158172905445099, -0.8862208127975464, 0.03183537721633911, 0.46216776967048645], [0.6354732513427734, 0.6480804085731506, 0.40326473116874695, -0.9248955249786377, 0.06450456380844116, 0.3747099041938782], [0.62174391746521, 0.6617771983146667, 0.4236171841621399, -0.8896461725234985, 0.04034220799803734, 0.45486488938331604], [0.6298754215240479, 0.631091833114624, 0.40491577982902527, -0.935113251209259, -0.006060096435248852, 0.3542972505092621], [0.6378932595252991, 0.5950778722763062, 0.390161395072937, -0.9568904042243958, -0.1865093857049942, 0.22265440225601196], [0.6275737881660461, 0.6460167169570923, 0.3559862971305847, -0.9900092482566833, 0.038906581699848175, 0.13552843034267426], [0.6144975423812866, 0.5621351003646851, 0.37696194648742676, -0.9303637742996216, -0.13362842798233032, 0.341418594121933], [0.6102858781814575, 0.6218388676643372, 0.3763447105884552, -0.9364780783653259, -0.03307656571269035, 0.3491627275943756], [0.6087119579315186, 0.6083356738090515, 0.3450753390789032, -0.9586182832717896, -0.13126148283481598, 0.2526291012763977], [0.614875316619873, 0.6348003149032593, 0.39126524329185486, -0.9204305410385132, -0.14308393001556396, 0.36377838253974915], [0.6287336945533752, 0.6211203336715698, 0.41981685161590576, -0.8944768905639648, -0.24090921878814697, 0.3766615092754364], [0.6381938457489014, 0.6280111074447632, 0.39322805404663086, -0.9498884677886963, -0.24555858969688416, 0.19342359900474548]], "Control Inputs 0": [[4.953357250289406, -9.951768394222306, 0.6930528793625761, -2.972720080018912, -2.926315373021362], [4.780276276468591, 8.87606092049873, 0.6892266913788526, -2.931040109378696, 2.789380611048415], [4.989088530555385, -9.672858560393369, 0.4719736887479542, -2.929289317159428, 0.24250938390831323], [4.88128639624378, 8.388065200186961, 0.6777001438596052, -2.9635264446844167, -0.12778208133585034], [1.1447647682132613, 8.222328645286222, 0.323970588284448, -2.8692590056016134, -0.9771071759544991], [-0.823716576741802, 8.751194032506785, 0.049613837637085816, 2.940573333992732, -2.8176453088203415], [3.597323705878974, 8.280797673177851, 0.15023162856544825, 2.9579969315759698, 2.7064552741920194], [-4.681561786979703, -9.935295112975018, 0.396142347007943, -1.6280408037180614, 2.950702380799016], [-1.194802754739706, -9.779656501391022, 0.31425458450943494, -2.8321021524504015, 2.8767829846310393], [0.08918826301911853, 9.28137671931998, 0.2097875856059568, 2.8427848728774476, -2.9085930315466557], [2.358737326168894, 9.75975436441604, 0.125172220586744, -1.3780255594238564, -2.9219397736297754], [-4.751256270850249, -9.45214765867809, 0.009414907943705348, -2.281877814641825, -2.8884095002992733], [2.90039884544088, 9.60745307323382, 0.04005322925335356, -2.8592772951863585, 1.0978752229911821], [3.2345505743847447, -9.501938304932196, 0.0008586888940346818, 2.9438531163095254, 2.950821138884116], [-4.752010972263528, -9.718091987099472, 0.5579629177836296, 2.992862731376512, 2.929780210927084], [4.819215410469873, 9.5494203635783, 0.06834905418574469, -2.9185974329782254, -2.9718745638124755], [-3.4945072233717367, 9.38350737398099, 0.2003277171141967, 2.9424498975633195, -2.9713716081196124], [-0.7793865905672019, 9.816078757043282, 0.018140730117230025, 2.5301715644657206, -2.8391878063630682], [-4.169674110647117, 9.729175131972042, 0.21469781351115666, -2.948263992252809, -2.965020683052569], [0.8470641335265476, 9.948917393791731, 0.6817902832652841, -2.9292105437523936, -2.9455953300694913]], "Final Predicted Pose 0": [0.6381938457489014, 0.6280111074447632, 0.39322805404663086, -0.9498884677886963, -0.24555858969688416, 0.19342359900474548], "Predicted Translation Error 0": "4.582669312445564cm", "Predicted Rotation Error 0": "tensor([0.9370], grad_fn=<DivBackward0>)"}