{"num_updates": "2776", "penalty": "tensor(1.1003, dtype=torch.float64, grad_fn=<AddBackward0>)", "Starting Pose": [-0.36512261629104614, 0.19568859040737152, -0.2202688604593277, -0.24785080552101135, -0.920392632484436, -0.16161826252937317, -0.2555914521217346], "Starting Soft Arm States": [44.099998474121094, -26.5, 10.0, 7.461883544921875, 35.16270065307617, 3.5902607440948486], "Number of Trajectories": 1, "Final Desired Pose": [-0.06437087059020996, 0.04214239493012428, -0.30011624097824097, 0.11640355736017227, -0.47404712438583374, 0.8727712035179138], "Predicted Trajectory 0": [[0.11235949177811577, 0.6751693099491018, 0.5823574576058351, -0.7464860081672668, 0.3736235797405243, 0.5506033897399902], [0.1410345882177353, 0.6711582541465759, 0.484734445810318, -0.7734047770500183, 0.5663168430328369, 0.284833699464798], [0.17723402380943298, 0.6963782906532288, 0.41980502009391785, -0.6609944701194763, 0.7462866902351379, 0.078374482691288], [0.21379151940345764, 0.6898026466369629, 0.36770716309547424, -0.527504563331604, 0.8372659683227539, -0.14396032691001892], [0.24458953738212585, 0.6818138360977173, 0.32871317863464355, -0.3712080419063568, 0.8555879592895508, -0.36079591512680054], [0.26995381712913513, 0.6652995944023132, 0.30112794041633606, -0.20125116407871246, 0.7946529388427734, -0.5727342963218689], [0.28923991322517395, 0.6437478065490723, 0.28648003935813904, -0.06063362583518028, 0.6785351634025574, -0.7320611476898193], [0.294325590133667, 0.5780842900276184, 0.2555728256702423, -0.03839811310172081, 0.4120294451713562, -0.9103610515594482], [0.31777745485305786, 0.5120249390602112, 0.22111831605434418, -0.060533881187438965, 0.10668893158435822, -0.9924480319023132], [0.36499014496803284, 0.43370503187179565, 0.17279396951198578, -0.02669370174407959, -0.20002731680870056, -0.9794266223907471], [0.41631296277046204, 0.3691348731517792, 0.1504514366388321, -0.0896192193031311, -0.380645215511322, -0.9203681945800781], [0.43899771571159363, 0.29214906692504883, 0.1446695178747177, -0.20788972079753876, -0.5199956297874451, -0.8284844160079956], [0.4108480215072632, 0.24747389554977417, 0.16103094816207886, -0.43143990635871887, -0.5965821146965027, -0.6767194867134094], [0.3830827474594116, 0.22878508269786835, 0.1892143189907074, -0.6855563521385193, -0.6089574694633484, -0.39897799491882324], [0.44132310152053833, 0.25206804275512695, 0.17644228041172028, -0.6294123530387878, -0.7210522890090942, -0.2896958291530609], [0.47017401456832886, 0.22799085080623627, 0.192885622382164, -0.5297383069992065, -0.8475474119186401, -0.03226041793823242], [0.4435548186302185, 0.22562025487422943, 0.2264387458562851, -0.45708954334259033, -0.8513050079345703, 0.25758296251296997], [0.42309319972991943, 0.2275925725698471, 0.27144718170166016, -0.4504588842391968, -0.7618741393089294, 0.46544012427330017], [0.4443635940551758, 0.20206065475940704, 0.3018317222595215, -0.16599030792713165, -0.7515134811401367, 0.6384941339492798], [0.4434438645839691, 0.19194859266281128, 0.3513638973236084, -0.08964898437261581, -0.6721221804618835, 0.7349931001663208], [0.4890948235988617, 0.2178870141506195, 0.4008428454399109, -0.044020410627126694, -0.547735869884491, 0.8354924321174622]], "Control Inputs 0": [[-4.77053140383655, 9.84969314311881, 0.0017699925093855142, -0.3891091158333584, 1.8168921144714947], [-4.3102359815921325, 9.979899564934652, 0.00023284610305927258, 0.8831151174837713, 1.5809913403935072], [-3.147041619239055, 9.610379743369489, 0.0012552539291633502, -0.4896750341456828, -0.024821325489938317], [-2.465735142038977, 9.687536543581576, 0.0017279069650906205, -0.21989621230779255, -0.04302493678729924], [-1.4169497568319627, 9.79780584468503, 0.0018306286479127184, 2.763369919026987, -0.07946238546090933], [-0.8420241242214841, 9.880779029252281, 0.0024075642432913264, -1.8004662266526477, -0.06247515027313133], [-1.192756025976077, 9.999012926354265, 0.0014736901233014367, -0.8705480293788184, -1.1043040603452539], [-4.890350270282898, 9.539381467768745, 0.006311264772645068, 0.030264380690044668, 0.8325853999017752], [-4.723671445920092, 9.149872071932759, 0.0006005976168467697, 1.7772037412452812, -2.864456853026845], [-2.7603143960879186, 9.469946069784243, 0.0022303263754979994, 2.9375407786401464, -2.930668940015948], [1.0563260477205025, 9.568430010007365, 0.015801720568560176, 2.985396190832259, -2.992936244253034], [3.805895624391251, 8.717280422722883, 0.005866837480248795, 2.8732184763934425, -2.971097751349389], [-4.850270735035039, -8.042708435871312, 0.011008891484645705, 2.8742707115623842, -2.9211485076459778], [-4.688434832772166, -8.625626171953412, 0.007864105826132632, 2.912863162678704, -2.945043832680041], [0.3174498076560983, -8.84070140821409, 0.015119758548257136, 2.9334599237142873, -2.8996607222123925], [4.885777630019682, -9.34735628981444, 0.0015638108295030941, 1.393890676698244, -2.9442162037396518], [-4.874656260357428, -9.27936030986331, 0.013232445797322497, 0.8944567886348969, -2.9693321470419285], [-0.022055798757312672, -9.765766031684876, 0.00205063094337169, 2.6494104530950287, -2.9441827918499337], [-4.933847640733335, -7.688991291896635, 0.008599568035804141, 2.879557289888222, 2.929459707179345], [-4.904424819865114, -9.731740380653102, 0.6734093762947204, -2.8226101889017006, -2.9440002560676826]], "Final Predicted Pose 0": [0.4890948235988617, 0.2178870141506195, 0.4008428454399109, -0.044020410627126694, -0.547735869884491, 0.8354924321174622], "Predicted Translation Error 0": "1.564125897276002cm", "Predicted Rotation Error 0": "tensor([0.9837], grad_fn=<DivBackward0>)"}