{"num_updates": "170", "penalty": "tensor(0., dtype=torch.float64, grad_fn=<AddBackward0>)", "Starting Pose": [-0.26969295740127563, 0.19635967910289764, -0.26395025849342346, -0.5572501420974731, -0.6159751415252686, 0.5047194957733154, -0.23517033457756042], "Starting Soft Arm States": [28.600000381469727, 71.4000015258789, 10.0, 28.585247039794922, 34.963985443115234, 11.883283615112305], "Number of Trajectories": 1, "Final Desired Pose": [-0.15985235571861267, 0.10107365250587463, -0.2944559156894684, -0.7494640946388245, -0.3105745017528534, 0.5846769213676453], "Predicted Trajectory 0": [[0.22837414915840806, 0.6772895164651633, 0.4702177706403045, -0.26833435893058777, 0.9238946437835693, -0.27279186248779297], [0.23207327723503113, 0.6794512867927551, 0.47039496898651123, -0.22291240096092224, 0.9687266945838928, -0.10898944735527039], [0.2479875385761261, 0.6826649904251099, 0.4450119137763977, -0.20601996779441833, 0.9779434204101562, -0.03438619524240494], [0.26660817861557007, 0.6559453010559082, 0.42971715331077576, -0.2875322103500366, 0.9483118653297424, 0.13427497446537018], [0.284736692905426, 0.6420072317123413, 0.41220027208328247, -0.3888151943683624, 0.8738982081413269, 0.2917614281177521], [0.299589067697525, 0.6269164085388184, 0.3880588710308075, -0.49230748414993286, 0.7891532778739929, 0.3672472834587097], [0.31305059790611267, 0.6289238333702087, 0.39904481172561646, -0.5032578706741333, 0.7183439135551453, 0.48032647371292114], [0.3223972022533417, 0.6109020709991455, 0.3760562539100647, -0.620556116104126, 0.6143980622291565, 0.487263023853302], [0.34289708733558655, 0.5728657245635986, 0.36117881536483765, -0.7312328219413757, 0.46075424551963806, 0.5029950737953186], [0.349101185798645, 0.49991342425346375, 0.3667845129966736, -0.8113088011741638, 0.23863430321216583, 0.533696174621582], [0.35296371579170227, 0.452888548374176, 0.3517315089702606, -0.8662556409835815, 0.03043893352150917, 0.49867287278175354], [0.34769943356513977, 0.4649823009967804, 0.35591888427734375, -0.8646119832992554, -0.008036818355321884, 0.5023757815361023], [0.34913769364356995, 0.45913898944854736, 0.3753664493560791, -0.8392842411994934, -0.0701882615685463, 0.5391433835029602], [0.3489871919155121, 0.41240808367729187, 0.356938898563385, -0.8640103340148926, -0.24414189159870148, 0.44031909108161926], [0.3444359600543976, 0.41865020990371704, 0.38343682885169983, -0.8233574032783508, -0.22236105799674988, 0.5221475958824158], [0.36178460717201233, 0.39374151825904846, 0.38099589943885803, -0.7833420038223267, -0.2639664113521576, 0.5627585053443909], [0.35632723569869995, 0.39841875433921814, 0.4028356373310089, -0.7090449333190918, -0.2646840810775757, 0.6536036133766174], [0.35594993829727173, 0.3688128888607025, 0.40596798062324524, -0.6917850971221924, -0.3767991364002228, 0.6159998178482056], [0.37617558240890503, 0.41944727301597595, 0.3776184022426605, -0.7972684502601624, -0.261282742023468, 0.5441456437110901], [0.36277395486831665, 0.3500848710536957, 0.3845144212245941, -0.6883160471916199, -0.494653582572937, 0.530602216720581], [0.36528176069259644, 0.3782018721103668, 0.3954583406448364, -0.7107317447662354, -0.4847247898578644, 0.509806215763092]], "Control Inputs 0": [[-4.528231976819809, 0.07315095885807033, 0.0009554985117161162, -2.942502274605133, -2.9399177121484246], [-3.467045454877571, -5.4777501413667204, 0.45881156195831335, -1.2593945414344772, -2.161376393361597], [-4.903402843898336, -7.243485934236815, 0.0067182662926082125, -2.9864120480932748, -2.940038459968007], [-3.2530819387342396, -1.3295132237559546, 0.6387144143429679, -2.935620047030151, -2.9423125811644275], [-1.1674859032296783, 3.0452959454401896, 0.10155952972481398, 1.9291553010635392, -2.953858694582958], [-1.7643590043597022, 3.8453819935836595, 0.007432642299882969, -2.0087824037231137, -2.9680928163269473], [-2.1753674260228877, 3.4461043146146118, 0.18047173628648186, -0.35525798415220367, -2.9613286440876028], [-4.899090603843391, -9.788242716761802, 0.6778919109417796, 2.9698405700654247, -1.071023358963827], [0.7656106502157192, -9.946416836686776, 0.21208987732791157, -1.4245663037722835, -2.941375695680009], [-2.2077680011184504, 1.4054582298359133, 0.454964767790738, -0.21855131193375232, -2.381657304616427], [3.052270055719017, 4.98588090686359, 0.2983252938339459, 1.273247853759881, -0.17610410229378282], [-2.7465492207849183, -2.813241400622661, 0.006822274229204908, -1.294182881556653, -2.9475887422078335], [2.190452925613193, -0.660307744866909, 0.12345162513388702, 1.0367049584440169, 0.0936607901439368], [-0.7257589573094547, -3.856886606433245, 0.2662978504489695, 1.6066210715366838, 1.8580514489955817], [-4.000255197960965, -7.666467406067904, 0.32625822997102744, 2.9683246501705565, 2.031807047174092], [4.9236910141743895, -1.8897774302711348, 0.0030400487602500843, -0.03647348284299401, -2.941897783005275], [-4.8973455338713965, 4.477869385501778, 0.4679767578412397, -2.939584919280846, 0.32763138763397803], [-0.3559835921968819, -4.027170527212808, 0.08161274898098353, 0.4779133431779101, -1.7688612483279247], [4.029113103794323, 3.6440616599132465, 0.45983656286419, 0.5861221882766809, -2.9892282343153562], [-4.893584112538569, 0.0653771030720467, 0.2548534977786968, -2.98902453730686, -1.7948532616626263]], "Final Predicted Pose 0": [0.36528176069259644, 0.3782018721103668, 0.3954583406448364, -0.7107317447662354, -0.4847247898578644, 0.509806215763092], "Predicted Translation Error 0": "0.31623689697936413cm", "Predicted Rotation Error 0": "tensor([0.9813], grad_fn=<DivBackward0>)"}