{"num_updates": "1980", "penalty": "tensor(0., dtype=torch.float64, grad_fn=<AddBackward0>)", "Starting Pose": [-0.06838120520114899, 0.17652639746665955, -0.34686774015426636, 0.1387079656124115, -0.24868793785572052, -0.9175354838371277, -0.2775663137435913], "Starting Soft Arm States": [-2.5, -1.899999976158142, 10.0, 8.839638710021973, 35.12627029418945, 19.47418212890625], "Number of Trajectories": 1, "Final Desired Pose": [-0.3689664900302887, 0.1257234513759613, -0.15021373331546783, -0.44573599100112915, -0.7527289390563965, 0.48447757959365845], "Predicted Trajectory 0": [[0.4731105783758819, 0.6146291658433032, 0.2573504894658519, -0.80743408203125, -0.5783438682556152, -0.11648417264223099], [0.4077373743057251, 0.6577855944633484, 0.25311875343322754, -0.9437719583511353, -0.31178364157676697, 0.10993384569883347], [0.31881004571914673, 0.6147955656051636, 0.2608557939529419, -0.8827493786811829, -0.25889185070991516, 0.3920823335647583], [0.24334363639354706, 0.5645773410797119, 0.29345035552978516, -0.7803298830986023, -0.3093244433403015, 0.5435105562210083], [0.1925426423549652, 0.5310364961624146, 0.36697202920913696, -0.6467529535293579, -0.3521544933319092, 0.6765336990356445], [0.15901604294776917, 0.48567938804626465, 0.45524558424949646, -0.5020437240600586, -0.41287198662757874, 0.7599268555641174], [0.14191022515296936, 0.4705606698989868, 0.563025176525116, -0.3334415555000305, -0.43310409784317017, 0.8373992443084717], [0.12483473867177963, 0.47344905138015747, 0.6639072895050049, -0.2182268351316452, -0.43476492166519165, 0.8737027645111084], [0.1159881204366684, 0.47311973571777344, 0.7259957790374756, -0.1617674082517624, -0.4647917151451111, 0.8705170750617981], [0.10333121567964554, 0.4624853730201721, 0.7603302001953125, -0.13254965841770172, -0.47929027676582336, 0.8675894737243652], [0.09327246993780136, 0.4545191824436188, 0.7866877913475037, -0.13123948872089386, -0.5070619583129883, 0.8518593907356262], [0.10371805727481842, 0.4526345729827881, 0.7625054121017456, -0.15286414325237274, -0.5460578203201294, 0.8236828446388245], [0.10476910322904587, 0.4440770447254181, 0.745154082775116, -0.18968918919563293, -0.5840198397636414, 0.7892646789550781], [0.107173852622509, 0.45488613843917847, 0.7571716904640198, -0.18942959606647491, -0.6302066445350647, 0.7529647946357727], [0.11432624608278275, 0.45696961879730225, 0.7651981711387634, -0.13250596821308136, -0.652058482170105, 0.7464998364448547], [0.10987557470798492, 0.45553910732269287, 0.7597026824951172, -0.15693488717079163, -0.6688396334648132, 0.7266532778739929], [0.10978956520557404, 0.4569712281227112, 0.7577180862426758, -0.1761895716190338, -0.697753369808197, 0.6943324208259583], [0.10447439551353455, 0.46653059124946594, 0.7572510838508606, -0.2169336974620819, -0.6698556542396545, 0.7100938558578491], [0.10202836245298386, 0.4577043652534485, 0.7534178495407104, -0.24505405128002167, -0.695144772529602, 0.675812304019928], [0.09280437231063843, 0.45765483379364014, 0.7524782419204712, -0.3168780207633972, -0.7203832864761353, 0.6169573068618774], [0.09867775440216064, 0.4508197009563446, 0.7552589774131775, -0.31284570693969727, -0.7839723229408264, 0.5362041592597961]], "Control Inputs 0": [[4.982631673817677, -9.740927446320256, 0.694580286617131, 2.988782949794926, 2.5059977075300077], [4.985047553252835, -9.08711824170563, 0.6779124753280982, 2.991177223086514, -2.949726980188659], [4.969089986744329, -6.002530707723794, 0.6835401787888917, 2.9660076576666228, -2.8855320983145676], [4.823208082111044, -5.681308394186698, 0.49119792076060265, 2.982719985778302, -2.937052701291103], [4.854792231892677, -9.797039584580164, 0.14798737271829712, 2.9127336458030975, -0.7609814115709908], [4.895382703873706, -1.000499470569494, 0.17619125091475632, 2.059254644828256, -1.8123079279579466], [4.9559395158915365, 3.46079607948303, 0.11298184464572389, 0.3186748490904092, -2.9395476718368565], [1.0452294620256168, 2.497354152716184, 0.04235614010126836, -1.1102054119934375, -1.573952492224913], [4.894070101889804, -5.889080813576772, 0.01959831851114666, -2.3804885469155654, 0.5194843587023947], [-0.7674595649529241, -7.069801771137717, 0.015613286839655955, -0.41726168387856477, 0.916930110498158], [-4.882602541654332, -7.269544325612792, 0.03686746829752037, -0.270067543659565, 1.5314084090440794], [1.637796202898599, -4.497075730494533, 0.007850835109351821, -1.4959308177939907, -0.5340737007987011], [-1.8383385283960014, 2.7351261331231775, 0.014371432494666747, 2.931169407035754, -1.119215711831854], [-0.21890107069510734, -2.1652492136803083, 0.022178310431123175, -1.2357310569202857, -0.037921737326230165], [0.09674302991237393, -4.627281556247208, 0.055654913476218364, -1.1367459958313444, 0.31925250394308824], [-0.10850355072519502, 0.9102263027121271, 0.06386534920775679, -0.8527072586548159, -0.03648322636469903], [0.6186755628911254, -9.319294977191339, 0.03707239637795098, -0.9301075453048981, 2.6063532973103145], [-1.4529327036300668, -7.195996389827668, 0.10418570008190357, -1.6245301629372213, 2.503964511880289], [4.05236840336825, -6.317855870346996, 0.01871485188961404, -1.0792142061276306, -2.9385910119687275], [-4.905957192108204, 9.975641289690412, 0.017222199283888264, -2.8778801962475224, -2.9415686049094525]], "Final Predicted Pose 0": [0.09867775440216064, 0.4508197009563446, 0.7552589774131775, -0.31284570693969727, -0.7839723229408264, 0.5362041592597961], "Predicted Translation Error 0": "0.795771373839267cm", "Predicted Rotation Error 0": "tensor([0.9893], grad_fn=<DivBackward0>)"}