{"num_updates": "3860", "penalty": "tensor(0., dtype=torch.float64, grad_fn=<AddBackward0>)", "Starting Pose": [0.1770242154598236, 0.031957510858774185, -0.26028454303741455, -0.5734854340553284, 0.7542643547058105, 0.012305192649364471, 0.31945016980171204], "Starting Soft Arm States": [-43.29999923706055, -60.0, 15.0, 17.4406681060791, 3.3551151752471924, 35.553504943847656], "Number of Trajectories": 1, "Final Desired Pose": [-0.1192585676908493, 0.06958840042352676, -0.29757294058799744, -0.19433216750621796, -0.7406434416770935, 0.6431813836097717], "Predicted Trajectory 0": [[0.7714520597190696, 0.157884927042675, 0.47962846265663334, -0.13813216984272003, -0.8729809522628784, 0.4677860140800476], [0.753625214099884, 0.18745459616184235, 0.36275607347488403, -0.2513701915740967, -0.9599924683570862, 0.12339974194765091], [0.7041990756988525, 0.21826207637786865, 0.32543060183525085, -0.3158127963542938, -0.9387997388839722, 0.13753986358642578], [0.6650938987731934, 0.25379714369773865, 0.3116081655025482, -0.36901983618736267, -0.9112805128097534, 0.18273523449897766], [0.6269341111183167, 0.27732816338539124, 0.305095374584198, -0.4080905020236969, -0.8873841762542725, 0.21450278162956238], [0.5885169506072998, 0.2816682457923889, 0.3102876543998718, -0.38424089550971985, -0.884169340133667, 0.2657133638858795], [0.5428153276443481, 0.282410204410553, 0.33674588799476624, -0.3667312562465668, -0.8395111560821533, 0.40091052651405334], [0.5009514093399048, 0.28302136063575745, 0.34584805369377136, -0.33606812357902527, -0.8296685814857483, 0.4457670748233795], [0.45833197236061096, 0.2798008620738983, 0.3544292747974396, -0.2711205780506134, -0.8312608599662781, 0.4852825701236725], [0.426072359085083, 0.29327279329299927, 0.39321768283843994, -0.268241822719574, -0.7513285875320435, 0.6029524803161621], [0.4324343502521515, 0.2692250609397888, 0.3743773102760315, -0.1947452425956726, -0.8401282429695129, 0.5062201023101807], [0.41364404559135437, 0.2683660089969635, 0.3570626974105835, -0.1945064812898636, -0.8667804598808289, 0.4591936767101288], [0.3857446312904358, 0.2898781895637512, 0.37558937072753906, -0.26634693145751953, -0.8164203763008118, 0.5123642683029175], [0.3979783356189728, 0.2798263430595398, 0.32475194334983826, -0.24781562387943268, -0.9012393355369568, 0.3554646968841553], [0.3944912850856781, 0.30384913086891174, 0.33184200525283813, -0.33033689856529236, -0.8415470719337463, 0.42740607261657715], [0.41070303320884705, 0.27335217595100403, 0.35652583837509155, -0.24970678985118866, -0.8016774654388428, 0.5431020259857178], [0.41449370980262756, 0.2564423680305481, 0.3836011588573456, -0.09030399471521378, -0.7694851756095886, 0.6322481632232666], [0.3859544098377228, 0.3023238778114319, 0.3970947861671448, -0.15374256670475006, -0.732948899269104, 0.6626833081245422], [0.4010973274707794, 0.26781418919563293, 0.3678852617740631, -0.09764150530099869, -0.835002064704895, 0.5415142774581909], [0.41323378682136536, 0.2795628309249878, 0.40975749492645264, 0.004347057547420263, -0.7722049355506897, 0.6353586316108704], [0.41943156719207764, 0.28111183643341064, 0.3991463780403137, -0.060118429362773895, -0.8146151304244995, 0.5768777132034302]], "Control Inputs 0": [[4.88142773503078, 9.861470159114845, 0.004776776754736951, 1.219592446898024, 2.9376093019167735], [4.91020717462146, 9.750850372870907, 0.26561007204069154, 2.9965378621671865, 2.9523717903868487], [4.8839885314500755, 7.947437427398867, 0.004927402655631435, 1.0764591258451217, 2.928509642498547], [4.9668828354756265, 2.038199544661932, 0.10484726098750194, 0.46796988183304933, 2.917629684919052], [4.899850083002011, 2.2847038504228028, 0.00386780710710735, 2.9482720746813724, 2.8292164367927777], [4.717705535827573, -3.784187762625364, 0.00532068936002386, -0.2585582519111429, 2.9063591133969995], [4.6943381194099505, 0.11118813361112423, 0.002765505255612182, -0.08676359762764285, -0.1519749275665454], [4.724972854217313, -1.6676211126368923, 0.1651039536715705, 1.9079438715409642, 2.893160153812379], [0.8269296182242023, -5.713945236673123, 0.0040824635633827915, -2.3234178032997734, -1.3471203466498447], [-2.790140458341819, 4.624920552334718, 0.06915496287213843, -1.8676704582722954, -1.5279547494219703], [4.843061112571771, -5.9256197835668925, 0.0042524893974452875, -0.9508778303312795, 2.913877000970916], [-1.0492831425667655, -0.3843859337688471, 0.003961823474017548, -2.930732009259339, -2.8437172468828726], [-3.0772043056660356, 1.4926503494785717, 0.0011689332065044661, -0.8113264380080141, 2.9036655941777196], [0.18602381946522772, -9.7636531926649, 0.006814874759661277, 2.8771147161043498, 2.930019873327737], [-4.695706288452347, -9.784572290186171, 0.07737087930521348, 2.8782166828912734, 2.929917569676115], [4.857462163324719, 5.419823235203285, 0.0027228410767174945, 1.1691291659040015, -2.82511975758414], [0.35375419583054146, -2.1886029684492403, 0.16528899135090483, -2.688196761445143, -2.8410915351319868], [-4.693310834559192, -1.5782569388243015, 0.0037338319719454035, 2.7438268242860424, 2.225945395970527], [1.4268251032044805, 7.427867049159076, 0.0705255875797805, 2.9074041337063417, -2.9407954924582413], [-4.761426625306495, -9.5066369963468, 0.00242389303740118, -2.99238901948432, 0.6445001363946692]], "Final Predicted Pose 0": [0.41943156719207764, 0.28111183643341064, 0.3991463780403137, -0.060118429362773895, -0.8146151304244995, 0.5768777132034302], "Predicted Translation Error 0": "0.9074543471025301cm", "Predicted Rotation Error 0": "tensor([0.9861], grad_fn=<DivBackward0>)"}