{"num_updates": "1073", "penalty": "tensor(17.2108, dtype=torch.float64, grad_fn=<AddBackward0>)", "Starting Pose": [-0.36990341544151306, 0.09550941735506058, -0.19604936242103577, -0.2824452519416809, 0.5251760482788086, -0.7717226147651672, 0.22104057669639587], "Starting Soft Arm States": [35.900001525878906, -86.80000305175781, 10.0, 15.17201042175293, 30.708181381225586, 35.407779693603516], "Number of Trajectories": 1, "Final Desired Pose": [0.00859703030437231, 0.1758635938167572, -0.3343011438846588, -0.8837463855743408, -0.38836556673049927, 0.2610833942890167], "Predicted Trajectory 0": [[0.10654743311733744, 0.35866787445310194, 0.644534197607526, -0.7427314519882202, 0.044497065246105194, 0.6681092381477356], [0.12134723365306854, 0.39365753531455994, 0.5738979578018188, -0.819495439529419, 0.07220122963190079, 0.5685192346572876], [0.14120550453662872, 0.44408804178237915, 0.502341091632843, -0.8471578359603882, 0.1295592337846756, 0.5153036713600159], [0.1749548614025116, 0.5129194855690002, 0.41713622212409973, -0.9031878113746643, 0.2342245727777481, 0.35970914363861084], [0.2131042331457138, 0.5531748533248901, 0.3573519289493561, -0.901319682598114, 0.27583128213882446, 0.33397603034973145], [0.26445308327674866, 0.6129226684570312, 0.3035550117492676, -0.8903452754020691, 0.3724013864994049, 0.2619208097457886], [0.317766010761261, 0.6423805952072144, 0.2854881286621094, -0.8473146557807922, 0.42404815554618835, 0.3197515308856964], [0.36833375692367554, 0.6617823839187622, 0.2702469229698181, -0.8138301372528076, 0.45246514678001404, 0.36463120579719543], [0.40261462330818176, 0.6506789326667786, 0.26399415731430054, -0.804407000541687, 0.4484100341796875, 0.3896893262863159], [0.4212886691093445, 0.6101095080375671, 0.2689967751502991, -0.8569715619087219, 0.33966290950775146, 0.38759365677833557], [0.4569118916988373, 0.596096932888031, 0.2607014775276184, -0.9094142913818359, 0.22993643581867218, 0.34654706716537476], [0.4979405999183655, 0.6254051327705383, 0.26955223083496094, -0.8807591795921326, 0.2587016522884369, 0.3966568112373352], [0.5297528505325317, 0.6243576407432556, 0.2898854911327362, -0.8617266416549683, 0.2789485454559326, 0.42381006479263306], [0.5432276725769043, 0.5798843502998352, 0.2744230329990387, -0.9448554515838623, 0.06156773865222931, 0.32164838910102844], [0.550445020198822, 0.6332181096076965, 0.29361650347709656, -0.9025173187255859, 0.21268244087696075, 0.37447112798690796], [0.5665656328201294, 0.5723294019699097, 0.2936383783817291, -0.9307428002357483, 0.06991026550531387, 0.35892951488494873], [0.5606430172920227, 0.5837391018867493, 0.30987921357154846, -0.908286452293396, 0.040405645966529846, 0.4163929224014282], [0.5560423135757446, 0.611806333065033, 0.3295004665851593, -0.8846649527549744, 0.09038729220628738, 0.4573816955089569], [0.5809005498886108, 0.569246768951416, 0.3098832964897156, -0.9359469413757324, -0.09005807340145111, 0.34043028950691223], [0.5624285340309143, 0.6164051294326782, 0.3186498284339905, -0.918204665184021, -0.05724666267633438, 0.39194774627685547], [0.5669806599617004, 0.5883278846740723, 0.28936922550201416, -0.949375331401825, -0.1551513969898224, 0.2731565237045288]], "Control Inputs 0": [[-4.992681357475535, 9.830322282412308, 0.03091162285320883, -2.9634438838255863, 2.9769078546375827], [-4.999889882545353, 9.837452389981117, 0.49859457942012847, -2.8686398201241396, 2.9527777856476556], [-4.99170503963039, 9.827039166504516, 0.0010160783215365122, -1.1062980810583762, 2.956081192020836], [-4.96425393001709, 9.81549342301615, 0.4480934205280665, -0.16191630137011082, 2.9077845681232715], [-4.908160411087343, 9.82043478664643, 0.16840964742413736, 2.9418037443109872, 2.8401189297920357], [-4.890472208532283, 9.941843316160345, 0.00041173415705466243, 2.829750537807837, 0.1865593022131784], [-4.837345420373587, 9.777558771127321, 0.08396212039936028, 2.475625281857293, -0.36396329619310874], [-4.950887187897364, -9.813214447735701, 0.5609434998738332, 1.3136335053749209, 1.8111148197954545], [-4.773492921062551, -9.79687782793901, 0.38413667436599186, -0.8500249713166457, -0.5642337831005806], [-4.796319358800188, 3.375158492572311, 0.5168082724733764, 0.3181839729762346, -1.2809393632348933], [-3.4959632514243015, 9.812708615913536, 0.46015861285724874, 1.921616846452996, -0.8117726706658002], [-4.940410352469745, -9.832454938252033, 0.04272204615600353, -2.3180684790566453, -0.3353350858774933], [1.962725128716146, 9.600529203519784, 0.09080459601599608, 0.34978322837268294, -0.4579699785865641], [-2.8983956818661754, -9.599597256482275, 0.3695920941668225, 0.07080316275469567, 2.8317854746457476], [-3.8358430776218544, -9.444366352102517, 0.4595767493980183, 2.93057191205713, 0.6574740994867359], [4.8776843444569735, 9.79851158347131, 0.0020780236751283803, 0.5901636872458642, -1.9510366874284806], [-3.800561233825715, -5.7424951720749835, 0.5438259053303804, -2.8937535269191574, -1.407621867726933], [-1.888923203169944, 6.485555561559117, 0.12579396934199993, 0.29124088503596113, -2.945024712225922], [4.89159756766661, 9.81014554430796, 0.5555214820737588, -2.7849930946707717, -2.942279929397995], [-4.897806515617943, 9.804664147451017, 0.35530787080175597, -0.48986537386342377, -2.945441338034445]], "Final Predicted Pose 0": [0.5669806599617004, 0.5883278846740723, 0.28936922550201416, -0.949375331401825, -0.1551513969898224, 0.2731565237045288], "Predicted Translation Error 0": "0.7666306626415348cm", "Predicted Rotation Error 0": "tensor([0.9706], grad_fn=<DivBackward0>)"}