{"num_updates": "2302", "penalty": "tensor(6.9757, dtype=torch.float64, grad_fn=<AddBackward0>)", "Starting Pose": [-0.08721320331096649, 0.07462102174758911, -0.36480480432510376, -0.5741033554077148, 0.5489280223846436, 0.5473909974098206, 0.2635270953178406], "Starting Soft Arm States": [0.6000000238418579, -69.4000015258789, 10.0, 20.222673416137695, 1.7124077081680298, 35.394535064697266], "Number of Trajectories": 1, "Final Desired Pose": [-0.09131211042404175, 0.13086968660354614, -0.31610754132270813, -0.9591644406318665, -0.19364379346370697, 0.20616905391216278], "Predicted Trajectory 0": [[0.450216356244999, 0.29267404566075544, 0.2113021290258246, -0.20191767811775208, -0.9187874794006348, -0.3392031788825989], [0.41079258918762207, 0.3396573066711426, 0.25583523511886597, -0.4131186604499817, -0.8570280075073242, -0.30795449018478394], [0.3977935314178467, 0.4053027629852295, 0.269803524017334, -0.5502175092697144, -0.7614389657974243, -0.34274107217788696], [0.42443621158599854, 0.3972788453102112, 0.27695897221565247, -0.46273577213287354, -0.8075522780418396, -0.36569780111312866], [0.43046510219573975, 0.43049052357673645, 0.29089170694351196, -0.5117692351341248, -0.772644579410553, -0.3756495416164398], [0.43418145179748535, 0.44259339570999146, 0.3050358295440674, -0.5210158824920654, -0.7688562870025635, -0.3706783950328827], [0.44145944714546204, 0.45841050148010254, 0.3246961832046509, -0.5347058773040771, -0.7739569544792175, -0.3392348289489746], [0.4507139027118683, 0.4871577024459839, 0.3294181823730469, -0.5881306529045105, -0.7331510186195374, -0.3414555788040161], [0.4485304653644562, 0.4748648405075073, 0.3300837278366089, -0.6060448884963989, -0.7308304905891418, -0.3140007555484772], [0.44208019971847534, 0.46419402956962585, 0.33008384704589844, -0.6301539540290833, -0.7237197160720825, -0.2813107371330261], [0.44414323568344116, 0.46980294585227966, 0.32882094383239746, -0.6619967818260193, -0.6968326568603516, -0.2760153114795685], [0.443033903837204, 0.47778940200805664, 0.3293618857860565, -0.7171875238418579, -0.6450340151786804, -0.2637672424316406], [0.4456448256969452, 0.48144763708114624, 0.33094221353530884, -0.7657339572906494, -0.5909253358840942, -0.2538871169090271], [0.45191797614097595, 0.4789028465747833, 0.3300362527370453, -0.7433364987373352, -0.6151687502861023, -0.2627132833003998], [0.4429490864276886, 0.49105435609817505, 0.3281932771205902, -0.7986612319946289, -0.5498040318489075, -0.2446543276309967], [0.44205421209335327, 0.46172475814819336, 0.32891765236854553, -0.8052559494972229, -0.5748962759971619, -0.14511045813560486], [0.46472665667533875, 0.4803023338317871, 0.3285854160785675, -0.850326657295227, -0.5187289118766785, -0.0886843204498291], [0.4597852826118469, 0.45831069350242615, 0.31893789768218994, -0.8086606860160828, -0.5734140872955322, -0.1313934326171875], [0.4564211368560791, 0.4926867187023163, 0.31921225786209106, -0.8857254385948181, -0.45576176047325134, -0.08815707266330719], [0.4505842328071594, 0.4356290102005005, 0.2828206717967987, -0.8156504034996033, -0.560353696346283, -0.1439383327960968], [0.43818026781082153, 0.49518218636512756, 0.3330027759075165, -0.9030476212501526, -0.41316738724708557, 0.11746378242969513]], "Control Inputs 0": [[4.908153885829742, 9.93075296492934, 0.005078650947918248, -2.6904115849910926, 2.9993517019011238], [-4.903126782261757, 9.961282128067555, 0.014432813478296731, 1.5494533244322222, 2.8987797005500786], [-2.738984464757982, 9.71797987362416, 0.0020911967554840573, 1.4374831232195149, 2.8887532272809686], [-0.6102884483454245, 9.866522390493646, 0.02010434426496268, 1.1978246672606225, 2.8468577357112927], [-0.6811743227717804, 9.796824724716942, 0.02566860037658028, 2.935378705492946, 2.824901440465796], [-1.5168473554799529, 9.79456683745138, 0.009102752210451202, -0.3239197303048007, 2.2072220391983164], [-1.1046503760003592, 9.78862527983176, 0.010684747696409837, -1.4988009403799318, 1.7780596514641944], [1.1335864803503641, -1.1912796193093556, 0.47927283376259927, -1.9013255257329194, 2.904896457342865], [0.031651449386782105, -0.5649704220869989, 0.44629048393486875, -0.5793606404535496, 0.9314293280325896], [-1.273900889783648, 9.789599247041878, 0.43775367216558875, 0.20487674258082222, 0.18616904597569706], [-0.18000934780591926, 9.801353612637676, 0.6283382185315678, -0.319686639382891, 2.922490896896476], [0.44687140908281986, -7.780215033765388, 0.013213309057996152, -0.19617297829573843, 0.0004610904010386996], [-1.2051297298665662, 9.733717133282386, 0.01047301837362906, -0.7526409821015623, -0.7512548740077722], [1.4831727626542186, -3.3653043740631654, 0.5639602786277601, -0.7348680109574697, 2.940817916444919], [-1.411273841619888, -2.898899849744123, 0.642899434148938, 0.2777832945413734, 2.9268559719340415], [-4.7146627196194935, -0.8860165989591078, 0.00930273577332534, 1.2487612930790277, -2.6700647124792707], [4.904634132577138, 9.795817377969634, 0.011426992208924297, -2.9461012873977817, -1.2417601051567977], [-4.903456992084731, -4.23645068837644, 0.6787520205793088, -0.35977891022998376, 0.5751600806045429], [4.904369942355025, 9.756735900553103, 0.6824595035688354, 2.1170628206822606, 1.3627436695015307], [-4.90930092415258, 9.613548415149776, 0.6594098359280605, -2.937769541924152, 2.8203564397752032]], "Final Predicted Pose 0": [0.43818026781082153, 0.49518218636512756, 0.3330027759075165, -0.9030476212501526, -0.41316738724708557, 0.11746378242969513], "Predicted Translation Error 0": "0.9845706762988654cm", "Predicted Rotation Error 0": "tensor([0.9704], grad_fn=<DivBackward0>)"}