{"num_updates": "628", "penalty": "tensor(0., dtype=torch.float64, grad_fn=<AddBackward0>)", "Starting Pose": [-0.3268827497959137, 0.14022782444953918, -0.1546667218208313, -0.5506671667098999, -0.25819161534309387, -0.7864060997962952, 0.10801929980516434], "Starting Soft Arm States": [33.0, -75.69999694824219, 10.0, 28.475954055786133, 35.09977340698242, 30.88702392578125], "Number of Trajectories": 1, "Final Desired Pose": [-0.09131211042404175, 0.13086968660354614, -0.31610754132270813, -0.9591644406318665, -0.19364379346370697, 0.20616905391216278], "Predicted Trajectory 0": [[0.15884802648853863, 0.4999491368878241, 0.7507724722866401, -0.3701949715614319, 0.45424938201904297, 0.8103167414665222], [0.17367379367351532, 0.4995858669281006, 0.7024732232093811, -0.4402279853820801, 0.31319940090179443, 0.8414899706840515], [0.2018476277589798, 0.5255410671234131, 0.6461487412452698, -0.527065098285675, 0.215431809425354, 0.8220654726028442], [0.23458784818649292, 0.5144526362419128, 0.5699636936187744, -0.6552016735076904, -0.0013968882849439979, 0.7554526925086975], [0.26953089237213135, 0.5167649388313293, 0.4863159656524658, -0.7527317404747009, -0.1925612986087799, 0.6295356750488281], [0.30767038464546204, 0.5098491311073303, 0.4091484248638153, -0.8197475075721741, -0.3546747863292694, 0.4496886730194092], [0.3464733362197876, 0.5035370588302612, 0.36883968114852905, -0.8111623525619507, -0.4739883840084076, 0.3425646126270294], [0.385318398475647, 0.49657031893730164, 0.33906084299087524, -0.8134928345680237, -0.5390055179595947, 0.21840882301330566], [0.42072170972824097, 0.48537173867225647, 0.32700440287590027, -0.8311691284179688, -0.5298972129821777, 0.1684247851371765], [0.4384137988090515, 0.4544770419597626, 0.32878217101097107, -0.7943287491798401, -0.5741093158721924, 0.19859568774700165], [0.4454312324523926, 0.46535736322402954, 0.3297964036464691, -0.7987148761749268, -0.5707953572273254, 0.19038715958595276], [0.44249922037124634, 0.4831356108188629, 0.3341982662677765, -0.8278180360794067, -0.5388839244842529, 0.15595342218875885], [0.44625619053840637, 0.48120763897895813, 0.33587685227394104, -0.8508648872375488, -0.5079927444458008, 0.13406094908714294], [0.44722479581832886, 0.47162845730781555, 0.33352339267730713, -0.8443296551704407, -0.5228940844535828, 0.11700112372636795], [0.4438020586967468, 0.4751969575881958, 0.33810290694236755, -0.8602299094200134, -0.4880061149597168, 0.1478331834077835], [0.45142778754234314, 0.46856412291526794, 0.3405022621154785, -0.8565030694007874, -0.4819970428943634, 0.1846114993095398], [0.44387543201446533, 0.46403512358665466, 0.3479277789592743, -0.8549841642379761, -0.45957544445991516, 0.24040044844150543], [0.4439699649810791, 0.46355921030044556, 0.3514408469200134, -0.8530400991439819, -0.4478040933609009, 0.2679441571235657], [0.44835925102233887, 0.4842069149017334, 0.3287067413330078, -0.9270026683807373, -0.3424093723297119, 0.1530420482158661], [0.4427894055843353, 0.460666298866272, 0.33562660217285156, -0.9036446809768677, -0.37043818831443787, 0.21494591236114502], [0.445879191160202, 0.47168922424316406, 0.3314360976219177, -0.9263646006584167, -0.3095717430114746, 0.21450860798358917]], "Control Inputs 0": [[-4.9445327756892095, 9.975730699165023, 0.005847217456945197, -2.9463558432908545, -1.9295180443429827], [-4.954471945064664, 9.856090092995792, 0.17303903770398202, -2.936408278640284, -2.9609745356247537], [-4.918847982758196, 9.838328602832327, 0.005761778074458345, -2.9655053980312123, -2.940301932112755], [-4.987746485493258, 9.808521868248988, 0.1587844487899316, -2.942271097492006, -2.9423656556550197], [-4.856564038345176, 9.797762928137217, 0.012294701160452613, 0.6697908054809498, -2.906942988335182], [-4.862552561259402, 9.802883110716724, 0.007433598418454184, 0.5735075308178041, -2.9673921140024078], [-4.921043551477306, 9.807863814515834, 0.007525679690196, 0.943979820045791, 0.40405328851086253], [-4.901153015174169, -4.581313165032812, 0.2804193560174133, 1.8474534083487892, 2.7885464428121125], [-0.0255352972921008, -5.336098114674081, 0.08885187796269113, -0.2867691383285145, 0.19997181172793255], [-1.4910044230081851, 9.803340887226742, 0.21907773521428864, 0.39007514125454934, -0.6553471679900329], [2.054245273311956, 9.81125541391949, 0.15205989446374574, -0.13794387259601404, 0.4721338647297957], [-1.591430103917304, -5.764549807177787, 0.006365151589195339, -0.6168155255312251, 1.7701980093126242], [1.1736062298876888, -3.259470975026847, 0.010289383524001676, -0.3564758721206083, 1.3486568859192678], [-0.2757195612517469, -5.807013645018934, 0.05703108158169682, 0.2395089111112796, 1.8347322974120441], [-2.162058321763589, -5.057970869868898, 0.09193987971313623, 0.9460993172034966, 1.775103576719423], [2.6966467584751213, -6.469184088413844, 0.0050813684406606175, -0.3808545617020269, 0.589649282396858], [-2.300736122823262, -1.3666342494258075, 0.19649202019167744, -2.948239003456454, 0.7830768712080727], [0.9020681799505113, -5.855451823953724, 0.009078929575804862, 0.2943610968375059, 0.7324480102175857], [0.8099540546295918, -1.8648542411911606, 0.19145984798346025, 0.24620192821614095, 0.5022426163533265], [-2.7569337452491007, -8.151978586095966, 0.09842424451497268, -2.934114827036004, -1.7712178987922564]], "Final Predicted Pose 0": [0.445879191160202, 0.47168922424316406, 0.3314360976219177, -0.9263646006584167, -0.3095717430114746, 0.21450860798358917], "Predicted Translation Error 0": "0.20174845547186568cm", "Predicted Rotation Error 0": "tensor([0.9927], grad_fn=<DivBackward0>)"}