{"num_updates": "1680", "penalty": "tensor(0., dtype=torch.float64, grad_fn=<AddBackward0>)", "Starting Pose": [0.1770242154598236, 0.031957510858774185, -0.26028454303741455, -0.5734854340553284, 0.7542643547058105, 0.012305192649364471, 0.31945016980171204], "Starting Soft Arm States": [-43.29999923706055, -60.0, 15.0, 17.4406681060791, 3.3551151752471924, 35.553504943847656], "Number of Trajectories": 1, "Final Desired Pose": [-0.23564594984054565, 0.09889350831508636, -0.3248160183429718, -0.6639117002487183, -0.7477716207504272, -0.007671196013689041], "Predicted Trajectory 0": [[0.7714520597190696, 0.157884927042675, 0.47962846265663334, -0.13813216984272003, -0.8729809522628784, 0.4677860140800476], [0.7535936832427979, 0.1919788271188736, 0.343820720911026, -0.27822554111480713, -0.9599077701568604, 0.034170251339673996], [0.7022370100021362, 0.23077289760112762, 0.29114457964897156, -0.3889794647693634, -0.9210153222084045, -0.02063624933362007], [0.6639002561569214, 0.28240102529525757, 0.2645496129989624, -0.47943612933158875, -0.8737240433692932, -0.08214100450277328], [0.6215054392814636, 0.32006362080574036, 0.2596677243709564, -0.552643895149231, -0.8275781273841858, -0.09848447889089584], [0.5783775448799133, 0.35639557242393494, 0.25192025303840637, -0.6033056378364563, -0.7836741209030151, -0.14790967106819153], [0.5241038203239441, 0.3777795135974884, 0.28048914670944214, -0.6530656218528748, -0.7556495666503906, -0.04998946189880371], [0.47681933641433716, 0.4195689857006073, 0.27863049507141113, -0.7224499583244324, -0.6877349615097046, -0.07132194191217422], [0.430675745010376, 0.4109073579311371, 0.2928537130355835, -0.7365593314170837, -0.6762480735778809, -0.012994450516998768], [0.38513392210006714, 0.3620102107524872, 0.31547868251800537, -0.6754059791564941, -0.727300763130188, 0.12190316617488861], [0.34324127435684204, 0.37044188380241394, 0.3083592355251312, -0.7005071640014648, -0.7046307921409607, 0.113071508705616], [0.30359625816345215, 0.37120795249938965, 0.3277680575847626, -0.6760064363479614, -0.7282426953315735, 0.11259535700082779], [0.2705689072608948, 0.3986702859401703, 0.345958411693573, -0.7492217421531677, -0.656863272190094, 0.08483737707138062], [0.2673616409301758, 0.3671860098838806, 0.3270999789237976, -0.7111263871192932, -0.7023874521255493, -0.030842281877994537], [0.27359539270401, 0.36969882249832153, 0.32333123683929443, -0.7230783104896545, -0.6870214939117432, -0.07182834297418594], [0.29377126693725586, 0.3642372488975525, 0.33138522505760193, -0.6900681257247925, -0.7236282825469971, -0.012958256527781487], [0.28502291440963745, 0.3607913553714752, 0.3329046666622162, -0.6940850019454956, -0.7198918461799622, 0.0013756409753113985], [0.2765858471393585, 0.38386648893356323, 0.33695849776268005, -0.749282956123352, -0.6622446179389954, 0.002657840261235833], [0.2709669768810272, 0.3562093675136566, 0.32495027780532837, -0.7171382308006287, -0.6941624283790588, -0.06205826625227928], [0.2633022665977478, 0.37090685963630676, 0.3313733637332916, -0.7406403422355652, -0.6679171323776245, -0.07306516915559769], [0.28086647391319275, 0.3657969534397125, 0.3235829174518585, -0.7314350008964539, -0.6728060841560364, -0.11106152832508087]], "Control Inputs 0": [[4.975701302325213, 9.838710083257343, 0.004336204631688962, -1.8610469402091092, 2.942269125936635], [4.993094322252732, 9.832302404243407, 0.3339629991463005, 0.3520726717069431, 2.8883082421669197], [4.8613600127417005, 9.844983051996195, 0.002713743908932145, 0.6378162373703837, 2.8926672362182], [4.920468847650529, 9.79405183887761, 0.19942591443733249, 0.10190474418990725, 2.9679884785774586], [4.991954070097703, 9.810794061030489, 0.0013843883875152882, 2.9372642135991427, 2.9338051084377517], [4.846521229205388, 9.794004153824481, 0.004266294992033356, -0.48468952888841565, 2.8869926028988573], [4.892113424420845, 9.796940360970776, 0.0013313974423106907, -0.0067969448208722305, 1.8992766012535807], [4.904070566527713, -8.297118178361679, 0.18684186843017042, 1.7478295285267142, 2.8477981423550487], [4.756094223835607, -9.459376787240034, 0.002363155343930106, -2.97867529732105, 0.5529913085441396], [4.784867103398199, -2.067730895783005, 0.10213841510980623, -1.3323828464504865, -1.9958833352981378], [4.9003868125728935, 9.793261459122029, 0.04016070638520319, -0.814553089783296, -2.8365176721131062], [1.6150376763608323, -5.147617279589686, 0.0010155449131737796, -2.686658860354018, 0.7882567984078581], [-0.9500334957840675, -3.863082683023931, 0.0006766492080754634, -0.49155517553051453, 0.6898610747367724], [-2.67994108103849, -2.6058996368686396, 0.0007421802295885032, 2.939307503313467, 2.938415211452104], [-4.736615928163617, 2.668475542241289, 0.0026524670925918512, 2.9398191307502524, 2.9398767943910116], [4.89758508421289, -4.990840746171501, 0.0026762920130407875, -2.942084782815288, -1.979002696222889], [-2.3260277147524957, 3.902387090344291, 0.10757692203671526, 0.7928257550223545, -1.8220718457015654], [3.2466931863766604, -7.428220810366504, 0.0019574296283582666, -2.9424972488941883, 0.23966312462175177], [-0.9813307934283735, 8.013458575579481, 0.0014348399693083211, 2.968601572992984, -2.848782283683688], [-4.815610165035417, -7.767279270978371, 0.0003631637907974129, -2.9437764963768647, -2.404272090192971]], "Final Predicted Pose 0": [0.28086647391319275, 0.3657969534397125, 0.3235829174518585, -0.7314350008964539, -0.6728060841560364, -0.11106152832508087], "Predicted Translation Error 0": "0.9934671264609387cm", "Predicted Rotation Error 0": "tensor([0.9896], grad_fn=<DivBackward0>)"}