{"num_updates": "2311", "penalty": "tensor(72.9104, dtype=torch.float64, grad_fn=<AddBackward0>)", "Starting Pose": [-0.3790546655654907, 0.07947370409965515, -0.21117927134037018, -0.1153329461812973, 0.9471718072891235, -0.2878875136375427, 0.08175915479660034], "Starting Soft Arm States": [39.20000076293945, 66.9000015258789, 10.0, 7.822881698608398, 12.499299049377441, 35.411094665527344], "Number of Trajectories": 1, "Final Desired Pose": [0.00859703030437231, 0.1758635938167572, -0.3343011438846588, -0.8837463855743408, -0.38836556673049927, 0.2610833942890167], "Predicted Trajectory 0": [[0.09542217960510435, 0.3080053853358495, 0.6056924176647959, -0.9600275158882141, -0.1714053601026535, 0.22128579020500183], [0.11358755081892014, 0.2850934863090515, 0.5446780323982239, -0.9400894641876221, -0.33080148696899414, 0.08247538655996323], [0.13894052803516388, 0.3065459728240967, 0.5037141442298889, -0.924625039100647, -0.37692728638648987, 0.05472022294998169], [0.17112286388874054, 0.29314154386520386, 0.4586789608001709, -0.8558419942855835, -0.5156199932098389, 0.04087330773472786], [0.20130839943885803, 0.32633471488952637, 0.3933424651622772, -0.8719495534896851, -0.4854392409324646, -0.06366164982318878], [0.23470498621463776, 0.3651822507381439, 0.3518809378147125, -0.8942504525184631, -0.44149330258369446, -0.07348314672708511], [0.27005842328071594, 0.41658860445022583, 0.3209921419620514, -0.9283587336540222, -0.3711405396461487, -0.02012001909315586], [0.3078193962574005, 0.4651857912540436, 0.29157355427742004, -0.9656491875648499, -0.2588528096675873, 0.022735973820090294], [0.34856468439102173, 0.4953473210334778, 0.27742981910705566, -0.9819926023483276, -0.14928118884563446, 0.11578305065631866], [0.3834332227706909, 0.4676971137523651, 0.2666448950767517, -0.9724527597427368, -0.17123354971408844, 0.15816006064414978], [0.4214128851890564, 0.5000978708267212, 0.26051345467567444, -0.982853889465332, -0.04035640135407448, 0.17991559207439423], [0.4654388427734375, 0.5511705279350281, 0.27515482902526855, -0.9280813336372375, 0.15832801163196564, 0.33704179525375366], [0.5166409611701965, 0.5952421426773071, 0.29876378178596497, -0.8363928198814392, 0.31203606724739075, 0.45064452290534973], [0.5338355302810669, 0.5681378245353699, 0.2999191880226135, -0.8705940246582031, 0.24120685458183289, 0.4288184642791748], [0.5387925505638123, 0.5688974857330322, 0.30518606305122375, -0.8772929906845093, 0.20504599809646606, 0.43395063281059265], [0.5462250709533691, 0.5251278877258301, 0.2946408689022064, -0.9218023419380188, 0.09693823754787445, 0.375344455242157], [0.5776190757751465, 0.5290430188179016, 0.29782235622406006, -0.9476784467697144, 0.12849384546279907, 0.29222428798675537], [0.560957670211792, 0.5381152033805847, 0.29608824849128723, -0.9371130466461182, 0.13125592470169067, 0.32340550422668457], [0.5769543647766113, 0.5448235273361206, 0.2855697572231293, -0.9581100940704346, 0.14838793873786926, 0.24496157467365265], [0.5707384943962097, 0.5362852215766907, 0.2874061167240143, -0.9562041759490967, 0.10780399292707443, 0.27212458848953247], [0.5509849190711975, 0.5083602070808411, 0.28675439953804016, -0.956555187702179, -0.017397910356521606, 0.29103195667266846]], "Control Inputs 0": [[-4.9892560304226965, 2.839303668689663, 0.003043024548685703, -0.7291227568456469, 2.9998753821318047], [-4.969902629033086, -1.2795977022689744, 0.00411168003906716, 2.5951611290687913, 2.9443302225822503], [-4.89677442006238, -3.195369150234593, 0.006900026131021144, -2.0345244194219254, 2.983918516414297], [-4.966959911319399, 2.5623262297280043, 0.007752309833551135, -0.25990458341088063, 2.9508118385521502], [-4.960024356566105, 6.108743503244511, 0.008739888885513369, 2.678602555068614, 2.941006784724837], [-4.8913381136035285, 6.522336235162275, 0.004077034129132926, 1.9443059132580371, 2.9433275752553394], [-4.964242659627924, 5.670930340717236, -7.369619753766227e-07, 2.8201444643461153, 2.868079662436579], [-4.947048616347833, -7.647784551268549, 0.01650425611839221, 1.0706741579951995, 2.985128632685057], [-4.889870857093795, -7.645615775446018, 0.2174365550744507, -0.9975103456150465, 2.9299182850862655], [-4.760778971624298, 4.246453822676607, 0.6033297094988788, 2.8181555574082884, 2.8731265233482404], [-4.961438545803162, 7.063403035351701, 0.49811532890482524, 2.8295601980900953, 2.819339484245268], [-4.681807788033024, -1.032707147577776, 0.26926177622220565, 0.002402867833527278, -2.5010139644470133], [-0.37751300801732945, 1.345363141632653, 0.17634870222219984, -0.7574379365482096, -2.6460842983503485], [-2.114081556337942, -2.13126705663254, 0.6499340425761634, -1.1502433000640324, -2.6701346885346853], [-1.8984984587144749, -7.3111957293612875, 0.6787498053100509, -2.9265220623233152, 2.5890396562410496], [-3.993018368792683, -0.6289339602251847, 0.20149857051206274, 1.772531115843587, -2.4132152536406224], [4.6851004071288855, 7.5713191866072584, 0.6967335701333421, -2.895890533005316, -0.4297193259782457], [-4.7239527257608325, -4.5632125149289795, 0.3267153277937517, 1.1957055278843418, 0.09980401711231712], [3.4030019574736095, 5.00748581230909, 0.6910266185496623, 1.1847620674584904, -2.9822273074263834], [0.7938438183764802, 2.8093538789469434, 0.6969967274021673, 2.6404755775853426, -2.9741809064114086]], "Final Predicted Pose 0": [0.5509849190711975, 0.5083602070808411, 0.28675439953804016, -0.956555187702179, -0.017397910356521606, 0.29103195667266846], "Predicted Translation Error 0": "3.5432398348060223cm", "Predicted Rotation Error 0": "tensor([0.9281], grad_fn=<DivBackward0>)"}