{"num_updates": "2487", "penalty": "tensor(209.8789, dtype=torch.float64, grad_fn=<AddBackward0>)", "Starting Pose": [-0.075471431016922, 0.17641973495483398, -0.34808576107025146, 0.10178422927856445, -0.2799791693687439, -0.9125969409942627, -0.2800328731536865], "Starting Soft Arm States": [-2.5, -1.899999976158142, 10.0, 8.839638710021973, 35.12627029418945, 19.47418212890625], "Number of Trajectories": 1, "Final Desired Pose": [0.1390634924173355, 0.10715644806623459, -0.32666707038879395, -0.2595290541648865, -0.003110830206423998, 0.9657303094863892], "Predicted Trajectory 0": [[0.46449092984799656, 0.6142921812478247, 0.25422356380909006, -0.8224431276321411, -0.5681092143058777, -0.028969211503863335], [0.4656844735145569, 0.6585415005683899, 0.23983560502529144, -0.9207537174224854, -0.3595936596393585, -0.15134373307228088], [0.4854995012283325, 0.6463954448699951, 0.20981453359127045, -0.9227022528648376, -0.20323064923286438, -0.32759416103363037], [0.49919235706329346, 0.5752682089805603, 0.2213786244392395, -0.9265326261520386, -0.28172075748443604, -0.2493407130241394], [0.5386276841163635, 0.5666670203208923, 0.2202782928943634, -0.9150868058204651, -0.27705007791519165, -0.29301774501800537], [0.5834615230560303, 0.5076912641525269, 0.22830037772655487, -0.8680522441864014, -0.37400901317596436, -0.32650026679039], [0.6216469407081604, 0.45267727971076965, 0.26674556732177734, -0.8503901958465576, -0.45498695969581604, -0.264241099357605], [0.678898811340332, 0.4238744378089905, 0.2830547094345093, -0.80051589012146, -0.4686691462993622, -0.3735285699367523], [0.6941708922386169, 0.37359902262687683, 0.2802896499633789, -0.7454338073730469, -0.499925434589386, -0.4409114718437195], [0.6846279501914978, 0.41566216945648193, 0.29670876264572144, -0.8743062615394592, -0.3378923237323761, -0.3484499752521515], [0.7261286973953247, 0.3536773920059204, 0.2954516112804413, -0.7477470636367798, -0.4972634017467499, -0.4400039315223694], [0.691805362701416, 0.40209102630615234, 0.2728164792060852, -0.842008650302887, -0.3037479519844055, -0.4458235502243042], [0.6751064658164978, 0.3913664221763611, 0.29131585359573364, -0.904020369052887, -0.31836652755737305, -0.28528931736946106], [0.6764916181564331, 0.3489329516887665, 0.3048611581325531, -0.8662766218185425, -0.44499093294143677, -0.2270418107509613], [0.6063797473907471, 0.3917666971683502, 0.2887311279773712, -0.9637482166290283, -0.2615553140640259, -0.05270810425281525], [0.5855830907821655, 0.41579684615135193, 0.31141555309295654, -0.9781805276870728, -0.13527438044548035, 0.1576826125383377], [0.5821818113327026, 0.38510584831237793, 0.3255157470703125, -0.9149916768074036, -0.26272833347320557, 0.30620887875556946], [0.5801251530647278, 0.4480927288532257, 0.3682525157928467, -0.884547770023346, -0.14985395967960358, 0.4417228698730469], [0.5688855648040771, 0.40522921085357666, 0.39742711186408997, -0.7420048117637634, -0.19703751802444458, 0.640784740447998], [0.5673855543136597, 0.4335002601146698, 0.4340667724609375, -0.7236695885658264, -0.08809904754161835, 0.6845004558563232], [0.5991919636726379, 0.41883087158203125, 0.4518231451511383, -0.63152676820755, -0.10083188116550446, 0.7687697410583496]], "Control Inputs 0": [[-4.963523665640264, 9.974679243743577, 0.1533323158672098, -1.2827088312785269, -2.9609923957273954], [-4.9758894863151815, -9.942847717565323, 0.6091690338701015, 1.07185948785399, -2.9578142056926726], [-4.932605484505613, -9.407657392348787, 0.04789864974008245, -0.66836914541588, -2.9856171498775974], [-4.997506454399712, -9.521725962806185, 0.23130278220907152, -0.8179201707676254, -2.905253262216884], [-4.902433674294025, -9.547144703899201, 0.004104893491162249, 2.8132199626597156, -2.9862369256206387], [-4.852827645755879, -9.848882616010524, 0.003367043597408522, -1.6634141164690097, -2.9824917395062363], [-4.831138832434745, -9.570119995812886, 0.006509824607045675, -0.9839956889832786, -2.3446921068169013], [4.800692872978743, -7.027532249888064, 0.24362768351059255, 1.6665770092809167, 2.9713995541783946], [-4.932769690208704, -6.826975771162429, 0.0570966201137041, -1.543009486513892, -1.9332240477787521], [2.052535491445603, -0.3401049973719825, 0.032269650829292416, -0.07587076327333397, -1.1464715866249247], [4.944632412931627, -4.917677569158795, 0.22131467649313538, 2.8543243971562253, 2.95486749869932], [-4.7862936417814295, -1.9924475220956417, 0.09486815219058017, 2.686464801868172, -2.5420318266137008], [4.948642975558494, -2.0328397424100038, 0.004934775348630381, 2.7592314612918116, 2.915919854657676], [4.743398184019494, -3.52348523229594, 0.6709035723837711, 2.939853119985564, 2.966957930254651], [-4.956708029411798, -9.403090058353971, 0.6890319984693565, 2.8995418869067837, 1.8529237467368347], [4.810739257813271, 1.2484945325842052, 0.47709823350447245, 2.869801663791132, -2.790893820540436], [-4.900427666159298, 8.627397673957535, 0.696348196877534, 2.722795001038479, -2.836760240867499], [4.887297767437657, -9.3341138525295, 0.22555280006499523, 2.8795687388938003, 2.950907703512411], [-4.887040428610906, 7.359409194763675, 0.6901650459984722, -2.259505429119991, -2.9508945016097137], [-3.920487567323122, -9.448381619845545, 0.688455359701772, 2.8959977041174128, 2.957369645703152]], "Final Predicted Pose 0": [0.5991919636726379, 0.41883087158203125, 0.4518231451511383, -0.63152676820755, -0.10083188116550446, 0.7687697410583496], "Predicted Translation Error 0": "11.790472887954888cm", "Predicted Rotation Error 0": "tensor([0.9066], grad_fn=<DivBackward0>)"}