{"num_updates": "2700", "penalty": "tensor(0., dtype=torch.float64, grad_fn=<AddBackward0>)", "Starting Pose": [0.08378060162067413, 0.09496460109949112, -0.28475821018218994, -0.17776207625865936, 0.45996278524398804, -0.8177803158760071, 0.2967661917209625], "Starting Soft Arm States": [-26.600000381469727, -13.5, 10.0, 23.819408416748047, 22.699981689453125, 35.407779693603516], "Number of Trajectories": 1, "Final Desired Pose": [-0.40207168459892273, 0.17059433460235596, -0.23827926814556122, -0.8027567863464355, -0.4352896809577942, 0.4075590968132019], "Predicted Trajectory 0": [[0.6580949961153477, 0.3569466072304303, 0.4167992150585713, -0.7606609463691711, 0.3218512535095215, 0.5637434720993042], [0.6368216276168823, 0.3527044355869293, 0.3821723461151123, -0.7622756361961365, 0.35682961344718933, 0.5400077700614929], [0.5817581415176392, 0.37520667910575867, 0.3781065344810486, -0.6641841530799866, 0.39786556363105774, 0.6328999996185303], [0.523274302482605, 0.3850829303264618, 0.3491038978099823, -0.7006506323814392, 0.38895267248153687, 0.5981676578521729], [0.47167226672172546, 0.4207090139389038, 0.33576205372810364, -0.6866136193275452, 0.44244423508644104, 0.5768923759460449], [0.42812618613243103, 0.4359845221042633, 0.3654040992259979, -0.5878555178642273, 0.4578927457332611, 0.6669034361839294], [0.37481650710105896, 0.44783759117126465, 0.3745838403701782, -0.6196702718734741, 0.4598504900932312, 0.6360395550727844], [0.33375710248947144, 0.5225533843040466, 0.3777836859226227, -0.5975862145423889, 0.5532087087631226, 0.5803884863853455], [0.3016287386417389, 0.5624789595603943, 0.38913002610206604, -0.5931058526039124, 0.5888632535934448, 0.5490586757659912], [0.2749162018299103, 0.6003573536872864, 0.45249179005622864, -0.4463316798210144, 0.6257967948913574, 0.6396611928939819], [0.22473473846912384, 0.5275741219520569, 0.4779064655303955, -0.6073988080024719, 0.38975584506988525, 0.6922116875648499], [0.21640005707740784, 0.5291091203689575, 0.4643012583255768, -0.7504595518112183, 0.3180607259273529, 0.5793512463569641], [0.206264927983284, 0.4829944968223572, 0.43305549025535583, -0.8713555932044983, 0.10533879697322845, 0.4792109429836273], [0.20731033384799957, 0.5586878657341003, 0.4493829011917114, -0.7708650827407837, 0.30693766474723816, 0.5581722855567932], [0.22130578756332397, 0.505750834941864, 0.4247704744338989, -0.8193790912628174, 0.1184527575969696, 0.5608804225921631], [0.2150004655122757, 0.49471282958984375, 0.3874962031841278, -0.8904181122779846, 0.06082937866449356, 0.45106038451194763], [0.18428850173950195, 0.521031379699707, 0.41165927052497864, -0.8821856379508972, 0.13290023803710938, 0.45175880193710327], [0.14693889021873474, 0.5268084406852722, 0.4864664375782013, -0.8021448850631714, 0.10681883245706558, 0.5874974727630615], [0.1176695004105568, 0.5479193925857544, 0.5567043423652649, -0.7329184412956238, 0.09236609190702438, 0.6740171313285828], [0.10579289495944977, 0.5384522080421448, 0.5570226907730103, -0.7908618450164795, 0.032399650663137436, 0.6111364960670471], [0.10246358811855316, 0.5391600131988525, 0.5357158184051514, -0.8535380363464355, -0.10788258910179138, 0.509739339351654]], "Control Inputs 0": [[4.947580847374338, 9.487951945844983, 0.2671332159468633, 2.9559647330858, 2.9912682826026806], [4.961677155004262, 9.83548538153963, 0.5022529921057161, -1.7384535823906786, 2.9665372690857437], [4.997651156309518, 9.816249231108213, 0.4112426254105797, -1.8744613285967098, 2.9650857018889525], [4.976748521354622, 9.813532375206304, 0.25022730501013946, 2.956127523633868, 2.956237509138874], [4.911675428180917, -9.804215756655374, 0.18599824791947595, -1.6043201636213338, 2.8514885856200296], [4.893995556116071, 9.812949425431828, 0.4250980896804098, -2.2952218095341896, 2.933841952060539], [4.979589013516968, 9.820424057509477, 0.4438759658363582, -2.924468089479274, 2.8330778630838953], [4.9127065453232, 9.800912525896251, 0.15054967644470615, 2.95131643682096, 2.9181243910386083], [4.964511683504709, -9.815526818899855, 0.4867426799027021, -2.9143398172577446, -2.8976246649220685], [4.937178431924458, 9.521379168086987, 0.3563311998063059, -2.9400919514624633, -2.9061692331326636], [-4.785853094895107, -9.819758140912892, 0.3910270395062548, -2.9421917818225007, -2.9417737543594518], [4.957716687137346, 9.515089509579543, 0.0041343258119202414, -0.08700295340051678, 2.890345730277546], [-4.088786504304701, -9.786283345379605, 0.40154655905888775, 2.944217337799489, 2.857484795802338], [-4.218865375818432, -9.826916170315544, 0.23089924792510194, -2.9427825516284143, -2.858390867998227], [4.832017603467783, -9.824658357557878, 0.3592246340398544, -2.8709886887168468, 2.9032685415438024], [4.8311415415348655, -9.642928552496906, 0.3259849368004091, 2.9903246299523456, 2.9716274123115536], [4.891880841606797, -9.82216770762674, 0.14115364323547672, 2.9146831967842486, 2.8686598600692044], [4.788017705979275, -9.816366448374367, 0.36430646171747505, -2.8394139413479644, -0.372508870449229], [-2.6922982357672107, -9.464012519482932, 0.16483908270388548, -2.9457349080386024, -2.9809635325997124], [4.893177938069762, 9.80594687538013, 0.11644375667850582, 2.8713644530525864, -2.9428080585855536]], "Final Predicted Pose 0": [0.10246358811855316, 0.5391600131988525, 0.5357158184051514, -0.8535380363464355, -0.10788258910179138, 0.509739339351654], "Predicted Translation Error 0": "3.3946787602204576cm", "Predicted Rotation Error 0": "tensor([0.9399], grad_fn=<DivBackward0>)"}