{"num_updates": "1459", "penalty": "tensor(0., dtype=torch.float64, grad_fn=<AddBackward0>)", "Starting Pose": [-0.28535977005958557, 0.14914153516292572, -0.17045769095420837, -0.7365193367004395, -0.3684742748737335, -0.5669733285903931, -0.01752825826406479], "Starting Soft Arm States": [29.399999618530273, 4.199999809265137, 10.0, 34.175750732421875, 35.17926025390625, 29.63180923461914], "Number of Trajectories": 1, "Final Desired Pose": [-0.3031117916107178, 0.11437983810901642, -0.26625099778175354, -0.8594204187393188, 0.06245817616581917, 0.5074401497840881], "Predicted Trajectory 0": [[0.2093278702138871, 0.5281107013170868, 0.710233606426233, 0.085535928606987, 0.5229007601737976, 0.8480910658836365], [0.21357493102550507, 0.5226514339447021, 0.6713690757751465, -0.05901338532567024, 0.45700082182884216, 0.8875064253807068], [0.23745989799499512, 0.49090126156806946, 0.6191017031669617, -0.26301366090774536, 0.29448142647743225, 0.91875159740448], [0.26543092727661133, 0.4534691572189331, 0.5621482729911804, -0.43102118372917175, 0.0703936219215393, 0.8995918035507202], [0.2751103341579437, 0.4325835406780243, 0.5236567258834839, -0.5215595364570618, -0.11690660566091537, 0.8451676964759827], [0.25949013233184814, 0.4175589978694916, 0.5099201202392578, -0.5629351735115051, -0.2819591462612152, 0.776918888092041], [0.23885802924633026, 0.4182920455932617, 0.5015285611152649, -0.638832151889801, -0.36611515283584595, 0.6766483783721924], [0.22458621859550476, 0.42207375168800354, 0.4869464039802551, -0.7219588756561279, -0.3885548710823059, 0.5725384950637817], [0.21565747261047363, 0.4274124205112457, 0.47554251551628113, -0.7720229029655457, -0.3395408093929291, 0.537301242351532], [0.20571555197238922, 0.4259239435195923, 0.48214665055274963, -0.7706424593925476, -0.31158944964408875, 0.5558976531028748], [0.19898925721645355, 0.4272187650203705, 0.46048301458358765, -0.8277422785758972, -0.2949942648410797, 0.47730597853660583], [0.1969706267118454, 0.4339345693588257, 0.4702680706977844, -0.8152236938476562, -0.24794410169124603, 0.5233870148658752], [0.198683500289917, 0.425686240196228, 0.47211286425590515, -0.7991734147071838, -0.2611983120441437, 0.5413846969604492], [0.20135174691677094, 0.4158376455307007, 0.46559953689575195, -0.7928633093833923, -0.281421422958374, 0.54052734375], [0.2016342580318451, 0.4196654260158539, 0.474010705947876, -0.7765803933143616, -0.2661288380622864, 0.5710501074790955], [0.2111165076494217, 0.4143734574317932, 0.4624754786491394, -0.7617703080177307, -0.2708885967731476, 0.5884941816329956], [0.20246554911136627, 0.43082600831985474, 0.465703547000885, -0.7976988554000854, -0.18527227640151978, 0.5738909244537354], [0.20644617080688477, 0.39637506008148193, 0.4916694164276123, -0.7129963636398315, -0.2751947045326233, 0.6449061632156372], [0.198372483253479, 0.4476381242275238, 0.4516819715499878, -0.8615851998329163, -0.09509231150150299, 0.4986264705657959], [0.19460707902908325, 0.3969799876213074, 0.48754456639289856, -0.7846336364746094, -0.23212291300296783, 0.574864387512207], [0.18846015632152557, 0.43282100558280945, 0.46298256516456604, -0.8609657287597656, -0.12920914590358734, 0.4919787347316742]], "Control Inputs 0": [[-4.8110966979825, -9.462793160518947, 0.0028653461740779738, -2.929133911443571, -0.9132916962045003], [-4.74853175327539, -9.570762477395876, 0.013445540070795788, -2.8812559869734002, -2.375587541327948], [-4.7650454498923915, -8.999325215885676, 0.0056944762090205435, -2.9514150738828717, -1.5644520242694748], [0.9911998779558981, -3.269946189072513, 0.36920985572600196, -2.8930735633222264, -2.8790445578543533], [2.82567237275177, -0.840878523732286, 0.19902204577309757, -2.839368257132346, -1.7138785800097542], [1.7569865459719347, 0.7037130667561886, 0.00810779001610673, -2.943296895967891, -0.892377038139156], [0.4911295331315406, -1.0056017712540797, 0.3202284969374583, -1.1747566943517098, 0.8814121427213815], [-0.8196589011859361, -4.212775059498901, 0.6908124479897099, 1.1843924792471618, 2.0344440489914257], [1.6987150091936805, -2.6543589760457555, 0.05163044321983791, -2.9360387463323026, -0.6148406452289175], [-1.390503599959143, -3.9847874559303955, 0.4238684062546099, 1.25212443846769, 1.9237693831901677], [0.2832028828367017, -2.7392932084228523, 0.23047500296344767, 1.0279368090780663, 0.17822584706688982], [-1.6621042683462566, -4.320373997627245, 0.009172857776043533, 0.06902355795009951, 0.08622732096786168], [-0.4398738277595129, -4.7072374690778505, 0.20938008055633628, 0.7808357839303506, 0.9017898854682485], [-0.20939469544550615, -3.558703028282861, 0.06292686397084608, 0.15035622023494577, -0.3560041794084374], [-3.607712733546646, -3.8087497374279007, 0.35551150838335005, 0.25816542348274485, 2.9154923970923328], [4.891532563751914, -7.8763218740901335, 0.015993793295195832, 0.964858155062319, -1.5946538686389304], [-4.736866327417587, -0.6653558038035623, 0.11323076985450536, -2.9379046714958523, 2.1452464155046744], [3.9697305368043434, -8.359031259215405, 0.011570170964963879, 0.4384758123373338, 0.2966938333502789], [-1.2941314200425613, -3.581081027652182, 0.024696460288431945, -0.8512172779132112, 1.1564365517382083], [-0.2806920625428715, -9.467396854366774, 0.017766984412680053, -2.9540271745681914, -0.3959975742386024]], "Final Predicted Pose 0": [0.18846015632152557, 0.43282100558280945, 0.46298256516456604, -0.8609657287597656, -0.12920914590358734, 0.4919787347316742], "Predicted Translation Error 0": "0.4666642865783769cm", "Predicted Rotation Error 0": "tensor([0.9815], grad_fn=<DivBackward0>)"}