{"num_updates": "2384", "penalty": "tensor(83.3860, dtype=torch.float64, grad_fn=<AddBackward0>)", "Starting Pose": [-0.11145883798599243, 0.09820762276649475, -0.3463197350502014, -0.2795861065387726, 0.8266373872756958, -0.2629236578941345, 0.41154998540878296], "Starting Soft Arm States": [0.5, -74.0, 10.0, 13.860493659973145, 13.804191589355469, 35.40115737915039], "Number of Trajectories": 1, "Final Desired Pose": [0.17686127126216888, 0.20751884579658508, -0.2558620870113373, -0.7469717264175415, -0.3892343044281006, -0.5390082597732544], "Predicted Trajectory 0": [[0.42074072956336167, 0.3671924595536004, 0.2587573382296526, -0.5049164295196533, -0.24582019448280334, 0.8274248242378235], [0.4578479528427124, 0.2752501964569092, 0.24745295941829681, -0.3850577175617218, -0.663935661315918, 0.6410303711891174], [0.5159340500831604, 0.2515844404697418, 0.23010468482971191, -0.2970731854438782, -0.880980908870697, 0.36826634407043457], [0.5375252366065979, 0.2977038025856018, 0.23266762495040894, -0.44213470816612244, -0.8330698609352112, 0.33243271708488464], [0.5673393607139587, 0.3535979092121124, 0.23581674695014954, -0.5833317041397095, -0.7761962413787842, 0.23925630748271942], [0.6005152463912964, 0.3712458908557892, 0.27283990383148193, -0.6210144758224487, -0.7184647917747498, 0.3132878541946411], [0.6337112784385681, 0.4195473790168762, 0.28128528594970703, -0.7557320594787598, -0.6258028745651245, 0.1929759979248047], [0.6716016530990601, 0.48160746693611145, 0.3017257750034332, -0.8657762408256531, -0.4998925030231476, -0.023215115070343018], [0.7284539937973022, 0.48072847723960876, 0.33908793330192566, -0.8234715461730957, -0.49775898456573486, -0.27226945757865906], [0.7394021153450012, 0.5388405919075012, 0.3957958519458771, -0.888641893863678, -0.35823991894721985, -0.2863209843635559], [0.7437533140182495, 0.5269482135772705, 0.4207754135131836, -0.8661530017852783, -0.405927836894989, -0.2915501594543457], [0.764072060585022, 0.5230139493942261, 0.4879729449748993, -0.8722755908966064, -0.4266596734523773, -0.23894935846328735], [0.767877995967865, 0.5559228658676147, 0.5119919180870056, -0.8948432803153992, -0.3878602385520935, -0.22095224261283875], [0.7681272625923157, 0.5935593247413635, 0.539794921875, -0.9184607267379761, -0.3782418966293335, -0.11559844017028809], [0.7786813974380493, 0.5856835842132568, 0.5702607035636902, -0.874571681022644, -0.473385751247406, -0.10502506792545319], [0.7741297483444214, 0.6066891551017761, 0.5666219592094421, -0.8722423315048218, -0.46285414695739746, -0.15798579156398773], [0.7576591372489929, 0.6344011425971985, 0.53923499584198, -0.8881403207778931, -0.4493692219257355, -0.09630157053470612], [0.7543241381645203, 0.6530647873878479, 0.5319044589996338, -0.9070267081260681, -0.41259029507637024, -0.08409352600574493], [0.7678168416023254, 0.6622791290283203, 0.552160382270813, -0.932726263999939, -0.32718440890312195, -0.15156573057174683], [0.7645590901374817, 0.682743489742279, 0.5200082659721375, -0.9320894479751587, -0.2012508660554886, -0.3011767268180847], [0.7634150981903076, 0.6632300019264221, 0.5079731941223145, -0.8995116949081421, -0.1320437341928482, -0.4164649248123169]], "Control Inputs 0": [[-4.901940069453248, -9.687891236137697, 0.0018704016130678066, -0.7236796491466673, -2.977869522027019], [-4.986652691662153, 2.434256098292252, 0.0016405462022509563, 0.547672849730092, 2.9634524205137565], [-4.963788317114351, 9.961621884071082, 0.003090076488933337, -0.8510011779329187, 2.984875019786455], [-4.966853655637164, 9.537098545850291, 0.0008135643751895759, 2.996213354415323, 2.8943584658156443], [-4.947238712729964, 1.9266224809764712, 0.0028709330021636746, -0.34558518445484543, 2.9486037251204618], [-4.916680126430472, 9.680080985525173, 0.0038192707013457996, -2.0566507854918576, 2.936394893185107], [-4.803695979930665, 9.967319055793428, 0.005339387225251941, -2.12767209768228, -2.8837540805231554], [-4.84412625304394, 9.9668863139363, 0.0024702308276094527, 2.9069726493086048, 2.842930133981188], [0.15805603425895853, 8.126871513810329, 0.00014751211239921757, 2.98063054226024, -0.17112466878887211], [-0.5187170162572858, 6.27664376743089, 0.0027648851500224492, 2.842699005335609, -2.9448140239363925], [-4.90533539649127, 4.892241768038165, 0.0034639805669488275, 2.876438866993799, 2.9013698430025094], [3.5964404875517797, 9.540240990851359, 0.00113694209301285, 2.8362639486376864, 2.2478333695465826], [-3.638773273813574, 9.853468607200139, 0.005714165459488451, 2.931110015319316, -2.9758518613969507], [-0.06602528157013676, 9.999260888630527, 0.001042132062787304, -1.6690890665309523, -2.9383764727604937], [3.6692687266585367, 8.609441867202577, 0.008057845229403358, -1.4810637473782717, 2.860465909902401], [3.1387538878413856, 9.806193645530062, 0.012969410002578112, -2.8388090559467942, 2.9072258327951817], [-1.8052053174361848, 2.559815611680868, 0.006812884805230611, -2.828959109721717, 2.9116381249027263], [-3.0124627920938964, -2.6252359259116247, 0.006293546537100609, -2.8798438236915866, 2.9149740824377863], [4.925298817422275, 9.830676343931778, 5.2790820295846265e-05, -2.887806808323431, -2.8987071922636747], [-4.8745553160615716, 9.808378813089607, 0.011606203050900439, 2.8252589498068517, 2.9367472326845743]], "Final Predicted Pose 0": [0.7634150981903076, 0.6632300019264221, 0.5079731941223145, -0.8995116949081421, -0.1320437341928482, -0.4164649248123169], "Predicted Translation Error 0": "1.8139237578595142cm", "Predicted Rotation Error 0": "tensor([0.9478], grad_fn=<DivBackward0>)"}