{"num_updates": "1109", "penalty": "tensor(216.6266, dtype=torch.float64, grad_fn=<AddBackward0>)", "Starting Pose": [-0.1171317771077156, 0.09510336071252823, -0.346181720495224, -0.30158770084381104, 0.8332537412643433, -0.24433507025241852, 0.39374271035194397], "Starting Soft Arm States": [0.5, -74.0, 10.0, 13.860493659973145, 13.804191589355469, 35.40115737915039], "Number of Trajectories": 1, "Final Desired Pose": [0.0889158621430397, 0.19907063245773315, -0.3282212018966675, -0.7523565292358398, -0.5939103960990906, 0.2850089371204376], "Predicted Trajectory 0": [[0.413844088663637, 0.35738499791960265, 0.2591116517289544, -0.5080230236053467, -0.3101878762245178, 0.8035521507263184], [0.40064388513565063, 0.3489376902580261, 0.21807356178760529, -0.7184407711029053, -0.4488612413406372, 0.5313816070556641], [0.4242355525493622, 0.3824308216571808, 0.19000591337680817, -0.8387458324432373, -0.47186750173568726, 0.2717471718788147], [0.4729832708835602, 0.4346313178539276, 0.1674402356147766, -0.9197792410850525, -0.3922267258167267, 0.012821637094020844], [0.5184475183486938, 0.4624224007129669, 0.17141848802566528, -0.9398863315582275, -0.3312423825263977, -0.08301909267902374], [0.571607232093811, 0.49509626626968384, 0.18851719796657562, -0.9648299217224121, -0.23642489314079285, -0.11491946876049042], [0.6213922500610352, 0.5254679918289185, 0.227839857339859, -0.9867488145828247, -0.15091630816459656, -0.05959079787135124], [0.6287678480148315, 0.5621997117996216, 0.2500057816505432, -0.9994968175888062, -0.0293806754052639, -0.011948074214160442], [0.6132179498672485, 0.539806604385376, 0.2787873148918152, -0.9844694137573242, -0.03152341768145561, 0.172702819108963], [0.6428498029708862, 0.5222518444061279, 0.27708178758621216, -0.9973555207252502, -0.07181522995233536, 0.011162917129695415], [0.6392004489898682, 0.5523823499679565, 0.26948362588882446, -0.9975786209106445, -0.03139767423272133, -0.06205659732222557], [0.6021813154220581, 0.6209439039230347, 0.27249854803085327, -0.9805620908737183, 0.18103757500648499, 0.07565302401781082], [0.5937727689743042, 0.6057244539260864, 0.3049265146255493, -0.959003210067749, 0.1709001362323761, 0.22606626152992249], [0.595002293586731, 0.5659091472625732, 0.28534919023513794, -0.9906206727027893, -0.030533641576766968, 0.13318555057048798], [0.5971925258636475, 0.6280503869056702, 0.31699806451797485, -0.945828378200531, 0.16419731080532074, 0.28008559346199036], [0.6215334534645081, 0.5760440230369568, 0.34286466240882874, -0.9371083378791809, 0.026672935113310814, 0.3480179011821747], [0.6395295262336731, 0.6260263323783875, 0.3695366084575653, -0.9224120378494263, 0.09056274592876434, 0.37543898820877075], [0.6200887560844421, 0.6541200280189514, 0.3781449794769287, -0.8948925733566284, 0.06573685258626938, 0.441413551568985], [0.6185835003852844, 0.617195188999176, 0.38775256276130676, -0.8909271955490112, 0.01263889018446207, 0.4539702534675598], [0.6233348846435547, 0.581639289855957, 0.3714434802532196, -0.9038206338882446, -0.2497076392173767, 0.3474971354007721], [0.6252598166465759, 0.6004116535186768, 0.3469506502151489, -0.9321877956390381, -0.24402043223381042, 0.2673572897911072]], "Control Inputs 0": [[-4.9209267102952, 9.816908476967694, 0.02044474337508213, -2.984569132747577, 2.9811595371661825], [-4.966647375833466, 9.827438528824455, 0.5385474202592048, -2.837809582357271, 2.974160679656963], [-4.942056197357789, 9.848645264076346, 0.015559930982394206, -0.9582019738686518, 2.978434897605325], [-4.9032441545825005, 9.84223162443077, 0.4819261411680981, 1.1052902263615625, 2.9883901875643915], [-4.928361407242526, 9.850091313312422, 0.22568097220045463, 2.4718503300492323, 2.9978024812186934], [-4.750990831986427, 9.895990561199781, 0.025029173877140144, 2.825606355569872, 2.9702137618527757], [4.380236818135659, 9.827414686297892, 0.0800511983665221, 2.846140862637623, 2.876701427873802], [-4.275129171272719, -9.814403891779637, 0.645064629962102, -2.618907245516491, 2.953096500870017], [-3.5435350842070275, -9.829303310152843, 0.44583994832485185, -1.7715865573078553, 2.887118157380394], [4.799897320481458, 9.824052890052442, 0.5296929890353818, 0.8959100967805078, 2.936388812198822], [4.910240571128092, 9.809740221356382, 0.4254343926322788, 2.9668581041122453, 2.9340082849206937], [-4.790394777523382, -9.500452356718075, 0.07414172206056871, -0.7038784151080724, -2.8763124847348944], [4.904535732155809, 9.813097249096518, 0.12162800921115446, 1.0245436100497614, 1.335769129750421], [-4.860012646974973, -9.826048637634162, 0.4052362362992849, 2.9359014241538857, 2.951945763641807], [-4.899559506078397, -9.812149171099634, 0.4647591837379741, 2.976949686966777, 2.903729623386252], [1.7393776414836832, 9.676664351468627, 0.031731996098424496, 0.8734328365786683, -2.947623428421883], [4.900463147445196, 9.815618596280608, 0.4935911221171976, 0.22617189295668938, -2.9156934046385024], [-4.9192933751198105, -9.811470702203112, 0.0035183679742674294, -2.866041734408051, -2.9538714713611274], [4.878243735943071, 9.81465058970213, 0.5412837793631082, -2.9192823048890713, -2.94354108571173], [-4.903370379213874, 9.820929519072624, 0.39052216710311966, 2.8887540614005145, -2.94361015073703]], "Final Predicted Pose 0": [0.6252598166465759, 0.6004116535186768, 0.3469506502151489, -0.9321877956390381, -0.24402043223381042, 0.2673572897911072], "Predicted Translation Error 0": "4.504315309938494cm", "Predicted Rotation Error 0": "tensor([0.9225], grad_fn=<DivBackward0>)"}