{"num_updates": "1382", "penalty": "tensor(109.7381, dtype=torch.float64, grad_fn=<AddBackward0>)", "Starting Pose": [-0.06852667033672333, 0.2065879851579666, -0.3281627893447876, -0.4131228029727936, -0.5712162256240845, -0.5311992764472961, -0.4699670374393463], "Starting Soft Arm States": [-2.9000000953674316, 86.0, 10.0, 16.811405181884766, 35.05340576171875, 10.57176685333252], "Number of Trajectories": 1, "Final Desired Pose": [0.02187373861670494, 0.2209409475326538, -0.30595871806144714, -0.4342903196811676, -0.2579953670501709, 0.8630355000495911], "Predicted Trajectory 0": [[0.47293373515899556, 0.7096043524783469, 0.3053701825819771, -0.2169211506843567, -0.0273274015635252, 0.9758065342903137], [0.46824613213539124, 0.7291686534881592, 0.31485316157341003, -0.38496577739715576, 0.05533206835389137, 0.9212706685066223], [0.5060775279998779, 0.7262347936630249, 0.326529860496521, -0.45277276635169983, 0.12134594470262527, 0.8833300471305847], [0.558954119682312, 0.7679969668388367, 0.308828741312027, -0.4403957724571228, 0.5523101687431335, 0.7078171372413635], [0.5839618444442749, 0.7482543587684631, 0.33223477005958557, -0.4048932194709778, 0.6217375993728638, 0.6704505681991577], [0.6011918783187866, 0.7698880434036255, 0.36463791131973267, -0.3897978663444519, 0.5806266665458679, 0.7147938013076782], [0.5840749144554138, 0.758000373840332, 0.39011237025260925, -0.3576992452144623, 0.4990074336528778, 0.7893306016921997], [0.557297945022583, 0.7817296385765076, 0.37111780047416687, -0.30709585547447205, 0.6733353734016418, 0.6725411415100098], [0.5074455142021179, 0.7657933831214905, 0.3491114675998688, -0.35334521532058716, 0.7603167295455933, 0.5450371503829956], [0.4582396447658539, 0.7561028003692627, 0.3173724412918091, -0.3120928108692169, 0.870848536491394, 0.3797643780708313], [0.43809953331947327, 0.7318002581596375, 0.33728736639022827, -0.2744097113609314, 0.8390290141105652, 0.46981874108314514], [0.45539888739585876, 0.7818314433097839, 0.3563314974308014, -0.13856665790081024, 0.8476007580757141, 0.5122228264808655], [0.46571749448776245, 0.7630992531776428, 0.3382624387741089, -0.04386209324002266, 0.8714764714241028, 0.48847201466560364], [0.49860841035842896, 0.7850501537322998, 0.36573004722595215, -0.10930550843477249, 0.8006840944290161, 0.5890308618545532], [0.5401437878608704, 0.8032358288764954, 0.3273078203201294, 0.11839437484741211, 0.8986465334892273, 0.42239460349082947], [0.518608808517456, 0.7709186673164368, 0.30560165643692017, -0.005056180991232395, 0.9339615702629089, 0.3573377728462219], [0.5269182324409485, 0.7986610531806946, 0.34832802414894104, -0.1459915041923523, 0.8610168695449829, 0.48717188835144043], [0.5673702955245972, 0.7861693501472473, 0.37495845556259155, -0.1965532898902893, 0.7337505221366882, 0.6503668427467346], [0.6054011583328247, 0.8011565208435059, 0.38263383507728577, -0.31217291951179504, 0.6369732022285461, 0.7048497796058655], [0.5936509370803833, 0.7737022042274475, 0.40988853573799133, -0.42274704575538635, 0.35074275732040405, 0.835622251033783], [0.5570465922355652, 0.7454045414924622, 0.43024173378944397, -0.3859989047050476, 0.10020764172077179, 0.9170404672622681]], "Control Inputs 0": [[-4.94495763069016, 0.9700400491019376, 0.007760207608060503, 2.8995762339235194, -2.9644081186997435], [-4.461320808503154, -4.529126046827496, 0.0036140947746052324, -2.0678500596361014, 2.8259638245403327], [-1.4894055652531475, -6.396191683497649, 0.0026416575321195285, 2.04041781061893, 2.841808728569177], [-4.916756116528571, -0.465218655513862, 0.0028502331004054953, 2.977915696812456, -2.8718413389641295], [2.0077299032345826, 3.7340302417742226, 0.0069356898761966605, 2.8982692583804575, -2.915470973562038], [4.912287299891721, 4.439048983751114, 0.0006615790748374512, -2.8684984070161748, 0.20957333136722855], [4.817793673473226, 4.102096861345341, 0.0036988441712515856, -2.949475719672314, -1.0538018269515301], [4.781524470903985, -6.992009567592712, 0.003577430174436279, -2.8349661480294506, 2.808199832780886], [4.760794782144153, -6.243413243752578, 0.004401220041445189, 2.8987082561881046, 2.90670143715435], [-4.866240461822884, 4.29559803842926, 0.00919287879443096, 2.899703604110579, -2.960799081285171], [4.920601240944681, 8.316537620496511, 0.005728878844250011, -1.655049902331123, 2.918935308444997], [-4.892249519551417, -0.03235460543799995, 0.0037512586043873712, 2.885485728089299, -2.9898565453765786], [-4.827740421065336, 2.4984115687692743, 0.0021785519670888473, -2.8552326768103815, 2.845875119868615], [4.908765161174358, -0.8864660305848293, 0.0028635874122526425, -2.8673712949035233, 2.919653937941881], [-4.926121618902259, -5.146733615948927, 0.0103668330467889, 2.9555568622620685, -2.9338447909948253], [-4.777045474455598, -0.12590910329412353, 0.012298432896460761, 2.844655711945247, -2.951765418453393], [-4.798761310619709, 4.416790793077773, 0.011222472960614984, -1.3375191565781068, -2.984084099979698], [-4.838462265155663, -4.505384851001907, 0.6970238957987265, 2.922325765789271, -2.9922238354709814], [2.896065648705294, 1.10916357585252, 0.6952831957324157, 2.7598457719973783, -2.9925751584452827], [4.840134147311895, 2.413679997867966, 0.6865294129684612, 2.8576356642383596, -2.949642835658766]], "Final Predicted Pose 0": [0.5570465922355652, 0.7454045414924622, 0.43024173378944397, -0.3859989047050476, 0.10020764172077179, 0.9170404672622681], "Predicted Translation Error 0": "3.402913190045606cm", "Predicted Rotation Error 0": "tensor([0.9332], grad_fn=<DivBackward0>)"}