{"num_updates": "1150", "penalty": "tensor(0., dtype=torch.float64, grad_fn=<AddBackward0>)", "Starting Pose": [0.1885271668434143, 0.2343386858701706, -0.21449199318885803, -0.3059803545475006, -0.5499453544616699, -0.5906779766082764, -0.5050105452537537], "Starting Soft Arm States": [-41.70000076293945, -48.29999923706055, 10.0, 22.3919734954834, 35.18257141113281, 2.8583285808563232], "Number of Trajectories": 1, "Final Desired Pose": [-0.23564594984054565, 0.09889350831508636, -0.3248160183429718, -0.6639117002487183, -0.7477716207504272, -0.007671196013689041], "Predicted Trajectory 0": [[0.7854362966864354, 0.7972786299136986, 0.5971879373181884, -0.30268073081970215, -0.26005226373672485, 0.9169281125068665], [0.7860310077667236, 0.8141294717788696, 0.5216187238693237, -0.3882458806037903, -0.010189560241997242, 0.9214995503425598], [0.7488940358161926, 0.7899723052978516, 0.4581596553325653, -0.5140352845191956, 0.1820402890443802, 0.8382297158241272], [0.6996685862541199, 0.7491247653961182, 0.37280893325805664, -0.7012600302696228, 0.31053635478019714, 0.6417175531387329], [0.6416396498680115, 0.7156550288200378, 0.29785043001174927, -0.8278886079788208, 0.33606812357902527, 0.4490642547607422], [0.5679624080657959, 0.6889020204544067, 0.294561505317688, -0.7893558144569397, 0.3310880661010742, 0.5170087218284607], [0.5068751573562622, 0.6749114990234375, 0.2926241457462311, -0.781755268573761, 0.33327168226242065, 0.5270565748214722], [0.4546203911304474, 0.6678879261016846, 0.266998827457428, -0.8281469345092773, 0.31391265988349915, 0.46436139941215515], [0.39513999223709106, 0.6136341094970703, 0.29918283224105835, -0.7764214277267456, 0.19219577312469482, 0.600192129611969], [0.34819939732551575, 0.5231545567512512, 0.30183592438697815, -0.8062787652015686, -0.018038688227534294, 0.5912604928016663], [0.32546067237854004, 0.4970952272415161, 0.3052573800086975, -0.8028896450996399, -0.15068267285823822, 0.5767694115638733], [0.29199138283729553, 0.5086949467658997, 0.3612634539604187, -0.6818775534629822, -0.14894889295101166, 0.7161404490470886], [0.27098119258880615, 0.5049800276756287, 0.3533211350440979, -0.7645303606987, -0.1785760223865509, 0.619357705116272], [0.2790869474411011, 0.43126368522644043, 0.3185119926929474, -0.7604702115058899, -0.4412391483783722, 0.47643786668777466], [0.2846601605415344, 0.4124530255794525, 0.3489218056201935, -0.6536538600921631, -0.47188520431518555, 0.5916595458984375], [0.2887376844882965, 0.4083639085292816, 0.3456665575504303, -0.6478247046470642, -0.40339213609695435, 0.6462182402610779], [0.2803943157196045, 0.3447062075138092, 0.3178785741329193, -0.642936110496521, -0.5733698606491089, 0.5078189969062805], [0.2702066898345947, 0.3814276158809662, 0.3286440968513489, -0.6838997602462769, -0.5681792497634888, 0.45766088366508484], [0.28117263317108154, 0.3634309768676758, 0.33969882130622864, -0.5931509733200073, -0.6698564887046814, 0.44661420583724976], [0.2676784098148346, 0.3645578920841217, 0.2973948121070862, -0.6497052311897278, -0.7316577434539795, 0.20630104839801788], [0.2666975259780884, 0.36827611923217773, 0.30834636092185974, -0.6654655337333679, -0.7356846928596497, 0.12618841230869293]], "Control Inputs 0": [[4.9147687796077655, -6.731510592833823, 0.6992829270738524, -2.9455450602703195, -2.982913778398599], [4.9827539288866, -8.277489967384081, 0.6997212578041843, -2.955562014951038, -2.9637999138775264], [4.905024156065311, -9.719183266991072, 0.28917127879114196, -2.922342118713922, -2.976413223621689], [4.862774593344069, -2.8763686621416316, 0.5762298190966003, 2.9395829950101975, -2.9564141619996227], [4.943747405505862, 1.1171842017884757, 0.2940113495369195, 2.9270592140330995, -2.9578319204776276], [4.891843270536835, 2.0347686050894467, 0.008074205698206315, -2.8573715947910263, -2.971991849158709], [4.875460494934954, 3.011577844374111, 0.1336391259818007, 2.941494978941795, -2.9821541916705594], [4.134591199064008, -8.643367544985091, 0.6879098182988644, -0.026626801373413667, -2.980691687920539], [4.818907685515901, -9.324763856721837, 0.2662646423088676, -2.943272745721749, -2.9360176089960066], [1.6746498443339117, 4.251477443023534, 0.5103302399978149, 2.9422527599985164, -2.934585396997291], [4.895337380043275, 5.312984873672317, 0.36628018303119686, -2.854975990999767, -2.8989379232157213], [-1.5945058625415518, -2.3283320953745354, 0.005740491374519676, -2.9933837559639307, -2.995473458231202], [-0.5252475242194423, 1.46255154394483, 0.006849684920839131, 2.9413812044488585, -2.907781074559891], [-2.8449553075920466, -0.798918657296376, 0.24911327535861524, 2.938822351702081, 2.9196002821805402], [-1.64270209072507, -4.733419543560375, 0.2640642529727762, -2.9390409461671676, -1.7092884190533668], [4.899597820103697, -0.554750323075563, 0.00649931187436749, -2.9403171301463984, -2.939924994800198], [-1.793705290013853, 8.02145774324153, 0.3854070685890973, 2.9371085786795614, -2.9610981283175155], [-0.8268531647174164, 6.044831226538438, 0.006559900011040197, -2.9450025350533426, -2.8827391259059874], [4.890618930749035, 5.667771205947574, 0.3747731491881838, -1.033077218116555, -2.9444224039483102], [-4.749619003385295, -0.5285885147406155, 0.09879281516244731, -1.6373868595296541, -2.939395121800396]], "Final Predicted Pose 0": [0.2666975259780884, 0.36827611923217773, 0.30834636092185974, -0.6654655337333679, -0.7356846928596497, 0.12618841230869293], "Predicted Translation Error 0": "0.33571925571751926cm", "Predicted Rotation Error 0": "tensor([0.9910], grad_fn=<DivBackward0>)"}