{"num_updates": "3689", "penalty": "tensor(0., dtype=torch.float64, grad_fn=<AddBackward0>)", "Starting Pose": [-0.10065051168203354, 0.13445906341075897, -0.3156271278858185, -0.13842204213142395, -0.1332085281610489, -0.9743409752845764, -0.11727927625179291], "Starting Soft Arm States": [-2.9000000953674316, 35.400001525878906, 10.0, 17.738740921020508, 35.222312927246094, 28.807144165039062], "Number of Trajectories": 1, "Final Desired Pose": [0.1390634924173355, 0.10715644806623459, -0.32666707038879395, -0.2595290541648865, -0.003110830206423998, 0.9657303094863892], "Predicted Trajectory 0": [[0.43388050484492885, 0.4817235806751177, 0.33755196281752275, -0.9341698288917542, -0.1916620284318924, 0.30098575353622437], [0.4520820379257202, 0.4895499050617218, 0.32244181632995605, -0.9488413333892822, -0.22568272054195404, 0.22083351016044617], [0.4906758964061737, 0.4581565260887146, 0.29069802165031433, -0.938103973865509, -0.3378075659275055, 0.07646577060222626], [0.5236915349960327, 0.4579770565032959, 0.2679641842842102, -0.9453219175338745, -0.32257387042045593, -0.04808887466788292], [0.5515008568763733, 0.476651132106781, 0.29565757513046265, -0.9679624438285828, -0.23278826475143433, 0.09411953389644623], [0.5890116691589355, 0.48087677359580994, 0.3147079348564148, -0.9676080346107483, -0.2041657269001007, 0.1484958529472351], [0.637990415096283, 0.4476911723613739, 0.3292176127433777, -0.9357425570487976, -0.3479421138763428, 0.05763865262269974], [0.6569304466247559, 0.4541309177875519, 0.3555644452571869, -0.9277990460395813, -0.3676794767379761, 0.06325096637010574], [0.6588795781135559, 0.4464007616043091, 0.3066166341304779, -0.9145075678825378, -0.36761918663978577, -0.16891464591026306], [0.652108907699585, 0.418474942445755, 0.2981041669845581, -0.9005733728408813, -0.3782499432563782, -0.2142302691936493], [0.643622636795044, 0.3734422028064728, 0.30839186906814575, -0.8817026615142822, -0.4538213908672333, -0.12902165949344635], [0.624739944934845, 0.40772485733032227, 0.3328321576118469, -0.938571572303772, -0.3402404189109802, 0.057618457823991776], [0.6167594790458679, 0.36871933937072754, 0.3435167074203491, -0.8890803456306458, -0.4173213243484497, 0.1880931407213211], [0.6063883900642395, 0.43520042300224304, 0.3780158758163452, -0.9002475738525391, -0.23835912346839905, 0.36433395743370056], [0.6180968880653381, 0.43764591217041016, 0.41191598773002625, -0.8353560566902161, -0.23678644001483917, 0.4960971772670746], [0.6000785827636719, 0.4109928011894226, 0.3815041184425354, -0.8197039365768433, -0.33207643032073975, 0.4667019844055176], [0.5978033542633057, 0.4692172706127167, 0.4208700656890869, -0.7912791967391968, -0.1343630850315094, 0.5965096354484558], [0.6055064797401428, 0.3922174870967865, 0.40033918619155884, -0.7545058131217957, -0.36105358600616455, 0.548052191734314], [0.6005900502204895, 0.43420806527137756, 0.4245467483997345, -0.7328994870185852, -0.1368853747844696, 0.6664237976074219], [0.5999851226806641, 0.38953888416290283, 0.44101482629776, -0.6394778490066528, -0.16656363010406494, 0.7505495548248291], [0.6097003221511841, 0.42396825551986694, 0.4520171284675598, -0.646446943283081, -0.0069609880447387695, 0.762927234172821]], "Control Inputs 0": [[-4.914051791540173, -9.797298983818385, 0.008498563643817434, -2.8917700985093906, -2.9655811789603277], [-4.902882188259915, -8.785761893840705, 0.5413996003275166, -2.533474855335652, -2.9841843649918465], [-4.850344936034569, -6.349831380752866, 0.657378434018567, 2.7651437993287944, 2.6748373648545263], [-4.865997088508087, -5.422025090250965, 0.6877747286716658, 2.7645552488857783, 2.7802480427632332], [-5.0000799605822355, -9.539878209627659, 0.09747484489721352, -1.6495840755116986, -2.9169343226697566], [-4.663036864023814, -2.829327953295043, 0.06658729861210064, 0.6777120862155215, -2.912292825445878], [-1.1524416715409571, 0.85456950082866, 0.6750265228529868, -2.893038601368668, -2.9429378328691533], [4.727049997656625, 0.1405549735793663, 0.005616906518325462, -2.844289931947379, -2.9438782562803354], [-3.9241990523057693, -9.148077099941547, 0.6992489874769201, 2.7322887311329627, 0.9802442665847009], [4.766540174017347, -6.5834184016848045, 0.0063876497645094215, 2.9276949916241266, 2.8624862281693986], [-4.865244138920492, -8.913151097619382, 0.6987692353912188, 2.901015588593581, 2.004322419985174], [4.946401235050777, -7.786047809857562, 0.03227837606434122, 2.9603600778836414, 2.916352320094078], [-4.9409827428751365, -1.3727337637839092, 0.6979794292044781, 2.9857092495785436, 1.4107187165361301], [0.46177698563239655, -2.066827860089413, 0.25932754752652293, -2.9266242424619686, -2.953168566914716], [4.882203607443799, -6.298790492012088, 0.5915081549905323, 2.8775873453658845, 2.9126318296027476], [-4.896121529539578, -0.5503120367557699, 0.054557357277453894, -2.8595213915631046, -2.9782631052011603], [4.941902248514408, -9.580752570533871, 0.07606621632960203, 2.8967762364967458, 2.921836654313201], [-4.992203783470444, -9.820765916080598, 0.05184247165621542, 2.7186468832048467, 2.852029435694339], [4.869953053171518, -9.799365572062223, 0.08159784293571752, 2.9910426972709674, 1.9258816316615945], [-4.918755862818305, -3.554999091781224, 0.004580063848833201, 2.936155091183733, -2.952886902113389]], "Final Predicted Pose 0": [0.6097003221511841, 0.42396825551986694, 0.4520171284675598, -0.646446943283081, -0.0069609880447387695, 0.762927234172821], "Predicted Translation Error 0": "11.053512898409375cm", "Predicted Rotation Error 0": "tensor([0.9046], grad_fn=<DivBackward0>)"}