{"num_updates": "407", "penalty": "tensor(0., dtype=torch.float64, grad_fn=<AddBackward0>)", "Starting Pose": [-0.06852667033672333, 0.2065879851579666, -0.3281627893447876, -0.4131228029727936, -0.5712162256240845, -0.5311992764472961, -0.4699670374393463], "Starting Soft Arm States": [-2.9000000953674316, 86.0, 10.0, 16.811405181884766, 35.05340576171875, 10.57176685333252], "Number of Trajectories": 1, "Final Desired Pose": [0.07064003497362137, 0.16327862441539764, -0.30991584062576294, -0.8482075333595276, 0.49351680278778076, -0.19231532514095306], "Predicted Trajectory 0": [[0.47293373515899556, 0.7096043524783469, 0.3053701825819771, -0.2169211506843567, -0.0273274015635252, 0.9758065342903137], [0.4876057803630829, 0.7390836477279663, 0.3063349723815918, -0.31871694326400757, 0.2710597813129425, 0.9082654118537903], [0.5239707827568054, 0.7280524373054504, 0.2902418076992035, -0.414455771446228, 0.4729599952697754, 0.777518630027771], [0.5488313436508179, 0.6988865733146667, 0.2979144752025604, -0.5943296551704407, 0.4091643989086151, 0.6923560500144958], [0.5886562466621399, 0.6708896160125732, 0.2925046980381012, -0.7507985830307007, 0.33375084400177, 0.5700103640556335], [0.6232190728187561, 0.6403579115867615, 0.30522269010543823, -0.8345081806182861, 0.25836461782455444, 0.48666611313819885], [0.6408167481422424, 0.6298025250434875, 0.34544071555137634, -0.8155646324157715, 0.20908311009407043, 0.5395726561546326], [0.6329306960105896, 0.5988407731056213, 0.3402564227581024, -0.8696213364601135, 0.12255667895078659, 0.4782663881778717], [0.6445206999778748, 0.5737264156341553, 0.3525961637496948, -0.8946796655654907, 0.08278405666351318, 0.4389704167842865], [0.6527302861213684, 0.5735036730766296, 0.3797875642776489, -0.8751066327095032, 0.10886280983686447, 0.47152653336524963], [0.6443161368370056, 0.5577555894851685, 0.35765618085861206, -0.9256716966629028, 0.09662413597106934, 0.3657810389995575], [0.6392949223518372, 0.5810371041297913, 0.3548511862754822, -0.92000812292099, 0.19825802743434906, 0.3380514979362488], [0.6395201086997986, 0.5756725072860718, 0.359285444021225, -0.9115111231803894, 0.24472202360630035, 0.33054280281066895], [0.6446409225463867, 0.5754209160804749, 0.34822383522987366, -0.9344487190246582, 0.2815912365913391, 0.21797217428684235], [0.6457790732383728, 0.5718337893486023, 0.3542855978012085, -0.9241258502006531, 0.3142639398574829, 0.21732372045516968], [0.6546453237533569, 0.5713725090026855, 0.3655192255973816, -0.9096580147743225, 0.36344367265701294, 0.201074481010437], [0.6393380761146545, 0.5677483677864075, 0.3632079064846039, -0.9097201228141785, 0.37763968110084534, 0.1726197451353073], [0.6266180872917175, 0.5660513639450073, 0.35547682642936707, -0.9096890687942505, 0.3872026801109314, 0.15013304352760315], [0.652421236038208, 0.587982177734375, 0.35116466879844666, -0.8818849325180054, 0.47070562839508057, 0.02674301154911518], [0.646882176399231, 0.5622336268424988, 0.34580686688423157, -0.9175838828086853, 0.3953099250793457, -0.04206937551498413], [0.648861289024353, 0.5752525925636292, 0.34563302993774414, -0.9050302505493164, 0.4192195236682892, -0.07193993777036667]], "Control Inputs 0": [[-4.905694977349095, -9.34517805148918, 0.005462575657967516, -0.07177291372981909, 0.133342087295639], [-4.906878754917764, -9.703834323857272, 0.23593716729412975, 1.3402005650382272, -2.9435387941635893], [-4.900705768486433, -9.742570978733383, 0.006632502326152854, -0.5044376323854989, -2.993081876329224], [-4.904446121319959, -7.604910323938929, 0.23285804751948283, -0.6843016889132412, -2.944603307701154], [-4.869054098870241, -3.5161625963251293, 0.011506506791084597, 2.934031300648935, -2.940752919965103], [1.0416262175064306, -2.7563418070420713, 0.007641550942261367, -0.9545017983782751, -2.9507956017454515], [-0.39382690332428094, -1.561936133328432, 0.15340281785628077, -0.7182016577588164, -2.939106146401586], [-4.892884034540994, -6.957881375069742, 0.3824501021051336, 1.545700555072469, 0.46296767216750734], [2.5744155441996455, -4.110163381864473, 0.18662523181576116, -2.3248381955543467, -0.4960344487965478], [-0.09052519738232068, -1.3402274591304213, 0.3012373906660539, -0.991123947190832, 0.4136015100938937], [1.8078196072639576, 1.2980619531833586, 0.24344091123363173, 0.3123253021529009, 1.285180689433477], [-0.9629233546118883, -5.239872061716518, 0.006999906561217507, -1.9996811598511155, 0.5382005613730927], [0.4926872416194774, -4.027341001277737, 0.015941978721969653, 0.3573152429175881, 1.2570589895049133], [-0.9459167799754047, -4.815521879844894, 0.18227720163043626, 0.7960443567155888, 1.7639810950986696], [-1.8576306764551567, -9.673010519246263, 0.19262921756889884, 1.3819135857375153, 1.6743566575864088], [4.89590512065603, -5.90331748421941, 0.0038060675790131584, -0.5262322456297248, 0.8845327618009291], [-1.9891464177576021, -1.1437656363104818, 0.2979438495462556, -2.938777199763757, 0.3734283684632391], [-2.569276538107064, -9.886937300119023, 0.010324260953084474, 0.06322606775032558, 0.6857506857130353], [2.2753545982338412, -5.644664517079699, 0.28490617491162223, 0.12120204309233973, -0.5357554512116418], [-2.221526467301815, -4.590765534688906, 0.11232752516274686, -2.940399246573616, 0.7467211581442372]], "Final Predicted Pose 0": [0.648861289024353, 0.5752525925636292, 0.34563302993774414, -0.9050302505493164, 0.4192195236682892, -0.07193993777036667], "Predicted Translation Error 0": "0.6159242657384484cm", "Predicted Rotation Error 0": "tensor([0.9884], grad_fn=<DivBackward0>)"}