{"num_updates": "6211", "penalty": "tensor(0., dtype=torch.float64, grad_fn=<AddBackward0>)", "Starting Pose": [0.17929470539093018, 0.08738204836845398, -0.19838596880435944, -0.24273079633712769, 0.2604772448539734, -0.901494026184082, 0.24605250358581543], "Starting Soft Arm States": [-39.5, 20.600000381469727, 10.0, 33.735267639160156, 23.41204261779785, 35.387908935546875], "Number of Trajectories": 1, "Final Desired Pose": [-0.40207168459892273, 0.17059433460235596, -0.23827926814556122, -0.8027567863464355, -0.4352896809577942, 0.4075590968132019], "Predicted Trajectory 0": [[0.7742123138634022, 0.3329906416242438, 0.6385356188032704, -0.7610798478126526, 0.31717804074287415, 0.5658228993415833], [0.7619426846504211, 0.31251245737075806, 0.6014798283576965, -0.6840672492980957, 0.25111353397369385, 0.6848313808441162], [0.7111305594444275, 0.2913110554218292, 0.5735520124435425, -0.6077415347099304, 0.10946626961231232, 0.7865540981292725], [0.6583940982818604, 0.29646244645118713, 0.5021926164627075, -0.6322143077850342, 0.08673027157783508, 0.769923985004425], [0.602107584476471, 0.33253735303878784, 0.4389875531196594, -0.6834098100662231, 0.06330385059118271, 0.7272851467132568], [0.536790668964386, 0.34307876229286194, 0.39042946696281433, -0.7193078994750977, -0.04558102786540985, 0.6931945085525513], [0.4809962809085846, 0.39954766631126404, 0.36347994208335876, -0.7575654983520508, 0.05399223044514656, 0.6505223512649536], [0.4336499571800232, 0.43840211629867554, 0.34357544779777527, -0.8000433444976807, 0.10074475407600403, 0.5914229154586792], [0.379387766122818, 0.42580175399780273, 0.38205063343048096, -0.7155048847198486, -0.010871932841837406, 0.6985231041908264], [0.3440985679626465, 0.500023365020752, 0.4315016567707062, -0.621077299118042, 0.14275527000427246, 0.770638644695282], [0.3080712854862213, 0.40599244832992554, 0.4190826416015625, -0.7190967798233032, -0.19539840519428253, 0.6668727993965149], [0.26852038502693176, 0.41548284888267517, 0.4250408411026001, -0.759202241897583, -0.288894921541214, 0.5832251906394958], [0.22637352347373962, 0.44444236159324646, 0.42760083079338074, -0.8546903133392334, -0.24497084319591522, 0.45770469307899475], [0.1914857178926468, 0.4336892366409302, 0.4486654996871948, -0.8934342265129089, -0.22617962956428528, 0.38809534907341003], [0.15835610032081604, 0.44347620010375977, 0.5244183540344238, -0.825158953666687, -0.1655653864145279, 0.5400933623313904], [0.1321917325258255, 0.4368699789047241, 0.5827553272247314, -0.7541351914405823, -0.15913474559783936, 0.6371469497680664], [0.11019296944141388, 0.4798808991909027, 0.661585807800293, -0.6562652587890625, -0.08454553782939911, 0.749778687953949], [0.09841717779636383, 0.48878759145736694, 0.6514288187026978, -0.7621428370475769, -0.060101427137851715, 0.6446130871772766], [0.11368919163942337, 0.4359971582889557, 0.5918494462966919, -0.848705530166626, -0.2322739064693451, 0.47512921690940857], [0.1252732276916504, 0.48094305396080017, 0.55367511510849, -0.9019310474395752, -0.11004814505577087, 0.41762393712997437], [0.1228969544172287, 0.502032458782196, 0.5512283444404602, -0.9194318652153015, -0.048837143927812576, 0.39020514488220215]], "Control Inputs 0": [[4.983793991521731, -8.146970314375515, 0.697315767972838, -1.8376476772767822, -2.5938582841973012], [4.977879828016803, 0.06438763821966198, 0.6979862004048513, -2.8026713879054523, 2.9825839187772276], [4.910686653038114, 9.719685806399777, 0.6978685821465167, -2.9661757238910256, 2.9651994521029943], [4.9239379097769955, 9.974867599703426, 0.6982111965258941, -2.8484436624771057, -1.9261189518620794], [4.903635219209107, 9.685037846797723, 0.6922333551297529, -1.3319739022824824, 2.9714732414239693], [4.891072169053334, 9.546002537395424, 0.033255800928089475, -2.697926135330223, 2.9763612812820632], [4.865155883540213, 9.629388197672224, 0.028415502908225372, 2.8565755578780827, -2.232712532899848], [4.937283988740067, 9.861972044299005, 0.6184047003939489, 2.7767945936305374, 2.773846910435344], [4.849099320244191, -3.414753178092665, 0.5480304027868067, -2.991322298360444, -2.007214180125429], [4.884756054736437, -1.992871919068472, 0.5219473627714372, -2.981457889240563, -2.3057283660468553], [4.7746233213548255, 9.885555879449274, 0.3191819076057005, -2.908920518794487, -2.3105161590575127], [4.954185602927133, -2.2063495570336054, 9.954070805769663e-05, -2.898966625884974, 2.9875481498164254], [4.613508435133726, -1.7812355202172032, 0.0029145617897535026, 2.785087609264983, 2.9934159438765926], [4.218037141815188, -4.067616989275101, 0.001600418284607169, 2.8496256537105555, 2.9894175165415184], [4.190067567510349, -4.49609222627379, 0.07060998202393816, 2.707394657409803, 2.9202015844126263], [4.933055156087708, 9.49979095241008, 0.0038028139022906193, -2.9937652634677487, -2.7629997998924924], [-4.793647563723804, -3.9642489074854472, 0.24227035041849787, -2.5447982349114593, -2.7425737893169866], [-3.1573997544993357, -5.669153176113052, 0.002796175175203819, -2.943134949560371, 2.8915748049173127], [-3.2214245850028003, 9.442864535987109, 0.05259589309033356, 2.961254531444456, -0.38438450010666125], [3.2521505333801475, -6.533551459345697, 0.0018772397548027224, -2.9465132279852146, -2.7604380502804378]], "Final Predicted Pose 0": [0.1228969544172287, 0.502032458782196, 0.5512283444404602, -0.9194318652153015, -0.048837143927812576, 0.39020514488220215], "Predicted Translation Error 0": "5.475433076272075cm", "Predicted Rotation Error 0": "tensor([0.9184], grad_fn=<DivBackward0>)"}