{"num_updates": "1554", "penalty": "tensor(202.2732, dtype=torch.float64, grad_fn=<AddBackward0>)", "Starting Pose": [0.1770242154598236, 0.031957510858774185, -0.26028454303741455, -0.5734854340553284, 0.7542643547058105, 0.012305192649364471, 0.31945016980171204], "Starting Soft Arm States": [-43.29999923706055, -60.0, 15.0, 17.4406681060791, 3.3551151752471924, 35.553504943847656], "Number of Trajectories": 1, "Final Desired Pose": [0.02187373861670494, 0.2209409475326538, -0.30595871806144714, -0.4342903196811676, -0.2579953670501709, 0.8630355000495911], "Predicted Trajectory 0": [[0.7714520597190696, 0.157884927042675, 0.47962846265663334, -0.13813216984272003, -0.8729809522628784, 0.4677860140800476], [0.7536969780921936, 0.1942375898361206, 0.33844372630119324, -0.28981858491897583, -0.957061767578125, 0.0061566755175590515], [0.7053590416908264, 0.23806536197662354, 0.2833769619464874, -0.42622411251068115, -0.9014471769332886, -0.07567062228918076], [0.6707115173339844, 0.2962650954723358, 0.2611231207847595, -0.5396846532821655, -0.8299633264541626, -0.14107264578342438], [0.6455044150352478, 0.35925933718681335, 0.24996495246887207, -0.6461420059204102, -0.7273548245429993, -0.23120446503162384], [0.6459946632385254, 0.3935350775718689, 0.2617041766643524, -0.6695844531059265, -0.683139443397522, -0.29150843620300293], [0.6479870080947876, 0.4111587107181549, 0.2987672686576843, -0.6938741207122803, -0.669731855392456, -0.2645712196826935], [0.6545140147209167, 0.4510079026222229, 0.3150339722633362, -0.7332461476325989, -0.5997887849807739, -0.32031792402267456], [0.657164454460144, 0.4793393909931183, 0.35302749276161194, -0.7691766619682312, -0.5727307796478271, -0.283454954624176], [0.6515157222747803, 0.5163218975067139, 0.3883143365383148, -0.8187729716300964, -0.5288465619087219, -0.22345499694347382], [0.6398383975028992, 0.5613692402839661, 0.3870556354522705, -0.8583700060844421, -0.45971402525901794, -0.22773651778697968], [0.6081114411354065, 0.6011073589324951, 0.3945559859275818, -0.9039194583892822, -0.41233792901039124, -0.11360952258110046], [0.5700817108154297, 0.641470730304718, 0.40395107865333557, -0.9321091175079346, -0.3594798445701599, 0.04412447661161423], [0.5369603037834167, 0.6753042936325073, 0.39580368995666504, -0.9459692239761353, -0.30210942029953003, 0.11778011173009872], [0.5284590721130371, 0.6904956698417664, 0.42640843987464905, -0.9017305374145508, -0.29639142751693726, 0.3146967589855194], [0.5521981716156006, 0.7002564668655396, 0.45601052045822144, -0.8637742400169373, -0.21665434539318085, 0.4549229145050049], [0.5464130640029907, 0.6490796208381653, 0.4701738655567169, -0.7945646643638611, -0.3280186653137207, 0.5109506845474243], [0.5270302891731262, 0.6741348505020142, 0.44547349214553833, -0.8223141431808472, -0.28183308243751526, 0.4943374991416931], [0.49153631925582886, 0.6266589164733887, 0.413051038980484, -0.8044813871383667, -0.3541247546672821, 0.47687047719955444], [0.4963357448577881, 0.6758133769035339, 0.3992902636528015, -0.8071767091751099, -0.2650735676288605, 0.5274484157562256], [0.5303431749343872, 0.715057909488678, 0.4394884705543518, -0.7508965134620667, -0.10073470324277878, 0.6526920795440674]], "Control Inputs 0": [[4.969707822117034, 9.805902766705987, 0.0020660042719967834, -2.9091600925904166, 2.9778704389960264], [4.701184403269643, 9.500981886611928, 0.001667816480297194, -0.3750282700975949, 2.979993776324797], [4.6907945115097505, 9.765136814787745, 0.003344302473932901, -1.2762710912199218, 3.0000714045132337], [1.0539048009896357, 9.774131407933819, 0.0018004191542723847, -0.5572365105175194, 2.9379333827152685], [-2.3465137879237683, 9.955959284012255, 0.0036928285919076856, 2.954756862997276, 2.964093070304159], [-1.5451687858368142, 9.904472540024742, -3.550295155127503e-06, 0.6651847274241804, 2.9186952883392685], [-1.0531851665470757, 9.843726550846299, 0.002969018750779642, 1.3055168759826667, 2.961304401534769], [-1.3014595677836671, 9.78544587891452, 0.0032734056940994308, 2.990875255564383, 2.9601622492283735], [1.120766992732948, 9.462242549451581, 0.0017260391378271795, -0.3075209976115434, 2.9018606143662344], [3.3265925393966906, 9.91376397262653, 0.00418505920051893, 0.8792800583964238, 2.942603580182322], [4.752898893790292, 9.860828795150287, 0.00026821040809483013, 2.136595181980476, 2.9960296948640126], [4.736594242159283, 9.441665256900965, 0.002766654034687844, -0.36537890508352966, 2.880111430359511], [4.687698774618143, 9.38210900979804, 0.0009207776601110847, 1.951390701022535, 2.8569639772122617], [-2.666285338931331, 9.634628785010879, 0.002277004750292945, 2.931881034288738, 2.9926440163234442], [-4.929710545973777, -9.725931670611178, 0.03947802988831756, 2.9201143188055134, 2.9111029981096266], [4.9167731663719145, -9.399301033835659, 0.010658588971511285, -2.7203027247837928, 2.8525209224682158], [2.5921628056439463, -3.146014524185019, 0.20288374076124724, -2.82227945351692, -2.821398540504374], [4.71418339711021, -9.483022985498847, 0.005027070832729681, -2.862553141907485, 2.8316034027622665], [-4.8424360208067485, 9.178785903896294, 0.4128198971222039, 2.9447336163947906, 2.8691159340405967], [-4.9348519726472935, 9.621495129253383, 0.26527245246652775, -2.9381265910146253, 2.96528029345008]], "Final Predicted Pose 0": [0.5303431749343872, 0.715057909488678, 0.4394884705543518, -0.7508965134620667, -0.10073470324277878, 0.6526920795440674], "Predicted Translation Error 0": "5.409287000325933cm", "Predicted Rotation Error 0": "tensor([0.9154], grad_fn=<DivBackward0>)"}