{"num_updates": "867", "penalty": "tensor(0., dtype=torch.float64, grad_fn=<AddBackward0>)", "Starting Pose": [-0.2816028892993927, 0.18784800171852112, -0.25219637155532837, -0.5050739049911499, -0.660050630569458, 0.516546905040741, -0.20594365894794464], "Starting Soft Arm States": [28.600000381469727, 71.4000015258789, 10.0, 28.585247039794922, 34.963985443115234, 11.883283615112305], "Number of Trajectories": 1, "Final Desired Pose": [-0.18659545481204987, 0.08817330002784729, -0.24366188049316406, -0.24503971636295319, -0.3354467451572418, 0.9096323251724243], "Predicted Trajectory 0": [[0.21389514247790972, 0.6503981174991598, 0.5003925649735214, -0.40497511625289917, 0.879507839679718, -0.2499222457408905], [0.2253231555223465, 0.6605062484741211, 0.491656631231308, -0.3691466748714447, 0.9242033362388611, -0.0978718101978302], [0.2512870132923126, 0.6236696243286133, 0.48073795437812805, -0.3396162986755371, 0.9357618093490601, 0.09492366760969162], [0.2741113007068634, 0.5925634503364563, 0.4731844961643219, -0.3448276221752167, 0.8956590294837952, 0.28087151050567627], [0.29587844014167786, 0.5487692952156067, 0.45386967062950134, -0.39289164543151855, 0.8100550770759583, 0.4352549910545349], [0.312017023563385, 0.5117264986038208, 0.46464985609054565, -0.35724812746047974, 0.7207244038581848, 0.5940791368484497], [0.3101126253604889, 0.47520264983177185, 0.48504897952079773, -0.3672773540019989, 0.6035694479942322, 0.7076802253723145], [0.30791300535202026, 0.43727579712867737, 0.494015634059906, -0.41365593671798706, 0.4655221104621887, 0.7824180126190186], [0.31716614961624146, 0.40322092175483704, 0.5016660690307617, -0.41569778323173523, 0.3240435719490051, 0.8498182892799377], [0.3241823613643646, 0.36837366223335266, 0.5110938549041748, -0.3889826536178589, 0.16994023323059082, 0.9054352045059204], [0.3177773952484131, 0.34268948435783386, 0.5284513235092163, -0.32160061597824097, 0.0246186051517725, 0.9465553164482117], [0.3282775580883026, 0.33506378531455994, 0.5199493765830994, -0.32794496417045593, -0.022346602752804756, 0.9444324970245361], [0.33276963233947754, 0.3297378718852997, 0.5121089816093445, -0.3211940824985504, -0.023558257147669792, 0.94672030210495], [0.3274894952774048, 0.3357999622821808, 0.5197718739509583, -0.3322622776031494, 0.03581933677196503, 0.9425066113471985], [0.33194854855537415, 0.33346760272979736, 0.5230072736740112, -0.2799835503101349, 0.041911911219358444, 0.959089457988739], [0.3267533779144287, 0.3314504325389862, 0.5192545652389526, -0.31386518478393555, 0.0532974973320961, 0.9479705095291138], [0.3167543411254883, 0.33088546991348267, 0.5292879939079285, -0.2516181170940399, 0.032828107476234436, 0.9672696590423584], [0.3247043490409851, 0.33962398767471313, 0.5233262777328491, -0.2849668264389038, 0.019074028357863426, 0.9583475589752197], [0.33833926916122437, 0.32835617661476135, 0.5130940079689026, -0.2440526783466339, -0.052398450672626495, 0.9683453440666199], [0.3264423608779907, 0.3321526050567627, 0.5215794444084167, -0.22829359769821167, -0.12252430617809296, 0.965851902961731], [0.3282674551010132, 0.33154967427253723, 0.5188260674476624, -0.21765759587287903, -0.242086261510849, 0.9455260038375854]], "Control Inputs 0": [[-4.539572923560993, -9.81730979283943, 0.0037147673986724196, 2.762931636782188, -2.945847433899805], [-3.799225373560409, -9.970227222406834, 0.002693364672623739, 2.3243077107229393, -2.9613108566438044], [-3.401859946677075, -9.817816260259166, 0.005413931819483995, -1.746321643138382, -2.958204347352747], [-3.863906803238919, -9.817143770621259, 0.005092994685745853, 2.3713624080874105, -2.983685140051139], [0.13299732332686798, -9.807139763133776, 0.00921277376713243, 0.24543842265663018, -2.9567254157176723], [1.7491789198141747, -9.818120736774171, 0.006576521061338998, -2.937301004787659, -2.894545148391364], [0.1995476155528788, -9.712596321980536, 0.013390926369020268, -1.0063720548234583, -2.9420440732029123], [-1.0282454306698643, -9.588586405175782, 0.005114174932592236, -0.432275086896833, -2.9400037513973905], [0.4930092793620071, -9.797183422072449, 0.1322426181517444, -0.6951286914854742, -2.9646080450967247], [2.4925964884144287, -9.80018903332341, 0.2069370565402052, -0.4200486222833497, -1.2352802777122762], [-4.9022853747954045, -9.586046542779659, 0.24302076243022794, -0.4040715349986601, 0.2011432958505277], [2.2306056648108585, 0.3460405966404192, 0.007694588093332708, -0.048060234269782676, 0.6173163391743324], [-0.9325599664209161, -8.862427016450317, 0.23577875464342338, 0.5901976764811754, -0.41417292683499074], [-0.31768495548351794, 1.5030874154817369, 0.17039901146464728, -1.063687744546879, -0.544081931108956], [0.004652759239049509, -8.056038047394, 0.2521829488907662, -0.16728391718855784, -0.43825846154300496], [2.552293340386469, 4.210022442087604, 0.13212699572561867, -0.3101549844574292, -0.9253456418421204], [-4.896512689850802, -3.6673122934743327, 0.27508392180729635, 0.5539200711802437, -0.8118290092152076], [-0.05989612805376243, 6.76883696454416, 0.15067078479706017, -0.7489272109170613, -1.519943586548799], [2.7391300967427936, 0.814928916164213, 0.15688143845294655, 0.16998732920627457, -1.1425311075120983], [-3.353400571912277, 9.797542384766505, 0.1370425946138306, -2.92372668251305, -2.0777925214610184]], "Final Predicted Pose 0": [0.3282674551010132, 0.33154967427253723, 0.5188260674476624, -0.21765759587287903, -0.242086261510849, 0.9455260038375854], "Predicted Translation Error 0": "0.20620630496741027cm", "Predicted Rotation Error 0": "tensor([0.9946], grad_fn=<DivBackward0>)"}