{"num_updates": "250", "penalty": "tensor(0., dtype=torch.float64, grad_fn=<AddBackward0>)", "Starting Pose": [-0.1452832818031311, 0.12365691363811493, -0.33797457814216614, -0.04502582177519798, 0.6133645176887512, -0.7432768940925598, 0.2632416784763336], "Starting Soft Arm States": [2.299999952316284, -70.9000015258789, 10.0, 9.531827926635742, 23.421977996826172, 35.39784622192383], "Number of Trajectories": 1, "Final Desired Pose": [-0.23564594984054565, 0.09889350831508636, -0.3248160183429718, -0.6639117002487183, -0.7477716207504272, -0.007671196013689041], "Predicted Trajectory 0": [[0.379620062192466, 0.4475957694213817, 0.2801811782499479, -0.8573529720306396, 0.3360884189605713, 0.38985949754714966], [0.3742198646068573, 0.4084118902683258, 0.2640029489994049, -0.9539252519607544, 0.056646645069122314, 0.2946487069129944], [0.3332585096359253, 0.3809220790863037, 0.2628365159034729, -0.951983630657196, -0.1834070384502411, 0.24513036012649536], [0.2962549924850464, 0.36372247338294983, 0.29156896471977234, -0.8789691925048828, -0.3924870491027832, 0.2708635926246643], [0.2727152109146118, 0.36335304379463196, 0.28764304518699646, -0.8521623611450195, -0.4634910523891449, 0.24288955330848694], [0.26353901624679565, 0.36617565155029297, 0.28740909695625305, -0.8284077644348145, -0.5331869125366211, 0.17161685228347778], [0.2511735260486603, 0.36017870903015137, 0.3238126039505005, -0.764106810092926, -0.5788766741752625, 0.28467974066734314], [0.25375112891197205, 0.38372090458869934, 0.3080808222293854, -0.7881715297698975, -0.5753514170646667, 0.2185320258140564], [0.2598136067390442, 0.3732786774635315, 0.3049691915512085, -0.7804820537567139, -0.5892247557640076, 0.2089543342590332], [0.2624873220920563, 0.34659984707832336, 0.30839860439300537, -0.7118094563484192, -0.6684749722480774, 0.21556563675403595], [0.2625185549259186, 0.3607690632343292, 0.29794934391975403, -0.7256717681884766, -0.6741620898246765, 0.13749833405017853], [0.2592358887195587, 0.3810564875602722, 0.3024357855319977, -0.7645031809806824, -0.6385881304740906, 0.0879778265953064], [0.25642144680023193, 0.38418903946876526, 0.31693369150161743, -0.7832832932472229, -0.613231897354126, 0.10204906016588211], [0.26262959837913513, 0.3673971891403198, 0.29175353050231934, -0.7507070302963257, -0.6592081785202026, -0.04339922219514847], [0.26050835847854614, 0.37027981877326965, 0.31586986780166626, -0.7545490860939026, -0.6548715233802795, 0.04241599515080452], [0.2702895700931549, 0.3679006099700928, 0.3100960850715637, -0.7368612885475159, -0.6708058714866638, 0.0839935839176178], [0.2720792591571808, 0.35439297556877136, 0.3200926184654236, -0.6958474516868591, -0.706561803817749, 0.1287124902009964], [0.2694455683231354, 0.35834938287734985, 0.33228370547294617, -0.6993211507797241, -0.6912717223167419, 0.1819157898426056], [0.2739749848842621, 0.385578453540802, 0.29707759618759155, -0.7703327536582947, -0.6362859010696411, 0.04156377911567688], [0.2638084590435028, 0.3539835810661316, 0.3210241198539734, -0.7110364437103271, -0.7001115083694458, 0.06535378098487854], [0.27226248383522034, 0.36781826615333557, 0.31337907910346985, -0.7280116081237793, -0.6853623390197754, 0.016658591106534004]], "Control Inputs 0": [[4.91156927499912, 7.138194656928693, 0.0035137402036419943, -0.16825350484848034, -2.9940901882513558], [4.953005394237383, -7.807607414502592, 0.44226132713008187, 1.5104000508413717, -1.275330189944386], [2.578000301366946, -0.2237117433206972, 0.006902176091633468, -0.27282460731541924, -0.3279695806657825], [0.10348256422407953, 0.7211348009161256, 0.3763778818790993, -0.3624749721529903, -0.671853110998589], [1.2542540224760037, 5.2710899781212905, 0.1074945599976079, 2.9418713650001855, -0.1971368030340761], [-0.08569612215985867, 3.0956787804478143, 0.007105128585535438, -0.4600493010858151, -0.34506877754222387], [-1.5557068745948879, 9.804820316000008, 0.009180900535746076, -0.0823233512610484, -0.2385787245678892], [-1.847269410272379, 0.4632301910789245, 0.465988114808177, 2.2308541293447863, 1.3005373260341253], [0.7472306442439685, -1.8390548392599797, 0.23270032452807374, -1.5427343525985853, -0.9042317420496655], [-1.2474210382211006, 9.801570579629406, 0.37705404057315656, -0.36637908305523226, -0.062002085310648436], [1.465136859974022, 9.808881890400095, 0.32079374587725457, 0.7826937428668743, 0.8531716847077178], [-1.4212570116382888, -2.8019972650953218, 0.006672654081452277, -1.4522804106819789, 0.2580234107422261], [0.5876633282855765, 0.048055507523676155, 0.03457960194920019, 0.5171186738740992, 0.8144100473053868], [-1.1911088625596595, -0.7662633368518641, 0.2627327089586461, 1.2995762732131624, 2.9383958953780214], [-2.4287571582530774, -1.3239829497195554, 0.3172026899163671, 1.8257604050290714, 1.598323582126703], [2.2374853451771832, -2.4157238961771634, 0.005551669712260737, -0.34711988787449055, -1.4510785630990717], [-2.1033520340329206, 2.6263291080350193, 0.4336201887180147, -2.4632980861973506, 0.5652283991804672], [0.6810190880138034, 1.0785330819764134, 0.11552846384781165, 0.36013849613694227, -0.9124641455120965], [2.230649795908908, 2.1934239296008347, 0.4042120713440716, 0.5493848338454907, -2.9561969707436018], [-4.898516042292339, 2.8138970723836145, 0.2071249782493281, -2.9273734199935024, -1.4947371829863874]], "Final Predicted Pose 0": [0.27226248383522034, 0.36781826615333557, 0.31337907910346985, -0.7280116081237793, -0.6853623390197754, 0.016658591106534004], "Predicted Translation Error 0": "0.21233320920921683cm", "Predicted Rotation Error 0": "tensor([0.9957], grad_fn=<DivBackward0>)"}