{"num_updates": "737", "penalty": "tensor(160.8749, dtype=torch.float64, grad_fn=<AddBackward0>)", "Starting Pose": [-0.07013212889432907, 0.17511649429798126, -0.3455810844898224, 0.15777641534805298, -0.15505962073802948, -0.9454886317253113, -0.2389860898256302], "Starting Soft Arm States": [-2.5, -1.899999976158142, 10.0, 8.839638710021973, 35.12627029418945, 19.47418212890625], "Number of Trajectories": 1, "Final Desired Pose": [-0.325888067483902, 0.07222741842269897, -0.23017922043800354, -0.43015190958976746, -0.4572282135486603, 0.7784032821655273], "Predicted Trajectory 0": [[0.47098196537729664, 0.6101747831288039, 0.2606536155089, -0.8359845280647278, -0.5008467435836792, -0.22423742711544037], [0.42510858178138733, 0.6160269379615784, 0.24202097952365875, -0.8732131123542786, -0.4420294761657715, -0.20520448684692383], [0.3439009487628937, 0.557715892791748, 0.2594326138496399, -0.8530555367469788, -0.5216670632362366, -0.012640261091291904], [0.27706077694892883, 0.5365996956825256, 0.2941921651363373, -0.8322392702102661, -0.5219131112098694, 0.18704113364219666], [0.22909478843212128, 0.4969235360622406, 0.3503739535808563, -0.7442813515663147, -0.5580968260765076, 0.36684224009513855], [0.18976819515228271, 0.4579068422317505, 0.4257153272628784, -0.637244462966919, -0.5690113306045532, 0.5197554230690002], [0.16785985231399536, 0.40725353360176086, 0.5158413052558899, -0.4215247929096222, -0.6290845274925232, 0.6531229019165039], [0.15880176424980164, 0.42647784948349, 0.5899551510810852, -0.2840348482131958, -0.5771275162696838, 0.7656683325767517], [0.17968961596488953, 0.4146101772785187, 0.5778375267982483, -0.22925329208374023, -0.6549009084701538, 0.7201025485992432], [0.18122844398021698, 0.37891924381256104, 0.5459163188934326, -0.28856101632118225, -0.7337556481361389, 0.6150897145271301], [0.16511254012584686, 0.30673548579216003, 0.5582509636878967, -0.20452752709388733, -0.8447420597076416, 0.49454960227012634], [0.15931183099746704, 0.31913861632347107, 0.5638237595558167, -0.26541826128959656, -0.835899293422699, 0.48044297099113464], [0.16893082857131958, 0.2930697500705719, 0.5438392758369446, -0.2282496988773346, -0.8763752579689026, 0.42410901188850403], [0.167617067694664, 0.30569255352020264, 0.5420271754264832, -0.2533626854419708, -0.8873468637466431, 0.385256826877594], [0.17392754554748535, 0.3072909712791443, 0.5478726625442505, -0.23764213919639587, -0.8771685361862183, 0.41725486516952515], [0.16549035906791687, 0.3236320912837982, 0.555030107498169, -0.30272728204727173, -0.8337872624397278, 0.4616871476173401], [0.17586788535118103, 0.2960524260997772, 0.5609524846076965, -0.2047906368970871, -0.8706536889076233, 0.4472392797470093], [0.18792122602462769, 0.3543923497200012, 0.5397687554359436, -0.3346114754676819, -0.7615618705749512, 0.5550304055213928], [0.1951073557138443, 0.3080262541770935, 0.5221806168556213, -0.31475120782852173, -0.7650593519210815, 0.5617969036102295], [0.1685442328453064, 0.3402949869632721, 0.5439186096191406, -0.44137513637542725, -0.6421861052513123, 0.6267257332801819], [0.1700553148984909, 0.30644455552101135, 0.5645087361335754, -0.3702511489391327, -0.6859120726585388, 0.6264491677284241]], "Control Inputs 0": [[4.934332572466406, -9.748978452850606, 0.33898940329494054, 2.9029755152360375, -2.9802075187305723], [4.9971126376400665, -6.6551742735671, 0.4560549728483566, 2.8753597982180326, -2.982034958508406], [4.910849461007949, -4.355219850199776, 0.3932505010806549, 2.9821106840126754, -2.9999427948229633], [4.913802070013988, -3.206700907047053, 0.2644230847950227, 2.9862960111144377, -2.973889192333114], [4.957944499021874, -9.373865453958258, 0.1571241880762025, 2.891594130346812, -2.9926511393349253], [4.733210460397968, 2.5005514355283474, 0.37782624999843367, 2.826350183151045, -2.8787761896213833], [-0.8282999490940375, 5.977104145582208, 0.41421576753987943, 1.325247448189958, -2.8900282834406243], [-4.887189426976155, 5.680655707302481, 0.11171615264509986, -2.3623296637826594, -2.855682302809205], [2.1009145058663163, -7.657372376278681, 0.454705121514699, -2.854816498749204, -2.83502449934471], [4.667023951547778, -8.232532201264396, 0.26613235311639116, -2.694300534905479, -0.6154510689404318], [-4.885743714195032, -6.7754344873954, 0.35524630303539967, -0.026708733319584343, 2.945154017371361], [1.7180486047030321, -3.345043591052681, 0.006377546517038991, -1.3625901532155957, -1.6285114588810337], [-2.52954990255206, 3.690341196099295, 0.34657868588607066, 2.931592662460731, 0.01992310815436582], [-0.2553145938822965, -2.784428303333855, 0.18721482781862767, -1.6398245138189416, 2.8464456594642], [0.842077319446866, -5.36749603987395, 0.3294001923367923, 1.3968377222904147, -1.4516655571281336], [-2.338488488106706, 0.48224579813963153, 0.3013949882648635, -0.4628305149878109, 2.94030961753249], [-4.890542579742688, -9.164863058229091, 0.1978691862132603, -0.42318225088830674, 2.8529998895644457], [1.5058305033058978, -9.687033165959045, 0.45453471297197345, -2.170912040055234, 2.8301096263665544], [4.917226404676214, -9.670142002523042, 0.19604524635964568, -0.11584514514111133, -2.925380203403478], [-4.906115704377826, -3.5401630796270958, 0.20082305967976957, -2.858162235835439, 2.940302105725902]], "Final Predicted Pose 0": [0.1700553148984909, 0.30644455552101135, 0.5645087361335754, -0.3702511489391327, -0.6859120726585388, 0.6264491677284241], "Predicted Translation Error 0": "1.1044295603801184cm", "Predicted Rotation Error 0": "tensor([0.9605], grad_fn=<DivBackward0>)"}