{"num_updates": "5602", "penalty": "tensor(0., dtype=torch.float64, grad_fn=<AddBackward0>)", "Starting Pose": [0.17929470539093018, 0.08738204836845398, -0.19838596880435944, -0.24273079633712769, 0.2604772448539734, -0.901494026184082, 0.24605250358581543], "Starting Soft Arm States": [-39.5, 20.600000381469727, 10.0, 33.735267639160156, 23.41204261779785, 35.387908935546875], "Number of Trajectories": 1, "Final Desired Pose": [0.11127285659313202, 0.18839366734027863, -0.3361615240573883, -0.7661800980567932, -0.20834346115589142, -0.6079153418540955], "Predicted Trajectory 0": [[0.7742123138634022, 0.3329906416242438, 0.6385356188032704, -0.7610798478126526, 0.31717804074287415, 0.5658228993415833], [0.7573608756065369, 0.31024980545043945, 0.5585042238235474, -0.7664324045181274, 0.36210861802101135, 0.5305269360542297], [0.7165902853012085, 0.3383815884590149, 0.5106868147850037, -0.6942907571792603, 0.4493183195590973, 0.5622038841247559], [0.6686816811561584, 0.3382967710494995, 0.45350760221481323, -0.6917940974235535, 0.47853195667266846, 0.5407661199569702], [0.6152922511100769, 0.3859798014163971, 0.4165426790714264, -0.6503769159317017, 0.5812532305717468, 0.4890344738960266], [0.5939882397651672, 0.40513965487480164, 0.39412975311279297, -0.7068931460380554, 0.5942890048027039, 0.38356563448905945], [0.5863736271858215, 0.4735759496688843, 0.3853370249271393, -0.6542056202888489, 0.6983544826507568, 0.2903720736503601], [0.5956453680992126, 0.495185911655426, 0.3710038661956787, -0.7190322279930115, 0.6748101711273193, 0.1662042886018753], [0.612614631652832, 0.5397328734397888, 0.3784808814525604, -0.6951051950454712, 0.7120510339736938, 0.09905625879764557], [0.6296454071998596, 0.5815714001655579, 0.3677513897418976, -0.6801304221153259, 0.7330862283706665, 0.0026903164107352495], [0.635129988193512, 0.5665149092674255, 0.36202964186668396, -0.729900062084198, 0.6762814521789551, -0.09944481402635574], [0.6528064012527466, 0.6289409399032593, 0.35544928908348083, -0.6612488031387329, 0.7331135869026184, -0.1590423732995987], [0.6374926567077637, 0.6551575660705566, 0.3283637464046478, -0.6525734663009644, 0.7343839406967163, -0.18662235140800476], [0.6331703662872314, 0.5995440483093262, 0.30976295471191406, -0.7809390425682068, 0.55263352394104, -0.2910847067832947], [0.658212423324585, 0.6287395358085632, 0.3274243175983429, -0.7130752801895142, 0.6341527104377747, -0.29895472526550293], [0.6803526282310486, 0.5779709815979004, 0.32083460688591003, -0.7580984830856323, 0.5007398724555969, -0.4177873432636261], [0.7220958471298218, 0.5866775512695312, 0.35434669256210327, -0.7236310839653015, 0.5278478264808655, -0.44467371702194214], [0.7383966445922852, 0.5747552514076233, 0.3376295566558838, -0.6651172041893005, 0.4868399500846863, -0.5662207007408142], [0.699673593044281, 0.5613657236099243, 0.3091394007205963, -0.7211893796920776, 0.41883236169815063, -0.5517838597297668], [0.6667227149009705, 0.58092200756073, 0.2759310007095337, -0.7606295943260193, 0.3311625123023987, -0.5583671927452087], [0.6612516641616821, 0.5934627056121826, 0.28203901648521423, -0.8388693928718567, 0.21866615116596222, -0.49848082661628723]], "Control Inputs 0": [[4.908463399882285, 9.682992158018575, 0.034454350416370905, -2.9564376626257363, 2.9306097289974034], [4.767141907502923, 9.84705735180722, 0.09282914313005008, -2.9643605953042282, 2.921059361183919], [4.927334811594488, 9.538760369951767, 0.36469354867214304, -1.283644787484563, 2.934956203371038], [4.468771553584988, 9.883106059844877, 0.4092584965110991, -2.970571652878849, 2.998842687578543], [-3.538017206035268, 7.972776072504207, 0.4787940430201609, -1.1963960304577785, 2.998069686910168], [1.5084771764565348, 6.428771008169196, 0.47812185509175453, -2.946058275362176, 2.1476162116305346], [-3.116819271651987, -0.3910028309533793, 0.3626674550493619, -1.1433891024275122, 2.3725243510302114], [-1.6735205063189116, 7.581501137576193, 0.19305860362713276, -2.9836218672943313, 0.4938887720177285], [-0.2698080813946735, -7.187263766442211, 0.2958798246621245, -1.3239502960605536, 2.432182761244107], [-0.5835512647719492, 2.4981791041352803, 0.2086611211883151, -2.050117160011533, 1.2542159495640322], [-0.8197945744941304, 3.3935518096897095, 0.4034558703739978, -0.34587838633208046, 0.6064886065358746], [4.702658024124808, -9.543896010639136, 0.6822259389534933, -1.4866247440565665, 2.0319941269286312], [-4.6906230494143415, -9.913028922016398, 0.41492072473428937, 1.2902152800271045, 2.0188670660642067], [-0.5845477926752194, -9.494854205988863, 0.28427793708934196, -2.1297661923588587, 0.22641551714685004], [-4.986188774675766, -9.578047971180775, 0.04155729781032582, 0.03729013451952934, 0.20307883801460713], [-4.746999874898052, -9.862430833698642, 0.08634977313342719, -1.4532711074459368, -0.7502484707775672], [3.979306388715065, -9.563902311932502, 0.007553982497928775, 0.2401067638713279, -0.335924226137009], [4.7027647736727936, -9.842481633393698, 0.6992629896505314, -0.6705612722027237, -1.284630879615101], [4.728746063100612, 5.037658529675179, 0.4103803840988589, 0.07714984744080988, -2.8805791573418182], [-4.918241347887996, 9.501886710495011, 0.0011856535259445408, 2.8215995613988483, -2.8804706832776423]], "Final Predicted Pose 0": [0.6612516641616821, 0.5934627056121826, 0.28203901648521423, -0.8388693928718567, 0.21866615116596222, -0.49848082661628723], "Predicted Translation Error 0": "3.1075896634215585cm", "Predicted Rotation Error 0": "tensor([0.9002], grad_fn=<DivBackward0>)"}