{"num_updates": "617", "penalty": "tensor(0., dtype=torch.float64, grad_fn=<AddBackward0>)", "Starting Pose": [0.18961374461650848, 0.15425632894039154, -0.17913532257080078, -0.27899521589279175, -0.29419857263565063, -0.8972629308700562, -0.174722820520401], "Starting Soft Arm States": [-44.900001525878906, 1.7999999523162842, 10.0, 31.360626220703125, 35.24549865722656, 27.101511001586914], "Number of Trajectories": 1, "Final Desired Pose": [-0.17295822501182556, 0.1645682156085968, -0.27731069922447205, -0.7407143115997314, 0.4797484576702118, 0.47030171751976013], "Predicted Trajectory 0": [[0.7867572586340011, 0.5442701436793094, 0.6879562312303361, -0.7832671999931335, -0.14938463270664215, 0.6034705638885498], [0.7789196372032166, 0.5782533288002014, 0.6265590190887451, -0.7845205068588257, 0.033060915768146515, 0.6192209124565125], [0.7439287900924683, 0.5637401342391968, 0.5808494687080383, -0.7472172379493713, 0.04304586723446846, 0.663184404373169], [0.6993383169174194, 0.5522049069404602, 0.5177001953125, -0.7626584768295288, 0.045079249888658524, 0.6452286243438721], [0.6466593146324158, 0.5212596654891968, 0.4535573124885559, -0.7738250494003296, -0.0013197200605645776, 0.6333979964256287], [0.5860865116119385, 0.5189245939254761, 0.4244566559791565, -0.7017416954040527, 0.08196525275707245, 0.7077006697654724], [0.5244219899177551, 0.5428995490074158, 0.4050946533679962, -0.6356954574584961, 0.24919895827770233, 0.7306101322174072], [0.47014039754867554, 0.564271092414856, 0.3919195532798767, -0.5883626937866211, 0.3892076015472412, 0.7087643146514893], [0.4243636131286621, 0.5737173557281494, 0.40112149715423584, -0.527808666229248, 0.4578433334827423, 0.715400218963623], [0.3825843930244446, 0.5784915685653687, 0.42275235056877136, -0.4674558639526367, 0.5138736963272095, 0.7193183302879333], [0.35092535614967346, 0.5719479322433472, 0.4334106147289276, -0.4455801546573639, 0.5728102326393127, 0.6880019903182983], [0.34702152013778687, 0.573871374130249, 0.4357251226902008, -0.43776336312294006, 0.639016330242157, 0.6324723958969116], [0.3354986310005188, 0.5883028507232666, 0.4150039553642273, -0.4625382125377655, 0.7394943237304688, 0.4890873432159424], [0.3370692729949951, 0.5736127495765686, 0.4326585829257965, -0.46473750472068787, 0.7335256934165955, 0.4959425926208496], [0.34656020998954773, 0.5733689069747925, 0.4251093566417694, -0.47432881593704224, 0.7588438391685486, 0.44628262519836426], [0.34517839550971985, 0.5736383199691772, 0.43256643414497375, -0.47828641533851624, 0.7504650950431824, 0.4561186134815216], [0.33996668457984924, 0.5770143866539001, 0.4336271286010742, -0.4870712161064148, 0.743984580039978, 0.4574369490146637], [0.339693158864975, 0.5785547494888306, 0.43128207325935364, -0.5022385716438293, 0.7287763357162476, 0.46544748544692993], [0.34230101108551025, 0.5714113116264343, 0.42226821184158325, -0.5346474647521973, 0.6986724138259888, 0.47540417313575745], [0.3372982144355774, 0.5949231386184692, 0.42374834418296814, -0.5412964820861816, 0.6831852197647095, 0.49015918374061584], [0.343295156955719, 0.5733206272125244, 0.426120400428772, -0.5924862623214722, 0.5702154636383057, 0.5690468549728394]], "Control Inputs 0": [[4.907398289867178, -9.804276853129693, 0.5441968166397125, -2.965525045262709, 2.0251297665278383], [4.906437543935301, -9.800323948495205, 0.6917752123686995, -2.9288386690941506, -0.7464244246668494], [4.917303335914706, -9.82257019927829, 0.6912812491217212, -2.7005611731590426, -2.0129184135397775], [4.91324685309122, -9.691990455651993, 0.689113043886169, 1.2569863302428521, 0.24594692968484377], [4.931433040051264, -9.805934374400202, 0.6768304625869805, 1.422971866430288, 2.880758518841275], [4.953601164061061, -8.11971204785023, 0.6900657768571984, 0.3882236223836637, 2.978212762753377], [4.9374450076113305, -3.603659304244637, 0.2803250607825865, 1.1999981894134013, 1.082572957562025], [4.80175321206433, -2.120288765276384, 0.012639038381900227, 1.7110524603574238, 0.27368338124698477], [4.903192715496225, -5.848900791748825, 0.16699215723243077, 0.3290122277834526, 0.564577733647948], [3.203045741306365, -3.315589129799318, 0.13148852795709556, -0.23637973919861555, -0.04785681694852428], [-2.602028074705365, -6.377114681931042, 0.16527844792316324, -0.38078479432428347, 2.9387779243987637], [2.4759340170694983, -3.097058664392218, 0.007593318548244967, 0.25151355124168084, -0.8646543582224253], [-1.5727548966815679, -2.8354483298638886, 0.14438666152724788, 0.19129714862053904, -1.3308512044013368], [-0.48627022278200815, -1.1221815930757248, 0.00650067290654127, -0.6821478447388003, -1.4031024429492458], [0.9473246210010728, 0.33921090490630945, 0.08052720434831319, -1.5035013832873672, -1.218192706250792], [0.32721291855043777, 1.3669751998361228, 0.12832739097298992, -1.5469956188076608, -1.0021229227116153], [-1.0345955378595857, 0.3424737546665231, 0.1352295534669895, -1.2473398119046704, -0.9460667814615644], [-0.7534294539700745, 4.444332487637581, 0.16206697625974012, -1.1659670781002995, -1.1462412245562372], [1.468824788492169, 6.0546948797777524, 0.1390258353157314, -1.314873560216122, -2.8776515425071247], [-3.13359102710121, 0.22156949458942599, 0.012016751483404755, -2.924055707255395, -2.5458344104198827]], "Final Predicted Pose 0": [0.343295156955719, 0.5733206272125244, 0.426120400428772, -0.5924862623214722, 0.5702154636383057, 0.5690468549728394], "Predicted Translation Error 0": "0.45469498607057446cm", "Predicted Rotation Error 0": "tensor([0.9800], grad_fn=<DivBackward0>)"}