{"num_updates": "5536", "penalty": "tensor(0., dtype=torch.float64, grad_fn=<AddBackward0>)", "Starting Pose": [0.1770242154598236, 0.031957510858774185, -0.26028454303741455, -0.5734854340553284, 0.7542643547058105, 0.012305192649364471, 0.31945016980171204], "Starting Soft Arm States": [-43.29999923706055, -60.0, 15.0, 17.4406681060791, 3.3551151752471924, 35.553504943847656], "Number of Trajectories": 1, "Final Desired Pose": [0.15741600096225739, 0.2286747694015503, -0.30897417664527893, -0.16542045772075653, -0.7259718179702759, 0.6675335168838501], "Predicted Trajectory 0": [[0.7714520597190696, 0.157884927042675, 0.47962846265663334, -0.13813216984272003, -0.8729809522628784, 0.4677860140800476], [0.7562384009361267, 0.18863223493099213, 0.34972187876701355, -0.24948446452617645, -0.966327428817749, 0.06299877911806107], [0.7124823927879333, 0.23021231591701508, 0.30421388149261475, -0.3858957588672638, -0.9224092960357666, 0.01567179337143898], [0.6991535425186157, 0.2906152009963989, 0.28600195050239563, -0.4813026189804077, -0.8733562231063843, -0.07481078058481216], [0.7002250552177429, 0.33755290508270264, 0.2798389196395874, -0.5275623798370361, -0.8217836022377014, -0.21528971195220947], [0.7027362585067749, 0.36481237411499023, 0.33083072304725647, -0.5851145386695862, -0.7938326597213745, -0.16574274003505707], [0.7181198000907898, 0.4045114815235138, 0.33864888548851013, -0.6235014796257019, -0.7199994921684265, -0.30470746755599976], [0.7246854305267334, 0.44900673627853394, 0.3438520133495331, -0.6908956170082092, -0.6120986938476562, -0.38470545411109924], [0.7407095432281494, 0.4956000745296478, 0.36719268560409546, -0.730579674243927, -0.5185276865959167, -0.44427740573883057], [0.7362126111984253, 0.5100116729736328, 0.4015623927116394, -0.7506073713302612, -0.5041831731796265, -0.42706888914108276], [0.7179431319236755, 0.5509364604949951, 0.426893949508667, -0.8329383730888367, -0.43709486722946167, -0.339354932308197], [0.7265551090240479, 0.5910207629203796, 0.47773826122283936, -0.8854430317878723, -0.4015035927295685, -0.23406311869621277], [0.7293350696563721, 0.6177520155906677, 0.4862464964389801, -0.8930697441101074, -0.3361830711364746, -0.2990105152130127], [0.7240235209465027, 0.6027544140815735, 0.5271372199058533, -0.910355269908905, -0.3987644612789154, -0.11063510179519653], [0.7368015050888062, 0.6381399035453796, 0.5578137040138245, -0.9116318821907043, -0.4049377739429474, -0.07037544995546341], [0.7256847023963928, 0.62624192237854, 0.5626811385154724, -0.8791333436965942, -0.4765493869781494, 0.005033470690250397], [0.6995671987533569, 0.6984047889709473, 0.5621293783187866, -0.9060196876525879, -0.36891087889671326, 0.20744404196739197], [0.6834851503372192, 0.6936734914779663, 0.533449113368988, -0.8785355091094971, -0.3843165636062622, 0.28368300199508667], [0.657624363899231, 0.6560850739479065, 0.5306800603866577, -0.7592794895172119, -0.48053979873657227, 0.43883493542671204], [0.6225689649581909, 0.6566095948219299, 0.5089327692985535, -0.6938478350639343, -0.49593406915664673, 0.5221347212791443], [0.6206795573234558, 0.6784243583679199, 0.512205183506012, -0.6330356597900391, -0.5330681204795837, 0.561341404914856]], "Control Inputs 0": [[4.711768710407432, 7.994264149569549, 0.0024924922590833266, -1.8569890727397629, 2.9422394364153597], [2.496660127632193, 8.779555909980374, 0.1953978652671745, -1.0639161879863113, 2.959595644388621], [0.62846312479925, 9.47118230478656, 0.28404159293804404, -1.8485361288086433, 2.9395959959066644], [-0.9447487967925463, 9.808527828880628, 0.024299446419636564, 2.6189192467697175, 2.986761914060253], [-3.0275174601909405, 9.771811530099193, 0.010393663144563962, 0.14561311189266002, 2.922651864180497], [-0.9958379973631182, 9.745693234375224, 0.14457725827849355, -2.1680938852211766, 2.9326729718734734], [-0.38786622325654374, 9.847831041794201, 0.04133477558077735, -2.048372081114384, 2.936461784034244], [-3.974673175697265, 9.80825244769882, 0.0032898928616748035, 2.927430233370126, 2.9404183598754727], [3.397391940725514, 8.393827938857356, 0.0008650832635229159, 2.611553242805699, 2.9241638835350647], [1.6592868549167052, 7.734148145393586, 0.0039035828566100295, 2.1398778265486635, 2.9811302053499826], [-4.394781325414335, 7.947661547148563, 0.07176382905049651, 0.6307700899997131, 2.974174630154912], [4.1933559306812835, -1.3113577358410264, 0.0026745201894863412, 2.9057586969358677, 2.996516531471906], [-2.533704785796875, -2.3043685679887425, 0.015977114773288927, 2.9101647751764395, 2.8528213947317207], [-0.7548571546286196, 4.387692181533371, 0.005517837874593593, 2.006241813404488, -1.738702507420079], [4.80910879265017, 6.783777883815166, 0.006816282160973415, 1.7193916297956076, 2.6540647157041946], [4.839680909007596, 9.930745812171374, 0.002894245249744848, -1.9281871289538024, 2.868092539819301], [2.049352685090274, -9.709503853150382, 0.02855600792831512, 2.5179354397537805, 2.9796925886511403], [3.623065852464654, -9.741992741583296, 0.025651515634897898, 1.9469846227819634, 2.9672133316786304], [4.872339710663372, -9.627115406547102, 0.07499007614189447, 2.8154385652719593, 2.8714134737411854], [-4.680875555859599, 9.830573821067553, 0.006164420242329369, -0.059941618699503874, -2.6280129261481244]], "Final Predicted Pose 0": [0.6206795573234558, 0.6784243583679199, 0.512205183506012, -0.6330356597900391, -0.5330681204795837, 0.561341404914856], "Predicted Translation Error 0": "12.526153935122208cm", "Predicted Rotation Error 0": "tensor([0.8664], grad_fn=<DivBackward0>)"}