{"num_updates": "61", "penalty": "tensor(0., dtype=torch.float64, grad_fn=<AddBackward0>)", "Starting Pose": [-0.19970695674419403, 0.0974322259426117, -0.24843467772006989, -0.5645666122436523, 0.4751583933830261, -0.6385074257850647, 0.21862617135047913], "Starting Soft Arm States": [12.600000381469727, -59.70000076293945, 10.0, 27.94273567199707, 26.462312698364258, 35.39122009277344], "Number of Trajectories": 1, "Final Desired Pose": [-0.27683788537979126, 0.0913364589214325, -0.28704148530960083, -0.5156992077827454, -0.591512143611908, 0.6198126673698425], "Predicted Trajectory 0": [[0.3134567323103278, 0.36474270677205295, 0.5100496544470952, -0.266934335231781, -0.25732824206352234, 0.9287239909172058], [0.3089890480041504, 0.34829410910606384, 0.49947816133499146, -0.3105835020542145, -0.384909987449646, 0.8691272139549255], [0.29790329933166504, 0.3503168225288391, 0.49376073479652405, -0.3563736379146576, -0.4629362225532532, 0.8115958571434021], [0.2869246304035187, 0.3556564748287201, 0.47993549704551697, -0.4560079872608185, -0.49671441316604614, 0.7384657263755798], [0.27809765934944153, 0.3384132981300354, 0.4562869668006897, -0.505692720413208, -0.598454475402832, 0.621391236782074], [0.26126202940940857, 0.3469265103340149, 0.4405812919139862, -0.5805091857910156, -0.6397406458854675, 0.5037270784378052], [0.24451807141304016, 0.3496611714363098, 0.46950289607048035, -0.5367686748504639, -0.6598511338233948, 0.5258097648620605], [0.23300407826900482, 0.36924368143081665, 0.4517941176891327, -0.6342329382896423, -0.6503634452819824, 0.418062299489975], [0.24301838874816895, 0.3481982946395874, 0.42557406425476074, -0.6214063167572021, -0.7045274972915649, 0.34277579188346863], [0.2434890866279602, 0.3360058069229126, 0.42145320773124695, -0.5942250490188599, -0.7180769443511963, 0.36230093240737915], [0.23872750997543335, 0.33623021841049194, 0.3994428515434265, -0.6182174682617188, -0.7356868982315063, 0.2767162621021271], [0.22834251821041107, 0.34612590074539185, 0.3974595367908478, -0.6402834057807922, -0.7297753691673279, 0.23971854150295258], [0.21751540899276733, 0.38164591789245605, 0.42163437604904175, -0.6929910778999329, -0.6468626260757446, 0.31832706928253174], [0.22236184775829315, 0.3410232365131378, 0.3805098831653595, -0.6467505693435669, -0.7505953311920166, 0.13535210490226746], [0.21060344576835632, 0.36831244826316833, 0.42085686326026917, -0.676912248134613, -0.6736869215965271, 0.2965393662452698], [0.22161968052387238, 0.3518840968608856, 0.41103750467300415, -0.6365545392036438, -0.6883780360221863, 0.3477558493614197], [0.22383826971054077, 0.33191564679145813, 0.42169591784477234, -0.5716479420661926, -0.7124804258346558, 0.4069279134273529], [0.2222096472978592, 0.3598853647708893, 0.44804641604423523, -0.5729564428329468, -0.6349890828132629, 0.5181792974472046], [0.23372575640678406, 0.38928812742233276, 0.3929290771484375, -0.6978898048400879, -0.5911883115768433, 0.4042847752571106], [0.23403379321098328, 0.3284358084201813, 0.4149925410747528, -0.5606381893157959, -0.7009499073028564, 0.44085612893104553], [0.22957853972911835, 0.3479991555213928, 0.4213484525680542, -0.5828602910041809, -0.6733969449996948, 0.454764187335968]], "Control Inputs 0": [[-0.42091594294977863, 3.209462469966727, 0.0017795834105314098, -2.9908891417538235, -0.5756737279759303], [1.5349230351462593, 1.1417610781701146, 0.5606947209564178, -1.497898257846358, 0.6381962998473436], [-0.419628984712042, -0.14725710551590332, 0.0060782872820265114, -2.9977139817473772, -0.681066520630857], [0.8452368675207902, -0.1236220089335216, 0.4929847235059976, -2.8188160063420824, -0.9132993868636259], [2.2712170096085327, 2.9452193244426255, 0.24522997104581776, 1.651256808691289, -0.6311167627263998], [1.756657351835127, 3.3684503977236755, 0.007007939524623214, -2.258244428489955, -0.6711920720188771], [-0.47359714306420475, 3.571679325645494, 0.0901584270519868, -1.0045096236191307, -1.5207908110203612], [-3.101880447687325, -1.8904396564464356, 0.617955669495126, 1.7755561577862604, 2.0484922004255246], [1.7432307634364248, -2.7705281103473443, 0.3441237704717533, -2.2393453403127968, -1.6109148730969685], [-1.221482388975859, 2.3080921768552525, 0.501636645681622, -0.7832046391652998, -0.21138544816304883], [3.19652984431586, 5.108460104431771, 0.45652481891869706, 0.863171307547582, 1.8241284881509126], [-2.4730555370196146, -1.766822712909578, 0.046028560185158815, -1.8367594848908937, -1.1445081434649478], [1.991857020725039, -0.0770325199021471, 0.11056697126818138, 0.6913228071597208, 1.4499074537987289], [-0.928850568719934, -3.444750056825348, 0.39917985733832123, 1.6686002632354784, 2.9355746754467527], [-4.111661322249493, -7.122169496481753, 0.4558435609255933, 2.3326647692323395, 2.516685935188981], [3.926004967763175, -2.284579270941051, 0.012248125646774449, 0.1252596422256178, -1.4522473644335996], [-4.678241369126062, 3.292899391675636, 0.5755823335102962, -2.3264314409595475, 1.2485978336466346], [-0.7046663797230854, -3.4350038280293607, 0.15759457751447414, 0.910994877192929, -0.9749273212237837], [1.9600277644393698, -0.4000916020793781, 0.5340981982460804, 1.1040830718358867, -2.2330023634373544], [-2.4042772207082543, 0.2990135972466046, 0.3466764294173838, -2.948792217393483, -0.758093121938046]], "Final Predicted Pose 0": [0.22957853972911835, 0.3479991555213928, 0.4213484525680542, -0.5828602910041809, -0.6733969449996948, 0.454764187335968], "Predicted Translation Error 0": "0.9125113678227578cm", "Predicted Rotation Error 0": "tensor([0.9808], grad_fn=<DivBackward0>)"}