{"num_updates": "1685", "penalty": "tensor(0., dtype=torch.float64, grad_fn=<AddBackward0>)", "Starting Pose": [-0.07024119049310684, 0.17650577425956726, -0.34674152731895447, 0.12825706601142883, -0.24804268777370453, -0.9188895225524902, -0.2786880135536194], "Starting Soft Arm States": [-2.5, -1.899999976158142, 10.0, 8.839638710021973, 35.12627029418945, 19.47418212890625], "Number of Trajectories": 1, "Final Desired Pose": [-0.22368526458740234, 0.19082970917224884, -0.26782476902008057, -0.20359177887439728, 0.9456460475921631, 0.2535822093486786], "Predicted Trajectory 0": [[0.4708493782533065, 0.6145640098388128, 0.2576745053737644, -0.8117662072181702, -0.575793445110321, -0.09745509922504425], [0.43830615282058716, 0.6653490662574768, 0.2590588331222534, -0.9359104037284851, -0.3348265290260315, -0.10937520116567612], [0.38000357151031494, 0.6701586842536926, 0.2761690616607666, -0.98154616355896, -0.18975518643856049, -0.023665253072977066], [0.3226425349712372, 0.659280002117157, 0.311738520860672, -0.9809256196022034, -0.10784798115491867, 0.16172130405902863], [0.28472888469696045, 0.6967564225196838, 0.3692325949668884, -0.8938937783241272, 0.1275106817483902, 0.42976143956184387], [0.25030192732810974, 0.6903358697891235, 0.4079119563102722, -0.7944329977035522, 0.23650799691677094, 0.5594106316566467], [0.23914925754070282, 0.6641777753829956, 0.44850432872772217, -0.7204641699790955, 0.18612942099571228, 0.6680473685264587], [0.27768760919570923, 0.7388590574264526, 0.4392413794994354, -0.5537428259849548, 0.547581672668457, 0.6273143291473389], [0.2686938941478729, 0.6879550218582153, 0.44373342394828796, -0.6179444789886475, 0.5040847659111023, 0.6033599972724915], [0.27295950055122375, 0.6693746447563171, 0.4597511291503906, -0.6262073516845703, 0.4148024022579193, 0.6601539254188538], [0.2801508605480194, 0.6861911416053772, 0.4571322798728943, -0.5955129861831665, 0.50298672914505, 0.6263933777809143], [0.2735621929168701, 0.6655429005622864, 0.4682941734790802, -0.6009877324104309, 0.43922504782676697, 0.6677536964416504], [0.2932288348674774, 0.7082449197769165, 0.46201634407043457, -0.4408673644065857, 0.6449983716011047, 0.6241899132728577], [0.27861660718917847, 0.6504630446434021, 0.4643934369087219, -0.5344947576522827, 0.5438021421432495, 0.6469888687133789], [0.28177696466445923, 0.670593798160553, 0.467404305934906, -0.4748622477054596, 0.632153332233429, 0.6122810244560242], [0.28531596064567566, 0.6590690016746521, 0.4619911015033722, -0.441063791513443, 0.6935651302337646, 0.5695876479148865], [0.2834796905517578, 0.6523266434669495, 0.47575223445892334, -0.40522241592407227, 0.7204920649528503, 0.5627486705780029], [0.28287145495414734, 0.6737287640571594, 0.4699039161205292, -0.4003739058971405, 0.7756950855255127, 0.487850159406662], [0.2838650941848755, 0.6941803097724915, 0.4640466272830963, -0.3135375678539276, 0.867447018623352, 0.3863027095794678], [0.28481337428092957, 0.6848682761192322, 0.4632328748703003, -0.2945733666419983, 0.887849748134613, 0.35348188877105713], [0.2847561538219452, 0.6654815673828125, 0.4592183530330658, -0.3288019299507141, 0.8812012672424316, 0.3396669030189514]], "Control Inputs 0": [[4.981196816764854, 9.555770820528483, 0.016651442212924267, 2.938147933717227, -0.06551725308858458], [4.890017197263457, -0.41353938312434657, 0.014866839062712295, 2.9329865788899045, -1.5056761619033572], [4.762500389447176, 4.251643148583149, 0.0056823960688485615, 2.9904087085870623, 2.9376411376685025], [4.726888978785361, 2.971490212336599, 0.0173684175042929, 1.3071143700422816, 2.937142496793114], [4.733370882903042, -1.1933884907838959, 0.0029400853880738407, 2.934023071676176, -2.837755130465583], [-3.3770707932628055, 9.784347930566273, 0.006656974128736209, 0.8141892416502681, 2.93786577645598], [0.6417209415662191, 9.774139752818115, 0.005877804108013726, 0.30314248411615674, -2.9395387627448173], [-1.7402282392190478, -9.650709337517213, 0.09314632371049476, 0.2141726195476532, -2.940202702489126], [-0.5589088174403871, -2.3289132569595203, 0.10800403012939154, -0.817322318007577, 1.565573893930007], [0.543306207449338, -1.8445749802225908, 0.013744107687251629, -0.637131428148713, -2.930924330261644], [0.6240881824303735, 9.799727552326047, 0.019743666820392237, 0.32934818454089454, 2.6441849015160814], [-1.9953826190050585, -2.3552628251911534, 0.006900438881661176, -0.7403216732084665, -2.934831056547102], [0.9184306791019372, -9.4784229425379, 0.00768254909760744, 0.6688995719529545, 2.866506117809008], [-0.5695927177318838, -3.8398427763193395, 0.012324932532489214, -0.22284826683990433, 2.790152180896487], [-0.6738598914530414, -9.661247697004326, 0.011799997313433449, 2.935767971682613, 2.2252403592665164], [0.5614100958751802, -8.155872219699575, 0.006138692554491609, -1.7239301610330244, 2.1270442350276157], [2.432376623293873, 9.782355887471894, 0.007894072698154656, -1.8360991098269444, 0.4026811318408554], [0.4234479342433497, -2.3469215172729188, 0.007892667256101884, 0.07615127948551681, 1.1973365500824844], [-0.4768780516577671, 1.679580526241594, 0.014457054741361207, 0.1146270938575058, -2.9392381842876176], [-1.371187895435488, -9.48771519472654, 0.018229531588791068, -2.901771732877713, -2.8825414938517175]], "Final Predicted Pose 0": [0.2847561538219452, 0.6654815673828125, 0.4592183530330658, -0.3288019299507141, 0.8812012672424316, 0.3396669030189514], "Predicted Translation Error 0": "0.18757122721921007cm", "Predicted Rotation Error 0": "tensor([0.9864], grad_fn=<DivBackward0>)"}