{"num_updates": "983", "penalty": "tensor(0., dtype=torch.float64, grad_fn=<AddBackward0>)", "Starting Pose": [-0.09154671430587769, 0.0727105438709259, -0.36222511529922485, -0.5720610022544861, 0.5869454741477966, 0.4968205988407135, 0.28532522916793823], "Starting Soft Arm States": [0.6000000238418579, -69.4000015258789, 10.0, 20.222673416137695, 1.7124077081680298, 35.394535064697266], "Number of Trajectories": 1, "Final Desired Pose": [-0.37659314274787903, 0.12573650479316711, -0.18390226364135742, -0.8418908715248108, -0.4756641685962677, 0.25487902760505676], "Predicted Trajectory 0": [[0.44494806964335587, 0.2866381704181887, 0.2179247540527221, -0.1826714277267456, -0.955048143863678, -0.23348268866539001], [0.4174596667289734, 0.29654452204704285, 0.2674388289451599, -0.3226165175437927, -0.9092580080032349, -0.26299911737442017], [0.3708202540874481, 0.3214510679244995, 0.31501781940460205, -0.3771043121814728, -0.8917616009712219, -0.2501070499420166], [0.32043665647506714, 0.3318529427051544, 0.3752909302711487, -0.4308672249317169, -0.8886055946350098, -0.1572687029838562], [0.27479350566864014, 0.35831087827682495, 0.4323021173477173, -0.49904757738113403, -0.8632636666297913, -0.07567951083183289], [0.23534740507602692, 0.3768855929374695, 0.49016469717025757, -0.545661211013794, -0.838005006313324, 0.0011497705709189177], [0.1988658308982849, 0.3895634412765503, 0.5599592924118042, -0.5416978001594543, -0.8338959813117981, 0.10573980957269669], [0.16306966543197632, 0.42354339361190796, 0.614337682723999, -0.6134207844734192, -0.7635223865509033, 0.20186260342597961], [0.13603317737579346, 0.43162861466407776, 0.654839277267456, -0.6475433707237244, -0.7132037878036499, 0.2683803141117096], [0.12008808553218842, 0.44723400473594666, 0.6848406195640564, -0.6610444188117981, -0.6752769947052002, 0.3271411955356598], [0.11107465624809265, 0.45320504903793335, 0.6819168329238892, -0.6919754147529602, -0.660119354724884, 0.2922540307044983], [0.1096583679318428, 0.4445710778236389, 0.6795589327812195, -0.6845129728317261, -0.6581332087516785, 0.3135324716567993], [0.1068795695900917, 0.4583553969860077, 0.6865729093551636, -0.6945862770080566, -0.6057426929473877, 0.3881051540374756], [0.10084965080022812, 0.45933324098587036, 0.6690698266029358, -0.7538442015647888, -0.585608720779419, 0.2979619801044464], [0.10336154699325562, 0.44976043701171875, 0.6802173256874084, -0.7209286689758301, -0.6101406216621399, 0.3286185562610626], [0.1038622334599495, 0.44996127486228943, 0.6762951612472534, -0.6970611214637756, -0.6014509797096252, 0.39033636450767517], [0.10519552230834961, 0.45190131664276123, 0.6812838912010193, -0.6791378259658813, -0.5923440456390381, 0.4334746301174164], [0.10203417390584946, 0.44780513644218445, 0.6835068464279175, -0.6637250185012817, -0.643324077129364, 0.38157975673675537], [0.09911301732063293, 0.4687075912952423, 0.6653846502304077, -0.7833153009414673, -0.5458816885948181, 0.2973724603652954], [0.09275027364492416, 0.4414343237876892, 0.6730529069900513, -0.759859561920166, -0.6245108842849731, 0.1805538684129715], [0.0959312841296196, 0.45729127526283264, 0.6746922135353088, -0.8161978721618652, -0.5524125099182129, 0.16929654777050018]], "Control Inputs 0": [[4.935660083605054, 9.835434120107518, 0.008152829470440975, 2.875039226061836, 2.916211384294291], [4.939246033504734, 9.909945591997388, 0.005189827161453239, 2.942283886982433, 2.9147390702031153], [4.942446730845759, 9.764596781561082, 0.005909146380111556, 1.366454208173825, 2.8762886362165583], [4.882755842535618, 9.93749205506251, 0.010578323339926872, 0.0890596754937647, 2.9208783624156647], [4.9205392188609345, 9.796178592247074, 0.004764892540501694, 2.937769758751715, 2.8558744075519797], [4.802767034587106, 9.79621912454223, 0.00666048250917649, -2.441425252989231, 2.103683947360384], [4.848336567887349, 9.799512969586974, 0.007182405693498345, -2.928156161894906, 0.3286812520308682], [3.5622233810418766, 6.084321603285538, 0.28454673702514477, -1.7148435861994238, 2.389995024627665], [1.4666933757295793, 5.379472143247245, 0.007987870934188632, -2.940689021575646, -0.901364914721257], [0.08528981723594686, 9.864277616617695, 0.28855585191277766, -0.3702223711153394, 0.24776442917397468], [-0.3304111117922197, 9.8050992735608, 0.3564622350727873, 0.1757171987168511, 2.9433662074035043], [0.11092044334412154, 4.0580823651828215, 0.0074141410136780665, -2.939332375908285, -1.1687744980886787], [-0.1748203655878724, 2.647049455745014, 0.007404186016833092, 0.23038154919530607, 0.34253838895459543], [-0.8759970187766362, 0.29954170920998635, 0.27057869109972693, 0.37359680219437896, 2.9375012749839424], [-1.4154388630899306, -2.494189651097587, 0.3546721303222721, 0.8092618758744541, 2.9374401074160144], [0.3380709577693759, -1.756563273729311, 0.00701760128564956, 0.524004535166672, -2.2282617874966766], [-0.3969190620187497, 9.808759101388294, 0.12014014242297641, -2.9335608025004354, -0.7285203913703047], [0.1322333782376468, -2.426696822964842, 0.12686078867981104, -0.2864691386042173, -1.1028288846134733], [2.460235273487397, 9.784699607833083, 0.0001699035897135923, -0.32397375529987427, -1.62066475091637], [-4.985426150444472, -5.855870260294914, 0.21430535557347657, -2.9395969161392306, -2.7046338898995814]], "Final Predicted Pose 0": [0.0959312841296196, 0.45729127526283264, 0.6746922135353088, -0.8161978721618652, -0.5524125099182129, 0.16929654777050018], "Predicted Translation Error 0": "0.2304607280236039cm", "Predicted Rotation Error 0": "tensor([0.9931], grad_fn=<DivBackward0>)"}