{"num_updates": "1638", "penalty": "tensor(0.0247, dtype=torch.float64, grad_fn=<AddBackward0>)", "Starting Pose": [-0.11145883798599243, 0.09820762276649475, -0.3463197350502014, -0.2795861065387726, 0.8266373872756958, -0.2629236578941345, 0.41154998540878296], "Starting Soft Arm States": [0.5, -74.0, 10.0, 13.860493659973145, 13.804191589355469, 35.40115737915039], "Number of Trajectories": 1, "Final Desired Pose": [-0.3750501275062561, 0.13870669901371002, -0.1352561116218567, -0.8182772994041443, -0.5730754137039185, -0.0447981059551239], "Predicted Trajectory 0": [[0.42074072956336167, 0.3671924595536004, 0.2587573382296526, -0.5049164295196533, -0.24582019448280334, 0.8274248242378235], [0.38691627979278564, 0.3556227684020996, 0.26690152287483215, -0.5300848484039307, -0.3266766369342804, 0.782491147518158], [0.3170706331729889, 0.3340492844581604, 0.29692983627319336, -0.4781254827976227, -0.3628684878349304, 0.7998265624046326], [0.26152920722961426, 0.29353734850883484, 0.3709476888179779, -0.29826393723487854, -0.42873305082321167, 0.8527758121490479], [0.21659941971302032, 0.28808727860450745, 0.45789119601249695, -0.13796257972717285, -0.38014286756515503, 0.9145806431770325], [0.17892992496490479, 0.32276761531829834, 0.5715638399124146, -0.004554902669042349, -0.23049278557300568, 0.9730633497238159], [0.1501004546880722, 0.3536224067211151, 0.6769073009490967, 0.0703878104686737, -0.09467751532793045, 0.9930164217948914], [0.1356934905052185, 0.3862728178501129, 0.750584065914154, 0.15033560991287231, 0.05149916559457779, 0.9872927665710449], [0.1363711804151535, 0.42443370819091797, 0.7848793864250183, 0.20571568608283997, 0.2670880854129791, 0.9414589405059814], [0.13141068816184998, 0.41865095496177673, 0.8111441135406494, 0.2664443850517273, 0.48427650332450867, 0.8333568572998047], [0.12243543565273285, 0.41729339957237244, 0.8240925073623657, 0.24459971487522125, 0.5173117518424988, 0.8200972676277161], [0.10775318741798401, 0.44142651557922363, 0.8465805053710938, 0.12179780751466751, 0.37736034393310547, 0.9180220365524292], [0.0923631563782692, 0.49751922488212585, 0.8626526594161987, 0.007704334799200296, 0.30891403555870056, 0.9510587453842163], [0.08633333444595337, 0.40627557039260864, 0.8353817462921143, -0.017113033682107925, -0.0803883820772171, 0.9966167211532593], [0.0688827708363533, 0.4839549660682678, 0.8464337587356567, -0.07297925651073456, 0.0085060466080904, 0.9972971677780151], [0.06733664125204086, 0.47821661829948425, 0.8192160725593567, -0.23861576616764069, -0.10254087299108505, 0.9656851887702942], [0.05968398600816727, 0.42967039346694946, 0.7877291440963745, -0.3950333297252655, -0.3819374740123749, 0.835507333278656], [0.0488102026283741, 0.4703647792339325, 0.8019537925720215, -0.44912683963775635, -0.41141676902770996, 0.7931086421012878], [0.0465480238199234, 0.45048531889915466, 0.7338254451751709, -0.6353402137756348, -0.5501883029937744, 0.5418815016746521], [0.04232749715447426, 0.4247801601886749, 0.7590908408164978, -0.6057180166244507, -0.642861008644104, 0.46886613965034485], [0.03496653959155083, 0.4707292914390564, 0.7339062094688416, -0.7527151703834534, -0.5880123972892761, 0.2960764169692993]], "Control Inputs 0": [[4.964768717332541, 9.811322172993869, 0.0017302913837405583, 2.972235558919861, 2.964099866700595], [4.961566230892947, -8.987849062771716, 0.6928481550451198, 2.955735395192807, 2.967266629734895], [4.820011559333349, -9.123588813447672, 0.11576475575219314, 2.8666664251697656, 2.986356991914672], [4.867648694213864, -0.36742793675056973, 0.6877327639483652, 2.9082123619438933, 2.941854545754013], [4.95687342534487, 6.865830746857068, 0.43550391994282606, 2.8299741511980407, 2.918584399765832], [4.682286155078895, -0.49042080215462747, 0.0016991496091846435, 0.4048010668983717, 2.8767665301975613], [1.8000590940351966, 4.425093952953507, 0.07990785372652276, 0.3693273964579, 2.9200069928514996], [-1.424156842236525, -7.815025569595447, 0.6860750319853928, 2.8578349484917096, 2.856417403856743], [2.988901973482145, -9.007178273564628, 0.4455321930881366, -1.3166054012005706, 0.8057396339778817], [-0.2782925831779348, 9.944784291811953, 0.6612195437216315, -2.800792096251503, -2.8066338275558604], [4.674477932554945, 9.987653154573096, 0.35987099109276294, -2.783638802534343, 2.936042195980564], [-1.6457122490684322, -8.671347942033666, 0.002295799272316477, -2.893790736187287, -0.6079353275969681], [3.260026145283554, -0.7410212539791043, 0.00881188840182737, -2.7878113389501853, 2.9219994101225994], [0.2940817948722856, -3.862450856069999, 0.1698222577538466, -2.654255871349161, 2.931044698369335], [-3.1355099844086602, -7.069231338689686, 0.26857383062379503, -2.8060528025080935, -0.8706655920179087], [4.968420863879297, 1.5498795659889009, 0.015749515449633458, -2.7969115094779102, -1.5763438400815781], [-2.8955511642320495, -1.436210914380199, 0.48852580446517824, -2.8758163005592907, -0.7699394197792793], [0.8692674431415464, 0.14340415550370267, 0.17345991796421628, 1.248438574234286, -2.9452433818099504], [2.865709416908601, 9.814928355136594, 0.4023749025712094, -1.7999908245850749, -2.952711218618992], [0.14287076196633297, -9.817323371903386, 0.001202511973170007, 2.904745102160753, -2.945612544626255]], "Final Predicted Pose 0": [0.03496653959155083, 0.4707292914390564, 0.7339062094688416, -0.7527151703834534, -0.5880123972892761, 0.2960764169692993], "Predicted Translation Error 0": "6.018275100772834cm", "Predicted Rotation Error 0": "tensor([0.9396], grad_fn=<DivBackward0>)"}