{"num_updates": "2535", "penalty": "tensor(57.3513, dtype=torch.float64, grad_fn=<AddBackward0>)", "Starting Pose": [-0.1452832818031311, 0.12365691363811493, -0.33797457814216614, -0.04502582177519798, 0.6133645176887512, -0.7432768940925598, 0.2632416784763336], "Starting Soft Arm States": [2.299999952316284, -70.9000015258789, 10.0, 9.531827926635742, 23.421977996826172, 35.39784622192383], "Number of Trajectories": 1, "Final Desired Pose": [0.1390634924173355, 0.10715644806623459, -0.32666707038879395, -0.2595290541648865, -0.003110830206423998, 0.9657303094863892], "Predicted Trajectory 0": [[0.379620062192466, 0.4475957694213817, 0.2801811782499479, -0.8573529720306396, 0.3360884189605713, 0.38985949754714966], [0.389803946018219, 0.4320484697818756, 0.24118950963020325, -0.906812310218811, 0.27974677085876465, 0.3153304159641266], [0.4328170716762543, 0.44629737734794617, 0.2225186973810196, -0.9009896516799927, 0.29367920756340027, 0.31932783126831055], [0.479658305644989, 0.41071176528930664, 0.22766385972499847, -0.9146489500999451, 0.10504690557718277, 0.3903619050979614], [0.5235556960105896, 0.42830899357795715, 0.22736315429210663, -0.9009743928909302, 0.11197669804096222, 0.41917362809181213], [0.5709338188171387, 0.4216592013835907, 0.22239510715007782, -0.9525272250175476, 0.030445747077465057, 0.3029272258281708], [0.6110779643058777, 0.4503090977668762, 0.26135993003845215, -0.9065180420875549, 0.10007088631391525, 0.4101351797580719], [0.6549391150474548, 0.48454368114471436, 0.26541468501091003, -0.9605379104614258, 0.14306795597076416, 0.23853404819965363], [0.7033902406692505, 0.45658785104751587, 0.2885897159576416, -0.9960954785346985, 0.010829837992787361, 0.08761599659919739], [0.7214480042457581, 0.5094099640846252, 0.27409684658050537, -0.9849244356155396, 0.15557438135147095, -0.07563283294439316], [0.70223069190979, 0.43528690934181213, 0.31446847319602966, -0.9962087273597717, -0.07338894158601761, 0.04671395942568779], [0.7338209748268127, 0.47746509313583374, 0.28563788533210754, -0.9781294465065002, 0.054695915430784225, -0.2006765604019165], [0.6853511929512024, 0.4554688632488251, 0.2990752160549164, -0.9990926384925842, 0.03369252383708954, -0.026050454005599022], [0.6540498733520508, 0.44695815443992615, 0.2817758321762085, -0.9999688267707825, 0.0007589567103423178, 0.00785295944660902], [0.6149447560310364, 0.45715591311454773, 0.24631991982460022, -0.9988293051719666, 0.040245171636343, -0.026837050914764404], [0.5906111001968384, 0.4446038603782654, 0.2773420810699463, -0.9811058640480042, 0.030269749462604523, 0.19108887016773224], [0.6127430200576782, 0.46486783027648926, 0.302104115486145, -0.9489946365356445, 0.08340860158205032, 0.3040595054626465], [0.6328859329223633, 0.43380093574523926, 0.3487263023853302, -0.8963180184364319, -0.09359822422266006, 0.43342047929763794], [0.6355538964271545, 0.4359562397003174, 0.351679265499115, -0.8770105242729187, -0.1008886992931366, 0.4697594940662384], [0.6264128088951111, 0.44611120223999023, 0.40319040417671204, -0.7632370591163635, -0.09493672847747803, 0.6391057968139648], [0.6160280704498291, 0.4312470555305481, 0.41997280716896057, -0.5896669626235962, -0.17626208066940308, 0.7881779670715332]], "Control Inputs 0": [[-4.9934952202784935, 9.829212412800779, 0.00419570189740181, 2.8441995406292317, 2.4980072915512217], [-4.881458068344866, 2.1023144828437967, 0.32690454522640283, 2.8196593127347294, -1.5738291734000995], [-4.904002415556475, 6.411698567023414, 0.0010424106041606806, 2.851244256874205, 1.0598465232887584], [-4.902515888964232, 5.021809210142104, 0.33685960999236975, -2.81443414543167, 0.3702154614741864], [-4.890221212912122, 3.1022628941583203, 0.09538339038194099, 2.948310357293775, 2.410443592979501], [-4.889641172246701, 9.594485123035941, 0.005858075019272017, -2.8461347424165586, 2.8248384843724903], [-4.747655709978917, 9.6416325271889, 0.007124146463126837, -2.8427012594360086, -2.2485335601148964], [-4.807753692759418, 1.3712978499020814, 0.5310518686362037, -1.2566124330789203, 2.952350685787388], [4.712694270734108, 5.2128426857267005, 0.1703804742586873, 2.816051444851829, -2.8293279006980687], [-4.715773246647246, 7.526774194228704, 0.3978939562304105, -2.8526714873036765, -2.0890341188719472], [4.935844360757724, 3.2045091850731637, 0.36262352584200236, 2.8435108113874046, 2.954834232127289], [2.7776511780449784, 7.7704126282966435, 0.009829163948018948, 1.155363167821645, -2.9778077606127744], [4.711660171760874, 5.986182187571254, 0.019872644864538023, -2.920939145942446, 1.141978112582395], [4.505085483618467, 2.7421262989222175, 0.4077566275493098, 2.9309529492740367, 2.9486284067706787], [-4.7291409438846985, 1.483941866651259, 0.5959157884581546, 2.9691060448012836, 2.9337489487408828], [-2.612895655783341, 5.729516196989028, 0.34124624019957517, 2.85568038875442, -2.9254273086906215], [-4.878996455077523, 9.550055766911218, 0.6961936295998792, 1.1114480024556324, -2.950090514739165], [4.897311352131741, 2.4697051667868397, 0.24973361344712677, 2.9933879545074227, 2.9472648350224855], [-4.951878833052454, 9.697836515057002, 0.6998308091386174, 2.9261339912697935, -2.945994344492183], [4.974209194118162, 9.775563151653955, 0.6971856104545531, 2.8561258266277054, 2.947036619184252]], "Final Predicted Pose 0": [0.6160280704498291, 0.4312470555305481, 0.41997280716896057, -0.5896669626235962, -0.17626208066940308, 0.7881779670715332], "Predicted Translation Error 0": "10.034543851049499cm", "Predicted Rotation Error 0": "tensor([0.9148], grad_fn=<DivBackward0>)"}