{"num_updates": "1643", "penalty": "tensor(0.3750, dtype=torch.float64, grad_fn=<AddBackward0>)", "Starting Pose": [0.08378060162067413, 0.09496460109949112, -0.28475821018218994, -0.17776207625865936, 0.45996278524398804, -0.8177803158760071, 0.2967661917209625], "Starting Soft Arm States": [-26.600000381469727, -13.5, 10.0, 23.819408416748047, 22.699981689453125, 35.407779693603516], "Number of Trajectories": 1, "Final Desired Pose": [-0.3567158579826355, 0.1547183096408844, -0.2467399537563324, -0.9353185892105103, -0.3164879381656647, 0.15815995633602142], "Predicted Trajectory 0": [[0.6580949961153477, 0.3569466072304303, 0.4167992150585713, -0.7606609463691711, 0.3218512535095215, 0.5637434720993042], [0.6379837989807129, 0.3513599634170532, 0.38208022713661194, -0.7585455179214478, 0.35956692695617676, 0.5434338450431824], [0.5856754779815674, 0.36174628138542175, 0.3819219470024109, -0.6473729610443115, 0.390430212020874, 0.6545780897140503], [0.5313445925712585, 0.3633193075656891, 0.37899264693260193, -0.5932179093360901, 0.4137548804283142, 0.6905790567398071], [0.4755307734012604, 0.3702768385410309, 0.3663870692253113, -0.6043199896812439, 0.43333661556243896, 0.6685930490493774], [0.423187255859375, 0.43224605917930603, 0.3831999897956848, -0.48246556520462036, 0.5392905473709106, 0.6902121305465698], [0.3755277395248413, 0.4563595652580261, 0.39689111709594727, -0.4684457778930664, 0.5372710824012756, 0.7013545632362366], [0.3366200029850006, 0.5034001469612122, 0.40538203716278076, -0.46147632598876953, 0.5863832235336304, 0.6657283902168274], [0.31089699268341064, 0.5323184728622437, 0.4188075363636017, -0.4646557569503784, 0.599902868270874, 0.6513152122497559], [0.2715454697608948, 0.5073580741882324, 0.4714198112487793, -0.4901864230632782, 0.4748653769493103, 0.7309036254882812], [0.2332647442817688, 0.5227101445198059, 0.4860855042934418, -0.5702897310256958, 0.44358399510383606, 0.691377580165863], [0.19209089875221252, 0.5223199725151062, 0.5159178972244263, -0.6508025527000427, 0.35374125838279724, 0.6718058586120605], [0.18724572658538818, 0.5330630540847778, 0.5140087604522705, -0.7166121602058411, 0.31807857751846313, 0.6207196712493896], [0.17910705506801605, 0.5161994695663452, 0.4946748912334442, -0.7719338536262512, 0.28525036573410034, 0.5681112408638], [0.16565635800361633, 0.5617694854736328, 0.5541918277740479, -0.583920955657959, 0.4163478910923004, 0.6969150900840759], [0.17566043138504028, 0.555097222328186, 0.5546145439147949, -0.5367456078529358, 0.3779073655605316, 0.7543806433677673], [0.16743424534797668, 0.5430625081062317, 0.5444468855857849, -0.6136290431022644, 0.2764153480529785, 0.7396309971809387], [0.13299153745174408, 0.5285276770591736, 0.5818437933921814, -0.6440726518630981, 0.1870323121547699, 0.7417474985122681], [0.12175508588552475, 0.49293163418769836, 0.5709187388420105, -0.802664041519165, 0.004677848890423775, 0.5964130163192749], [0.13522902131080627, 0.4630940556526184, 0.4951164722442627, -0.9092304706573486, -0.1574093997478485, 0.3853859007358551], [0.122982919216156, 0.4947790801525116, 0.496353417634964, -0.9339513778686523, -0.08728151023387909, 0.34657880663871765]], "Control Inputs 0": [[4.931165271632013, 8.845259952557694, 0.18112093557164582, 2.9775453930382794, 2.9590208123321293], [4.942636375294137, 2.8773813757378743, 0.6947561288391684, 2.0089394853439044, 2.9572440912216162], [4.9720127774408756, 0.7767772972836546, 0.09036496956213602, -2.1625971103085484, 2.987079198462312], [4.984960483789115, 6.787082457996867, 0.5870418795838754, 1.814380451265543, 2.870340000809305], [4.958771658927223, 9.856246261544783, 0.2733068578871295, -0.4131838700948123, 2.9719951331292718], [4.819825493082108, 9.837205619831185, 0.0020194976589397, -2.8786832701964298, 2.908946394208825], [4.826767195532179, 9.833493338445251, 0.036280019642920346, -2.865465717495556, 2.8536255157416734], [4.819064529823837, -3.6641114342831846, 0.581285523315991, 0.8493559356286684, -1.3430593209265407], [4.755062510327134, -2.9888058449728705, 0.33853006930419177, -2.941085857078571, -0.9104749475866765], [4.84007033612958, 8.673672441638274, 0.4875553911376189, -2.7186197433251036, -2.8923364760454953], [4.796730019647066, 9.825482249519922, 0.4231485691383922, -1.1927491643996264, 0.4032638334090102], [-4.878209633753986, 3.783766944311976, 0.010556302570811943, -1.822814596096374, -2.9429309358681643], [4.7395671276157785, 6.190660463884999, 0.06188952234330162, 2.8719501412442083, 2.8447980698859787], [0.34055422658398893, 2.3347409687952574, 0.31487454642014795, 2.9217568933245923, 2.939246518047802], [-4.920071642315811, -2.07795218692077, 0.38162974192164706, -0.7417322264738706, -2.95159643075088], [4.899383724641535, 4.014427891171412, 0.016551964083984644, -2.942376900167581, -2.9474171890892316], [4.934983804345743, 9.825200907706474, 0.6055364520600117, -2.942542519425035, -2.9501502235410815], [-4.806598829632737, 0.07565800052622151, 0.1485232588910429, -2.8883977961524, -2.982291599324581], [-2.058233353572219, 7.864182901018168, 0.38707621127862457, 0.11836984533737738, -0.9808493076029041], [4.909402676631327, 6.480038400912328, 0.2054516976040172, -2.93727552963218, -2.942448347008044]], "Final Predicted Pose 0": [0.122982919216156, 0.4947790801525116, 0.496353417634964, -0.9339513778686523, -0.08728151023387909, 0.34657880663871765], "Predicted Translation Error 0": "1.759559866889617cm", "Predicted Rotation Error 0": "tensor([0.9560], grad_fn=<DivBackward0>)"}