{"num_updates": "2858", "penalty": "tensor(0., dtype=torch.float64, grad_fn=<AddBackward0>)", "Starting Pose": [0.1638195812702179, 0.13210009038448334, -0.2893091142177582, 0.2213234156370163, 0.49723321199417114, -0.7465227842330933, 0.38272538781166077], "Starting Soft Arm States": [-37.599998474121094, -57.0, 10.0, 10.57176685333252, 26.157615661621094, 35.40446853637695], "Number of Trajectories": 1, "Final Desired Pose": [0.08400364220142365, 0.15506841242313385, -0.2876117527484894, -0.9890780448913574, 0.12237398326396942, -0.08215362578630447], "Predicted Trajectory 0": [[0.7553990723233093, 0.4742707506470368, 0.4051160506699122, -0.6090744137763977, 0.7915252447128296, 0.050161607563495636], [0.7889543771743774, 0.47046566009521484, 0.3939952552318573, -0.7024456858634949, 0.71123868227005, -0.026638653129339218], [0.7906085252761841, 0.45585107803344727, 0.38132408261299133, -0.7621393203735352, 0.647396445274353, -0.004646983928978443], [0.7644800543785095, 0.44630321860313416, 0.37154698371887207, -0.7820734977722168, 0.6189643144607544, 0.07241646945476532], [0.7305602431297302, 0.45323920249938965, 0.3814290761947632, -0.7855234742164612, 0.5802066326141357, 0.21520479023456573], [0.6967530846595764, 0.5395349860191345, 0.375406950712204, -0.6866405606269836, 0.6822359561920166, 0.2511550188064575], [0.6714037656784058, 0.5230565667152405, 0.3936936855316162, -0.6587705016136169, 0.6620599627494812, 0.3573486804962158], [0.6598442196846008, 0.5178829431533813, 0.4064575731754303, -0.7205272912979126, 0.605675220489502, 0.33763590455055237], [0.6580119132995605, 0.561120867729187, 0.41133326292037964, -0.6732639670372009, 0.6549146771430969, 0.34322357177734375], [0.6534209847450256, 0.5069243311882019, 0.41053903102874756, -0.780278205871582, 0.5479705333709717, 0.3014868199825287], [0.6575120091438293, 0.5224184989929199, 0.4040464162826538, -0.8213203549385071, 0.5242780447006226, 0.224867582321167], [0.6564050316810608, 0.580023467540741, 0.41213515400886536, -0.7878332138061523, 0.5503950715065002, 0.27637678384780884], [0.6560712456703186, 0.5392746329307556, 0.4123437702655792, -0.8656181693077087, 0.4161199629306793, 0.2784770429134369], [0.6586146950721741, 0.5480683445930481, 0.41246867179870605, -0.8866166472434998, 0.3817238509654999, 0.26114708185195923], [0.6585653424263, 0.5442189574241638, 0.4116886854171753, -0.9060755372047424, 0.34451308846473694, 0.24563781917095184], [0.6696575284004211, 0.5504103302955627, 0.4066687226295471, -0.9300550222396851, 0.3396882712841034, 0.14003440737724304], [0.653293251991272, 0.5471017360687256, 0.4259597957134247, -0.9180447459220886, 0.31712839007377625, 0.23795683681964874], [0.6423181295394897, 0.5474079251289368, 0.4140323996543884, -0.932389497756958, 0.2823805510997772, 0.2256345897912979], [0.6662695407867432, 0.5436884164810181, 0.40432077646255493, -0.9636124968528748, 0.2347320169210434, 0.12787441909313202], [0.6646995544433594, 0.5380293130874634, 0.40369904041290283, -0.9856650829315186, 0.14044205844402313, 0.09348968416452408], [0.669702410697937, 0.5462291240692139, 0.4002211391925812, -0.9846716523170471, 0.15023170411586761, 0.08861259371042252]], "Control Inputs 0": [[1.240693251684581, -9.911631144583126, 0.307016714678414, 2.9382645704615573, 2.9815365583158666], [4.848031228398137, -9.674650661550144, 0.6660938048495403, 2.9957081670441745, 2.9625964322678415], [-0.23308802598589207, -9.77425456720464, 0.07219682537065782, 2.8653555140310365, 2.8376750887155264], [3.1904785165872624, 9.726541724913105, 0.5067245757990853, 2.493158002774951, 2.8266198556489863], [-1.5901932404395165, 9.809659156766067, 0.20830339700069753, 2.9549268091738305, 2.7931658461584306], [-0.21608473136345285, -9.797302783721056, 0.009715640541761996, -0.5157023805303944, 2.974316639069926], [-0.8496886224936757, 9.809896389905372, 0.03957817677778787, -1.0525312252828423, -0.2694948165470521], [-1.5965185984323584, -9.791674271024425, 0.5262625818932252, -0.7235850159599333, 1.6597998495348056], [-0.9261979319073976, -9.789544500085194, 0.31740160437671316, -1.7329907967133613, 0.8652342152671522], [-0.05268128988873144, 9.763531020623695, 0.4000200295525294, -1.215396728559445, -2.8436825718471064], [-0.7187519527615933, 0.2153454030300299, 0.360989952853201, -0.4486754296065003, -0.7038548378822025], [-0.5973821894473827, -0.20257474745900517, 0.01935966504614119, -0.9120900305572786, -0.9778422598848602], [-0.6062084090574382, 2.0429489759533794, 0.048375465549078664, -0.5058401355688558, -0.5622091723726759], [-1.1266038081818035, -3.8858594486500264, 0.3018701217231497, -1.3959208918150685, 2.9058840810566], [-2.4103750649996614, 1.4137852322382098, 0.34447382481203453, 2.8898331301762807, -1.0409766691709135], [4.8680458740963175, 1.9531973610841291, 0.015073824365478517, -0.535152452101014, -1.261180629121355], [-2.2391118153255665, 1.3413218333801424, 0.4584258543222399, -2.8886762507265513, -0.9168515771168866], [-2.874099126924737, -0.10234195791244893, 0.09854791296623323, -0.6536691589253212, -0.7591932438980584], [2.393375467208844, 9.77266747680282, 0.4880426249817572, -0.3015476578417129, -2.905590354537504], [-3.261317755816325, -5.873477966162046, 0.3416212267683911, -2.1745815357884752, -2.8494249790999917]], "Final Predicted Pose 0": [0.669702410697937, 0.5462291240692139, 0.4002211391925812, -0.9846716523170471, 0.15023170411586761, 0.08861259371042252], "Predicted Translation Error 0": "0.9998918185829789cm", "Predicted Rotation Error 0": "tensor([0.9850], grad_fn=<DivBackward0>)"}