{"num_updates": "1338", "penalty": "tensor(0.0004, dtype=torch.float64, grad_fn=<AddBackward0>)", "Starting Pose": [0.1770242154598236, 0.031957510858774185, -0.26028454303741455, -0.5734854340553284, 0.7542643547058105, 0.012305192649364471, 0.31945016980171204], "Starting Soft Arm States": [-43.29999923706055, -60.0, 15.0, 17.4406681060791, 3.3551151752471924, 35.553504943847656], "Number of Trajectories": 1, "Final Desired Pose": [-0.33142486214637756, 0.09839515388011932, -0.2755207121372223, -0.8719136118888855, -0.25807449221611023, 0.41613009572029114], "Predicted Trajectory 0": [[0.7714520597190696, 0.157884927042675, 0.47962846265663334, -0.13813216984272003, -0.8729809522628784, 0.4677860140800476], [0.7535330057144165, 0.1890082210302353, 0.35426828265190125, -0.2610380947589874, -0.9615654945373535, 0.08515141904354095], [0.703132688999176, 0.2230033427476883, 0.3106631934642792, -0.34875476360321045, -0.9344846606254578, 0.07147406786680222], [0.6636286973953247, 0.2664777934551239, 0.29125455021858215, -0.4260377585887909, -0.9017364978790283, 0.07323313504457474], [0.6225515604019165, 0.3089258372783661, 0.27953383326530457, -0.5066391229629517, -0.8606074452400208, 0.05168791115283966], [0.5808314085006714, 0.34189608693122864, 0.2749103605747223, -0.5538867712020874, -0.8320183753967285, 0.030902640894055367], [0.5294837951660156, 0.36494529247283936, 0.3016970157623291, -0.5903252959251404, -0.7962220311164856, 0.13246364891529083], [0.48248302936553955, 0.4051075875759125, 0.2986399829387665, -0.6688480973243713, -0.7336500287055969, 0.11999917775392532], [0.4377133846282959, 0.40452659130096436, 0.3125002384185791, -0.6905816197395325, -0.6994785070419312, 0.1839204579591751], [0.38928914070129395, 0.361270010471344, 0.3385966718196869, -0.6082087755203247, -0.7249908447265625, 0.32321858406066895], [0.3403582274913788, 0.39480358362197876, 0.3374137580394745, -0.6476660370826721, -0.6951375603675842, 0.31194958090782166], [0.2960149645805359, 0.4158879816532135, 0.3594556152820587, -0.6820774078369141, -0.6673993468284607, 0.2989121079444885], [0.25134027004241943, 0.4469461143016815, 0.4051329493522644, -0.7379205226898193, -0.5609851479530334, 0.37519216537475586], [0.21735550463199615, 0.4029664695262909, 0.4095539152622223, -0.7271978855133057, -0.6184850335121155, 0.2977575361728668], [0.199835866689682, 0.3786005973815918, 0.4561353325843811, -0.6632674336433411, -0.6403322815895081, 0.38736408948898315], [0.2065124362707138, 0.40009772777557373, 0.45347750186920166, -0.670621395111084, -0.6142904162406921, 0.41582947969436646], [0.1989506632089615, 0.38216567039489746, 0.4617004990577698, -0.6342012286186218, -0.6375443935394287, 0.4374082684516907], [0.19654665887355804, 0.4113049805164337, 0.4544591009616852, -0.6807272434234619, -0.5912050604820251, 0.4325355887413025], [0.19570329785346985, 0.4709567427635193, 0.4035663306713104, -0.8725670576095581, -0.3939509093761444, 0.28884157538414], [0.17674097418785095, 0.3736158311367035, 0.40163829922676086, -0.7868614792823792, -0.584418773651123, 0.198251411318779], [0.16896551847457886, 0.3888629674911499, 0.45916950702667236, -0.7485525012016296, -0.5229771137237549, 0.40763232111930847]], "Control Inputs 0": [[4.992512865217611, 9.875800709705825, 0.0018986299689446276, 0.005918070327527669, 2.9149529778383254], [4.993018583746618, 9.667877188303656, 0.23372327735482512, 1.7961139206465928, 2.9438294354764087], [4.993706193963538, 9.808033096454437, 0.0009160822950374807, 0.17625887979328025, 2.888286422157308], [4.948612560882811, 9.772834374488767, 0.09409533670107213, -0.17076065817944297, 2.8696385411560508], [4.96232719415122, 9.808674460418995, 0.0008336438448147937, 2.9506151852292817, 2.923556858021769], [4.907338653248193, 9.805605927250273, 0.002016078424800628, -0.6667095762791453, 2.8693269800352015], [4.966022875429836, 9.800228245383881, 0.001123039351814488, -0.37817281103599365, 2.852590674957958], [4.990442281806386, -8.421543234533246, 0.13834863168334494, 2.0040346597978225, 2.96427514218764], [4.918363675000293, -9.444417725296471, 0.001772840619419034, -2.86845674784158, 1.5611426434534552], [4.996155469905329, 9.74749811363608, 0.04822847407431042, -1.2814603529983422, -2.8991986790375512], [4.949114104848491, 9.800054194939968, 0.0026476600497343144, -0.3178819898785923, 2.9370552167546675], [4.929492464469432, -5.3457757962061985, 0.0019659693868536348, -2.5772034376888793, 0.13754726816441032], [4.976684113806117, -9.752219397289538, 0.0012806645435268435, 0.5398238408432343, -0.2843123915987693], [-0.5473279823993282, -6.430367561073746, 0.0029743717739141844, 0.9434710548604, 2.9323875232231433], [-4.772744556040039, -0.8827209657248716, 0.059379977553133796, 1.9332365137708232, 2.1642945684855306], [4.896868252052668, -5.477216962866445, 0.0020884110152070614, -2.973887713673036, -2.9327632305747513], [-4.916163747855819, 9.761773826415965, 0.24614224400474052, -2.9104568098692027, 2.949603153101693], [2.808505971976402, -7.690636426229515, 0.002347773851724316, -2.949950680103441, -2.92626765292862], [4.897957216715369, -9.477460598559482, 0.14776001503663028, 2.911158691973216, 0.9884081695251541], [-4.911006820320478, -9.645245710793347, 0.0029729470658109696, -2.94079119053363, -2.5372599961920423]], "Final Predicted Pose 0": [0.16896551847457886, 0.3888629674911499, 0.45916950702667236, -0.7485525012016296, -0.5229771137237549, 0.40763232111930847], "Predicted Translation Error 0": "1.6211446110870067cm", "Predicted Rotation Error 0": "tensor([0.9573], grad_fn=<DivBackward0>)"}