{"num_updates": "116", "penalty": "tensor(0., dtype=torch.float64, grad_fn=<AddBackward0>)", "Starting Pose": [-0.26798075437545776, 0.174608051776886, -0.246579110622406, -0.5504485368728638, -0.7455644011497498, 0.22953100502490997, -0.29741498827934265], "Starting Soft Arm States": [28.600000381469727, 71.4000015258789, 10.0, 28.585247039794922, 34.963985443115234, 11.883283615112305], "Number of Trajectories": 1, "Final Desired Pose": [-0.3646414279937744, 0.1723511815071106, -0.1774245649576187, -0.6410044431686401, 0.5719937086105347, 0.511797308921814], "Predicted Trajectory 0": [[0.230455689108532, 0.6085684333967112, 0.5148133003659631, -0.21710148453712463, 0.9573215842247009, 0.19079403579235077], [0.21155735850334167, 0.6213380694389343, 0.5744331479072571, -0.23081731796264648, 0.9258615970611572, 0.29917168617248535], [0.17598357796669006, 0.5849892497062683, 0.6233976483345032, -0.2792207598686218, 0.873486340045929, 0.3988199234008789], [0.15236298739910126, 0.5971100330352783, 0.6641745567321777, -0.3158327341079712, 0.8461655974388123, 0.4292474091053009], [0.1396663933992386, 0.5917606353759766, 0.6851503252983093, -0.3577241599559784, 0.8196398615837097, 0.44746389985084534], [0.1413699835538864, 0.5932337641716003, 0.6964927315711975, -0.3497926890850067, 0.8446817994117737, 0.40516388416290283], [0.13525547087192535, 0.5786775350570679, 0.7012286186218262, -0.4156658351421356, 0.77685546875, 0.47298771142959595], [0.12998650968074799, 0.6217315196990967, 0.6812971830368042, -0.44674575328826904, 0.8031716346740723, 0.3941238522529602], [0.12811097502708435, 0.6113662719726562, 0.6794346570968628, -0.5290944576263428, 0.7166805863380432, 0.4543434977531433], [0.12406563758850098, 0.6380747556686401, 0.6744693517684937, -0.47791144251823425, 0.7854934930801392, 0.39319291710853577], [0.09673822671175003, 0.5886260271072388, 0.7275074124336243, -0.55567866563797, 0.657267153263092, 0.5091375112533569], [0.10003437101840973, 0.5834230184555054, 0.7030116319656372, -0.6075868606567383, 0.6478609442710876, 0.45947179198265076], [0.10208313167095184, 0.5988731384277344, 0.6779824495315552, -0.6493939757347107, 0.6688089370727539, 0.3619145452976227], [0.0988701730966568, 0.5961387157440186, 0.707913339138031, -0.5905421376228333, 0.6551797986030579, 0.4711681604385376], [0.11073258519172668, 0.6229594945907593, 0.678214430809021, -0.5588681697845459, 0.722273588180542, 0.4074151813983917], [0.10019386559724808, 0.5934708118438721, 0.697083055973053, -0.5942705869674683, 0.6401967406272888, 0.4868168532848358], [0.09353343397378922, 0.6098856925964355, 0.7147558927536011, -0.5691291689872742, 0.6699449419975281, 0.47672396898269653], [0.09476939588785172, 0.6047280430793762, 0.6992619633674622, -0.5713815093040466, 0.6820856928825378, 0.45637959241867065], [0.10774455219507217, 0.6046010255813599, 0.6783789992332458, -0.5977945327758789, 0.6794419288635254, 0.4254412055015564], [0.11018294095993042, 0.6077553033828735, 0.6736613512039185, -0.6271998882293701, 0.6781374216079712, 0.383079469203949], [0.11419890820980072, 0.5956244468688965, 0.6916422843933105, -0.6122772097587585, 0.640296220779419, 0.4638289511203766]], "Control Inputs 0": [[4.04755692094839, -9.8680765111517, 0.09525844710591881, -0.4867324608213157, -2.9929753598619655], [4.336135538394874, -8.317729893560019, 0.34145520696664816, -0.6179659717011443, -1.3732621489849544], [2.586751975203268, -5.356253692536104, 0.28817898445496926, -1.5748109778604404, -1.087068041277395], [0.5887803221592005, -4.702219809362565, 0.1592057679242641, 1.6165276813948388, 0.046013043253513075], [-1.4516037015759444, -9.781619020731807, 0.10377241652332259, -1.5423498270127913, -1.5627100899775643], [-0.16766546222492362, -0.912952097281039, 0.3349120121368779, -2.941198021555097, 0.9580669096024828], [0.7927745337980463, 3.96715769800665, 0.373395627887569, -2.9357739657169626, -2.9397236124317763], [-2.9811950145759893, 2.897273195649788, 0.08826142511039467, 0.19755546129484491, -1.2421095830156603], [4.8918766670434675, -3.8788396127665727, 0.4023816319740494, -1.2190999451919284, -1.1430785751303063], [1.958406244769117, -4.766290042807122, 0.24454653958098926, -0.9343594197515852, 0.08577518175230159], [-4.924599785567931, -7.970547837100602, 0.3299972283005627, -0.5342127391900222, 2.194635470703126], [3.4780576242995256, -2.033217050392871, 0.007657727240683804, 1.2600711216833886, 1.070484314532072], [-3.5409930733227126, 2.953867008827199, 0.3548192576390231, 2.344096601302395, -1.5208845297501687], [-1.2386911317507083, -2.9989311699412182, 0.1965730865072566, -1.4311627198925772, -1.6490679647394324], [2.3369657856753596, -4.03618240619064, 0.31125161984022, 0.9700137853868527, 0.9277138454123168], [1.3330214724676637, 1.4843531502344796, 0.30756507741481043, -1.1274111206892619, 0.861973733503044], [-3.4632142493823075, -5.43599591672242, 0.17197777743808224, 1.316265703313685, 1.080567305203128], [-2.926916894896643, -6.742339570367375, 0.3620205964260553, 1.1447631775631466, 0.8932511076085645], [0.9949414794311338, -4.676197479808015, 0.19102197702599322, 1.180084433116856, -1.4434916384455636], [-2.526578060736397, 3.226760222988533, 0.14491011293387618, -1.9619056131718882, -1.7739071255506287]], "Final Predicted Pose 0": [0.11419890820980072, 0.5956244468688965, 0.6916422843933105, -0.6122772097587585, 0.640296220779419, 0.4638289511203766], "Predicted Translation Error 0": "0.21275626833427985cm", "Predicted Rotation Error 0": "tensor([0.9961], grad_fn=<DivBackward0>)"}