{"num_updates": "2941", "penalty": "tensor(0., dtype=torch.float64, grad_fn=<AddBackward0>)", "Starting Pose": [0.18961374461650848, 0.15425632894039154, -0.17913532257080078, -0.27899521589279175, -0.29419857263565063, -0.8972629308700562, -0.174722820520401], "Starting Soft Arm States": [-44.900001525878906, 1.7999999523162842, 10.0, 31.360626220703125, 35.24549865722656, 27.101511001586914], "Number of Trajectories": 1, "Final Desired Pose": [-0.27445000410079956, 0.1273813396692276, -0.2526431977748871, -0.7648117542266846, -0.48429951071739197, 0.42487281560897827], "Predicted Trajectory 0": [[0.7867572586340011, 0.5442701436793094, 0.6879562312303361, -0.7832671999931335, -0.14938463270664215, 0.6034705638885498], [0.7816587686538696, 0.5865274667739868, 0.6304306983947754, -0.8102508187294006, 0.016984371468424797, 0.5858371257781982], [0.7531387209892273, 0.6004869341850281, 0.5907013416290283, -0.7740851044654846, 0.05084909871220589, 0.631036102771759], [0.7055909037590027, 0.5739603042602539, 0.542726993560791, -0.7393491268157959, -0.0388786606490612, 0.6721989512443542], [0.6547295451164246, 0.5765845775604248, 0.4826294183731079, -0.7593225240707397, -0.08091011643409729, 0.6456647515296936], [0.5984789133071899, 0.5508309602737427, 0.4313535690307617, -0.7438573241233826, -0.2001487910747528, 0.6376649737358093], [0.5336511135101318, 0.5216466784477234, 0.4272846579551697, -0.6053902506828308, -0.2766842842102051, 0.746289849281311], [0.49560874700546265, 0.5787535309791565, 0.4212031662464142, -0.6377387642860413, -0.12546902894973755, 0.7599650621414185], [0.44753849506378174, 0.508861243724823, 0.4145659804344177, -0.5541657209396362, -0.3629198372364044, 0.7491258978843689], [0.3998492956161499, 0.44975295662879944, 0.435401976108551, -0.4352973401546478, -0.5064476132392883, 0.7443299889564514], [0.3592459261417389, 0.44124844670295715, 0.4146747589111328, -0.45656129717826843, -0.6235222220420837, 0.634643018245697], [0.3143799901008606, 0.4357360005378723, 0.42801937460899353, -0.45748236775398254, -0.6847924590110779, 0.5672470331192017], [0.27535706758499146, 0.48763877153396606, 0.4692789912223816, -0.5337983965873718, -0.5552975535392761, 0.6377333998680115], [0.2372332066297531, 0.47767287492752075, 0.48320963978767395, -0.5876952409744263, -0.5859485268592834, 0.557923436164856], [0.22574858367443085, 0.45541146397590637, 0.5040794610977173, -0.5764051079750061, -0.6517122387886047, 0.49297890067100525], [0.24936236441135406, 0.4528557360172272, 0.5090115070343018, -0.5001934766769409, -0.6652201414108276, 0.5543361306190491], [0.24077379703521729, 0.4403592348098755, 0.521728515625, -0.4524034559726715, -0.6736539006233215, 0.5843983888626099], [0.2377263754606247, 0.4587360918521881, 0.5184471011161804, -0.5569016933441162, -0.6378621459007263, 0.531970202922821], [0.24885040521621704, 0.4632126986980438, 0.48592445254325867, -0.6292222142219543, -0.607764720916748, 0.48445990681648254], [0.2283763885498047, 0.4617103338241577, 0.4875878095626831, -0.6825910806655884, -0.582046389579773, 0.4419178366661072], [0.22634269297122955, 0.45917433500289917, 0.5039357542991638, -0.6850659251213074, -0.6015649437904358, 0.4108579456806183]], "Control Inputs 0": [[4.936025656079442, 0.02107411233811085, 0.05189415430597754, -2.972190208524653, 2.9342593938837656], [4.9377700271848095, -2.6233183907127566, 0.6993840771041188, -1.2689510621689295, -2.9709621587691686], [4.916675362316775, 0.8282437751235889, 0.6964823251614699, -2.601593397385164, -2.973278134254005], [4.867617086805801, 5.539407811435092, 0.6985570711128586, -1.3024651637483693, -2.9729092397165076], [4.900765505103459, 6.992748092133475, 0.6941442129535902, 2.894315773641658, -2.9738784555917044], [4.994915028230402, 9.657299451393765, 0.6936336142884111, -0.6916049022372901, 2.944501563313464], [4.8080180388889, 9.69154804867588, 0.03311696780932644, 0.37325762540411844, -2.9221843712426434], [4.873591483295906, -1.6067559108256333, 0.6933175831401285, 1.6104099768202937, -2.8607457075806138], [4.9115740459286386, -1.798635796103234, 0.4355473475797875, -2.8446938783561126, -2.7485912382381588], [4.7991637900679205, 9.827419454803206, 0.020182036735911443, -0.3252565805967942, -2.936233746698797], [4.93939691415077, 9.81441574081548, 0.042215807496002934, -0.3359520984955875, 2.9389914743288985], [4.7183162148059985, 5.045172501921661, 0.006089189254232323, -1.287476089866955, 0.7720219958466079], [4.889838287406496, 8.707187881228563, 0.003922764658901821, 2.0898614145536243, -2.9396500872713145], [-2.3227187769480095, 2.689628631808411, 0.007469036195716013, 2.915144377040204, 1.8717816006174708], [-4.722802745382332, -3.2486446797775335, 0.01492883786612942, 1.1731720959988827, 2.827491940623302], [4.903102664201555, 5.471597281635889, 0.006372428931571745, -0.30099488554112996, -2.3236620888646753], [-4.758847043352218, 6.30500087639917, 0.008388471553798986, -2.6899379494693023, 0.12453288439880073], [-0.048818029710762545, -0.806073203454913, 0.009923447427289546, -2.9432367327852567, 0.8428554703273701], [4.89005238286866, 5.597117454855676, 0.008392316273763977, 2.937619848334922, -2.2669834066436745], [-4.8143513664637085, 2.0964945221096496, 0.009278185600367295, -2.9920229664609326, -2.8252999738725415]], "Final Predicted Pose 0": [0.22634269297122955, 0.45917433500289917, 0.5039357542991638, -0.6850659251213074, -0.6015649437904358, 0.4108579456806183], "Predicted Translation Error 0": "0.3586795268806559cm", "Predicted Rotation Error 0": "tensor([0.9898], grad_fn=<DivBackward0>)"}