{"num_updates": "173", "penalty": "tensor(945.3703, dtype=torch.float64, grad_fn=<AddBackward0>)", "Starting Pose": [0.18611803650856018, 0.14401449263095856, -0.18112406134605408, -0.2703685760498047, -0.352952778339386, -0.8759581446647644, -0.18714286386966705], "Starting Soft Arm States": [-44.900001525878906, 1.7999999523162842, 10.0, 31.360626220703125, 35.24549865722656, 27.101511001586914], "Number of Trajectories": 1, "Final Desired Pose": [0.15741600096225739, 0.2286747694015503, -0.30897417664527893, -0.16542045772075653, -0.7259718179702759, 0.6675335168838501], "Predicted Trajectory 0": [[0.7825074962104177, 0.5119125608076885, 0.6828507045359057, -0.7837567329406738, -0.13700395822525024, 0.6057683229446411], [0.7776828408241272, 0.5481839776039124, 0.6391367316246033, -0.8232949376106262, -0.19535887241363525, 0.5329355597496033], [0.7442038059234619, 0.5454130172729492, 0.6062414646148682, -0.8078624606132507, -0.25370123982429504, 0.5319717526435852], [0.7129928469657898, 0.5407184958457947, 0.5473121404647827, -0.8265792727470398, -0.2421444058418274, 0.5080676078796387], [0.688566267490387, 0.562047004699707, 0.5004038214683533, -0.8599928021430969, -0.20755141973495483, 0.46619173884391785], [0.673133909702301, 0.5931963324546814, 0.4600061774253845, -0.9157997369766235, -0.13837601244449615, 0.3770448863506317], [0.658282995223999, 0.6286429762840271, 0.45698487758636475, -0.9064128994941711, -0.06937560439109802, 0.41665658354759216], [0.6416424512863159, 0.646817147731781, 0.44511255621910095, -0.9084332585334778, -0.03238644823431969, 0.41677364706993103], [0.6204977631568909, 0.6373879313468933, 0.4165276885032654, -0.9191975593566895, 0.022940557450056076, 0.39312800765037537], [0.6158266067504883, 0.60795658826828, 0.430571973323822, -0.8463485240936279, -0.00026019560755230486, 0.5326294302940369], [0.6424374580383301, 0.608246922492981, 0.4568262994289398, -0.840445339679718, -0.07267242670059204, 0.5370011925697327], [0.6730857491493225, 0.6199870109558105, 0.4893714189529419, -0.8506187796592712, -0.10612358152866364, 0.5149617195129395], [0.6971873044967651, 0.6175441741943359, 0.5084918737411499, -0.8987590074539185, -0.1592131108045578, 0.4085138142108917], [0.6937217116355896, 0.6104588508605957, 0.48513302206993103, -0.9395464062690735, -0.209157794713974, 0.27111899852752686], [0.6675018668174744, 0.6370681524276733, 0.4739845097064972, -0.9208105802536011, -0.0911024883389473, 0.3792204260826111], [0.6375265717506409, 0.6035199165344238, 0.4725421667098999, -0.829291820526123, -0.13510596752166748, 0.5422375202178955], [0.6140617728233337, 0.6335395574569702, 0.4852229356765747, -0.7194333672523499, -0.10679426789283752, 0.686302125453949], [0.6070665121078491, 0.5903331637382507, 0.49736523628234863, -0.6281277537345886, -0.26796433329582214, 0.7305139303207397], [0.6271512508392334, 0.6004981398582458, 0.5251265168190002, -0.5919961929321289, -0.3018205463886261, 0.7472916841506958], [0.6085894703865051, 0.5698075890541077, 0.5309690237045288, -0.5016934275627136, -0.4025859534740448, 0.7656554579734802], [0.6167205572128296, 0.6195629835128784, 0.5276758074760437, -0.5234614014625549, -0.34229516983032227, 0.780270516872406]], "Control Inputs 0": [[4.863464589025746, 9.486433176902889, 0.31981674943822125, -2.7440545142257755, -2.975803171588105], [4.858193308273497, -3.950470907447574, 0.6990210655285555, -2.675989371053844, -0.535084575342351], [3.399622946641813, -6.102176673085307, 0.5209580151613528, -2.7413226517989973, 0.14415801566660225], [2.1914035333198436, 3.3569916794572645, 0.43484042590131866, -2.624944315102529, 0.241664842224818], [1.885750355491231, 9.108164340215257, 0.13460043789651271, 0.9055676907673322, 0.7428207419998785], [2.115209999803657, 8.151646283162446, 0.05996828305716376, 0.2660917131572571, 0.3240868880398424], [2.6651359617348422, 5.809891738287186, 0.037919224849316105, -1.6442145813407743, -0.1672315855985631], [2.669247906613987, -8.904155461362771, 0.09803154624147689, 2.7033402783093434, 2.98502668673851], [-4.783171497049476, -7.802028561318319, 0.24068154258771932, 1.1624196908536213, -0.9613964113290052], [-4.315782485341006, 7.634878593920192, 0.3213611682887755, 0.8408690024622376, -2.941597293974344], [-3.5473375150336297, 9.681156283473186, 0.11107386040229189, -0.5771094797316922, -2.9229904484522278], [-2.992613936196499, 2.402066303178893, 0.004402632014362517, -2.6556668047573284, -2.9895946717263873], [4.731943182244498, 7.652219263489815, 0.00641338528938465, 0.2415403940386014, 2.889490815146859], [4.24717619021836, -2.4605997036117877, 0.005529204844355897, 2.9664838647424006, 2.964939400513032], [1.8496618518775207, -2.8760008911693893, 0.06055626463031167, 2.980098879063692, 2.849968339048723], [3.3875954333245435, 9.689410566169464, 0.6623264677925171, 2.89149967605079, -2.9836063317543853], [-4.26289822253893, 9.550343069356309, 0.6671970925350404, 0.3169381780567324, -2.9932953291480193], [-3.627767932145738, 9.694739370856404, 0.598852775721264, 2.4045172971168274, -2.9765542600260284], [4.97462307225393, 9.716697145695044, 0.2646666599195587, -2.9549487384574005, 2.809841341372821], [-4.972776985942705, 9.701344942840816, 0.6888877969799272, 2.955836289554467, -2.983818126693992]], "Final Predicted Pose 0": [0.6167205572128296, 0.6195629835128784, 0.5276758074760437, -0.5234614014625549, -0.34229516983032227, 0.780270516872406], "Predicted Translation Error 0": "13.67297428029175cm", "Predicted Rotation Error 0": "tensor([0.8559], grad_fn=<DivBackward0>)"}