{"num_updates": "376", "penalty": "tensor(1168.1980, dtype=torch.float64, grad_fn=<AddBackward0>)", "Starting Pose": [-0.11145883798599243, 0.09820762276649475, -0.3463197350502014, -0.2795861065387726, 0.8266373872756958, -0.2629236578941345, 0.41154998540878296], "Starting Soft Arm States": [0.5, -74.0, 10.0, 13.860493659973145, 13.804191589355469, 35.40115737915039], "Number of Trajectories": 1, "Final Desired Pose": [0.0889158621430397, 0.19907063245773315, -0.3282212018966675, -0.7523565292358398, -0.5939103960990906, 0.2850089371204376], "Predicted Trajectory 0": [[0.42074072956336167, 0.3671924595536004, 0.2587573382296526, -0.5049164295196533, -0.24582019448280334, 0.8274248242378235], [0.4183053970336914, 0.31963154673576355, 0.21570107340812683, -0.6597737073898315, -0.4703666567802429, 0.5860494375228882], [0.45382988452911377, 0.3332955241203308, 0.18355661630630493, -0.7534074187278748, -0.598091185092926, 0.273247629404068], [0.4926023483276367, 0.42283448576927185, 0.16408771276474, -0.8970825672149658, -0.4399055242538452, 0.041543591767549515], [0.5325521230697632, 0.4480055272579193, 0.16733722388744354, -0.9190085530281067, -0.3908783197402954, -0.05135616287589073], [0.5829179883003235, 0.5076491832733154, 0.17614714801311493, -0.9620868563652039, -0.23133543133735657, -0.14447422325611115], [0.6290996670722961, 0.5311694741249084, 0.2142329066991806, -0.9819009900093079, -0.16454215347766876, -0.09378819167613983], [0.6345399022102356, 0.5723159909248352, 0.2352801263332367, -0.9986567497253418, -0.02836592122912407, -0.04335971921682358], [0.6154287457466125, 0.5521442890167236, 0.26268094778060913, -0.989920437335968, -0.01895429566502571, 0.14035028219223022], [0.6425741314888, 0.5204298496246338, 0.27040770649909973, -0.9949392676353455, -0.0971466600894928, 0.02565675787627697], [0.6378916501998901, 0.5330254435539246, 0.26919791102409363, -0.9938994646072388, -0.1083105280995369, -0.02079966850578785], [0.5996469855308533, 0.6219506859779358, 0.27448326349258423, -0.9818858504295349, 0.15075218677520752, 0.11477760970592499], [0.5899307131767273, 0.6028716564178467, 0.30820727348327637, -0.9572905898094177, 0.1265883892774582, 0.25994253158569336], [0.5931721329689026, 0.5525414943695068, 0.2847541868686676, -0.9854109287261963, -0.10757046937942505, 0.13188621401786804], [0.5940267443656921, 0.6462723016738892, 0.3282184600830078, -0.9306311011314392, 0.17406339943408966, 0.32191264629364014], [0.618658721446991, 0.567572832107544, 0.3470059335231781, -0.9278145432472229, -0.02646152675151825, 0.3721020519733429], [0.6364451050758362, 0.6258625984191895, 0.3724178075790405, -0.9216620326042175, 0.06338658928871155, 0.3827809691429138], [0.6177365183830261, 0.6580139398574829, 0.3759330213069916, -0.9076778292655945, 0.04242876544594765, 0.4175173342227936], [0.61543208360672, 0.6267459392547607, 0.3937044143676758, -0.8916129469871521, 0.005624022800475359, 0.4527633488178253], [0.620401918888092, 0.5724643468856812, 0.37310871481895447, -0.8985286355018616, -0.30173712968826294, 0.3187490701675415], [0.6234378218650818, 0.615939199924469, 0.3563786745071411, -0.9389607906341553, -0.23920397460460663, 0.24725328385829926]], "Control Inputs 0": [[-4.931800590491057, -9.681605116755287, 0.13570293142888265, -2.9773815415221003, 2.990431610430849], [-4.979151774772198, 9.835467499644707, 0.5718143276927424, -2.78706961333488, 2.9754788228605547], [-4.935972335058068, 9.85591723467821, 0.0168696423163086, -0.9387098629806738, 2.977435469624095], [-4.873265636903094, 9.867411716734463, 0.48004140680249074, -0.08873461549425343, 2.9922183472834787], [-4.93539469849385, 9.8630974115528, 0.21150090828804255, 2.2616272674324662, 2.9938408975064075], [-4.764237988707753, 9.681165820483812, 0.010394168633480713, 2.9632709875519554, 2.876348015259108], [4.375320375266382, 9.85712485864865, 0.0425512666601711, 2.6867442291605705, 2.9785236084640747], [-4.760633104181545, -9.780454127039441, 0.6121390829819467, -1.2850338738645075, 2.956012154941245], [-3.95757833886468, -9.778394691553572, 0.4064810086345584, -0.752484631619132, 1.9479119718577405], [4.761087001577188, 9.840249118347014, 0.48663137307187593, 0.9119022108850192, 2.864169230550103], [4.906358823598238, 9.815951199526168, 0.3978206851547672, 2.934715020950822, 2.920976015901304], [-4.820137106236936, -9.743259189537243, 0.05594257977355485, -1.8320123515075837, -2.8609741805193702], [4.911575238661019, 9.833307366738058, 0.0977368004869601, 1.9120351021281294, 2.7767890346821664], [-4.885245217287853, -9.827272392563982, 0.4110913183405119, 2.947763309495981, 2.940624397999019], [-4.903045657823491, -9.823088234048804, 0.46337422247645543, 2.9350785268779367, 2.74628144189934], [1.93060723119458, 9.822791620397233, 0.01664056440491732, -0.11281563093063296, -2.9530039555102374], [4.899886461339593, 9.820342992919162, 0.488428666998096, 0.6878845276719505, -2.889388036068432], [-4.9147646261832785, -9.793279040704913, 0.013871533997978558, -2.8948576962979744, -2.9597037799599666], [4.887797522304766, 9.810448344395319, 0.5358325450873496, -2.8849651852640714, -2.9480962754078357], [-4.907567818777269, 9.80382012201067, 0.3671557159584651, 2.9196216537842163, -2.9456557151575664]], "Final Predicted Pose 0": [0.6234378218650818, 0.615939199924469, 0.3563786745071411, -0.9389607906341553, -0.23920397460460663, 0.24725328385829926], "Predicted Translation Error 0": "4.492974737165133cm", "Predicted Rotation Error 0": "tensor([0.9190], grad_fn=<DivBackward0>)"}