{"num_updates": "879", "penalty": "tensor(120.0938, dtype=torch.float64, grad_fn=<AddBackward0>)", "Starting Pose": [0.1638195812702179, 0.13210009038448334, -0.2893091142177582, 0.2213234156370163, 0.49723321199417114, -0.7465227842330933, 0.38272538781166077], "Starting Soft Arm States": [-37.599998474121094, -57.0, 10.0, 10.57176685333252, 26.157615661621094, 35.40446853637695], "Number of Trajectories": 1, "Final Desired Pose": [-0.325888067483902, 0.07222741842269897, -0.23017922043800354, -0.43015190958976746, -0.4572282135486603, 0.7784032821655273], "Predicted Trajectory 0": [[0.7553990723233093, 0.4742707506470368, 0.4051160506699122, -0.6090744137763977, 0.7915252447128296, 0.050161607563495636], [0.7726940512657166, 0.4312574565410614, 0.35922685265541077, -0.7781002521514893, 0.628074586391449, 0.009072649292647839], [0.7577375769615173, 0.39597904682159424, 0.3375329077243805, -0.8736600279808044, 0.46807557344436646, 0.13275322318077087], [0.7238274216651917, 0.3556511104106903, 0.3183434009552002, -0.913119375705719, 0.2992331385612488, 0.27689796686172485], [0.6639417409896851, 0.331627756357193, 0.3001907467842102, -0.8660891652107239, 0.22083435952663422, 0.448466032743454], [0.5898446440696716, 0.34424492716789246, 0.2859334349632263, -0.7538814544677734, 0.28154581785202026, 0.5936282873153687], [0.5150823593139648, 0.35529395937919617, 0.2940889596939087, -0.6280544996261597, 0.3075866103172302, 0.7147993445396423], [0.4465639889240265, 0.3724948763847351, 0.30973365902900696, -0.5281106233596802, 0.33243873715400696, 0.781398594379425], [0.3846437633037567, 0.370524138212204, 0.3378138244152069, -0.4442925453186035, 0.3061886429786682, 0.8419338464736938], [0.3523073196411133, 0.3340618312358856, 0.41841161251068115, -0.2060321420431137, 0.09554892033338547, 0.9738691449165344], [0.31738659739494324, 0.30992498993873596, 0.4594208300113678, -0.08448833972215652, -0.14854732155799866, 0.9852895140647888], [0.27413511276245117, 0.30660608410835266, 0.5198372006416321, 0.05586378648877144, -0.29631707072257996, 0.9534544944763184], [0.23944205045700073, 0.33619508147239685, 0.5445410013198853, -0.13131067156791687, -0.2989901006221771, 0.9451785087585449], [0.2235039621591568, 0.25533607602119446, 0.5523471236228943, -0.001785533269867301, -0.598477303981781, 0.8011377453804016], [0.1941491961479187, 0.32079455256462097, 0.5877923369407654, -0.1386880874633789, -0.4647779166698456, 0.8744982481002808], [0.20097334682941437, 0.31338030099868774, 0.5678030848503113, -0.3163986802101135, -0.49180319905281067, 0.8111851811408997], [0.2054734081029892, 0.2421865612268448, 0.5811678171157837, -0.0991583913564682, -0.6500970721244812, 0.7533533573150635], [0.18355101346969604, 0.3461790084838867, 0.5980201363563538, -0.2962556481361389, -0.4623953104019165, 0.8357172012329102], [0.19744862616062164, 0.29557591676712036, 0.5242775678634644, -0.36836332082748413, -0.6805824637413025, 0.6333371996879578], [0.18333058059215546, 0.3033515214920044, 0.5361795425415039, -0.41394874453544617, -0.65716952085495, 0.6299003958702087], [0.16626589000225067, 0.3092958331108093, 0.5628224611282349, -0.4071487486362457, -0.6708675622940063, 0.6198118925094604]], "Control Inputs 0": [[4.936002397798038, 2.549612202438027, 0.001566483422551631, 2.9450788754692656, -2.9550448837376453], [4.944720675127728, -4.760983292457254, 0.44496462438524953, 2.937919669168507, -2.8510874469737004], [4.904918002883516, -6.452103898446928, 0.00298408251642471, 2.988798692177596, 0.818382004464866], [4.959927416603188, -0.3139062331208624, 0.38180596032148295, 2.9363296885188035, 2.952766339085237], [4.951864545716164, 3.8906827940542765, 0.18281574194653818, 2.9850165847410493, 2.9416699699350026], [4.9127125089850985, 4.339117802165585, 0.005617924027023519, 2.0307874080203545, 2.9413798711186896], [4.815532849247434, 4.176496273360362, 0.005388189110657754, 1.0908651948955974, 2.9411663211885557], [4.843921072617562, -9.813816397023533, 0.6349006820241285, 2.86464531790375, -2.937511323911159], [4.91829390015608, -9.838410726879696, 0.34640769217788075, -2.4731905636892444, -2.933580871718733], [4.623318658957064, 0.9297676374835593, 0.5099527664757755, -1.3386336457148815, -2.938478742877265], [4.820940101490974, 4.086466893056649, 0.38699382834075063, -2.037089891125053, 2.9471264031582276], [0.7447885246964558, -3.633318811226446, 0.09338235438029394, -2.885272888469661, -2.9367766871121423], [4.730557823585432, -1.7349422745783798, 0.006146223294412846, -1.6569867520717103, 2.9419200057828476], [-1.0036011942397325, -4.564431464099538, 0.4361029621881885, -1.3231286510195894, 2.9460786849917913], [-3.8401746343504177, -8.317181068401686, 0.5885700391940273, 2.9172109225471097, -2.938629996232826], [4.8719043633447665, -0.26332669726908975, 0.0014601147416890188, -1.6997907377791235, 2.94249233390381], [-4.147415860796876, 2.7260850470503044, 0.6318501308634018, -2.865439722438945, -2.78224670275598], [-2.0414435580457524, -5.193115674999199, 0.13902471723171916, -0.40989049208389394, 2.9224243637524143], [4.745507531233059, 0.3508424814903055, 0.6283950213791429, 0.33224907632932776, -2.9407877067837056], [-1.7826465735720238, -0.5136797828804696, 0.3401780833407027, -2.983053804030609, 2.942748093032865]], "Final Predicted Pose 0": [0.16626589000225067, 0.3092958331108093, 0.5628224611282349, -0.4071487486362457, -0.6708675622940063, 0.6198118925094604], "Predicted Translation Error 0": "0.9485296374219336cm", "Predicted Rotation Error 0": "tensor([0.9643], grad_fn=<DivBackward0>)"}