{"num_updates": "1809", "penalty": "tensor(28.7171, dtype=torch.float64, grad_fn=<AddBackward0>)", "Starting Pose": [-0.19970695674419403, 0.0974322259426117, -0.24843467772006989, -0.5645666122436523, 0.4751583933830261, -0.6385074257850647, 0.21862617135047913], "Starting Soft Arm States": [12.600000381469727, -59.70000076293945, 10.0, 27.94273567199707, 26.462312698364258, 35.39122009277344], "Number of Trajectories": 1, "Final Desired Pose": [0.17686127126216888, 0.20751884579658508, -0.2558620870113373, -0.7469717264175415, -0.3892343044281006, -0.5390082597732544], "Predicted Trajectory 0": [[0.3134567323103278, 0.36474270677205295, 0.5100496544470952, -0.266934335231781, -0.25732824206352234, 0.9287239909172058], [0.3157705068588257, 0.38656118512153625, 0.4805527627468109, -0.40504851937294006, -0.2629711925983429, 0.8756608366966248], [0.3586869239807129, 0.4368390440940857, 0.4485517144203186, -0.4749530553817749, -0.19277895987033844, 0.8586360812187195], [0.40593627095222473, 0.47059911489486694, 0.4381084144115448, -0.4329146146774292, -0.07895057648420334, 0.8979709148406982], [0.4481753706932068, 0.509445309638977, 0.431995689868927, -0.44168993830680847, 0.059744369238615036, 0.8951762914657593], [0.490486204624176, 0.5506076216697693, 0.431695818901062, -0.5043138265609741, 0.1686115860939026, 0.8468989133834839], [0.5397249460220337, 0.5860853791236877, 0.44193869829177856, -0.5244899392127991, 0.2741483747959137, 0.8060725331306458], [0.588918149471283, 0.6227308511734009, 0.4583725929260254, -0.5430763959884644, 0.38036802411079407, 0.7485908269882202], [0.6321055889129639, 0.6462863683700562, 0.4770687520503998, -0.5664176344871521, 0.45118120312690735, 0.6896424293518066], [0.6688304543495178, 0.6184012293815613, 0.5231660008430481, -0.5966556072235107, 0.3478604853153229, 0.7231841087341309], [0.7000784873962402, 0.6310535669326782, 0.5456128120422363, -0.6693856120109558, 0.3198862373828888, 0.6705189347267151], [0.6958980560302734, 0.6237000823020935, 0.5627280473709106, -0.6608020663261414, 0.22302813827991486, 0.7166582345962524], [0.6953763365745544, 0.5947666764259338, 0.5549724102020264, -0.7270455360412598, 0.08756415545940399, 0.6809826493263245], [0.7047055959701538, 0.5871732831001282, 0.5570560693740845, -0.7891979813575745, -0.01648811623454094, 0.6139175295829773], [0.706376850605011, 0.5589308142662048, 0.5428601503372192, -0.8281897902488708, -0.17728526890277863, 0.5316688418388367], [0.7216900587081909, 0.5469009876251221, 0.5406078696250916, -0.8683477640151978, -0.29100093245506287, 0.40160995721817017], [0.7316600680351257, 0.5403701663017273, 0.5141822099685669, -0.9142151474952698, -0.3748326301574707, 0.15398429334163666], [0.7407227158546448, 0.5330370664596558, 0.4896731376647949, -0.9137768745422363, -0.40088674426078796, -0.0655863955616951], [0.7586656212806702, 0.56076979637146, 0.4884087145328522, -0.9264756441116333, -0.2799201011657715, -0.25157034397125244], [0.7553001046180725, 0.5519821643829346, 0.507737934589386, -0.9460819363594055, -0.2846171259880066, -0.15466730296611786], [0.7706897258758545, 0.6030747294425964, 0.48969587683677673, -0.915988028049469, -0.11654394119977951, -0.3839056193828583]], "Control Inputs 0": [[-4.967027314676187, 9.75796498279745, 0.013347088593764602, -1.8706422802281009, 2.981441766470832], [-4.99593339239433, 9.406397391608262, 0.07663956876614117, 2.8839036186309306, 2.963249959440966], [-4.9072108656579685, 4.9777076887576275, 0.02703165711837313, 1.5290325918574066, 2.9668670731654485], [-4.848271762157708, 9.3582259509394, 0.13460463854859608, -0.631178303029357, 2.9579809636773557], [-4.9129817987768885, 9.595157482285032, 0.14264907537715815, -0.15129538089828953, 2.9402434420935037], [-4.896174102946504, 9.582755792093035, 0.02439345690876866, -0.5096310086502989, 2.6508954487343654], [-4.766443704970312, 9.609287755652879, 0.009084724411926717, -2.9151276687251144, 2.918026379847894], [-4.904440250840278, 5.938298049347482, 0.6394202492855745, 2.9140585104173757, -2.9667639838896513], [-4.644976547602719, 4.6170453658107995, 0.0064618854488479064, -2.890801930794496, -2.955803640478127], [-2.2711563598057776, 9.568037800445396, 0.010455817382557554, 2.989753968580546, -2.9625636096828334], [4.591731527344482, 9.72516124262508, 0.011113577324983467, -0.33002115582453984, -2.949167920690345], [-4.587300743375256, 1.7730587280127157, 0.0037435933286562497, -2.746010035684445, -2.9533893044812127], [0.28339073818651084, 6.007808551290662, 0.0007096039506325365, -0.16365726578088013, -2.771911530006625], [-0.9284268505420323, 4.533927933957839, 0.004096384754273528, -1.4886483557925527, -2.6447015670240437], [-4.8231157317180084, 4.181419755095723, 0.004358156173639584, -2.8344390689074017, -2.789376189687495], [2.0694013236612774, 6.019661863371699, 0.0036446281991276176, -2.8371268012316233, -2.5426397463896855], [-4.907701320939805, 9.616050688312612, 0.003517435040265392, -2.951253138656021, 2.9488652075307265], [1.867950613822222, -0.4405994586475721, 0.0038130918503879625, 2.9250570691825732, 2.8496793133476377], [-4.018441832195651, 9.130644266385637, 0.004526800729848171, -2.9713299873787116, 1.0224684891188547], [0.3286775939127553, 8.87676665928501, 0.0019626402786454564, 2.942960093874408, -2.9416900960848955]], "Final Predicted Pose 0": [0.7706897258758545, 0.6030747294425964, 0.48969587683677673, -0.915988028049469, -0.11654394119977951, -0.3839056193828583], "Predicted Translation Error 0": "3.465639235050676cm", "Predicted Rotation Error 0": "tensor([0.9365], grad_fn=<DivBackward0>)"}