{"num_updates": "867", "penalty": "tensor(50.5224, dtype=torch.float64, grad_fn=<AddBackward0>)", "Starting Pose": [0.1638195812702179, 0.13210009038448334, -0.2893091142177582, 0.2213234156370163, 0.49723321199417114, -0.7465227842330933, 0.38272538781166077], "Starting Soft Arm States": [-37.599998474121094, -57.0, 10.0, 10.57176685333252, 26.157615661621094, 35.40446853637695], "Number of Trajectories": 1, "Final Desired Pose": [-0.2516893446445465, 0.09067089855670929, -0.2661706209182739, -0.925401508808136, -0.3755968511104584, 0.050587356090545654], "Predicted Trajectory 0": [[0.7553990723233093, 0.4742707506470368, 0.4051160506699122, -0.6090744137763977, 0.7915252447128296, 0.050161607563495636], [0.7695556282997131, 0.4411437511444092, 0.3562297523021698, -0.7685154676437378, 0.6380621194839478, -0.04754738137125969], [0.7467931509017944, 0.43694233894348145, 0.3352046608924866, -0.850525975227356, 0.5254469513893127, 0.022606268525123596], [0.705725371837616, 0.41394349932670593, 0.30738717317581177, -0.9112799167633057, 0.40367719531059265, 0.08132470399141312], [0.641529381275177, 0.36690279841423035, 0.2919681966304779, -0.9388587474822998, 0.24960286915302277, 0.23715536296367645], [0.5738276243209839, 0.3720899224281311, 0.2780413031578064, -0.8697876334190369, 0.28732991218566895, 0.40113726258277893], [0.5144780874252319, 0.3585635721683502, 0.3003961741924286, -0.7603245377540588, 0.2727574110031128, 0.589499831199646], [0.4489229917526245, 0.36106348037719727, 0.3298098146915436, -0.6403908729553223, 0.2972204089164734, 0.7082086801528931], [0.397858589887619, 0.3699248731136322, 0.37098273634910583, -0.5246857404708862, 0.3005051016807556, 0.7964933514595032], [0.3579525649547577, 0.3597511947154999, 0.41070932149887085, -0.4878142774105072, 0.3048125207424164, 0.8180015683174133], [0.32980772852897644, 0.32575225830078125, 0.4392506182193756, -0.4431041479110718, 0.07533092051744461, 0.8932995200157166], [0.2893882095813751, 0.33895736932754517, 0.4718194305896759, -0.4625130593776703, -0.024904901161789894, 0.8862627148628235], [0.26921749114990234, 0.37966468930244446, 0.47748085856437683, -0.5503249764442444, -0.0055846781469881535, 0.8349319100379944], [0.25418442487716675, 0.3574152886867523, 0.4690687954425812, -0.6171839833259583, -0.1731688231229782, 0.7675262093544006], [0.24012812972068787, 0.3625151813030243, 0.48130306601524353, -0.6682026386260986, -0.2765040397644043, 0.6906886696815491], [0.26023760437965393, 0.3459061086177826, 0.4571570158004761, -0.7165889739990234, -0.36358919739723206, 0.595233678817749], [0.26074525713920593, 0.30678030848503113, 0.47272205352783203, -0.5844058394432068, -0.5593972206115723, 0.5878304243087769], [0.24112583696842194, 0.35534679889678955, 0.484500914812088, -0.6961238980293274, -0.48492631316185, 0.5293940901756287], [0.24687165021896362, 0.3456093668937683, 0.441754549741745, -0.7606452703475952, -0.561917781829834, 0.3250647783279419], [0.2256641536951065, 0.3417902886867523, 0.4575859308242798, -0.7559192180633545, -0.6035600304603577, 0.25357726216316223], [0.22740429639816284, 0.35090550780296326, 0.4491856098175049, -0.8143377900123596, -0.5628828406333923, 0.1414806991815567]], "Control Inputs 0": [[4.965968009740367, 9.470380003767698, 0.002106276521747292, 2.9598659817366473, -2.9723808646067096], [4.962811443497392, 9.703301222145353, 0.6972375647882808, 2.9693013934589656, -2.855515902879349], [4.965576197153624, 9.658198314645208, 0.2962811645756028, 2.9276345265634154, -2.9518861103815572], [4.919180696680414, 9.428551867291048, 0.6901718171988453, 2.8934134488895085, 2.850532082247871], [4.8883998521565335, 9.877591283450741, 0.6971268431229191, 2.921879254571712, 2.9355406934645707], [4.86585065015141, -4.60623993049177, 0.012297242972938388, 2.8586031052097365, 2.9345552159812884], [4.7913490075158816, 9.520628128500238, 0.006378893181310744, 2.412986341212042, 2.9388516116443384], [4.905095720008097, -9.743270328467622, 0.5337725536651692, 0.4558897498221155, 2.902242643386977], [4.749725629294, -9.779739875726099, 0.0067544283427494675, -2.7384215811198525, -2.776312196699213], [4.055674657524882, 9.394365260577999, 0.009708781174717268, -2.084699954705434, -2.922601511252213], [4.851285002330059, 9.724119324214257, 0.0027824835442022775, -1.9795437901643662, 2.9260786788047595], [-1.185986971537973, 7.728596413083277, 0.005395354775250227, -2.869915288540522, -0.8161454363624912], [4.659029066406399, 9.626632001601486, 0.007189451190182961, -1.0519110111837735, -2.8858819897699237], [-1.7876882533411735, 9.47377279529768, 0.0075661854183544375, -0.4979088369544029, -1.6478037455759877], [-3.6320085430303464, -9.701477564614368, 0.013796065939498075, 2.858859634490978, 1.0862297765498994], [4.8753388362322205, 9.587163083128296, 0.0008118271652172847, -1.0091555943047124, -2.89198782537962], [-2.1925642414739395, 9.644280239763777, 0.017685385178553004, -2.8447352803753088, -1.026899185920616], [-0.7755889306701178, 8.983613365700275, 0.006061433079863008, 0.5003083136521549, -2.8950501385318446], [4.641472642142855, 9.759086773672262, 0.38741941082346626, -1.4055407398616266, -2.9272741288176682], [-4.829073709501448, -9.527876664088504, 0.012739139555318633, 0.9661944686821755, 2.9335851198162572]], "Final Predicted Pose 0": [0.22740429639816284, 0.35090550780296326, 0.4491856098175049, -0.8143377900123596, -0.5628828406333923, 0.1414806991815567], "Predicted Translation Error 0": "1.9870361098730014cm", "Predicted Rotation Error 0": "tensor([0.9722], grad_fn=<DivBackward0>)"}