{"num_updates": "106", "penalty": "tensor(0., dtype=torch.float64, grad_fn=<AddBackward0>)", "Starting Pose": [-0.2828800082206726, 0.1541762351989746, -0.17404966056346893, -0.7230448722839355, -0.35494464635849, -0.5906647443771362, -0.04832875356078148], "Starting Soft Arm States": [29.399999618530273, 4.199999809265137, 10.0, 34.175750732421875, 35.17926025390625, 29.63180923461914], "Number of Trajectories": 1, "Final Desired Pose": [-0.23564594984054565, 0.09889350831508636, -0.3248160183429718, -0.6639117002487183, -0.7477716207504272, -0.007671196013689041], "Predicted Trajectory 0": [[0.21234253801709613, 0.544017099225454, 0.7010122361015523, 0.05025900900363922, 0.4561895728111267, 0.8884621858596802], [0.21958082914352417, 0.5239836573600769, 0.6682926416397095, -0.08272229135036469, 0.2537272870540619, 0.9637320637702942], [0.24049456417560577, 0.49821266531944275, 0.6294741034507751, -0.22304826974868774, 0.06927400827407837, 0.972342848777771], [0.2664477825164795, 0.47128134965896606, 0.5666182637214661, -0.4359417259693146, -0.10374628752470016, 0.8939751386642456], [0.28924596309661865, 0.4412062168121338, 0.5166270732879639, -0.5210311412811279, -0.30917176604270935, 0.7955748438835144], [0.29819780588150024, 0.43299537897109985, 0.4734247922897339, -0.5910698175430298, -0.4192143976688385, 0.6891269087791443], [0.3018331527709961, 0.43305331468582153, 0.4654795527458191, -0.5829293131828308, -0.4746820032596588, 0.6594471335411072], [0.30419015884399414, 0.4274202585220337, 0.425007164478302, -0.6756368279457092, -0.5331405997276306, 0.5091915726661682], [0.32084348797798157, 0.38194674253463745, 0.3789944350719452, -0.6803223490715027, -0.643094539642334, 0.3515549600124359], [0.32674044370651245, 0.352333128452301, 0.360309898853302, -0.6545225381851196, -0.6892046332359314, 0.31080085039138794], [0.32719773054122925, 0.34808266162872314, 0.32610806822776794, -0.6670253872871399, -0.72743821144104, 0.16096794605255127], [0.31059983372688293, 0.3613649308681488, 0.3123488426208496, -0.7140052318572998, -0.6954687237739563, 0.08074485510587692], [0.29726335406303406, 0.3868204355239868, 0.33094313740730286, -0.7649918794631958, -0.6322333812713623, 0.12275326251983643], [0.297345370054245, 0.3627829849720001, 0.28855690360069275, -0.734247088432312, -0.6725000143051147, -0.09286964684724808], [0.27840039134025574, 0.3753579556941986, 0.330524206161499, -0.7728444933891296, -0.6327667236328125, 0.048142094165086746], [0.28604769706726074, 0.36300981044769287, 0.3186104893684387, -0.7499240040779114, -0.6588951349258423, 0.058916691690683365], [0.2803357243537903, 0.34159746766090393, 0.3266819715499878, -0.7003915905952454, -0.7067834734916687, 0.09954299032688141], [0.2675290107727051, 0.3664202094078064, 0.3580969274044037, -0.727623462677002, -0.6522636413574219, 0.21240566670894623], [0.2780395746231079, 0.3939777910709381, 0.2935847342014313, -0.7911631464958191, -0.6109814047813416, -0.027613259851932526], [0.27059653401374817, 0.3416271209716797, 0.3159337341785431, -0.6925363540649414, -0.7213824391365051, 0.0009301971294917166], [0.2653876543045044, 0.3677498400211334, 0.3104594647884369, -0.7436420917510986, -0.6660643219947815, -0.05792035907506943]], "Control Inputs 0": [[-4.927058184048783, 2.7170475373564162, 0.0030263545169027205, -2.9940428655158495, -2.6713279703103248], [-3.9198091262363723, -9.902444190677818, 0.594477326354181, -2.501761467664844, -0.7078491516089067], [-4.956026513311882, -8.648042170349443, 0.007502835379060369, -2.938886105075121, -2.681577539763774], [-3.293673901630743, -3.168998719792217, 0.52726697661525, -2.9404520752370513, -2.705837656905249], [-0.8823966243601165, 3.1890282325754935, 0.24489525640020912, 0.6853120792310485, -1.807132472071606], [-0.5760993710464462, 3.124530621842286, 0.007272002624362492, -2.9557275671244754, -1.950680860304526], [-1.6049425690473478, -1.3613823368870346, 0.08939205883196989, -2.601163433558481, -2.9626515157051623], [-3.927153599501926, -8.91612291953973, 0.6183224846462076, 0.2594140806536416, 0.8071972821609581], [1.2247273360494182, -7.404420306256089, 0.37548692566209213, -2.9383509814613595, -2.5377720062946314], [-1.4790902192669897, 1.5154151938413865, 0.520538911296278, -1.7336328354793138, -0.6863217447490566], [4.211007773535206, 1.3187465371035092, 0.45473956268202936, 0.0725058445530622, 1.0705551401370412], [-1.9892546582210633, -1.4419670963557891, 0.04382542266126163, -2.1449680567423908, -1.7891176396278938], [2.821230637369629, -1.3968612085398266, 0.10800990268280164, 0.42078960318864, 0.8715545062479553], [-0.11645341021923894, -3.37834027546175, 0.36870331142154006, 1.4048949599662297, 2.079007662720014], [-3.1889551296123075, -5.568161598158613, 0.4247543885651701, 1.9959831466247966, 1.951682898764731], [4.937121777136422, -2.9003393422853936, 0.010607214578556278, -0.0689188913079728, -2.2769327944689928], [-3.058133260371774, 4.063030881571073, 0.5531355952854683, -2.9384098085539874, -0.2221949378426511], [-0.2261776327607894, -0.39704393112140046, 0.12706164672544942, 0.4749634353343444, -1.8461761599260489], [2.5066176539044296, 3.393607839627135, 0.5380085246640709, 0.9369279481723312, -2.9577391602856395], [-3.357339123321717, 1.6584989642541625, 0.3509422856525006, -2.6007107058886745, -2.3690253522897695]], "Final Predicted Pose 0": [0.2653876543045044, 0.3677498400211334, 0.3104594647884369, -0.7436420917510986, -0.6660643219947815, -0.05792035907506943], "Predicted Translation Error 0": "0.3884333058516755cm", "Predicted Rotation Error 0": "tensor([0.9922], grad_fn=<DivBackward0>)"}