{"num_updates": "204", "penalty": "tensor(608.1201, dtype=torch.float64, grad_fn=<AddBackward0>)", "Starting Pose": [-0.10644806921482086, 0.0708770826458931, -0.2976919412612915, -0.5462543368339539, 0.7617703676223755, -0.1666744351387024, 0.30582955479621887], "Starting Soft Arm States": [2.700000047683716, -15.0, 10.0, 31.132104873657227, 13.58891773223877, 35.40446853637695], "Number of Trajectories": 1, "Final Desired Pose": [0.08560697734355927, 0.18312208354473114, -0.30229640007019043, -0.7584820985794067, -0.5402801632881165, 0.3644203841686249], "Predicted Trajectory 0": [[0.42683236427066806, 0.2808456180146454, 0.3835955031861926, -0.21614894270896912, -0.730292797088623, 0.6480370759963989], [0.412723571062088, 0.2746472954750061, 0.4025627374649048, -0.38001367449760437, -0.7395313382148743, 0.5555924773216248], [0.4424618184566498, 0.3101266026496887, 0.3924044966697693, -0.5224030613899231, -0.7289004921913147, 0.44249194860458374], [0.4790440797805786, 0.3368453085422516, 0.38817501068115234, -0.5974344611167908, -0.6921886205673218, 0.40490368008613586], [0.513462483882904, 0.37951114773750305, 0.3755662441253662, -0.7102258205413818, -0.6071164011955261, 0.3563552498817444], [0.5476575493812561, 0.4196271300315857, 0.36374813318252563, -0.8069324493408203, -0.5136972665786743, 0.29150503873825073], [0.5862383842468262, 0.46683913469314575, 0.351925790309906, -0.9069878458976746, -0.3860444128513336, 0.16835328936576843], [0.6143894195556641, 0.5166508555412292, 0.3431703448295593, -0.9744226932525635, -0.22456413507461548, 0.008443498983979225], [0.621758222579956, 0.5487616062164307, 0.3815045952796936, -0.9853392243385315, -0.10307978838682175, 0.13594529032707214], [0.6317513585090637, 0.530302882194519, 0.3708609640598297, -0.9916467070579529, -0.11467117071151733, 0.05905335769057274], [0.6350462436676025, 0.5327574610710144, 0.37488996982574463, -0.9953798055648804, -0.0792151466012001, 0.054260071367025375], [0.6340122222900391, 0.5345034003257751, 0.3697100579738617, -0.9980263113975525, -0.05351048335433006, 0.03286494314670563], [0.636026918888092, 0.5437743663787842, 0.3780680298805237, -0.9964900016784668, -0.022839851677417755, 0.0805361345410347], [0.6237350702285767, 0.5816378593444824, 0.37491902709007263, -0.9953595995903015, 0.022546330466866493, 0.0935468077659607], [0.620457649230957, 0.5877162218093872, 0.39343640208244324, -0.9822943806648254, 0.035421598702669144, 0.1839650422334671], [0.6137272715568542, 0.5850511789321899, 0.38814589381217957, -0.9866107702255249, -0.07587839663028717, 0.14436635375022888], [0.6079620718955994, 0.6115310192108154, 0.3796941936016083, -0.9816548824310303, 0.022331636399030685, 0.18935447931289673], [0.6216132044792175, 0.583833634853363, 0.41057249903678894, -0.9497708082199097, -0.06114661693572998, 0.3069145679473877], [0.6307113766670227, 0.5765290856361389, 0.408597469329834, -0.9432910680770874, -0.224459707736969, 0.24458079040050507], [0.6222665905952454, 0.6219077706336975, 0.41253337264060974, -0.937411904335022, -0.18809333443641663, 0.293052613735199], [0.635313093662262, 0.6094377040863037, 0.40241074562072754, -0.9138579964637756, -0.3190616965293884, 0.25112372636795044]], "Control Inputs 0": [[-4.920846676088876, 9.855418925873032, 0.4185916766798273, -2.941095489225354, 2.9872569778848854], [-4.936706550360903, 9.831920923818391, 0.4793995220856312, -0.5887162669182429, 2.968957501627264], [-4.797558290923197, 9.828131154221126, 0.21202304307237607, -2.876969653703283, 2.928416996883966], [-4.829704590384555, 9.801918680517232, 0.5362572498218687, -2.305804536838964, 2.956622399800221], [-4.974047551098886, 9.74059689432228, 0.5616154788145736, -2.944694060381557, 2.8762149489709845], [-4.839994590807644, 9.853974068763286, 0.3918674207081288, -2.926520122477155, 2.8601507717307957], [-0.4416372825829544, 9.817891981188435, 0.18682878580228887, 2.831500446754214, 2.974591356567988], [-0.9347161283803862, -4.955571092689303, 0.006881203526280013, -1.0321212261507566, 2.9084735080988793], [-0.4775725200858689, -9.644674980313734, 0.12823555134323675, -1.0843179581456373, 2.957593569080479], [0.24048159445927197, -9.802873161632215, 0.16325334699179475, -0.5918094662222511, 2.948229207906307], [0.6404268269342044, -9.861777604351724, 0.19041342584183507, 0.6690806093536632, 2.9475252443175233], [-1.7809794318882464, -9.763705813866105, 0.4951663457496966, 1.1847595629885204, 2.025898474735306], [4.8308523039327795, 9.725554644313377, 0.1154958408731741, 1.3840463208079212, -0.9149693330090716], [-3.1435603316056966, -9.634164188747961, 0.1347966146184363, 0.7085238646970291, -0.7345945812590937], [4.780869064461321, 9.637575721294123, 0.18778041113868923, -1.2092607771322588, -1.1691313089015913], [-1.3960823074822692, -9.674145050971207, 0.42618373880691307, 2.8486567816134816, 2.9148989643719094], [-4.883058295878496, -9.802760859606707, 0.18938280316774736, 0.7910243255508744, -2.846128112022725], [3.2403961557778374, 9.88935995456248, 0.3249287549347892, -0.10053889802703209, -2.846812111196977], [0.7302520988184078, 9.723507763407902, 0.126008380237768, -2.0452469498182553, -2.971126731049654], [-4.823773635444094, 9.784747292886209, 0.6896597138224722, 2.9395769127259843, -2.9444421447971703]], "Final Predicted Pose 0": [0.635313093662262, 0.6094377040863037, 0.40241074562072754, -0.9138579964637756, -0.3190616965293884, 0.25112372636795044], "Predicted Translation Error 0": "2.516440630615014cm", "Predicted Rotation Error 0": "tensor([0.9570], grad_fn=<DivBackward0>)"}