{"num_updates": "1529", "penalty": "tensor(0.0019, dtype=torch.float64, grad_fn=<AddBackward0>)", "Starting Pose": [0.1978272646665573, 0.23204341530799866, -0.209058478474617, -0.2575685679912567, -0.48345398902893066, -0.6375085711479187, -0.5417689085006714], "Starting Soft Arm States": [-41.70000076293945, -48.29999923706055, 10.0, 22.3919734954834, 35.18257141113281, 2.8583285808563232], "Number of Trajectories": 1, "Final Desired Pose": [-0.33142486214637756, 0.09839515388011932, -0.2755207121372223, -0.8719136118888855, -0.25807449221611023, 0.41613009572029114], "Predicted Trajectory 0": [[0.7967425056272157, 0.7900270584977538, 0.6111369560446951, -0.28028979897499084, -0.44171953201293945, 0.8522449731826782], [0.8010061383247375, 0.8181202411651611, 0.5438522100448608, -0.4178348779678345, -0.23823633790016174, 0.8767310976982117], [0.7713361382484436, 0.8014899492263794, 0.4821527302265167, -0.5899466276168823, -0.05742082744836807, 0.8053979277610779], [0.7226452827453613, 0.7899883389472961, 0.39512529969215393, -0.7755980491638184, 0.14950592815876007, 0.6132663488388062], [0.6588379144668579, 0.7702558040618896, 0.32273805141448975, -0.8576008081436157, 0.29759469628334045, 0.4194738268852234], [0.5761910080909729, 0.7286321520805359, 0.3105645775794983, -0.8320732712745667, 0.3169943392276764, 0.4551578164100647], [0.507881224155426, 0.6656469106674194, 0.2963777184486389, -0.8674224615097046, 0.19114196300506592, 0.45939427614212036], [0.45920324325561523, 0.7016927599906921, 0.2842448651790619, -0.8503628969192505, 0.29854515194892883, 0.43330565094947815], [0.4086207449436188, 0.6695713996887207, 0.3004729151725769, -0.8345357775688171, 0.22403140366077423, 0.5033487677574158], [0.35499605536460876, 0.6460998058319092, 0.3368664085865021, -0.7690027952194214, 0.17545998096466064, 0.6146938800811768], [0.30649322271347046, 0.5363199710845947, 0.37900039553642273, -0.7079015970230103, -0.07368451356887817, 0.7024571299552917], [0.2691759467124939, 0.49872028827667236, 0.408173143863678, -0.6705222725868225, -0.1594623178243637, 0.7245492339134216], [0.2360638976097107, 0.4356106221675873, 0.4385372996330261, -0.6180927157402039, -0.3270964026451111, 0.7148211598396301], [0.2192588746547699, 0.43321138620376587, 0.4740448594093323, -0.571038007736206, -0.387503057718277, 0.7237105369567871], [0.20804530382156372, 0.40826818346977234, 0.484937846660614, -0.5286436080932617, -0.5108769536018372, 0.6778942942619324], [0.20030920207500458, 0.36784738302230835, 0.46819233894348145, -0.5306090116500854, -0.6324278116226196, 0.5643483400344849], [0.19224582612514496, 0.39094066619873047, 0.45991334319114685, -0.6058844327926636, -0.5817965269088745, 0.542602002620697], [0.17935751378536224, 0.40966904163360596, 0.4361264407634735, -0.7149357795715332, -0.5230919122695923, 0.463941365480423], [0.17012014985084534, 0.3792991042137146, 0.4439404308795929, -0.712357759475708, -0.5364170074462891, 0.4525519907474518], [0.15783105790615082, 0.3843693137168884, 0.4317171573638916, -0.791097104549408, -0.488831102848053, 0.367708683013916], [0.15666230022907257, 0.38520175218582153, 0.4437811076641083, -0.7989228963851929, -0.48481056094169617, 0.3559228479862213]], "Control Inputs 0": [[4.97957947165793, -6.149867984875497, 0.6088017589461551, -2.9790841869832905, -2.999931447991793], [4.994727172880593, -4.32331199296303, 0.6279388848996816, -2.9346867406427886, -2.9592662787067967], [4.977665732554641, -1.5567670735694694, 0.4841949112684522, -2.764856351101515, -2.9809451680770223], [4.974139419273948, -0.6797334433845066, 0.2869823628779052, 2.9461983735459807, -2.954755268382099], [4.931624473598212, -8.270445990942482, 0.11822903381394012, 1.3554985831795472, -2.960595971871931], [4.899944308860011, 4.292772699031486, 0.384012995465348, -0.9827550818944291, -2.9842755476485596], [4.995170869325856, 7.8964120363003545, 0.4401230071307448, 0.27859009165322757, -2.980018670012651], [4.811524075719138, 7.364516263953572, 0.14405209317300535, 2.8918159548298936, -2.9579835343328353], [4.950602634858402, -5.27319109849424, 0.4376237236349697, 2.262493098479334, -2.9515826591054695], [4.78581532564009, -6.215276082091847, 0.24767640156090204, -1.0628982998341046, -2.985333900554568], [4.839536588389647, -5.483768591134507, 0.3155043307511554, -1.8946428842893634, -2.881621252831598], [4.905217378710828, -1.2144557472553892, 0.0012003409505194848, -0.8946370948972455, -2.932972404206851], [-0.5480310981371836, 5.853509256382424, 0.325160584952505, 0.38920966798910506, -2.9797644017871727], [2.162111815172066, -0.4329823674737039, 0.16330881231830857, -2.7267769138250006, -2.9246081417109266], [-0.9180694607394884, -2.4733679726496973, 0.28605194978958753, -1.1259597803414845, 2.5557240786147517], [0.7825110716704069, 3.2339773557793006, 0.27836594770670686, -2.930997975025647, 0.7242494098847994], [0.8723870346807496, -7.578468663948444, 0.1255647516701071, -0.9353483276084211, 2.8575863840438087], [-0.7049359372409061, -8.712903677644327, 0.33755039782303575, -1.2840850375271957, 2.170743990998626], [1.8205943674171339, -7.6638189484140735, 0.1413619307926357, -0.7586790803091956, 0.8162847796066144], [-3.0889063521351856, -0.3854320246218208, 0.11569176680989868, -2.109298232636032, -1.4964992381888003]], "Final Predicted Pose 0": [0.15666230022907257, 0.38520175218582153, 0.4437811076641083, -0.7989228963851929, -0.48481056094169617, 0.3559228479862213], "Predicted Translation Error 0": "0.6288170786184135cm", "Predicted Rotation Error 0": "tensor([0.9698], grad_fn=<DivBackward0>)"}