{"num_updates": "1220", "penalty": "tensor(255.6857, dtype=torch.float64, grad_fn=<AddBackward0>)", "Starting Pose": [-0.1171317771077156, 0.09510336071252823, -0.346181720495224, -0.30158770084381104, 0.8332537412643433, -0.24433507025241852, 0.39374271035194397], "Starting Soft Arm States": [0.5, -74.0, 10.0, 13.860493659973145, 13.804191589355469, 35.40115737915039], "Number of Trajectories": 1, "Final Desired Pose": [0.10281311720609665, 0.20100164413452148, -0.3148469030857086, -0.7932559847831726, -0.5613484382629395, 0.2358662486076355], "Predicted Trajectory 0": [[0.413844088663637, 0.35738499791960265, 0.2591116517289544, -0.5080230236053467, -0.3101878762245178, 0.8035521507263184], [0.4007858335971832, 0.3490886092185974, 0.21853913366794586, -0.7168050408363342, -0.44825831055641174, 0.5340926051139832], [0.4307490289211273, 0.38523054122924805, 0.19679376482963562, -0.8224326372146606, -0.4783811867237091, 0.30782440304756165], [0.4690506160259247, 0.4080035984516144, 0.21190503239631653, -0.8210709095001221, -0.4578317701816559, 0.34092894196510315], [0.5098073482513428, 0.4580117464065552, 0.19520923495292664, -0.9225792288780212, -0.3486677408218384, 0.16516172885894775], [0.5576780438423157, 0.4847213327884674, 0.2181694358587265, -0.9489629864692688, -0.2769353687763214, 0.15091747045516968], [0.6064307689666748, 0.5242457389831543, 0.2574644684791565, -0.9640233516693115, -0.16568291187286377, 0.207865908741951], [0.6153146028518677, 0.5607308149337769, 0.2784774601459503, -0.9720398187637329, -0.0423457995057106, 0.23096634447574615], [0.6065724492073059, 0.5434539318084717, 0.3089868724346161, -0.9251117706298828, -0.025123707950115204, 0.37886276841163635], [0.6396306753158569, 0.525672197341919, 0.31329020857810974, -0.9766119718551636, -0.061611875891685486, 0.2059929072856903], [0.6451839208602905, 0.5574931502342224, 0.2947930097579956, -0.9977225065231323, -0.045157015323638916, 0.05010535567998886], [0.6074241995811462, 0.5616151690483093, 0.27511632442474365, -0.9980384707450867, 0.004902639426290989, 0.06241090968251228], [0.6006178855895996, 0.5831678509712219, 0.3156713843345642, -0.9694435596466064, 0.09677716344594955, 0.22541843354701996], [0.6073811650276184, 0.5116105079650879, 0.2828282117843628, -0.9817267656326294, -0.18381215631961823, 0.049250151962041855], [0.6054349541664124, 0.6045705676078796, 0.3333336114883423, -0.951888918876648, 0.09434282034635544, 0.2915593385696411], [0.6320449709892273, 0.5279953479766846, 0.3538918197154999, -0.9354068636894226, -0.11145230382680893, 0.3355479836463928], [0.6456179022789001, 0.5932644009590149, 0.38465383648872375, -0.9280005097389221, -0.010173932649195194, 0.37244001030921936], [0.6256203055381775, 0.6058186292648315, 0.3609260320663452, -0.9363268613815308, -0.048324573785066605, 0.34778842329978943], [0.6241552829742432, 0.6222596168518066, 0.4098447859287262, -0.865100085735321, 0.03548311069607735, 0.500342607498169], [0.6400153040885925, 0.5691913366317749, 0.3884250819683075, -0.9057788252830505, -0.26473069190979004, 0.33088111877441406], [0.6546908617019653, 0.6095980405807495, 0.3748777508735657, -0.9473408460617065, -0.2138572335243225, 0.23834918439388275]], "Control Inputs 0": [[-4.92138825113505, 9.81305194829605, 0.0009181974787960364, -2.951351673896414, 2.9690426354352564], [-4.8639737857538545, 9.50957950169072, 0.3748771832482387, 2.7841702576930123, 2.975147945665623], [-4.834195991888446, 9.56041653682938, 0.0003226867984430278, -2.5085428567815136, 2.9901325689876463], [-4.822697455381589, 9.844552694391723, 0.3824620561996196, 0.68312782363554, 2.9692214879730576], [-4.904059163526729, 9.8355390272244, 0.14312932903325742, 2.359488358176888, 2.9809166554198487], [-4.8126530273736225, 9.736658108933991, 0.0005482471861836477, 1.8538877494838628, 2.922367846350469], [4.459843355356464, 9.855529793621553, 0.023169716569716094, 2.8635587357180725, 2.9769572179380157], [-4.924394803326607, -9.820220872197963, 0.6063369166177103, -2.8584653885085376, 2.993812281100359], [-4.919422376581257, -9.819617134720637, 0.4473662688435444, -2.863134514360675, 2.9341739023706968], [4.8322633063380085, 9.81606922003266, 0.5701593543669591, -0.28876931538120765, -2.244235018221393], [4.900646231865487, 9.805859850158175, 0.3580246268626037, 2.85456053289628, 2.9923846801436333], [-4.914982467570572, -9.808210385711346, 0.03974202833249772, -2.8374512978028172, -2.900340764274245], [4.901137637605938, 9.824935063535289, 0.07066851424444817, 2.8515644712489765, 2.946570529470743], [-4.874086497690561, -9.82782345295918, 0.4049106335159069, 2.8766549669740913, 2.9551286234045095], [-4.755344062898703, -9.827490402666246, 0.4760195227684751, 2.8450668028017967, 2.9428321537256314], [2.5305247817238836, 9.728172553730047, 0.0436568584346871, -1.4855997002758732, -2.940327832195885], [4.903912529487396, 9.826748287680442, 0.4317888298022628, 2.828084349714752, 1.3737624166503597], [-4.777965816578113, -9.883813388956964, 0.06203984717134, -2.8414036868360046, -2.8361307022910074], [1.7837431114465812, 9.820928326946298, 0.5603578746366176, -2.949851664094259, -2.9440951205715606], [-4.902377783600168, 9.814484884142516, 0.3805825883231914, 2.861151224513785, -2.9438330345339807]], "Final Predicted Pose 0": [0.6546908617019653, 0.6095980405807495, 0.3748777508735657, -0.9473408460617065, -0.2138572335243225, 0.23834918439388275], "Predicted Translation Error 0": "3.668110917465671cm", "Predicted Rotation Error 0": "tensor([0.9278], grad_fn=<DivBackward0>)"}