{"num_updates": "697", "penalty": "tensor(150.7737, dtype=torch.float64, grad_fn=<AddBackward0>)", "Starting Pose": [-0.1452832818031311, 0.12365691363811493, -0.33797457814216614, -0.04502582177519798, 0.6133645176887512, -0.7432768940925598, 0.2632416784763336], "Starting Soft Arm States": [2.299999952316284, -70.9000015258789, 10.0, 9.531827926635742, 23.421977996826172, 35.39784622192383], "Number of Trajectories": 1, "Final Desired Pose": [0.02187373861670494, 0.2209409475326538, -0.30595871806144714, -0.4342903196811676, -0.2579953670501709, 0.8630355000495911], "Predicted Trajectory 0": [[0.379620062192466, 0.4475957694213817, 0.2801811782499479, -0.8573529720306396, 0.3360884189605713, 0.38985949754714966], [0.37026628851890564, 0.4737805128097534, 0.25540444254875183, -0.9028621315956116, 0.30409345030784607, 0.30391964316368103], [0.37491375207901, 0.5124353170394897, 0.2383074164390564, -0.9210676550865173, 0.2510968744754791, 0.2976319193840027], [0.41476306319236755, 0.5104126930236816, 0.22048306465148926, -0.9203546643257141, 0.24168941378593445, 0.30746322870254517], [0.45886316895484924, 0.5476878881454468, 0.21423977613449097, -0.8984079957008362, 0.32708796858787537, 0.29304689168930054], [0.5012082457542419, 0.5668081045150757, 0.22495968639850616, -0.8669092655181885, 0.3762378394603729, 0.32697632908821106], [0.5425500273704529, 0.5967148542404175, 0.2556273639202118, -0.808143138885498, 0.4406191408634186, 0.3908446729183197], [0.5759429335594177, 0.6252073049545288, 0.29479432106018066, -0.7409538626670837, 0.5035688281059265, 0.4443036615848541], [0.5759451389312744, 0.660312831401825, 0.3153607249259949, -0.6619390249252319, 0.5989633202552795, 0.4506436586380005], [0.5437690615653992, 0.6551443934440613, 0.3386625647544861, -0.5845682621002197, 0.5927249789237976, 0.5540371537208557], [0.5169232487678528, 0.701175332069397, 0.35234296321868896, -0.45278725028038025, 0.680932343006134, 0.5755994915962219], [0.4969295561313629, 0.7211277484893799, 0.38258907198905945, -0.25403502583503723, 0.7104269862174988, 0.6563228368759155], [0.47331541776657104, 0.7437853813171387, 0.39490586519241333, -0.1230514645576477, 0.7516852617263794, 0.647940993309021], [0.426211416721344, 0.7261784076690674, 0.391033411026001, -0.1724557876586914, 0.7295792698860168, 0.6617953181266785], [0.42566943168640137, 0.7605476379394531, 0.37377458810806274, -0.046842463314533234, 0.8224354982376099, 0.5669264793395996], [0.457332968711853, 0.7550178170204163, 0.3543848395347595, 0.07838763296604156, 0.868503212928772, 0.489446222782135], [0.5103022456169128, 0.7679595351219177, 0.35757073760032654, 0.20710797607898712, 0.8454931974411011, 0.49218645691871643], [0.5589694976806641, 0.7653439044952393, 0.3864419460296631, 0.2070399969816208, 0.7157300114631653, 0.6669820547103882], [0.597308874130249, 0.7575819492340088, 0.3886866867542267, 0.1470094919204712, 0.6121406555175781, 0.7769632935523987], [0.584220826625824, 0.779394268989563, 0.4255908131599426, 0.0936913937330246, 0.4163479506969452, 0.9043651223182678], [0.5499984622001648, 0.7108222246170044, 0.39644232392311096, -0.19265080988407135, 0.13908638060092926, 0.9713602066040039]], "Control Inputs 0": [[4.875697848678522, 9.279246389571533, 0.010015770341019989, -1.019349502646601, 2.9909406247534296], [-4.931263879556618, 7.826762055576779, 0.004827294298262015, 2.833042842474482, 2.9906684111908977], [-4.937275311318936, 5.27579768499125, 0.0008694279211697833, 1.1796296929265377, 2.977607883470535], [-4.99579690607129, 9.126127299728186, 0.007579567159832726, 1.6249577273148024, 2.924100569736683], [-4.7792178128479685, 9.15442122600107, 0.008234819250268562, 2.9374434620927303, 2.9951797876043837], [-4.866797607617547, 9.194208442203884, 0.00420498160285154, 2.830131932806168, 2.8943820743506334], [-2.250132066148149, 9.528980165555428, 0.0033380230476608786, 0.8347928005329139, 2.939601361482799], [4.079497697711565, 1.3483947188851992, 0.003292656723555531, 2.869901842589943, 2.935247375302577], [3.8624251755289, 4.397851482102071, 0.006075488806563629, 0.5033999029397536, 2.9180750277381753], [4.346151508553717, 9.527206281579105, 0.00753069212874387, 2.9431647448491223, 2.946787656451633], [4.74441379564084, 9.724151511625116, 0.0004172698811252013, 0.47150690899393366, 2.838374402138327], [4.721299834853912, 3.311012559105915, 0.004617665954609382, -2.882910983216305, -2.8318311096388444], [4.963948117455283, 9.60625856265299, 0.0022763183564279534, -2.983150276437478, 2.9170348213783264], [-2.275180340671916, 6.868814639056488, 0.0017914509710620452, -1.2261289190542317, 2.9571543072476407], [-4.914006784529281, 2.1516291726613765, 0.0028894205735530056, 2.8841841192676023, 2.8137227991481737], [-4.80661235969067, 9.100855413697222, 0.012345478632387065, 2.988601912394217, -2.9908051645655767], [-4.951018225390254, 9.548452356999825, 0.001445572955393707, -2.6597132008597573, -2.9506825613524197], [-4.932566487747728, 9.49148660040802, 0.6996248726926991, 2.9597271625440094, -2.986715210841569], [4.935098306654197, 9.409490959429874, 0.6980873922326507, -2.864592395400116, -2.9951930164039666], [-4.972866158994978, 9.575735360146417, 0.6975032299090961, -2.9209693672921317, -2.958865308084473]], "Final Predicted Pose 0": [0.5499984622001648, 0.7108222246170044, 0.39644232392311096, -0.19265080988407135, 0.13908638060092926, 0.9713602066040039], "Predicted Translation Error 0": "3.3177227012247124cm", "Predicted Rotation Error 0": "tensor([0.8861], grad_fn=<DivBackward0>)"}