{"num_updates": "0", "penalty": "tensor(94.6113, dtype=torch.float64, grad_fn=<AddBackward0>)", "Starting Pose": [-0.07024119049310684, 0.17650577425956726, -0.34674152731895447, 0.12825706601142883, -0.24804268777370453, -0.9188895225524902, -0.2786880135536194], "Starting Soft Arm States": [-2.5, -1.899999976158142, 10.0, 8.839638710021973, 35.12627029418945, 19.47418212890625], "Number of Trajectories": 1, "Final Desired Pose": [0.00859703030437231, 0.1758635938167572, -0.3343011438846588, -0.8837463855743408, -0.38836556673049927, 0.2610833942890167], "Predicted Trajectory 0": [[0.4708493782533065, 0.6145640098388128, 0.2576745053737644, -0.8117662072181702, -0.575793445110321, -0.09745509922504425], [0.48351776599884033, 0.660544216632843, 0.27191200852394104, -0.9247714281082153, -0.3626590073108673, -0.11522313207387924], [0.5231897234916687, 0.6839882135391235, 0.24716593325138092, -0.9550651907920837, -0.12082356959581375, -0.2706512212753296], [0.5315406918525696, 0.6321547627449036, 0.2559969425201416, -0.9736309051513672, -0.13871686160564423, -0.18110908567905426], [0.5593844652175903, 0.6354876160621643, 0.261013001203537, -0.9749228954315186, -0.14264985918998718, -0.17081081867218018], [0.5692833662033081, 0.6151262521743774, 0.2683500349521637, -0.9837712049484253, -0.13713327050209045, -0.11570947617292404], [0.5642687678337097, 0.6159570217132568, 0.2928873300552368, -0.9956200122833252, -0.09037817269563675, 0.02392861805856228], [0.5620822310447693, 0.6224445700645447, 0.2920030951499939, -0.9971739053726196, -0.06158120185136795, 0.0430363193154335], [0.5593777894973755, 0.6159223914146423, 0.29564258456230164, -0.9958291053771973, -0.0003440426953602582, 0.09123765677213669], [0.5650667548179626, 0.5960767865180969, 0.2969152629375458, -0.9958740472793579, -0.003594461129978299, 0.09067599475383759], [0.57285076379776, 0.5930846333503723, 0.2963949143886566, -0.9963608980178833, -0.0347115620970726, 0.0778464525938034], [0.5583546757698059, 0.6143803596496582, 0.2841634452342987, -0.9949042201042175, 0.016171228140592575, 0.09951917827129364], [0.5535387396812439, 0.6126828193664551, 0.2931059002876282, -0.9867150187492371, 0.07677678763866425, 0.1431741863489151], [0.5564630627632141, 0.5963866114616394, 0.28722554445266724, -0.9955244660377502, -0.03723995015025139, 0.0868571549654007], [0.5531625151634216, 0.6235425472259521, 0.2876964807510376, -0.989018440246582, 0.09138289093971252, 0.11615454405546188], [0.5601429343223572, 0.5892041325569153, 0.2877400517463684, -0.9927610158920288, 0.009673980064690113, 0.11971595883369446], [0.5620604753494263, 0.5877414345741272, 0.3063613474369049, -0.9829213619232178, -0.037477727979421616, 0.18016904592514038], [0.5568874478340149, 0.6018358469009399, 0.30459460616111755, -0.9792084693908691, -0.07332437485456467, 0.18914079666137695], [0.5575620532035828, 0.6058071255683899, 0.3058318793773651, -0.9736632108688354, -0.09369857609272003, 0.20784738659858704], [0.5591162443161011, 0.6104891300201416, 0.3110365867614746, -0.9589799046516418, -0.1514316350221634, 0.23963721096515656], [0.5649185180664062, 0.5994827151298523, 0.29884544014930725, -0.9590553045272827, -0.19710414111614227, 0.20337869226932526]], "Control Inputs 0": [[-4.832797419990987, 9.870386071923257, 0.011752662913293703, 0.03961499821479775, 2.896618446483294], [-4.911634560962866, -3.3216785110836318, 0.5158690819030934, 2.865419556905991, -2.91931359798012], [-4.946303512702922, -7.874266797316152, 0.004882519288960115, 1.2543044006861068, -2.8975342661424937], [-3.3790690672735075, -2.154199394744462, 0.5191705854529602, 0.4287362864043387, -2.0656813430113026], [-0.2820058572591524, 0.5959233884153363, 0.2997942472383655, 2.929322539323384, -1.3177949691418815], [-0.033691797670934776, -1.0682301279047106, 0.007027888703500511, -0.5607894589517861, -1.3564983006168896], [1.4182368337041824, 2.312122755970808, 0.15495890866797213, -0.42376149901429017, 0.3119045262800819], [-1.7150198403733006, -9.806339492455068, 0.5512501503617971, -0.3245628424150264, 2.3586650678760304], [-1.3517192229841313, -9.800107316789008, 0.42521616771160914, -0.41240426437120625, 0.9294465687985305], [-0.8420271060524334, 1.262662953994555, 0.5008521059840604, -0.16443758706733425, -1.7650303163945016], [4.8828548393231355, 9.90229333309684, 0.39102239998007315, -0.013253110622830189, -0.7196230141723303], [-4.188063882115228, -9.414519122477968, 0.07107937354610541, 0.11224927851143685, 0.9744716220746437], [3.2411434026137425, 6.843673886921621, 0.1289105501557486, -0.6380924290544518, -0.7559708577245026], [-2.000491688153663, -9.70424780542341, 0.3252358414109738, 0.4914192341647823, 2.93078321595907], [-1.8684919956881392, -9.791554723106078, 0.3723722152879528, 2.939951867658678, 1.3291447894553565], [0.8365305175148974, 1.5013159157580702, 0.0032137106531549605, -0.06984930190193195, -2.933922429763656], [0.9762573267025498, 5.606878585230765, 0.4788244298267739, -0.2137135704047317, -2.882387926591448], [-0.3573516562364407, 5.5462816118433445, 0.06761237788835195, -0.1461622908034883, -2.9759512531056913], [-0.6734567479086904, 9.871566276988151, 0.4485290344187425, -0.7274782145287335, -2.94238375888533], [-1.5062833247926197, 9.797085800382813, 0.3927360152448911, -0.574403936600941, -2.9417682546439146]], "Final Predicted Pose 0": [0.5649185180664062, 0.5994827151298523, 0.29884544014930725, -0.9590553045272827, -0.19710414111614227, 0.20337869226932526], "Predicted Translation Error 0": "0.566896710638044cm", "Predicted Rotation Error 0": "tensor([0.9772], grad_fn=<DivBackward0>)"}