{"num_updates": "5984", "penalty": "tensor(0.0002, dtype=torch.float64, grad_fn=<AddBackward0>)", "Starting Pose": [-0.026372287422418594, 0.06597724556922913, -0.33062130212783813, -0.5676891803741455, 0.6972618103027344, 0.3120002746582031, 0.3069379925727844], "Starting Soft Arm States": [-6.0, -26.100000381469727, 10.0, 29.737791061401367, 3.5968844890594482, 35.40115737915039], "Number of Trajectories": 1, "Final Desired Pose": [-0.35605961084365845, 0.1382606476545334, -0.11452412605285645, -0.23692172765731812, 0.6601347327232361, 0.7128044366836548], "Predicted Trajectory 0": [[0.524181181160345, 0.26536529988853275, 0.2990586434303033, -0.1670362502336502, -0.9831852912902832, 0.0737939104437828], [0.5001122951507568, 0.2685416340827942, 0.3245050609111786, -0.30857759714126587, -0.9510987997055054, 0.013819140382111073], [0.45595186948776245, 0.2896276116371155, 0.34907951951026917, -0.40222084522247314, -0.9155382513999939, 0.002849723445251584], [0.4105289876461029, 0.2913390100002289, 0.376384437084198, -0.45214909315109253, -0.8910873532295227, 0.03904496133327484], [0.35874319076538086, 0.31028369069099426, 0.40892845392227173, -0.5250809192657471, -0.8389109373092651, 0.14324283599853516], [0.31123021245002747, 0.33261749148368835, 0.44202709197998047, -0.5981089472770691, -0.7717434763908386, 0.2160504162311554], [0.26521024107933044, 0.3448413908481598, 0.49844950437545776, -0.5966112613677979, -0.7273861765861511, 0.3390637934207916], [0.22132712602615356, 0.3735818862915039, 0.553865373134613, -0.6390916705131531, -0.6246101260185242, 0.4488028287887573], [0.1923791617155075, 0.3791365921497345, 0.6076972484588623, -0.6286293864250183, -0.5471686720848083, 0.5526586174964905], [0.17011605203151703, 0.36106106638908386, 0.6721456050872803, -0.4978320896625519, -0.5756803154945374, 0.6486566066741943], [0.15342575311660767, 0.3815317451953888, 0.7093668580055237, -0.48036742210388184, -0.5442012548446655, 0.6878169775009155], [0.14294613897800446, 0.40622469782829285, 0.726289689540863, -0.4803368151187897, -0.4615878462791443, 0.7457970976829529], [0.13997843861579895, 0.4366849660873413, 0.750519335269928, -0.4708697199821472, -0.34731483459472656, 0.810958743095398], [0.13438068330287933, 0.4454009234905243, 0.7567239999771118, -0.43542832136154175, -0.2783079445362091, 0.856123149394989], [0.13105317950248718, 0.47602197527885437, 0.7815697193145752, -0.39147111773490906, -0.10438662022352219, 0.9142504334449768], [0.13425230979919434, 0.475018709897995, 0.7880678772926331, -0.2667653560638428, -0.037258099764585495, 0.9630410671234131], [0.13145263493061066, 0.5055158734321594, 0.805571436882019, -0.21548712253570557, 0.1322958618402481, 0.967503547668457], [0.1231742650270462, 0.4661071002483368, 0.8217539191246033, -0.11694848537445068, 0.019404597580432892, 0.9929484128952026], [0.13475120067596436, 0.5159115791320801, 0.7997955679893494, -0.1352759301662445, 0.20225849747657776, 0.9699442982673645], [0.12980197370052338, 0.5226678848266602, 0.793289065361023, -0.08645525574684143, 0.2969575524330139, 0.950968861579895], [0.1310480833053589, 0.5504027605056763, 0.8112277984619141, -0.09871435910463333, 0.4229152500629425, 0.9007765054702759]], "Control Inputs 0": [[4.99169882536844, 9.471532789927043, 0.007413254775357616, -0.13867821896944266, 2.9584935550506923], [4.928857930843412, 8.73829999414125, 0.20432111612935844, 0.876500454510837, 2.9891063131257454], [4.874195005880052, 5.282764471253101, 0.007243554831436539, -0.9932881670265785, 2.963633776987086], [4.860159527601494, 9.158621087055227, 0.24056164636382718, -1.0719109928035817, 2.9631766299004676], [4.900369517953386, 9.29959360174081, 0.03558491621695473, 1.9709169800365363, 2.8959262871620055], [4.876195814447062, 9.191374757921814, 0.0042325529537538785, -0.5456903672823916, 2.9462847231153377], [4.837250716783881, 9.232569875318202, 0.011261063839285167, 0.06726434668669024, 2.5797160734454962], [3.2038484501979276, -2.724608596312403, 0.17214787249930905, 1.8726959611792422, 2.915727409327003], [4.632584996815243, -3.3331789537715277, 0.07160750627644853, -0.9741311184424819, 0.5828986722101059], [-0.27399516841374183, 9.07755888099204, 0.41727768762962775, -0.3223907513879447, 0.9307446805178881], [2.9551876036703018, 9.355286167414121, 0.2781999488037305, 0.5958474029527028, 1.8248660760168027], [-1.7602387103539, 3.534582738565371, 0.27249947583769163, -0.3624785499672334, 1.659529066792575], [3.34475367897676, 8.672516079099946, 0.033463722756833236, 0.15419628826223386, 1.1222095415792772], [-0.9015721828291525, 1.4467165299276932, 0.40129217927202787, 2.0059355525052656, 1.3623244391529257], [0.6038868741147629, 6.3290126849012545, 0.23975819328250705, 0.3839463454558496, 1.061398605611794], [1.1549685937219136, -1.7365719112689941, 0.3138839866816017, 1.117794329360322, -2.8819156329305344], [1.2549631018757577, 8.029890844887031, 0.00989787909254699, -1.7790396810486968, 1.5929358282779926], [-4.861201596156693, -0.1667966520978421, 0.42484446224914696, -0.9022896817821482, 2.217189491129953], [4.529927117257445, 6.906873272083448, 0.009565133502602458, 0.2311904929957067, 1.2762842064981923], [-4.734450783438412, -2.670774555584714, 0.007232185249328412, -2.6138289854249677, 2.709985465583131]], "Final Predicted Pose 0": [0.1310480833053589, 0.5504027605056763, 0.8112277984619141, -0.09871435910463333, 0.4229152500629425, 0.9007765054702759], "Predicted Translation Error 0": "2.523663299581441cm", "Predicted Rotation Error 0": "tensor([0.9446], grad_fn=<DivBackward0>)"}