{"num_updates": "3247", "penalty": "tensor(0., dtype=torch.float64, grad_fn=<AddBackward0>)", "Starting Pose": [0.18611803650856018, 0.14401449263095856, -0.18112406134605408, -0.2703685760498047, -0.352952778339386, -0.8759581446647644, -0.18714286386966705], "Starting Soft Arm States": [-44.900001525878906, 1.7999999523162842, 10.0, 31.360626220703125, 35.24549865722656, 27.101511001586914], "Number of Trajectories": 1, "Final Desired Pose": [0.14918473362922668, 0.08417315781116486, -0.2881869375705719, -0.621100902557373, 0.6745349764823914, 0.39904409646987915], "Predicted Trajectory 0": [[0.7825074962104177, 0.5119125608076885, 0.6828507045359057, -0.7837567329406738, -0.13700395822525024, 0.6057683229446411], [0.7795543074607849, 0.5199147462844849, 0.6375377178192139, -0.7858127355575562, -0.19373533129692078, 0.5873371362686157], [0.7471315860748291, 0.49140653014183044, 0.6082294583320618, -0.7293522357940674, -0.3149077296257019, 0.6073536276817322], [0.7080551981925964, 0.4829366207122803, 0.5613116025924683, -0.6996932029724121, -0.38427701592445374, 0.6022961139678955], [0.6783825159072876, 0.46330368518829346, 0.5197819471359253, -0.6976497173309326, -0.4643317461013794, 0.5456015467643738], [0.6744937300682068, 0.43421149253845215, 0.5263681411743164, -0.638155996799469, -0.5170717835426331, 0.5704328417778015], [0.6844732761383057, 0.42682114243507385, 0.5308894515037537, -0.6318724751472473, -0.5955483913421631, 0.4960436522960663], [0.6824293732643127, 0.41711291670799255, 0.5014985203742981, -0.6335675120353699, -0.7037314176559448, 0.321487694978714], [0.6880435943603516, 0.4168434739112854, 0.47893255949020386, -0.665235698223114, -0.7384197115898132, 0.11044333130121231], [0.6800273060798645, 0.3598078787326813, 0.4573732614517212, -0.5954892635345459, -0.8033626079559326, 0.0010326281189918518], [0.6534332633018494, 0.3235730528831482, 0.4308774471282959, -0.5998401045799255, -0.7880249619483948, 0.13859429955482483], [0.6509779691696167, 0.34255895018577576, 0.4416745901107788, -0.6299233436584473, -0.7263696789741516, 0.27492475509643555], [0.6599891781806946, 0.2409767508506775, 0.4596481919288635, -0.33547306060791016, -0.8705390095710754, 0.3600274324417114], [0.6378245949745178, 0.33828654885292053, 0.48789453506469727, -0.514828622341156, -0.6387959122657776, 0.5717441439628601], [0.6557087302207947, 0.3000566363334656, 0.5201789140701294, -0.4022381603717804, -0.6112812757492065, 0.6815714240074158], [0.6444355249404907, 0.34282270073890686, 0.5321049690246582, -0.43310508131980896, -0.39662498235702515, 0.8093878626823425], [0.644303560256958, 0.3778313994407654, 0.5552664995193481, -0.42634347081184387, -0.14408816397190094, 0.8930116295814514], [0.6625949144363403, 0.3933790922164917, 0.5494166016578674, -0.5640910267829895, 0.06951402872800827, 0.8227813243865967], [0.6867987513542175, 0.3902791738510132, 0.5504158139228821, -0.6315714716911316, 0.22449788451194763, 0.7421039342880249], [0.684008777141571, 0.3862490653991699, 0.514503002166748, -0.6996191740036011, 0.3353947699069977, 0.6309067606925964], [0.6852825284004211, 0.3996269404888153, 0.45462244749069214, -0.7839291095733643, 0.39935502409935, 0.4753637909889221]], "Control Inputs 0": [[4.847362105533103, -4.306399892808387, 0.17778033042950048, -1.3222866124374388, -2.989129788568866], [4.7941829396501365, -6.612304814742793, 0.4430296911823075, -1.4363961676769017, -2.97046317695613], [4.747133225466641, -3.4753728018803223, 0.33617772503626847, -2.436561661752303, -2.9083035251793743], [1.7984650072096784, -4.11359610962645, 0.2744843152952361, 2.158101781178119, -2.998450132806064], [-3.3508493173520186, -4.429583498424953, 0.2573845056021463, -1.779315530526852, -2.9597755892538937], [-0.8581608987700449, 0.5092486515991048, 0.49767047775931916, -2.9117093467324198, -2.939600550707486], [0.6429804669592221, 6.239545988224439, 0.5017428950109348, -2.893762963404224, -2.946409159418761], [-3.5409815932735573, 5.830286635509591, 0.25875036539100726, -0.7890345085839754, -2.8930338556252315], [4.753473790797324, -6.510958579205722, 0.6854427189036286, 0.8602407199009301, 2.680064509124291], [4.768029300393449, -9.056455336894976, 0.3993787717986673, 1.383505355294341, 2.911935735525627], [-4.827409549648619, -8.595743588332443, 0.49460216264699614, 1.0382065670819127, -2.867060074071102], [4.811598025126681, -6.195711202825434, 0.009261977300708527, 2.9552570414284833, 2.965570034561317], [-4.7384108040306865, 1.0029796916757192, 0.31696693093053346, 2.564317508040519, 2.681807248252621], [-1.6752147826643284, -5.530589054641966, 0.23254715746777993, 0.5744517159966, 2.971193158349773], [2.553438959837206, -7.391477986774266, 0.2394178150711542, 2.992822659856988, 2.9151704625242916], [-4.7490978725175665, -2.3935861102629685, 0.24400804106242052, -2.833983121204777, 2.933469938781913], [-4.863092263343011, -9.739183589025824, 0.00017294672768995972, -2.877246800139101, 2.932331005821198], [-4.882900622248828, -9.729181574624546, 0.20238929684263746, -2.9541925198992427, 2.982975248129936], [4.639452749857771, -9.913559958414679, 0.0215033090062655, -2.9730752367810704, 2.8888727007762194], [-4.581422100931514, -6.22762055022009, 0.07767169092673128, 2.9422931892994653, 2.9136298267636755]], "Final Predicted Pose 0": [0.6852825284004211, 0.3996269404888153, 0.45462244749069214, -0.7839291095733643, 0.39935502409935, 0.4753637909889221], "Predicted Translation Error 0": "5.265803729846157cm", "Predicted Rotation Error 0": "tensor([0.9460], grad_fn=<DivBackward0>)"}