{"num_updates": "1939", "penalty": "tensor(0., dtype=torch.float64, grad_fn=<AddBackward0>)", "Starting Pose": [-0.19970695674419403, 0.0974322259426117, -0.24843467772006989, -0.5645666122436523, 0.4751583933830261, -0.6385074257850647, 0.21862617135047913], "Starting Soft Arm States": [12.600000381469727, -59.70000076293945, 10.0, 27.94273567199707, 26.462312698364258, 35.39122009277344], "Number of Trajectories": 1, "Final Desired Pose": [-0.10722073912620544, 0.19076471030712128, -0.33972713351249695, -0.7237952351570129, -0.40605342388153076, 0.5578898787498474], "Predicted Trajectory 0": [[0.3134567323103278, 0.36474270677205295, 0.5100496544470952, -0.266934335231781, -0.25732824206352234, 0.9287239909172058], [0.3128938674926758, 0.3842088282108307, 0.47768765687942505, -0.4347628653049469, -0.280111163854599, 0.8558732271194458], [0.3451499938964844, 0.4326966106891632, 0.43505704402923584, -0.5715144276618958, -0.23776908218860626, 0.78538978099823], [0.3807831108570099, 0.476278692483902, 0.3849746286869049, -0.7190443277359009, -0.15796701610088348, 0.6767730116844177], [0.4205950200557709, 0.5288456678390503, 0.34287402033805847, -0.8368118405342102, -0.00965479202568531, 0.5474055409431458], [0.4337259531021118, 0.5827218890190125, 0.3164231777191162, -0.9063841700553894, 0.1683053821325302, 0.38748040795326233], [0.4439106583595276, 0.6023111343383789, 0.2913563549518585, -0.9193761348724365, 0.27175667881965637, 0.2844217121601105], [0.4436185359954834, 0.6230432987213135, 0.26643961668014526, -0.9282179474830627, 0.33847424387931824, 0.15442365407943726], [0.4272748529911041, 0.6675231456756592, 0.26661545038223267, -0.8571468591690063, 0.48617249727249146, 0.1701047420501709], [0.4098958969116211, 0.6549245715141296, 0.26767927408218384, -0.8282751441001892, 0.5096626281738281, 0.2328183650970459], [0.41415178775787354, 0.6456431746482849, 0.24972748756408691, -0.8598537445068359, 0.48547711968421936, 0.15799859166145325], [0.41620010137557983, 0.6232991218566895, 0.23462025821208954, -0.91424560546875, 0.39634594321250916, 0.08405280113220215], [0.4125378429889679, 0.5976077318191528, 0.22580604255199432, -0.9731138348579407, 0.22095780074596405, 0.06501688063144684], [0.3967670798301697, 0.643206000328064, 0.2573986351490021, -0.9296643733978271, 0.2942386269569397, 0.22169308364391327], [0.3951612412929535, 0.639178991317749, 0.2685924470424652, -0.8888410329818726, 0.31149977445602417, 0.3360498249530792], [0.40887919068336487, 0.6184844970703125, 0.2722901403903961, -0.8955473899841309, 0.221340611577034, 0.38600921630859375], [0.4097997844219208, 0.5925942063331604, 0.2538139522075653, -0.932868242263794, 0.04014941304922104, 0.35797351598739624], [0.411436527967453, 0.6466718912124634, 0.30108001828193665, -0.8311663866043091, 0.191415473818779, 0.5220367908477783], [0.4230528771877289, 0.5808104276657104, 0.2977140247821808, -0.8446261286735535, -0.0512896403670311, 0.5328941345214844], [0.4469446837902069, 0.5821645259857178, 0.27516689896583557, -0.8688585162162781, -0.17899973690509796, 0.4615669846534729], [0.4313569962978363, 0.6325592994689941, 0.292342871427536, -0.8257507085800171, -0.1430693417787552, 0.5455885529518127]], "Control Inputs 0": [[-4.950318906827749, 9.816994310063322, 0.07608408999972295, -2.9696546171607916, 2.9905528724514783], [-4.89135918210283, 9.812895779747059, 0.3487142472482186, -2.9634647190032184, 2.961832374226357], [-4.989401159396379, 9.813282028677389, 0.332734151671164, -2.9561977869517304, 2.958731786631043], [-4.850255276105211, 9.800792121137107, 0.23481676351879738, -2.916590664920856, 2.950379373115748], [2.3393190466605818, 9.517712187501523, 0.18231341919292626, -2.9820991984678304, 2.9294053360078536], [-2.237412171684441, -2.700888262697558, 0.4190574265919173, -2.566151301155389, 2.9405932776574417], [2.6587804872494125, 9.79672220185272, 0.4579342735346521, -0.9306204249766692, 2.8290164796555164], [4.589032970335326, 9.812715768671506, 0.1768354762934733, 0.9449182807217973, 2.8682152326602317], [-1.6985010932801292, -9.596782310935927, 0.4874790688420543, 0.3667259677216279, 2.8690662130350884], [-3.351483850978039, -9.790376567008312, 0.33875009151878765, -0.21971231265568925, -0.5303947040961399], [0.07896475742620002, -9.810737507257336, 0.4137266946042817, -1.8030911795175695, -2.875108896581764], [2.1997204562037513, 9.88742632565818, 0.0111733164492637, 2.947919659978411, -2.9128468435382833], [2.4571765112995605, 9.81440262742587, 0.41220551518216886, 2.942094978390389, 2.055374446080097], [-3.586732869170162, -9.820334291841904, 0.23402846204325062, 2.8403959663072245, 2.4518901646792965], [-3.348143753040132, -9.640024085714101, 0.3260911861297219, -0.9015739400427849, -2.857757685301278], [4.930747815299105, 9.826244018243624, 0.33671033010266055, 2.8933912664412, 0.769490517026576], [-4.954551163926588, -9.815275671411062, 0.16238474200564915, 2.9253987504428043, 0.3397636706831544], [-1.6198302546112284, -9.7844079071417, 0.35783975637340204, -2.8492840127781602, -2.8266748245088995], [-0.8510790502653549, 9.500482385680424, 0.17628669558174526, 0.38045260984730866, -2.9534575479026675], [4.824011387368797, 9.813394088552236, 0.20675561344872329, 2.8486972109144304, -2.9424128671358574]], "Final Predicted Pose 0": [0.4313569962978363, 0.6325592994689941, 0.292342871427536, -0.8257507085800171, -0.1430693417787552, 0.5455885529518127], "Predicted Translation Error 0": "1.1646654863338977cm", "Predicted Rotation Error 0": "tensor([0.9601], grad_fn=<DivBackward0>)"}