{"num_updates": "2538", "penalty": "tensor(0., dtype=torch.float64, grad_fn=<AddBackward0>)", "Starting Pose": [0.18161779642105103, 0.23097530007362366, -0.22144243121147156, -0.32182440161705017, -0.5993974804878235, -0.5491143465042114, -0.48541226983070374], "Starting Soft Arm States": [-41.70000076293945, -48.29999923706055, 10.0, 22.3919734954834, 35.18257141113281, 2.8583285808563232], "Number of Trajectories": 1, "Final Desired Pose": [-0.23680557310581207, 0.17158126831054688, -0.2802642583847046, -0.6548610329627991, -0.04543400928378105, 0.7543824315071106], "Predicted Trajectory 0": [[0.7770365156163814, 0.7866525047391766, 0.5793446452257325, -0.32160791754722595, -0.14729222655296326, 0.9353466629981995], [0.777344286441803, 0.7995114326477051, 0.5006041526794434, -0.3923940062522888, 0.1651085913181305, 0.9048569202423096], [0.7378173470497131, 0.7676926255226135, 0.4382650554180145, -0.4956795871257782, 0.35136091709136963, 0.7942589521408081], [0.688823938369751, 0.725343644618988, 0.36210864782333374, -0.6454147100448608, 0.45754730701446533, 0.6116291880607605], [0.6309864521026611, 0.6918448209762573, 0.3250414729118347, -0.6865440011024475, 0.4519213140010834, 0.5695828199386597], [0.5659385323524475, 0.6792839169502258, 0.3177694082260132, -0.646587610244751, 0.47227898240089417, 0.599063515663147], [0.5091601014137268, 0.6548182964324951, 0.3255467414855957, -0.6194370985031128, 0.4457685649394989, 0.6462104320526123], [0.46489134430885315, 0.6457584500312805, 0.3423965871334076, -0.5828446745872498, 0.41170281171798706, 0.7005661725997925], [0.4157331585884094, 0.6234726905822754, 0.36600929498672485, -0.5117945075035095, 0.37463292479515076, 0.7731213569641113], [0.3644455373287201, 0.5805746912956238, 0.40627607703208923, -0.41632863879203796, 0.3795340657234192, 0.8262108564376831], [0.31910207867622375, 0.6073026061058044, 0.4050590991973877, -0.4713262617588043, 0.48507800698280334, 0.736580491065979], [0.28300127387046814, 0.594039261341095, 0.4319169521331787, -0.4777156114578247, 0.4235883951187134, 0.7696497440338135], [0.27855852246284485, 0.6044046878814697, 0.42659759521484375, -0.5510928630828857, 0.4011567533016205, 0.7316898107528687], [0.26925572752952576, 0.5824723839759827, 0.42505955696105957, -0.565741240978241, 0.31470224261283875, 0.7621675133705139], [0.2601715922355652, 0.6070446372032166, 0.4399406909942627, -0.5478237271308899, 0.34352877736091614, 0.7628086805343628], [0.2704285681247711, 0.5967076420783997, 0.4176550805568695, -0.5820650458335876, 0.36415183544158936, 0.7270445823669434], [0.2544693648815155, 0.5964547991752625, 0.43365395069122314, -0.5835676789283752, 0.35822391510009766, 0.7287827730178833], [0.25892412662506104, 0.6044708490371704, 0.4183942973613739, -0.6244711875915527, 0.33105602860450745, 0.7074162364006042], [0.2839753329753876, 0.623931884765625, 0.41022077202796936, -0.629432737827301, 0.3116300106048584, 0.711829423904419], [0.2714543640613556, 0.5916825532913208, 0.37612077593803406, -0.7250936031341553, 0.13972415030002594, 0.6743267178535461], [0.2653735876083374, 0.5867329835891724, 0.4318196475505829, -0.628869354724884, 0.11789579689502716, 0.7685205936431885]], "Control Inputs 0": [[4.887502321040781, -9.413557337308765, 0.6988727260833426, -2.981284384815937, -2.7995392615823507], [4.962556198768128, -9.530655473305531, 0.6988497374401003, -2.883731085324877, -2.976763042418202], [4.844296186950988, -9.401164699826074, 0.23003529291452127, 0.8515788316180042, -2.9997533426960525], [4.8487259950093335, -1.8852729809401279, 0.601601423299919, 2.8728646305647842, -2.970484052400776], [4.93989666901788, -0.7958393949907006, 0.33956102635854485, 2.945290682072466, -2.9609816645751277], [4.8443403180490385, 0.3977049674508315, 0.013261387976695451, 1.8200223065457353, -2.958617938257269], [4.951033211247488, 3.04687551282502, 0.12240563141697682, 1.0740290744111016, -2.988019778019713], [4.937474229554633, -5.216319817913945, 0.6596318226267153, 2.9396355888795735, -0.8874877463132966], [4.720782785367296, -4.4391193169240175, 0.3128243565194955, -2.8273393884911164, 2.942109589472916], [4.2659664961287405, 1.386960005601635, 0.5034721007556244, -2.841910741378961, -1.2257875004159633], [4.88801161776693, 3.52490744128591, 0.39347415968063637, -2.8249228321251945, -1.0923608244285328], [-4.558704090021771, 0.8621573849074888, 0.0032551071912390395, -0.4458859867317444, -1.8089598084503165], [4.818744281179876, 4.175612907751185, 0.003054366701162688, -0.7343070096841267, -0.04193357860163882], [-3.443373742611568, -2.207140532852349, 0.2452965754149208, 1.7640892631366212, 2.9294114169941388], [-2.932473387779196, 0.212028907585049, 0.27923863840171964, 1.7199154218008204, -0.2929933572260044], [4.902246282352904, 0.013169122655986243, 0.0030716179798912866, -2.925583875573712, 0.9242909655438858], [-4.802481480184997, 7.441925794947235, 0.3834838386954423, 0.9115390627393287, -2.9389652609040757], [-2.881627355522544, 0.9676557964455892, 0.001954331386212195, -2.938407192277322, -1.1271415620444944], [4.8281179649522326, 9.819749314007733, 0.37256306282439744, 2.9398842469694797, -2.9379059843923834], [-4.869626740867619, -9.801570223436443, 0.1176145578294554, -2.9453594276144424, 2.994269785892053]], "Final Predicted Pose 0": [0.2653735876083374, 0.5867329835891724, 0.4318196475505829, -0.628869354724884, 0.11789579689502716, 0.7685205936431885], "Predicted Translation Error 0": "0.47904073669810254cm", "Predicted Rotation Error 0": "tensor([0.9862], grad_fn=<DivBackward0>)"}