{"num_updates": "2493", "penalty": "tensor(0.0251, dtype=torch.float64, grad_fn=<AddBackward0>)", "Starting Pose": [0.1691049039363861, 0.22522155940532684, -0.2240484058856964, -0.3273702561855316, -0.3039345443248749, -0.7891036868095398, -0.42162537574768066], "Starting Soft Arm States": [-40.599998474121094, 86.0999984741211, 15.600000381469727, 18.059995651245117, 35.066654205322266, 13.678339004516602], "Number of Trajectories": 1, "Final Desired Pose": [0.12083182483911514, 0.09385081380605698, -0.33521735668182373, -0.4783864915370941, -0.1988532692193985, 0.8553383946418762], "Predicted Trajectory 0": [[0.7618244845629994, 0.7684744031887002, 0.5726545391998317, -0.4301215708255768, -0.4664139747619629, 0.7729511260986328], [0.744051456451416, 0.7410158514976501, 0.5047642588615417, -0.4235781133174896, -0.31236380338668823, 0.850300133228302], [0.7011268138885498, 0.6975988745689392, 0.45673754811286926, -0.45612871646881104, -0.15443502366542816, 0.8764110803604126], [0.6857905983924866, 0.6653987765312195, 0.4206763207912445, -0.537559986114502, -0.027320580556988716, 0.8427827954292297], [0.6697856187820435, 0.6365014314651489, 0.3656267523765564, -0.6579161882400513, 0.06431804597377777, 0.7503396272659302], [0.6388388276100159, 0.5286740660667419, 0.35114216804504395, -0.6616222858428955, -0.10249961167573929, 0.7427985668182373], [0.6299106478691101, 0.5099450945854187, 0.3200153410434723, -0.7924332618713379, -0.1258443295955658, 0.5968354940414429], [0.6297033429145813, 0.4760940670967102, 0.2927079498767853, -0.8752775192260742, -0.21969866752624512, 0.43083837628364563], [0.6280487775802612, 0.4463844299316406, 0.2759338319301605, -0.9161578416824341, -0.2816168963909149, 0.2852137088775635], [0.6319663524627686, 0.39635080099105835, 0.28303754329681396, -0.9012366533279419, -0.3793361485004425, 0.20946751534938812], [0.6407426595687866, 0.3324681222438812, 0.29861390590667725, -0.8427304625511169, -0.5149518847465515, 0.1569393277168274], [0.6405201554298401, 0.285338819026947, 0.3116482198238373, -0.7867007851600647, -0.6047947406768799, 0.12379501014947891], [0.642481803894043, 0.32488343119621277, 0.359570175409317, -0.8191814422607422, -0.510151743888855, 0.26208171248435974], [0.6874111890792847, 0.2859545946121216, 0.42908409237861633, -0.6889370083808899, -0.6444321274757385, 0.33177265524864197], [0.704944908618927, 0.33378976583480835, 0.4682181775569916, -0.6999959945678711, -0.6339568495750427, 0.32879215478897095], [0.6997272968292236, 0.31691426038742065, 0.4209895730018616, -0.6789303421974182, -0.7104633450508118, 0.18519045412540436], [0.6650077700614929, 0.302158921957016, 0.402652770280838, -0.6806411147117615, -0.6759463548660278, 0.28253182768821716], [0.6302938461303711, 0.32400771975517273, 0.34941568970680237, -0.7497473359107971, -0.6251363158226013, 0.21698738634586334], [0.5835557579994202, 0.33622822165489197, 0.33063286542892456, -0.7697995901107788, -0.5687142610549927, 0.2897804379463196], [0.5648475885391235, 0.36604297161102295, 0.35555508732795715, -0.7834357619285583, -0.42082270979881287, 0.457314670085907], [0.5949074029922485, 0.37540820240974426, 0.3979436457157135, -0.7250803112983704, -0.39148253202438354, 0.5665687918663025]], "Control Inputs 0": [[4.942118133075141, -9.729523416849151, 0.02323772899321775, -1.9116682711473276, -2.983579911881067], [2.199169413844313, -9.762875311608793, 0.035382608319384584, -1.2256126404589296, -2.996061275960038], [-0.23287870145324874, -9.943703845881947, 0.0009128673136874442, -2.403766298331656, -2.9495915720501187], [4.8239577144117085, -9.883514277010436, 0.002280864491246419, 2.5632842352870666, -2.927783785891557], [0.42551911402076303, -9.571822687495048, 0.0015886264821054006, -0.46532443040607374, -2.990765756923986], [-1.2942235586188962, -8.885221216923963, 0.016725903212089985, -2.1563027511557418, -2.891283526442328], [-0.7679330797076798, -5.424155419999412, 0.06268677894032962, -1.1326917956215974, -2.961986539175048], [-1.1232092918290713, -5.586861291742354, 0.005183647657408946, 0.7621792715588853, -2.967468145892969], [-1.2674222656800098, -9.885949660710079, 0.09385069573944035, 1.5056172287609852, -2.841160706350981], [-0.228207066904913, -9.620957850538396, 0.002691294062015788, 1.1443567378651132, -2.8392168251873264], [1.550077892763201, -9.807375561996095, 0.018788414241816646, 2.8305762973351802, 2.8381129197280623], [-4.86125428138228, -1.9522961112995727, 0.003932013016201676, 2.9909976168115024, -1.7048167479032723], [-4.73632728692772, 9.578319890025899, 0.02983056361831657, 2.9750402075051507, -2.9747514376232806], [0.5348491385108103, 9.64464264616754, 0.0014280780754171143, -2.5300507082141426, -2.9691085394511143], [4.8842449689117196, -9.583989826831976, 0.0018743344997043246, -0.6662791652256814, 2.9633669290006877], [4.88129474537044, -9.643404732457117, 0.003270420435910204, -2.8842288040087922, 2.962453707942677], [4.892934024298105, -9.819618718013418, 0.004054962092731219, -0.7890209128898511, 2.933615524747683], [4.694685800898643, -9.813071616100006, 0.05119179378331565, 2.99427274796978, 2.9502706307727653], [-4.969228162167899, -9.46220190311412, 0.0034760293589709322, 2.8942764176849822, 2.840753498596153], [-4.914535984977016, 9.78113634223817, 0.004193035345402988, 2.931847045053427, 2.9115901924225955]], "Final Predicted Pose 0": [0.5949074029922485, 0.37540820240974426, 0.3979436457157135, -0.7250803112983704, -0.39148253202438354, 0.5665687918663025], "Predicted Translation Error 0": "9.916193856537534cm", "Predicted Rotation Error 0": "tensor([0.9093], grad_fn=<DivBackward0>)"}