{"num_updates": "875", "penalty": "tensor(527.2428, dtype=torch.float64, grad_fn=<AddBackward0>)", "Starting Pose": [-0.09408396482467651, 0.08026757836341858, -0.3592012822628021, -0.5498939156532288, 0.6070232391357422, 0.49597010016441345, 0.2883628010749817], "Starting Soft Arm States": [0.6000000238418579, -69.4000015258789, 10.0, 20.222673416137695, 1.7124077081680298, 35.394535064697266], "Number of Trajectories": 1, "Final Desired Pose": [-0.27683788537979126, 0.0913364589214325, -0.28704148530960083, -0.5156992077827454, -0.591512143611908, 0.6198126673698425], "Predicted Trajectory 0": [[0.4418635123573823, 0.31051351488442597, 0.22568759373738134, -0.2289271354675293, -0.9536354541778564, -0.19537603855133057], [0.41608935594558716, 0.32094910740852356, 0.27068719267845154, -0.3561941385269165, -0.9061905145645142, -0.22791332006454468], [0.36882320046424866, 0.34581223130226135, 0.31355276703834534, -0.42322248220443726, -0.8812670111656189, -0.2103598415851593], [0.31950002908706665, 0.3622693121433258, 0.35963279008865356, -0.49102339148521423, -0.8609927892684937, -0.13261736929416656], [0.2731698453426361, 0.339976966381073, 0.39191603660583496, -0.5177618265151978, -0.8553903698921204, -0.015159464441239834], [0.24080538749694824, 0.3340686857700348, 0.41601866483688354, -0.48017609119415283, -0.8770232200622559, -0.01615986041724682], [0.2300923615694046, 0.36903977394104004, 0.43710052967071533, -0.5834369659423828, -0.8119683265686035, -0.017568591982126236], [0.24110671877861023, 0.36900076270103455, 0.4082147777080536, -0.5696738958358765, -0.8126283288002014, -0.12290971726179123], [0.22436895966529846, 0.3492317497730255, 0.4259217381477356, -0.5927691459655762, -0.8051953911781311, -0.016881145536899567], [0.21812529861927032, 0.3303886353969574, 0.4254571795463562, -0.5369271039962769, -0.8436285257339478, 0.0004300986183807254], [0.21457380056381226, 0.34768912196159363, 0.41049644351005554, -0.5878825187683105, -0.807793140411377, -0.0431782566010952], [0.22521460056304932, 0.3325191140174866, 0.4222886264324188, -0.49554121494293213, -0.8681415319442749, -0.027733799070119858], [0.24058134853839874, 0.362370103597641, 0.43011584877967834, -0.5414637327194214, -0.8364707827568054, 0.08446158468723297], [0.27661359310150146, 0.3469484746456146, 0.3849619925022125, -0.4843493700027466, -0.8721729516983032, 0.0687018483877182], [0.2709600329399109, 0.3441581726074219, 0.3940144181251526, -0.5000317096710205, -0.8350471258163452, 0.2294876128435135], [0.27457207441329956, 0.3524045944213867, 0.4067542254924774, -0.4940796494483948, -0.7883054614067078, 0.36668771505355835], [0.2668130397796631, 0.3397802710533142, 0.39697301387786865, -0.49567490816116333, -0.7759152054786682, 0.39020752906799316], [0.23238666355609894, 0.32853934168815613, 0.41888466477394104, -0.42474424839019775, -0.8179706335067749, 0.38796430826187134], [0.2164866179227829, 0.4379720687866211, 0.41821032762527466, -0.7101920247077942, -0.5578174591064453, 0.4294961392879486], [0.21998834609985352, 0.3487378656864166, 0.37504681944847107, -0.6353443264961243, -0.7326121926307678, 0.24416597187519073], [0.21078218519687653, 0.34524136781692505, 0.43104982376098633, -0.5755919814109802, -0.6809563636779785, 0.4527606666088104]], "Control Inputs 0": [[4.944408775610427, 9.88952208374311, 0.0031343426889039756, 2.1579933734065486, 2.9227648989843864], [4.908271369969146, 9.535540436739367, 0.11001358237842156, 1.057393311524228, 2.838147974825471], [4.831955581384037, 6.554386551495238, 0.010857078925661125, -1.7924375220454223, 2.9076532903605257], [4.948165882606599, -9.554296456011658, 0.6808218762193168, -1.5412395418077525, 2.764700033947138], [2.8913346757210663, 9.791538836577818, 0.12727952681647045, 0.026296942475696916, -1.4863060743544596], [-2.6189068778856694, 9.795288073879927, 0.00827616680686846, -0.5178014841469132, -1.3020747253318843], [-1.3212141978230658, 9.789829327423217, 0.008368773813207152, -0.5634867731097777, 2.8139070172621086], [3.3521659143506373, -9.381908096977337, 0.6796451084705075, -0.10092834310741061, 2.9208840856968745], [-1.1183897584656477, 1.5770528935133026, 0.013377885538671882, -2.841063794482895, 0.0572582177151979], [0.1078157609596655, -0.12174679421930357, 0.3134999091493218, 2.807314780251219, 0.11917195843076112], [-2.367879501225097, 9.749941972608838, 0.005788459268521498, 2.8204918701091355, 2.8512982865198095], [-4.900142416756107, 2.680866503296331, 0.005729315759088907, 0.6178269891933055, 0.02807842617300471], [-4.748993937072539, 2.337463785328808, 0.007069911551495653, -0.5414928756122022, 2.8037371042576815], [4.294558080369612, -9.602897620967878, 0.6706845533099712, 0.22145239818840867, 2.9230396164824484], [-4.723076775646576, -2.088623505747422, 0.06405215805755911, -1.3235519064445669, 2.923758961389483], [4.6155402547426085, -9.571964811305735, 0.2392222862109947, -2.801067386696183, -2.9580179187332276], [4.812386421229688, 9.770562181707266, 0.5344181165649475, -2.940501566470638, 2.802225084903114], [-4.914986707361453, -9.456975844815092, 0.05219468901883809, -2.5512268515437437, 2.8356522665129997], [4.886221922831133, -9.952836227410538, 0.08989420394606586, 2.9369253945903067, -0.6207617373453496], [-4.904297300000922, -9.57010051199821, 0.5791115082233286, -2.8874278395303836, -2.8217387851009725]], "Final Predicted Pose 0": [0.21078218519687653, 0.34524136781692505, 0.43104982376098633, -0.5755919814109802, -0.6809563636779785, 0.4527606666088104], "Predicted Translation Error 0": "1.0725962928416388cm", "Predicted Rotation Error 0": "tensor([0.9803], grad_fn=<DivBackward0>)"}