{"num_updates": "965", "penalty": "tensor(0., dtype=torch.float64, grad_fn=<AddBackward0>)", "Starting Pose": [-0.3790546655654907, 0.07947370409965515, -0.21117927134037018, -0.1153329461812973, 0.9471718072891235, -0.2878875136375427, 0.08175915479660034], "Starting Soft Arm States": [39.20000076293945, 66.9000015258789, 10.0, 7.822881698608398, 12.499299049377441, 35.411094665527344], "Number of Trajectories": 1, "Final Desired Pose": [-0.23564594984054565, 0.09889350831508636, -0.3248160183429718, -0.6639117002487183, -0.7477716207504272, -0.007671196013689041], "Predicted Trajectory 0": [[0.09542217960510435, 0.3080053853358495, 0.6056924176647959, -0.9600275158882141, -0.1714053601026535, 0.22128579020500183], [0.11137717217206955, 0.29035380482673645, 0.5442858338356018, -0.9464015364646912, -0.30960577726364136, 0.09202340245246887], [0.13439887762069702, 0.32745933532714844, 0.5032275915145874, -0.9487568140029907, -0.30523940920829773, 0.08178887516260147], [0.16421595215797424, 0.3352830708026886, 0.4485555589199066, -0.9309713840484619, -0.36306655406951904, 0.038403578102588654], [0.19762927293777466, 0.3530377745628357, 0.397314190864563, -0.9290428161621094, -0.3698680102825165, 0.008786807768046856], [0.23218637704849243, 0.3566719591617584, 0.34590813517570496, -0.9213376641273499, -0.3858981132507324, -0.04711180552840233], [0.2569197118282318, 0.36129480600357056, 0.3277116119861603, -0.9123116731643677, -0.4092249870300293, -0.01491257082670927], [0.26515308022499084, 0.3696872889995575, 0.31202229857444763, -0.9290551543235779, -0.3695887625217438, -0.01614263840019703], [0.2677432596683502, 0.3698844611644745, 0.31164687871932983, -0.9378213286399841, -0.34481292963027954, 0.03993932902812958], [0.2680585980415344, 0.3603261411190033, 0.31588372588157654, -0.9220385551452637, -0.3678327798843384, 0.12059878557920456], [0.26653674244880676, 0.36116963624954224, 0.3084857761859894, -0.9270703792572021, -0.3574884235858917, 0.11288271099328995], [0.26662731170654297, 0.36877962946891785, 0.31090593338012695, -0.9298350811004639, -0.3449699580669403, 0.12807202339172363], [0.2653680741786957, 0.3704734444618225, 0.3137335777282715, -0.9250395894050598, -0.35211628675460815, 0.1425340622663498], [0.26685693860054016, 0.36771315336227417, 0.30788230895996094, -0.9213843941688538, -0.3702346682548523, 0.11822516471147537], [0.26781249046325684, 0.3728363811969757, 0.3148614168167114, -0.9159731268882751, -0.37213653326034546, 0.15002569556236267], [0.27462685108184814, 0.3677830994129181, 0.31870657205581665, -0.8948572278022766, -0.3994704782962799, 0.19913281500339508], [0.28309187293052673, 0.3602074086666107, 0.327176034450531, -0.8393903970718384, -0.46988144516944885, 0.2731945216655731], [0.2645131051540375, 0.365019828081131, 0.3250892460346222, -0.8368224501609802, -0.4945472180843353, 0.23484310507774353], [0.2629294991493225, 0.3701227307319641, 0.32882630825042725, -0.8340250253677368, -0.5183219313621521, 0.18906256556510925], [0.27571725845336914, 0.3616843819618225, 0.3027404844760895, -0.8012357354164124, -0.5940119624137878, 0.07190924882888794], [0.273601770401001, 0.3596879243850708, 0.31337055563926697, -0.7941674590110779, -0.6063370108604431, 0.0406649149954319]], "Control Inputs 0": [[-4.985501430028166, 9.686634103951146, 0.009233356439871802, -0.618025900089719, 2.938002062089784], [-4.91117630013706, 6.142033630958775, 0.06895354055980228, 0.20612074859320284, 2.945838664886062], [-4.9088875864736705, 1.048808604109718, 0.006829396790091301, -0.04260907648875589, 2.744384889588501], [-4.822626226894787, -1.8923869948035072, 0.08451416654336709, 0.06260460141627178, 1.8974712637370201], [-4.759485136538935, -3.5117690147426437, 0.023301961352313535, 2.9359897961656944, 1.9955661574395247], [-2.1248999372052544, -3.677547890128036, 0.007063688290658824, 0.19485922048112592, 1.7662285560886746], [-0.6047496973570201, -3.9256562018634646, 0.17101625653570438, 0.43845792326611743, 1.552557721639019], [-1.0000802482547488, -7.078229806246327, 0.28810558798672636, 1.865158937694396, 2.0480425651454928], [0.06838522121793034, -8.95398969473575, 0.2486974525998943, -0.8912417491803941, 1.071909769258344], [0.2435135201685643, -5.3279308571997595, 0.2890011001348488, -0.050273112379237705, 0.042710709995559704], [-0.7593624030099821, -2.5434363897144623, 0.26783269766442824, 0.9386520968561567, -0.4639245161275647], [0.2572007205922393, -7.0236149227736835, 0.31610759454736787, -0.842975782803868, -0.038492455774352674], [-0.5273354022501726, -3.8646694031667304, 0.3025977540793032, 0.7667059221394545, -0.28603653006316865], [-0.39276686242178904, -3.8816095182900856, 0.29044033549318604, 1.2815709230339705, 0.038900435530252686], [-1.8691310020605836, -5.779251407088414, 0.30930385479459543, 2.950296759761632, -0.2463314455239387], [-1.047409658181293, 1.5345535899138945, 0.37686741458756184, -0.3673245204690132, -2.9073153649080252], [4.890987485054374, 0.7643839519759563, 0.5400247540690245, -1.8905622082542164, -2.865328658544071], [-4.898222639445146, 6.46609052287269, 0.4446600039635218, 0.8379698995809264, -2.9147355542831686], [0.2789096426358375, 6.656810469232976, 0.4329141865852756, 0.9652005518853985, -2.9439912296036654], [0.34155612178296835, -0.6412826007955772, 0.10129127315694235, -2.9104809321636713, -2.944214370501139]], "Final Predicted Pose 0": [0.273601770401001, 0.3596879243850708, 0.31337055563926697, -0.7941674590110779, -0.6063370108604431, 0.0406649149954319], "Predicted Translation Error 0": "0.44025525162231843cm", "Predicted Rotation Error 0": "tensor([0.9803], grad_fn=<DivBackward0>)"}