{"num_updates": "171", "penalty": "tensor(0., dtype=torch.float64, grad_fn=<AddBackward0>)", "Starting Pose": [-0.2816028892993927, 0.18784800171852112, -0.25219637155532837, -0.5050739049911499, -0.660050630569458, 0.516546905040741, -0.20594365894794464], "Starting Soft Arm States": [28.600000381469727, 71.4000015258789, 10.0, 28.585247039794922, 34.963985443115234, 11.883283615112305], "Number of Trajectories": 1, "Final Desired Pose": [-0.33142486214637756, 0.09839515388011932, -0.2755207121372223, -0.8719136118888855, -0.25807449221611023, 0.41613009572029114], "Predicted Trajectory 0": [[0.21389514247790972, 0.6503981174991598, 0.5003925649735214, -0.40497511625289917, 0.879507839679718, -0.2499222457408905], [0.22152000665664673, 0.6539570093154907, 0.503171980381012, -0.379336416721344, 0.9247068166732788, -0.03195524588227272], [0.23541852831840515, 0.6275451183319092, 0.47356855869293213, -0.40238285064697266, 0.9135161638259888, 0.05980229377746582], [0.23273544013500214, 0.5911582708358765, 0.48227232694625854, -0.49863237142562866, 0.8342105150222778, 0.2354964017868042], [0.22923527657985687, 0.5530469417572021, 0.48161885142326355, -0.5890771150588989, 0.7251281142234802, 0.3566195070743561], [0.22553372383117676, 0.5207881927490234, 0.4817395508289337, -0.656182050704956, 0.6050164103507996, 0.4509771168231964], [0.2183590978384018, 0.4888610243797302, 0.49739840626716614, -0.6701513528823853, 0.4732249975204468, 0.5717999935150146], [0.20938090980052948, 0.4645695984363556, 0.47961732745170593, -0.7700031995773315, 0.3367215394973755, 0.5419535636901855], [0.20287740230560303, 0.4346884787082672, 0.46105077862739563, -0.8534597754478455, 0.18087360262870789, 0.4887648820877075], [0.18597951531410217, 0.40259137749671936, 0.47086697816848755, -0.8720066547393799, 0.0002991405490320176, 0.48949378728866577], [0.17457710206508636, 0.39028891921043396, 0.4568004310131073, -0.9195868968963623, -0.17273105680942535, 0.3528793454170227], [0.16996411979198456, 0.3896184265613556, 0.44371867179870605, -0.9363126158714294, -0.2671145796775818, 0.22796592116355896], [0.16289687156677246, 0.39506903290748596, 0.44763389229774475, -0.9370225071907043, -0.3055083751678467, 0.16927345097064972], [0.15891976654529572, 0.37989455461502075, 0.4353826344013214, -0.9264859557151794, -0.3694549798965454, 0.0716015100479126], [0.15925191342830658, 0.37850555777549744, 0.4452786445617676, -0.9093564748764038, -0.38940927386283875, 0.14639393985271454], [0.165771946310997, 0.3782453238964081, 0.43095773458480835, -0.8918033242225647, -0.39693179726600647, 0.2170991599559784], [0.15980802476406097, 0.38534367084503174, 0.44426339864730835, -0.8813073039054871, -0.3883693218231201, 0.26919665932655334], [0.15710726380348206, 0.3670596778392792, 0.46759194135665894, -0.8196720480918884, -0.4453290104866028, 0.36030519008636475], [0.17080692946910858, 0.4053080976009369, 0.4318982660770416, -0.8729580044746399, -0.3638288974761963, 0.32491979002952576], [0.16150809824466705, 0.3590767979621887, 0.4432711601257324, -0.8044838905334473, -0.5120505690574646, 0.30101457238197327], [0.15429413318634033, 0.37739047408103943, 0.44353657960891724, -0.8449485898017883, -0.44377440214157104, 0.2985400855541229]], "Control Inputs 0": [[-4.869612642398161, -8.310871590794033, 0.002446475787411282, -2.9520127533425424, -2.976600588422461], [-1.2876796324174675, -9.758856914534151, 0.009904549717606006, -2.131462791873011, -2.913581396500173], [0.0782031978017379, -9.79549665645295, 0.00220275371842275, -2.941169734461236, -2.9680228821900965], [0.08132636753807976, -9.552015806584016, 0.0037001774472509965, -2.9372505184744857, -2.9623116064570723], [0.7092105105412729, -9.12013723518813, 0.01198432835322266, 0.7946801361446347, -2.949737979619734], [1.0708893100770949, -6.970094113238722, 0.006934187124261984, -2.933172358089978, -2.9468303068430055], [0.21731753891239425, -5.786718290344933, 0.01604456815478446, -2.567956800390571, -2.9435810871996373], [0.5771303086401174, -9.8044705177771, 0.2717746648150269, 0.5303100749889889, -2.825780472393627], [3.887402184292979, -9.752412298231016, 0.009557002576228388, -2.9167554400377624, -2.942159343663525], [-0.3272945020839657, -0.3479223657689854, 0.09173126822509521, -1.62789840671118, -2.8704991289159203], [-0.11377453329434939, 2.4387980996025966, 0.3343735136183091, 0.13565999044934252, -0.97630037215648], [0.6079648261210853, 1.7200246040512308, 0.19083087870434956, -1.608420696525531, -2.935006354390714], [-0.5166028981142015, 2.17454422494154, 0.3845594982115184, 2.230500283516128, 0.3570554917428068], [-1.9048375331296832, 0.5837207833201443, 0.5655326182304705, 2.1380323899619915, 2.119719865899599], [-2.9827847777466316, -2.9113146533257295, 0.6861061711476029, 1.8804705515298403, 2.5575308469516154], [4.900859134595269, -3.2096031385929935, 0.0036280884580925567, 0.16057052211802114, -2.937123046229877], [-4.661414002529634, 1.2108388382561674, 0.3678538601549686, -0.032795489800925726, 2.6828739247880655], [-1.3167527823566587, 1.0423496636636713, 0.2725743561183619, 0.6058577694239125, -2.9415919451656354], [4.611788515042145, 4.769394342046144, 0.015031790415013626, -2.147630129430086, -2.940825601165152], [-4.92907282551593, -9.521665201617395, 0.39522259229058315, -2.9308462589307287, -2.93686848876631]], "Final Predicted Pose 0": [0.15429413318634033, 0.37739047408103943, 0.44353657960891724, -0.8449485898017883, -0.44377440214157104, 0.2985400855541229], "Predicted Translation Error 0": "0.33561925285125344cm", "Predicted Rotation Error 0": "tensor([0.9755], grad_fn=<DivBackward0>)"}