{"num_updates": "151", "penalty": "tensor(0., dtype=torch.float64, grad_fn=<AddBackward0>)", "Starting Pose": [-0.24117709696292877, 0.2016090601682663, -0.2379474639892578, -0.5333879590034485, -0.7636739015579224, -0.3230331242084503, -0.16717952489852905], "Starting Soft Arm States": [19.0, -37.29999923706055, 10.0, 30.77773094177246, 34.91761779785156, 12.605279922485352], "Number of Trajectories": 1, "Final Desired Pose": [-0.09131211042404175, 0.13086968660354614, -0.31610754132270813, -0.9591644406318665, -0.19364379346370697, 0.20616905391216278], "Predicted Trajectory 0": [[0.26304112604114394, 0.6938741676659388, 0.5369726220681388, -0.37509652972221375, 0.7066599130630493, 0.5999452471733093], [0.26811060309410095, 0.6785343885421753, 0.5274662375450134, -0.4310031831264496, 0.6155195832252502, 0.6598271727561951], [0.2941095232963562, 0.6456437110900879, 0.4933279752731323, -0.5391470789909363, 0.5254159569740295, 0.6582237482070923], [0.32376179099082947, 0.618057131767273, 0.4495328664779663, -0.6537862420082092, 0.446720153093338, 0.6107410788536072], [0.35593411326408386, 0.5673202276229858, 0.4105631709098816, -0.7544694542884827, 0.2588469982147217, 0.6031368374824524], [0.3851820230484009, 0.5604655742645264, 0.37653014063835144, -0.8191881775856018, 0.1545010358095169, 0.5523225665092468], [0.40595105290412903, 0.5544710755348206, 0.3754052519798279, -0.8139864802360535, 0.0681057944893837, 0.5768774747848511], [0.4249643385410309, 0.5445684790611267, 0.3580225110054016, -0.8572146892547607, -0.04006095603108406, 0.5133986473083496], [0.4455978274345398, 0.5208151340484619, 0.3448907434940338, -0.8721105456352234, -0.1037561446428299, 0.47818177938461304], [0.4503861665725708, 0.4582068920135498, 0.34341365098953247, -0.8518062829971313, -0.21666982769966125, 0.4769488573074341], [0.46150222420692444, 0.43796443939208984, 0.33118870854377747, -0.8636175990104675, -0.31372904777526855, 0.3946375548839569], [0.4527377784252167, 0.47972577810287476, 0.3278939127922058, -0.8994712233543396, -0.19969744980335236, 0.38868042826652527], [0.4529884159564972, 0.4845028221607208, 0.338572233915329, -0.8845792412757874, -0.165568545460701, 0.4360121786594391], [0.45574212074279785, 0.45667368173599243, 0.3245791494846344, -0.8935638070106506, -0.25148680806159973, 0.37188443541526794], [0.44960665702819824, 0.4771817922592163, 0.33068135380744934, -0.8913966417312622, -0.17770302295684814, 0.41693350672721863], [0.459922730922699, 0.46941816806793213, 0.3310234546661377, -0.8817675113677979, -0.12993939220905304, 0.4534333348274231], [0.44651153683662415, 0.4573313593864441, 0.3348619341850281, -0.8668019771575928, -0.12264422327280045, 0.4833349883556366], [0.44483286142349243, 0.4681076407432556, 0.34421056509017944, -0.8505682349205017, -0.12454070895910263, 0.5109044313430786], [0.46208593249320984, 0.48727384209632874, 0.3090377449989319, -0.9238939881324768, -0.08943543583154678, 0.372050017118454], [0.4440811276435852, 0.4392724335193634, 0.3180203437805176, -0.8630728721618652, -0.2807140052318573, 0.4198867678642273], [0.4471583366394043, 0.471315860748291, 0.3217357099056244, -0.8892583847045898, -0.24531146883964539, 0.38605913519859314]], "Control Inputs 0": [[-4.944854855363737, -8.304927201874383, 0.0009595053603937474, -2.9400737996455137, -2.9383533616591246], [-4.905830818385282, -9.760864976826065, 0.4795833476365037, -1.8803080137423287, -1.5721121890372123], [-4.90267633010575, -9.75223914188185, 0.00672778306844138, -2.9516060397181056, -2.9609909565233803], [-4.815352795751601, -7.773190578392413, 0.4146858225978857, -2.9430790126708115, -2.945033269202027], [-2.6266566565230125, -0.2157894678068164, 0.13523014908183714, 1.429866314477044, -2.6210586252773846], [-2.9923272331507196, 0.05152340301233416, 0.007154852629016767, -1.3572574210860209, -2.739082498352847], [-2.45205509800958, 1.9879693018243145, 0.0070080400999374005, -0.766171738897425, -2.941802829075128], [-4.9018286514761815, -9.72196708686407, 0.5113903926290857, 1.8922855675053487, 0.3999697273677958], [0.41021456849016413, -7.941073705762824, 0.2774438105299565, -2.095258084537286, -2.9356096687138504], [-2.1210858772379493, 2.3298782855026356, 0.4162085485287258, -0.6123402165850464, -0.3919059647313343], [3.039875777194977, 3.8209279062138215, 0.3497571583970577, 0.9828946322254275, 0.22389333865878358], [-2.2840992952244967, 0.7263908858970449, 0.006700189512599548, -1.306427771913489, -1.727119212235682], [1.0961132144437782, 1.6231321524762201, 0.008532523486429903, 0.23336151067851496, -0.012192547795827124], [-0.43799646699380634, 0.3170492764655517, 0.29256459062261203, 0.9497011028021838, 1.4823105257771676], [-3.0616591263778252, -2.8941426696315444, 0.34731440606489217, 1.5347438567339182, 1.650140023968187], [4.893474332066125, 1.7929112077558003, 0.0055795689125638604, -0.6439128172653827, -2.056880277904934], [-3.7469500751839626, 3.3048421132312864, 0.47356738689011335, -2.9369633877007946, 0.1443669154307532], [-0.7716547029155549, -0.2986017153197622, 0.0545463384027725, 0.06903214470428365, -1.6117619187159928], [4.56150709247575, 5.480742082699313, 0.4523386705793315, 0.07096774220988555, -2.942565288622056], [-4.901796279973938, 1.5274234823450836, 0.26531007024637887, -2.9512785075951395, -2.956747288824131]], "Final Predicted Pose 0": [0.4471583366394043, 0.471315860748291, 0.3217357099056244, -0.8892583847045898, -0.24531146883964539, 0.38605913519859314], "Predicted Translation Error 0": "0.590439730459787cm", "Predicted Rotation Error 0": "tensor([0.9800], grad_fn=<DivBackward0>)"}