{"num_updates": "2339", "penalty": "tensor(207.6156, dtype=torch.float64, grad_fn=<AddBackward0>)", "Starting Pose": [-0.24117709696292877, 0.2016090601682663, -0.2379474639892578, -0.5333879590034485, -0.7636739015579224, -0.3230331242084503, -0.16717952489852905], "Starting Soft Arm States": [19.0, -37.29999923706055, 10.0, 30.77773094177246, 34.91761779785156, 12.605279922485352], "Number of Trajectories": 1, "Final Desired Pose": [-0.07913687080144882, 0.11689724028110504, -0.39702481031417847, -0.7787439823150635, 0.5409873127937317, -0.3176327347755432], "Predicted Trajectory 0": [[0.26304112604114394, 0.6938741676659388, 0.5369726220681388, -0.37509652972221375, 0.7066599130630493, 0.5999452471733093], [0.2734360992908478, 0.6950966119766235, 0.5214815735816956, -0.3953605592250824, 0.6514927744865417, 0.6474929451942444], [0.31106019020080566, 0.6932196021080017, 0.4801193177700043, -0.4589006304740906, 0.602901041507721, 0.6526257991790771], [0.35531872510910034, 0.7115580439567566, 0.4351612627506256, -0.5261998772621155, 0.5586472749710083, 0.6411138772964478], [0.39747077226638794, 0.7098079919815063, 0.3963486850261688, -0.6220501661300659, 0.4749453663825989, 0.6224793195724487], [0.43706557154655457, 0.7052093744277954, 0.3720998466014862, -0.7104609608650208, 0.38722965121269226, 0.5876209735870361], [0.4712607264518738, 0.681606650352478, 0.3318497836589813, -0.840135931968689, 0.2555748522281647, 0.478385865688324], [0.47550898790359497, 0.6584667563438416, 0.2924402058124542, -0.920221745967865, 0.19342274963855743, 0.34026405215263367], [0.452785462141037, 0.6042578220367432, 0.26279762387275696, -0.9678158164024353, 0.08515984565019608, 0.23681282997131348], [0.4483979046344757, 0.5556760430335999, 0.2615472674369812, -0.9746841788291931, -0.04138786718249321, 0.2197219729423523], [0.45792335271835327, 0.5203484892845154, 0.22327424585819244, -0.9912281632423401, -0.12231670320034027, 0.050053324550390244], [0.47201961278915405, 0.4763592481613159, 0.2174624353647232, -0.9811980724334717, -0.1929541677236557, 0.004354881588369608], [0.4880504906177521, 0.5182315111160278, 0.1876806765794754, -0.9821574091911316, -0.015533060766756535, -0.18741807341575623], [0.4719533324241638, 0.448170930147171, 0.22235698997974396, -0.9746178388595581, -0.21211592853069305, -0.07160168141126633], [0.4746214747428894, 0.47524142265319824, 0.1971648931503296, -0.9668482542037964, -0.14447976648807526, -0.21054694056510925], [0.43591177463531494, 0.45278337597846985, 0.20335888862609863, -0.9695417881011963, -0.14995278418064117, -0.19365666806697845], [0.4227559566497803, 0.4491119384765625, 0.22913849353790283, -0.9888675212860107, -0.13692215085029602, -0.05825356766581535], [0.46164262294769287, 0.45268183946609497, 0.16942568123340607, -0.9487643241882324, -0.09055659919977188, -0.3027304410934448], [0.46136343479156494, 0.4785507917404175, 0.18230770528316498, -0.9476718306541443, 0.008307441137731075, -0.3191380202770233], [0.45488104224205017, 0.3904383182525635, 0.2027725875377655, -0.9653182625770569, -0.15533198416233063, -0.20983979105949402], [0.4642687439918518, 0.5059528350830078, 0.1707131713628769, -0.8904187083244324, 0.19531019032001495, -0.41110631823539734]], "Control Inputs 0": [[-4.946456708927056, -0.6709754873145748, 0.005972551278667906, -2.9568737758206503, -2.956581914501796], [-4.980834074873154, 5.639530925359457, 0.4674641528944685, -2.940927125113535, -2.975231754497257], [-4.7752865482879105, 9.787743106348913, 0.4950406187699275, -2.958259192145828, -2.9766510024815536], [-4.881944889520233, 9.738308011772187, 0.3819422620771435, -0.6996567731917409, -2.9941787705598433], [-4.814521703556689, 7.264853310791885, 0.3665203098592465, -2.931836100373469, -2.9941720188765415], [-4.7277854967173445, 9.762537979392324, 0.638054264104114, -2.9568891548315617, -2.9757607751529336], [1.838460902099408, 9.788529909725508, 0.5454550895781992, -2.951922374400557, -2.934673107399657], [2.876538830550426, 9.794601409114897, 0.16881353698713886, -0.246449676276975, -2.9128425398990925], [-4.743960867340256, 5.366070259065912, 0.4868110606669648, -1.1384663878102146, -2.8835447224493764], [1.4219498096023049, 7.141918859577906, 0.2584251596841943, -1.7497239655930072, -2.951770946114639], [-4.892275079433586, 6.8036565903374715, 0.3575844152432793, -1.3348994809891939, 2.930160809127524], [4.605091322729919, 5.025961386143134, 0.0071769537277657555, 1.4932329825393742, -2.9576192871667497], [-4.9297054815202745, 9.44211349640036, 0.31750793730109234, 2.544082464024929, -2.8741697419057726], [3.842315707606529, 8.974534131584903, 0.10937280529619092, -2.2513846405186797, -2.8345025070348546], [4.913329747991613, 2.628759853618165, 0.2779392784881288, 0.48247076296097147, 2.9547787878405707], [-4.556412552937201, 8.07826017852637, 0.25641375789432164, -2.224234620747112, -2.9816318332719156], [-4.88961717782578, 6.836325620234756, 0.1222218685624041, 0.06641139577109767, 2.7410768330493385], [4.756822386953436, -9.930237200369183, 0.4518197124075187, 0.057445035496070496, 2.818303570346326], [-4.696761409333772, 9.761212334915395, 0.06293868744804096, 0.4109237804128578, 2.944109160845529], [4.920371043595392, -9.807232972511061, 0.13422639177219312, -0.42899458901719045, -2.909816975354244]], "Final Predicted Pose 0": [0.4642687439918518, 0.5059528350830078, 0.1707131713628769, -0.8904187083244324, 0.19531019032001495, -0.41110631823539734], "Predicted Translation Error 0": "3.02984936336397cm", "Predicted Rotation Error 0": "tensor([0.9296], grad_fn=<DivBackward0>)"}