{"num_updates": "553", "penalty": "tensor(0., dtype=torch.float64, grad_fn=<AddBackward0>)", "Starting Pose": [0.15342146158218384, 0.0576607882976532, -0.30458223819732666, -0.039389777928590775, 0.7556822299957275, -0.38955551385879517, 0.5250137448310852], "Starting Soft Arm States": [-34.5, 71.0, 10.0, 10.14453125, 7.246609687805176, 35.407779693603516], "Number of Trajectories": 1, "Final Desired Pose": [-0.1192585676908493, 0.06958840042352676, -0.29757294058799744, -0.19433216750621796, -0.7406434416770935, 0.6431813836097717], "Predicted Trajectory 0": [[0.7427579887541018, 0.23909067029740527, 0.3659066063953111, -0.4456180930137634, 0.34951165318489075, 0.824176013469696], [0.7306119799613953, 0.235975980758667, 0.2933141589164734, -0.7320364713668823, 0.2826719284057617, 0.6198542714118958], [0.7020206451416016, 0.23866578936576843, 0.27786940336227417, -0.781673014163971, 0.1804080307483673, 0.5970262289047241], [0.6576874852180481, 0.22490322589874268, 0.2843206226825714, -0.7871914505958557, 0.0623677521944046, 0.6135469079017639], [0.5958316922187805, 0.21460913121700287, 0.28296083211898804, -0.7873924970626831, -0.03804692253470421, 0.6152768135070801], [0.5256129503250122, 0.24769853055477142, 0.29522016644477844, -0.7876356244087219, -0.02381424605846405, 0.6156809329986572], [0.46376365423202515, 0.26912930607795715, 0.3267274498939514, -0.7549276947975159, -0.019849352538585663, 0.655507504940033], [0.4200611710548401, 0.2919677793979645, 0.35409122705459595, -0.7726402878761292, -0.010724502615630627, 0.6347534656524658], [0.4194329082965851, 0.2909840941429138, 0.37651127576828003, -0.7945652604103088, -0.07085107266902924, 0.6030308604240417], [0.41792410612106323, 0.24735519289970398, 0.3880195915699005, -0.772219717502594, -0.2379288375377655, 0.589123547077179], [0.4047147333621979, 0.2427734136581421, 0.3788289427757263, -0.8172517418861389, -0.34238889813423157, 0.46354013681411743], [0.39833641052246094, 0.2615590989589691, 0.3754540681838989, -0.8350216746330261, -0.391085684299469, 0.387028306722641], [0.4026312530040741, 0.2778620421886444, 0.37821605801582336, -0.8468726873397827, -0.39313387870788574, 0.3581233620643616], [0.40378323197364807, 0.25544363260269165, 0.35302793979644775, -0.8504611849784851, -0.4633069634437561, 0.24912318587303162], [0.39847099781036377, 0.2719375789165497, 0.37116119265556335, -0.8432819843292236, -0.407352089881897, 0.3506276607513428], [0.4185672998428345, 0.2620292901992798, 0.3785303831100464, -0.7708888053894043, -0.4336968958377838, 0.4665163457393646], [0.4194125235080719, 0.2634638845920563, 0.39814502000808716, -0.682293176651001, -0.45247501134872437, 0.5742319822311401], [0.41899874806404114, 0.266231894493103, 0.397518128156662, -0.6682253479957581, -0.510419487953186, 0.5412455797195435], [0.41529402136802673, 0.27662840485572815, 0.3724876344203949, -0.6742362976074219, -0.5531750917434692, 0.4892880618572235], [0.4173392355442047, 0.28778818249702454, 0.3832932710647583, -0.6528390049934387, -0.5586493015289307, 0.5115780830383301], [0.41538092494010925, 0.26676395535469055, 0.398307740688324, -0.38500794768333435, -0.7050766348838806, 0.5955131649971008]], "Control Inputs 0": [[4.979114902396022, 3.5499265965353004, 0.23073276835049417, 1.9730461372926982, 2.9455085031012818], [4.906940280633359, -2.1313820968232084, 0.3187918530261776, 2.923396247810853, 2.9606580284631576], [4.8647724200801274, -3.915175027186158, 0.007368744974138983, 2.004105858301263, 2.8036187038776577], [4.90331019963563, 1.9588981091854585, 0.32516925794063734, 1.7684606365790332, 1.965861612551424], [4.919669716956106, 6.262403818440852, 0.13970005042449635, 2.9408001674157536, 2.012237717898084], [4.820692609522178, 6.576984498172106, 0.008105468946843, 1.0063078486333037, 1.5211315422220482], [2.3024755434504973, 6.096465794190646, 0.06555930395791085, 0.587631310324487, 0.5468405697691714], [-1.2104537890266185, -9.670223141621253, 0.49570599370042745, 0.16554296835330007, 2.740468019010664], [2.930062099724946, -9.75784027292688, 0.2686570286135658, -2.417851124385765, 0.31011707401730115], [-0.9580954721218067, -2.0969797152447587, 0.5690255126847131, -1.225075968322441, -0.7701495715111952], [0.9921349801416124, 0.29907201143668516, 0.38835475602069774, 0.23404701988752308, 0.40477406423819984], [-2.2794521116899453, -6.99484444400111, 0.24696952167996636, -1.898035457200176, 2.016655017876687], [1.687709071159655, -5.663683700519389, 0.004518012798499618, 0.7230494327432293, 2.5488897654403093], [-1.084305045249896, -9.781315047145096, 0.21632390474152097, 2.9358989196839156, 2.938795809652544], [-4.408288236884235, -9.731023465682497, 0.43567909340433275, 2.943488894819562, 0.9786954036073463], [4.897004819910148, -9.600443219127905, 0.02209803304398256, -0.17426834726353224, -1.644732668649411], [-4.245372063859523, -1.297022416744733, 0.6932527969637182, -2.7695062350214252, -2.7564362471037134], [4.894887719936115, -9.690520899174885, 0.19873391447820457, -0.04272821770305635, -0.009968874193350352], [-4.912964578703155, -4.517503411190962, 0.6939845045793557, 2.9373010650858484, -2.9409350756857116], [4.847614964797607, 9.642337073848854, 0.5852799045731822, -1.992691363054776, -1.4275748356965232]], "Final Predicted Pose 0": [0.41538092494010925, 0.26676395535469055, 0.398307740688324, -0.38500794768333435, -0.7050766348838806, 0.5955131649971008], "Predicted Translation Error 0": "0.7282166252702565cm", "Predicted Rotation Error 0": "tensor([0.9801], grad_fn=<DivBackward0>)"}