{"num_updates": "1741", "penalty": "tensor(0., dtype=torch.float64, grad_fn=<AddBackward0>)", "Starting Pose": [0.1808728575706482, 0.23443977534770966, -0.21903611719608307, -0.3459324538707733, -0.6061857342720032, -0.5359384417533875, -0.4750153720378876], "Starting Soft Arm States": [-41.70000076293945, -48.29999923706055, 10.0, 22.3919734954834, 35.18257141113281, 2.8583285808563232], "Number of Trajectories": 1, "Final Desired Pose": [-0.15536078810691833, 0.10180152952671051, -0.30594372749328613, -0.8192740678787231, -0.30234768986701965, 0.4872123599052429], "Predicted Trajectory 0": [[0.7761308870465614, 0.7975980073229925, 0.5855221787427642, -0.30938228964805603, -0.08975935727357864, 0.9466920495033264], [0.7776843309402466, 0.8086456060409546, 0.5066290497779846, -0.36367514729499817, 0.19286110997200012, 0.911342442035675], [0.7386432886123657, 0.7809463739395142, 0.4443461298942566, -0.4660211205482483, 0.36552777886390686, 0.8057379722595215], [0.6913919448852539, 0.7335280776023865, 0.36417216062545776, -0.6428756713867188, 0.461892694234848, 0.6110367774963379], [0.636942982673645, 0.7026634216308594, 0.2973219156265259, -0.7629847526550293, 0.47297945618629456, 0.4406184256076813], [0.5703336000442505, 0.6816297173500061, 0.283448725938797, -0.762337863445282, 0.45711690187454224, 0.458132266998291], [0.5110116004943848, 0.6634740829467773, 0.286359041929245, -0.740584135055542, 0.4257453978061676, 0.5198807716369629], [0.4590473175048828, 0.6546856164932251, 0.2927277088165283, -0.720268189907074, 0.3799482583999634, 0.5803903937339783], [0.40445756912231445, 0.6152125000953674, 0.32032614946365356, -0.6548646092414856, 0.2927263677120209, 0.6967522501945496], [0.3756604790687561, 0.5148717164993286, 0.3542957007884979, -0.6149953603744507, 0.09532900899648666, 0.782747209072113], [0.38188835978507996, 0.48730048537254333, 0.34639930725097656, -0.6304247379302979, -0.01664050668478012, 0.7760720252990723], [0.3641616702079773, 0.4961438775062561, 0.37997308373451233, -0.5091735124588013, -0.05982499569654465, 0.8585821390151978], [0.3539661467075348, 0.49099278450012207, 0.39103662967681885, -0.541132390499115, -0.12561188638210297, 0.8315030336380005], [0.36541375517845154, 0.4269809126853943, 0.35912054777145386, -0.5415375232696533, -0.3944530487060547, 0.7423906326293945], [0.3678964078426361, 0.4113907516002655, 0.37522634863853455, -0.46018853783607483, -0.46511775255203247, 0.7562353610992432], [0.3782997131347656, 0.36906781792640686, 0.389504611492157, -0.3758171498775482, -0.4537213444709778, 0.8080213665962219], [0.3608032763004303, 0.3573564291000366, 0.36640384793281555, -0.48242419958114624, -0.4454096555709839, 0.7542394995689392], [0.36098387837409973, 0.3924054503440857, 0.3618006110191345, -0.5404344201087952, -0.4307437837123871, 0.7227658033370972], [0.3750792443752289, 0.4209722876548767, 0.32744866609573364, -0.6800888180732727, -0.32821446657180786, 0.6555565595626831], [0.3625454008579254, 0.38647449016571045, 0.2960725724697113, -0.7336767911911011, -0.41130074858665466, 0.5408788919448853], [0.3632965087890625, 0.38104405999183655, 0.34454894065856934, -0.6678058505058289, -0.3663008511066437, 0.6479651927947998]], "Control Inputs 0": [[4.889779843519889, -7.437650827653945, 0.6714381628329886, -2.9735548483707137, -2.994082147572225], [4.909487360630289, -8.98462197680135, 0.6992022578348384, -2.8683510681533697, -2.9922311907815984], [4.836987719294148, -9.677475851932126, 0.18948957496622476, -2.2688709840192094, -2.9846180586421607], [4.870796314963991, -2.754282408810151, 0.5648997199832421, 1.357472463297552, -2.990205529993677], [4.801835510598531, 0.4269370971439912, 0.2868478375174043, 2.9432735104021175, -2.9946576775727993], [4.811848498926427, 2.6082826996791173, 0.014252868567144326, 1.1602862402203673, -2.972132337827152], [4.848472539378639, 3.924517723500516, 0.12139255325743634, 2.9308885486176584, -2.998387724099334], [3.8891179298212304, -9.024799390852952, 0.6537256639999571, 2.944073151885486, -2.916510928410506], [0.4911241658358323, -9.707203682654118, 0.31051976593321645, -1.7356635133984306, -2.8985509198587716], [-1.2406645074729838, 2.2904665890931977, 0.47305440576554364, 0.7217667863370214, -2.983882366892628], [4.8819895119816366, 5.857926084428309, 0.36921491322751526, -1.2558809489568863, -2.896328185232118], [-3.117478703566434, -1.1822188631520678, 0.0018935744266906777, -2.9873095358082775, -2.9444871150321434], [0.086080002437523, 1.9778398044138186, 0.0010466146849479484, 0.1776642452280317, -2.855198573764156], [-1.1725612776885552, -2.055937190018378, 0.28557621026707036, 2.937579061252549, 0.0962291125867556], [-3.553183394609817, -7.238353532362443, 0.347190392783983, -1.668419746931395, 2.4175179262596718], [4.893848253667173, -0.030908556201925563, 0.006055159531369088, -2.9415608286903674, -1.6952970533000205], [-4.785696325132945, 5.279900983812826, 0.43431164530921146, -1.5555416753544613, 1.404741822427904], [-1.7075420047185377, -5.274040488503064, 0.0003529113130718441, -2.9461555695482535, 2.3798336965450524], [3.2196223359199525, 0.41467250147973544, 0.3907697756896063, 2.9404964109865013, -2.857450338393351], [-4.799839391599445, 0.2938135422031092, 0.08824125780064115, -2.9423498541280355, 2.929254384465949]], "Final Predicted Pose 0": [0.3632965087890625, 0.38104405999183655, 0.34454894065856934, -0.6678058505058289, -0.3663008511066437, 0.6479651927947998], "Predicted Translation Error 0": "0.7762563278418201cm", "Predicted Rotation Error 0": "tensor([0.9736], grad_fn=<DivBackward0>)"}