{"num_updates": "242", "penalty": "tensor(1856.1221, dtype=torch.float64, grad_fn=<AddBackward0>)", "Starting Pose": [0.17929470539093018, 0.08738204836845398, -0.19838596880435944, -0.24273079633712769, 0.2604772448539734, -0.901494026184082, 0.24605250358581543], "Starting Soft Arm States": [-39.5, 20.600000381469727, 10.0, 33.735267639160156, 23.41204261779785, 35.387908935546875], "Number of Trajectories": 1, "Final Desired Pose": [-0.325888067483902, 0.07222741842269897, -0.23017922043800354, -0.43015190958976746, -0.4572282135486603, 0.7784032821655273], "Predicted Trajectory 0": [[0.7742123138634022, 0.3329906416242438, 0.6385356188032704, -0.7610798478126526, 0.31717804074287415, 0.5658228993415833], [0.7528657913208008, 0.30641376972198486, 0.584376335144043, -0.7732856273651123, 0.18240001797676086, 0.6072558164596558], [0.7158188819885254, 0.2927955389022827, 0.545992910861969, -0.7039834856987, 0.10558584332466125, 0.7023239135742188], [0.6596983075141907, 0.2881883680820465, 0.490183025598526, -0.7224533557891846, 0.042613785713911057, 0.6901051998138428], [0.6112943291664124, 0.32131361961364746, 0.4285232424736023, -0.7658330202102661, 0.04889032617211342, 0.6411781311035156], [0.5564922094345093, 0.2996230721473694, 0.43851250410079956, -0.6452910900115967, -0.12154543399810791, 0.7542057037353516], [0.4966794550418854, 0.2872607707977295, 0.4624690115451813, -0.5307506322860718, -0.2330363541841507, 0.8148606419563293], [0.4554658532142639, 0.33158043026924133, 0.4330582320690155, -0.6222941279411316, -0.20014530420303345, 0.7567639946937561], [0.4171086847782135, 0.2796492874622345, 0.4455808401107788, -0.5143630504608154, -0.4063195288181305, 0.7552052736282349], [0.3754134178161621, 0.3214586675167084, 0.4726529121398926, -0.511909544467926, -0.31268009543418884, 0.8001123666763306], [0.3344697058200836, 0.34150275588035583, 0.4674699604511261, -0.6149377226829529, -0.3039754331111908, 0.727633535861969], [0.2929952144622803, 0.3295958936214447, 0.4812764525413513, -0.6159618496894836, -0.4027555286884308, 0.6770370006561279], [0.2522750794887543, 0.3976036012172699, 0.500546932220459, -0.7357161641120911, -0.22925850749015808, 0.6373085975646973], [0.2161502093076706, 0.33824726939201355, 0.5042917132377625, -0.7971188426017761, -0.39102405309677124, 0.4601106345653534], [0.18844200670719147, 0.3073432147502899, 0.5806562304496765, -0.6839433908462524, -0.48613327741622925, 0.5439630150794983], [0.18463484942913055, 0.35086748003959656, 0.6127701997756958, -0.6787897348403931, -0.39678385853767395, 0.61790531873703], [0.18493247032165527, 0.27001646161079407, 0.5853446125984192, -0.623757541179657, -0.6464714407920837, 0.439318984746933], [0.18603238463401794, 0.2793593406677246, 0.619377613067627, -0.558698832988739, -0.6665282845497131, 0.49355411529541016], [0.2047499269247055, 0.36223819851875305, 0.5565742254257202, -0.719853401184082, -0.5235704183578491, 0.4557248651981354], [0.2013973742723465, 0.23056790232658386, 0.5029373168945312, -0.5817760825157166, -0.7760734558105469, 0.2434060424566269], [0.1992097795009613, 0.3034185469150543, 0.577004075050354, -0.5863449573516846, -0.6044061183929443, 0.5393447279930115]], "Control Inputs 0": [[4.911195949764263, 7.936877572383899, 0.6978000341921213, -2.898312154214526, -2.607264489160098], [4.957895596994305, -9.407745646951021, 0.6991101360717363, -2.8997641877638127, 2.9406308366903797], [4.929222906951612, 7.808470069197277, 0.5924730510437135, -2.983951368612715, 2.978165903388473], [4.868850372086451, 4.1890100234272065, 0.6934934671596991, 1.8022770634620278, -2.6561828268356256], [4.975606480101025, -3.2644987678159216, 0.6911188239078306, 2.9832248153680254, -2.5004581801857975], [4.9003462596719825, 7.2905162142584885, 0.015457583191568024, -2.8259359014088425, 2.952451916323783], [5.000245349235447, 5.5206091713661145, 0.011043826385336608, 1.073708144473481, -2.6483565751299727], [4.9354501627062195, -1.8859089803362092, 0.32742235396605346, 0.6180881696330633, 2.8493173158111285], [4.885660742246467, 4.598045256392359, 0.005662164103535927, -2.810799309773911, 2.885497753387919], [4.780758140350004, 4.624809684586197, 0.1920845539141878, -0.837321226283112, -2.4268436828816364], [4.759682559200046, 5.3038472253668605, 0.1361508024461601, -2.9648443018140798, 2.9911895874860486], [4.7690073409448335, 2.8235366058732314, 0.017980488824447555, -2.836926868499442, -2.090103120490382], [4.703390958172157, -5.80408459063061, 0.008211861302089632, 2.879992352100202, -2.325116651841474], [3.8611912938820616, 1.7994881687083364, 0.007658836181485664, 2.924425227187214, 2.9378124783997155], [-4.730796605519322, -3.0035345657574624, 0.2105391052523158, -0.5761522355309086, -1.6646888559646815], [4.73669502804537, -9.061231292997224, 0.020174036426828523, 0.9313004041491117, -2.4621573563471104], [-4.958948339572481, 9.711985862446099, 0.3535789158422654, -2.981419914096572, 2.9736173256471243], [-4.285974761347444, -7.40847770821403, 0.12459441148823083, -2.9521303124921072, -2.781798833644759], [4.987370995928563, -9.483315838782152, 0.5264782989619048, 2.9630906657140956, 2.8835457567903617], [-4.044661369916321, -9.552283178167057, 0.47942263612147307, -2.949615349463492, 2.9445359030007214]], "Final Predicted Pose 0": [0.1992097795009613, 0.3034185469150543, 0.577004075050354, -0.5863449573516846, -0.6044061183929443, 0.5393447279930115], "Predicted Translation Error 0": "3.364523839583859cm", "Predicted Rotation Error 0": "tensor([0.9484], grad_fn=<DivBackward0>)"}