{"num_updates": "1406", "penalty": "tensor(211.7013, dtype=torch.float64, grad_fn=<AddBackward0>)", "Starting Pose": [0.17929470539093018, 0.08738204836845398, -0.19838596880435944, -0.24273079633712769, 0.2604772448539734, -0.901494026184082, 0.24605250358581543], "Starting Soft Arm States": [-39.5, 20.600000381469727, 10.0, 33.735267639160156, 23.41204261779785, 35.387908935546875], "Number of Trajectories": 1, "Final Desired Pose": [0.0771937295794487, 0.23496511578559875, -0.268842488527298, 0.04774600267410278, 0.025635752826929092, 0.9985305070877075], "Predicted Trajectory 0": [[0.7742123138634022, 0.3329906416242438, 0.6385356188032704, -0.7610798478126526, 0.31717804074287415, 0.5658228993415833], [0.7555044889450073, 0.30199792981147766, 0.5870121121406555, -0.7573369741439819, 0.17224930226802826, 0.6298975348472595], [0.7122186422348022, 0.28996697068214417, 0.5463516116142273, -0.6978110671043396, 0.06683015823364258, 0.7131573557853699], [0.6648657917976379, 0.27760934829711914, 0.48062005639076233, -0.7170604467391968, 0.002424777252599597, 0.6970067620277405], [0.6010851263999939, 0.3071867525577545, 0.41845130920410156, -0.7699247002601624, 0.03502437472343445, 0.6371728181838989], [0.537702739238739, 0.36117470264434814, 0.36394640803337097, -0.8158350586891174, 0.10887674242258072, 0.5679427981376648], [0.500044047832489, 0.42393529415130615, 0.32798781991004944, -0.85090571641922, 0.20046798884868622, 0.4855635464191437], [0.4975901246070862, 0.47493910789489746, 0.30393898487091064, -0.8577615022659302, 0.30019599199295044, 0.4172859191894531], [0.5222444534301758, 0.5194055438041687, 0.34001103043556213, -0.7603408694267273, 0.36284253001213074, 0.5387272834777832], [0.5213625431060791, 0.5233080983161926, 0.35056594014167786, -0.7481718063354492, 0.39797529578208923, 0.5308998227119446], [0.5214883685112, 0.5346078872680664, 0.3380434215068817, -0.7716932892799377, 0.41857749223709106, 0.478834331035614], [0.5066304802894592, 0.5828838348388672, 0.3807320296764374, -0.6595167517662048, 0.45913341641426086, 0.5951757431030273], [0.5057240128517151, 0.6033268570899963, 0.41675302386283875, -0.5772441625595093, 0.45840781927108765, 0.6757599711418152], [0.4898132383823395, 0.5950317978858948, 0.4171198904514313, -0.5815644860267639, 0.4336632788181305, 0.6882723569869995], [0.4777922034263611, 0.6378353238105774, 0.41858527064323425, -0.49432098865509033, 0.5455361008644104, 0.6767844557762146], [0.4897640347480774, 0.6140515804290771, 0.42128849029541016, -0.4821588695049286, 0.5361213088035583, 0.6928901076316833], [0.49850162863731384, 0.6676107048988342, 0.44722795486450195, -0.3241530656814575, 0.6259463429450989, 0.7093066573143005], [0.4871484041213989, 0.6157545447349548, 0.4723176062107086, -0.35133934020996094, 0.4699966311454773, 0.8097307682037354], [0.5003070831298828, 0.6510064005851746, 0.5082064867019653, -0.26611819863319397, 0.5457403063774109, 0.794574499130249], [0.5037503242492676, 0.5735466480255127, 0.4765750765800476, -0.3608500063419342, 0.4266570210456848, 0.8293075561523438], [0.5371750593185425, 0.6647217869758606, 0.5326065421104431, -0.18209092319011688, 0.5864626169204712, 0.7892429828643799]], "Control Inputs 0": [[4.98484478874828, 4.270693327307374, 0.6987539792916125, -2.979732189238843, -2.926407169086388], [4.868450806739238, -1.1175215712588908, 0.6994800860378054, -2.950359635452115, 2.979105236917003], [4.957652875955029, -1.8100569623903073, 0.6985639259082981, -2.9519283001553975, 2.936988683610605], [4.79231273527871, 7.749859178272594, 0.697991383298964, -2.9651462665410433, 2.9715676755639278], [4.685137381832657, 9.490029822034991, 0.6998553024930538, -2.9973177346271855, 2.9371618128671964], [0.43353248651402776, 9.438813690723972, 0.4162635122848416, -2.7985640347928538, 2.9926035956499017], [-0.7460088694695388, 9.497528296639207, 0.10159236168711738, 2.8313884611684, 2.9791821435082575], [-4.782417764731256, -5.787068179422252, 0.39177086840651093, 2.894080711245876, 2.9573381676564994], [3.301910731896598, -4.730005293756484, 0.11425386897262285, -2.126207698312515, 2.854340210482725], [-1.7705883473959751, 9.124447593731787, 0.004022620924899322, 2.954908204539766, -2.6172553260610516], [3.9063278653284588, 9.51862177988992, 0.004489067353694386, 2.6090215814471707, 1.46719534010255], [-1.929162713648235, 1.967401546284325, 0.0024954615166543877, -0.26401978535347537, -2.918721428405745], [4.23654596288395, 5.289162613256412, 0.0006836625402521334, -1.5368085083128344, 2.658592904256235], [1.809936110871801, -0.8199763767572446, 0.002758078682980637, -0.3530694351796031, 2.8809856615642815], [-4.235923983404982, -3.246337915332516, 0.0054552160266976854, 2.9332878308491868, 2.8209663269291037], [3.872488854982933, 3.250987806356017, 0.46402108109976203, 2.9784741936158285, -2.9940744890506648], [-3.038564249308972, 8.528410656423922, 0.583589612331872, 2.958826984480406, -2.994604882539297], [0.7660173719572096, -2.8118370758080715, 0.004563754320773793, -2.907553676356533, -2.9387085124969206], [-3.916739778548666, 5.319745422079391, 0.006741113869176122, 2.9791443182235913, 2.810101750667859], [-4.718477338680101, -0.07276351552095583, 0.3929442505551336, -2.234734342761443, 2.91516974711414]], "Final Predicted Pose 0": [0.5371750593185425, 0.6647217869758606, 0.5326065421104431, -0.18209092319011688, 0.5864626169204712, 0.7892429828643799], "Predicted Translation Error 0": "10.626344546517057cm", "Predicted Rotation Error 0": "tensor([0.7944], grad_fn=<DivBackward0>)"}