{"num_updates": "577", "penalty": "tensor(0., dtype=torch.float64, grad_fn=<AddBackward0>)", "Starting Pose": [-0.07013212889432907, 0.17511649429798126, -0.3455810844898224, 0.15777641534805298, -0.15505962073802948, -0.9454886317253113, -0.2389860898256302], "Starting Soft Arm States": [-2.5, -1.899999976158142, 10.0, 8.839638710021973, 35.12627029418945, 19.47418212890625], "Number of Trajectories": 1, "Final Desired Pose": [-0.27683788537979126, 0.0913364589214325, -0.28704148530960083, -0.5156992077827454, -0.591512143611908, 0.6198126673698425], "Predicted Trajectory 0": [[0.47098196537729664, 0.6101747831288039, 0.2606536155089, -0.8359845280647278, -0.5008467435836792, -0.22423742711544037], [0.4211074113845825, 0.6201438903808594, 0.24051612615585327, -0.8911730647087097, -0.4047166705131531, -0.20497556030750275], [0.332936555147171, 0.563200056552887, 0.2471708208322525, -0.8921914100646973, -0.4495210647583008, -0.04387792944908142], [0.26883700489997864, 0.5179994702339172, 0.28464728593826294, -0.8493316173553467, -0.5031322240829468, 0.15966808795928955], [0.22640138864517212, 0.4838548004627228, 0.3296032249927521, -0.7856159806251526, -0.5406442880630493, 0.30085086822509766], [0.201307013630867, 0.4549463391304016, 0.3772426247596741, -0.7169262170791626, -0.5579382181167603, 0.4179973602294922], [0.2025698572397232, 0.4222107529640198, 0.4146527349948883, -0.6140698194503784, -0.6043725609779358, 0.5075944662094116], [0.2125348001718521, 0.41493549942970276, 0.4149405062198639, -0.6011552810668945, -0.6195443272590637, 0.5047546029090881], [0.22120897471904755, 0.37865450978279114, 0.4122811555862427, -0.5387100577354431, -0.6778044104576111, 0.5003725290298462], [0.2272181361913681, 0.33825719356536865, 0.4275776743888855, -0.4222390651702881, -0.7252340912818909, 0.5438287258148193], [0.2271319031715393, 0.3368922770023346, 0.4166969656944275, -0.44550463557243347, -0.7383852601051331, 0.5062735676765442], [0.227516308426857, 0.34389570355415344, 0.4133149981498718, -0.4809930920600891, -0.7255009412765503, 0.4922337830066681], [0.2241736352443695, 0.3443218171596527, 0.4190865755081177, -0.49959439039230347, -0.7113909721374512, 0.4942958950996399], [0.2200659066438675, 0.3479512929916382, 0.4013364017009735, -0.5641941428184509, -0.7126728296279907, 0.41687214374542236], [0.22182615101337433, 0.3529150187969208, 0.40568992495536804, -0.5787951946258545, -0.6852931380271912, 0.4420062303543091], [0.22165518999099731, 0.3557855486869812, 0.40968480706214905, -0.6001498699188232, -0.6205809116363525, 0.5046774744987488], [0.23164667189121246, 0.3230896294116974, 0.42980313301086426, -0.5111594200134277, -0.6334795355796814, 0.580878496170044], [0.23040378093719482, 0.337095707654953, 0.423549085855484, -0.5617709755897522, -0.592646598815918, 0.5772203207015991], [0.22980956733226776, 0.3427320420742035, 0.3986033797264099, -0.6336262226104736, -0.6098599433898926, 0.47601333260536194], [0.2204189896583557, 0.34058311581611633, 0.41966769099235535, -0.6125370860099792, -0.6170340180397034, 0.4940316677093506], [0.22699525952339172, 0.3453572690486908, 0.41696226596832275, -0.6289807558059692, -0.605518102645874, 0.48757684230804443]], "Control Inputs 0": [[4.984302691881689, -7.6098329115795424, 0.513235043160385, 1.5911892431426669, -2.944105829367261], [4.903225515636668, -9.683425232880774, 0.6866159756596518, 2.8853029017814684, -2.9747065735820017], [4.871061697918483, -9.748729969019077, 0.006902974163282392, 1.3751676169818543, -2.9443371080552048], [4.829871281550446, -7.424011412301722, 0.35410886676530134, 1.0019876379345698, -2.941134132971142], [1.1013248585770405, -5.656057370366477, 0.1252025655958239, 2.9399654633528023, -2.9583569532806253], [-0.9200654983769789, -3.669301356252891, 0.007240771376962139, 0.040501580584277, -2.9343457010617873], [-1.6734322441228109, -1.9327273576225927, 0.008724973043950528, -0.011579051338409752, -2.938012893496854], [-1.285207992743557, -8.761288583433826, 0.3984407933568463, 1.6358714918824342, -0.9113751124094276], [0.3260905573811046, -7.524708684068893, 0.17011166387350118, -1.996504060803103, -1.3566855592239668], [-0.9312387171272629, -0.18975879336796808, 0.26667517767964277, -1.0627018778321498, -0.8793106082850461], [0.08192989012222718, -1.2444925622200653, 0.21174439981751222, -0.08799883799512731, 0.18743603735347758], [0.4283220351131458, -1.3107241206976017, 0.0037436658212528376, -2.252821490718772, -0.7292703200613033], [0.0887111700672234, -1.681697144256809, 0.04221161990564867, -0.2057470303199831, 0.655723490846742], [-1.145429299697387, -3.1028297479469096, 0.14443405992986028, 0.6153336104471792, 2.9344554162651955], [-0.9757386676659756, -9.733205485283456, 0.3315466628550971, 2.9587582904469354, 1.8999465828601823], [-0.6421788321655555, -3.114409467035629, 0.007517205893432662, -0.6737764749724269, -0.4226691377906775], [-0.4005589830586125, -1.3954902632624258, 0.2672756828386661, -2.920099416168549, -1.1785212459886687], [0.5318124418719998, 0.870465313288534, 0.07389292224438673, 0.03715918651822614, -1.06317530960513], [1.948807730943181, -1.4043775650389652, 0.2020896712261233, 0.5233308327446666, -0.924042343399166], [-4.902343119815383, -1.626827145749937, 0.1820980783020452, -2.922944745619851, -1.4072641626513316]], "Final Predicted Pose 0": [0.22699525952339172, 0.3453572690486908, 0.41696226596832275, -0.6289807558059692, -0.605518102645874, 0.48757684230804443], "Predicted Translation Error 0": "0.6452716309607274cm", "Predicted Rotation Error 0": "tensor([0.9847], grad_fn=<DivBackward0>)"}