{"num_updates": "2165", "penalty": "tensor(122.2955, dtype=torch.float64, grad_fn=<AddBackward0>)", "Starting Pose": [0.18611803650856018, 0.14401449263095856, -0.18112406134605408, -0.2703685760498047, -0.352952778339386, -0.8759581446647644, -0.18714286386966705], "Starting Soft Arm States": [-44.900001525878906, 1.7999999523162842, 10.0, 31.360626220703125, 35.24549865722656, 27.101511001586914], "Number of Trajectories": 1, "Final Desired Pose": [0.1390634924173355, 0.10715644806623459, -0.32666707038879395, -0.2595290541648865, -0.003110830206423998, 0.9657303094863892], "Predicted Trajectory 0": [[0.7825074962104177, 0.5119125608076885, 0.6828507045359057, -0.7837567329406738, -0.13700395822525024, 0.6057683229446411], [0.7764957547187805, 0.5472247004508972, 0.6191439628601074, -0.8286644816398621, 0.044374823570251465, 0.5579838156700134], [0.7477771043777466, 0.5464082956314087, 0.5766465067863464, -0.8044871091842651, 0.05956374853849411, 0.5909761786460876], [0.706529438495636, 0.5068422555923462, 0.5200299024581909, -0.8316737413406372, -0.037468742579221725, 0.5539988875389099], [0.6734346151351929, 0.48466819524765015, 0.46890997886657715, -0.8531273007392883, -0.16682343184947968, 0.49431145191192627], [0.6583011746406555, 0.4796927571296692, 0.4278455078601837, -0.9049628973007202, -0.23602129518985748, 0.35402852296829224], [0.6569315195083618, 0.48535433411598206, 0.3998797833919525, -0.9551640748977661, -0.22898703813552856, 0.18768712878227234], [0.6503154039382935, 0.5436519384384155, 0.35509607195854187, -0.9996950030326843, -0.023084411397576332, -0.008774569258093834], [0.6620333790779114, 0.5187744498252869, 0.3259696662425995, -0.9849035143852234, -0.03635367006063461, -0.16924366354942322], [0.6920424699783325, 0.4555877149105072, 0.31622734665870667, -0.9292331337928772, -0.19015228748321533, -0.3168087601661682], [0.6930249929428101, 0.3999252915382385, 0.3407866060733795, -0.9017292857170105, -0.34616896510124207, -0.2589429020881653], [0.6940740346908569, 0.43046024441719055, 0.31176650524139404, -0.8933138847351074, -0.24179695546627045, -0.3788461983203888], [0.6623781323432922, 0.440286785364151, 0.3224215507507324, -0.9552900195121765, -0.2118087261915207, -0.20629580318927765], [0.643953263759613, 0.3765018582344055, 0.31997618079185486, -0.9178513884544373, -0.3742281198501587, -0.13229608535766602], [0.5860882997512817, 0.4060749113559723, 0.31722766160964966, -0.9678076505661011, -0.2393513172864914, 0.077842116355896], [0.5733268857002258, 0.4040021300315857, 0.3418920338153839, -0.9369980096817017, -0.18026907742023468, 0.2992285192012787], [0.5613281726837158, 0.39203763008117676, 0.3591786324977875, -0.8808091878890991, -0.1565234214067459, 0.44685062766075134], [0.5604302883148193, 0.4364086985588074, 0.3858579397201538, -0.8300173878669739, -0.02434478886425495, 0.557205855846405], [0.5902323126792908, 0.41794806718826294, 0.4490129053592682, -0.6645026803016663, -0.020365681499242783, 0.7470082640647888], [0.6151773929595947, 0.4425182640552521, 0.4432967007160187, -0.7626664638519287, 0.029535489156842232, 0.6461173295974731], [0.6065914034843445, 0.398919939994812, 0.4411797821521759, -0.6500147581100464, -0.06650892645120621, 0.7570056319236755]], "Control Inputs 0": [[4.8549633889891695, -6.01249539366942, 0.007812702697373573, -2.970053560219919, 2.87304282036055], [4.901758454809592, -8.542864738825203, 0.6813343557734886, -2.9869508794965625, -2.992292430309727], [4.736584700300245, -9.827861601001683, 0.0062591230031045575, -2.9749997961706987, -2.966918029021545], [4.567498783585361, -3.4852167850352203, 0.11919726322039143, -2.9958465761933057, -2.957696791796177], [-1.9323264362854884, 0.04427885131602061, 0.011698985737495728, -2.854910572902463, -2.921255455874441], [1.3281855390340187, 1.5820216760491324, 0.02131280107477782, -2.81505022268302, 2.422790499074038], [0.7943620605954766, 1.337319865296461, 0.02248221245774957, -2.8368827495775553, 1.1301409362205899], [-4.88227603116538, -9.7471565671626, 0.5229334083764012, -2.9051397642189505, -2.957654641283245], [-1.9958951957452506, -9.759977569163556, 0.0019060571946626283, 2.8329598371840383, -2.997468687539274], [-1.1261487807789337, 0.6646756980137969, 0.2425172693456873, -0.9539450904820241, -2.9031166786220326], [4.726077920767139, 2.675202711111176, 0.005894379442260625, 2.8844907379482487, 2.546007020236037], [-1.0250802171171367, -1.7500328057035741, 0.031580359872782966, 2.836595612018037, -2.9821306977129765], [4.720978393477573, -2.9530164244115893, 0.007967736278757903, 2.995302085127565, 2.9458572655499937], [3.401577238646013, -6.478986645178837, 0.6827994847036233, 2.971805147866397, 2.9486022943001595], [-4.9433948810442745, -9.824431462389073, 0.6922134177064319, 2.9651826137021278, 2.9513051138514044], [4.891592200370901, -6.27064200515124, 0.08479049003514012, 2.9553253776805297, 2.9760575896728776], [-4.83899375788594, -0.6470048071708128, 0.694244736020859, 2.960294961664414, -2.931490303528373], [-4.723427196692454, -9.570136648327532, 0.6907448195810442, -2.830978271551238, 2.75605179833432], [-4.813439075284757, -3.14884403602494, 0.6970751813719235, -2.913080633486504, -2.952602990477055], [4.958951761516563, -9.479265366058494, 0.6914254506111505, 2.9512531095088548, 2.9385311078965994]], "Final Predicted Pose 0": [0.6065914034843445, 0.398919939994812, 0.4411797821521759, -0.6500147581100464, -0.06650892645120621, 0.7570056319236755], "Predicted Translation Error 0": "11.03579284855051cm", "Predicted Rotation Error 0": "tensor([0.9000], grad_fn=<DivBackward0>)"}