{"num_updates": "2756", "penalty": "tensor(0., dtype=torch.float64, grad_fn=<AddBackward0>)", "Starting Pose": [-0.1452832818031311, 0.12365691363811493, -0.33797457814216614, -0.04502582177519798, 0.6133645176887512, -0.7432768940925598, 0.2632416784763336], "Starting Soft Arm States": [2.299999952316284, -70.9000015258789, 10.0, 9.531827926635742, 23.421977996826172, 35.39784622192383], "Number of Trajectories": 1, "Final Desired Pose": [0.06440899521112442, 0.17705078423023224, -0.2977691888809204, -0.8864974975585938, -0.42398780584335327, -0.1853550225496292], "Predicted Trajectory 0": [[0.379620062192466, 0.4475957694213817, 0.2801811782499479, -0.8573529720306396, 0.3360884189605713, 0.38985949754714966], [0.3901243507862091, 0.43554219603538513, 0.2399490773677826, -0.9042822122573853, 0.29405954480171204, 0.3095199465751648], [0.4387410581111908, 0.47439590096473694, 0.22611817717552185, -0.8694773316383362, 0.37409523129463196, 0.3225860595703125], [0.48078203201293945, 0.45148345828056335, 0.22073903679847717, -0.8624370098114014, 0.35879334807395935, 0.3570290505886078], [0.5152599811553955, 0.4479093849658966, 0.22949866950511932, -0.8803715109825134, 0.27848926186561584, 0.3839137852191925], [0.559981107711792, 0.5260757207870483, 0.25116848945617676, -0.7908781170845032, 0.4452557861804962, 0.4198322296142578], [0.5897365212440491, 0.506125271320343, 0.2919420599937439, -0.778214693069458, 0.41054072976112366, 0.4752243459224701], [0.6133045554161072, 0.5134702920913696, 0.3237735331058502, -0.8179670572280884, 0.36814582347869873, 0.4420391023159027], [0.6231319308280945, 0.5739691257476807, 0.34165841341018677, -0.7594062685966492, 0.5083942413330078, 0.40600165724754333], [0.6278330683708191, 0.5504370927810669, 0.3521760404109955, -0.825356662273407, 0.4575611650943756, 0.3307931423187256], [0.6470961570739746, 0.5865108966827393, 0.3700609505176544, -0.8213598132133484, 0.49946531653404236, 0.2755040228366852], [0.6298629641532898, 0.6272028088569641, 0.39028406143188477, -0.7897065281867981, 0.4821443259716034, 0.3793422281742096], [0.6234533786773682, 0.6269404888153076, 0.389755517244339, -0.80293208360672, 0.4647473692893982, 0.37324240803718567], [0.6111642122268677, 0.5695350170135498, 0.3924664855003357, -0.8961162567138672, 0.23643207550048828, 0.37560024857521057], [0.6110119223594666, 0.64860600233078, 0.3940666913986206, -0.8242946863174438, 0.42827272415161133, 0.37029820680618286], [0.6188106536865234, 0.5285822153091431, 0.4061930477619171, -0.925581157207489, 0.13204345107078552, 0.35477349162101746], [0.6140867471694946, 0.5384687781333923, 0.4194384515285492, -0.9186857342720032, 0.07040484249591827, 0.3886638283729553], [0.6041364669799805, 0.5823014378547668, 0.4196571707725525, -0.9102280735969543, 0.07037638872861862, 0.4080832898616791], [0.6032797694206238, 0.5852940678596497, 0.39932388067245483, -0.9433936476707458, -0.04907374083995819, 0.32802462577819824], [0.6179929375648499, 0.5961513519287109, 0.37972965836524963, -0.9726884365081787, -0.1336040496826172, 0.1898082196712494], [0.6557791829109192, 0.5910000801086426, 0.37273964285850525, -0.9740565419197083, -0.22403234243392944, -0.031990986317396164]], "Control Inputs 0": [[-4.973444769313366, 9.821076150610988, 0.004595911644768397, 2.6143006463630964, 2.9625967899729178], [-4.771422878108186, 9.852917844836522, 0.004011220647727774, 2.9131626257308643, 2.9966095347915624], [-4.981365043453459, -9.77349257495725, 0.017777943203407514, 0.6579629093741657, 2.8945995590365996], [-4.891023670211698, 9.852067858764535, 0.49639130605424847, 2.3427273717915007, 2.9742876649588013], [-4.783784952857973, 9.838239193357712, 0.031179458833402972, 2.9403540139796194, 2.9890476494933464], [-4.911635949377902, -9.749349092376825, 0.02485487293913832, -0.4258210677834211, 2.834212861288779], [-1.8452280488044588, 9.89763688765899, 0.018406124860252573, 0.8416088944477433, 2.9928547046129736], [-0.74352828430278, -9.794603362666697, 0.6739226082044891, -1.3428143216581276, 2.857197916331706], [-2.7928358844284773, -9.805981314374373, 0.663132700409793, -0.6692618100695729, 2.207086468974664], [0.6598176735977832, 9.81794920325219, 0.013871647635021857, 1.556335250129127, -2.9108718588004767], [4.901448940757049, 9.823180253580219, 0.01633213910149841, -0.12270524617113265, -0.30742192800800483], [-3.7468509293048973, -9.786844836880174, -7.920586445382943e-06, -0.46497201570311253, -1.7257214796527691], [4.916278778800512, 9.829087239536321, 0.013560889506783013, 0.34556498537988256, 0.2789631081628632], [-2.768062385626692, -9.784376967738089, 0.014454795062224317, -0.4113786839183766, 0.7276197071071167], [-2.8819383604905604, -9.758418510076966, 0.003890046986728184, 2.865383420982133, -2.607951372331522], [4.7447942772699765, 9.816553223321897, 0.009177458770124282, -0.2618419698236045, -2.9454352794047267], [0.4803084686163741, 9.801971134075671, 0.000493103178206061, -2.879620601624816, -2.985930925695887], [1.1698109554553646, 9.92717539381849, 0.002607028602433144, -2.849836527923345, -2.9617023229304866], [-3.2698074758037476, 9.821328881392564, 0.0033526159379713523, -2.8901317614640556, -2.946393040333792], [-4.893621674290309, 9.822840497576689, 0.008541418523957199, -2.868349581124325, -2.9485290929601717]], "Final Predicted Pose 0": [0.6557791829109192, 0.5910000801086426, 0.37273964285850525, -0.9740565419197083, -0.22403234243392944, -0.031990986317396164], "Predicted Translation Error 0": "1.965643109465165cm", "Predicted Rotation Error 0": "tensor([0.9644], grad_fn=<DivBackward0>)"}