{"num_updates": "2523", "penalty": "tensor(0., dtype=torch.float64, grad_fn=<AddBackward0>)", "Starting Pose": [-0.19970695674419403, 0.0974322259426117, -0.24843467772006989, -0.5645666122436523, 0.4751583933830261, -0.6385074257850647, 0.21862617135047913], "Starting Soft Arm States": [12.600000381469727, -59.70000076293945, 10.0, 27.94273567199707, 26.462312698364258, 35.39122009277344], "Number of Trajectories": 1, "Final Desired Pose": [0.00859703030437231, 0.1758635938167572, -0.3343011438846588, -0.8837463855743408, -0.38836556673049927, 0.2610833942890167], "Predicted Trajectory 0": [[0.3134567323103278, 0.36474270677205295, 0.5100496544470952, -0.266934335231781, -0.25732824206352234, 0.9287239909172058], [0.31355586647987366, 0.38427239656448364, 0.4769798815250397, -0.4246959686279297, -0.280044823884964, 0.8609344959259033], [0.3481769561767578, 0.43587175011634827, 0.4319012761116028, -0.564866304397583, -0.23064357042312622, 0.792293906211853], [0.38736480474472046, 0.48044708371162415, 0.3836991786956787, -0.6995735764503479, -0.1597890853881836, 0.6964654922485352], [0.4298928678035736, 0.536054253578186, 0.34719619154930115, -0.8108362555503845, -0.008382624015212059, 0.5852131843566895], [0.4717259407043457, 0.5686805248260498, 0.32877877354621887, -0.8592971563339233, 0.1333913654088974, 0.4937763810157776], [0.5078507661819458, 0.5834574699401855, 0.3213614821434021, -0.8849828243255615, 0.16615529358386993, 0.4349689483642578], [0.5379713773727417, 0.5996429324150085, 0.2940954864025116, -0.9473891854286194, 0.18728949129581451, 0.25956952571868896], [0.5530257225036621, 0.6155275702476501, 0.27453768253326416, -0.961249589920044, 0.24419787526130676, 0.12793268263339996], [0.5548880696296692, 0.6128640174865723, 0.2965717017650604, -0.9273996353149414, 0.2886369824409485, 0.23794661462306976], [0.554980993270874, 0.5711782574653625, 0.27177920937538147, -0.9749865531921387, 0.1965731978416443, 0.10373163223266602], [0.5677306652069092, 0.5830228328704834, 0.2753541171550751, -0.9691435694694519, 0.2370719313621521, 0.06750988215208054], [0.5693852305412292, 0.5909862518310547, 0.27987006306648254, -0.971638560295105, 0.2203330397605896, 0.08586049824953079], [0.5469709038734436, 0.6204614043235779, 0.2799087166786194, -0.9558683037757874, 0.25114771723747253, 0.1524488627910614], [0.5481837391853333, 0.6082591414451599, 0.31071946024894714, -0.9331362843513489, 0.2220207005739212, 0.28277817368507385], [0.5591351389884949, 0.5807328820228577, 0.30158185958862305, -0.9715144634246826, 0.04935721307992935, 0.2317831963300705], [0.5469743609428406, 0.6213797330856323, 0.29794591665267944, -0.9559918642044067, 0.12899969518184662, 0.26351210474967957], [0.5406519174575806, 0.6104389429092407, 0.320088654756546, -0.9163674712181091, 0.12858790159225464, 0.37912487983703613], [0.5493401885032654, 0.5692799687385559, 0.3235190808773041, -0.9354574084281921, 5.250339745543897e-05, 0.3534393310546875], [0.5631666779518127, 0.5563724040985107, 0.3058871328830719, -0.9570399522781372, -0.16234518587589264, 0.24024684727191925], [0.5643661618232727, 0.5901195406913757, 0.3019614517688751, -0.9635974764823914, -0.1532353311777115, 0.2190861850976944]], "Control Inputs 0": [[-4.964032869184194, 9.803928605506531, 0.005960717352089742, -2.944599231533106, 2.9428754360397793], [-4.927499825826156, 9.969261029582025, 0.0104463815894449, -2.9239563781874667, 2.888921348666501], [-4.8219986632986105, 9.798502046460683, 0.013969342837937286, -2.950830900671969, 2.982489126932193], [-4.911899049368073, 9.804692758482894, 0.109166022450226, -1.0765317398987486, 2.9715533673609036], [-4.90236438399734, 0.6682878407881638, 0.3984948793647656, -0.1816508091730693, 2.66371345241347], [-4.842908137828246, 9.784617351116438, 0.5053398653227655, -2.938475903081797, -1.8061499456551977], [-1.7654405144450291, 9.806361735342335, 0.31706866612626416, -2.9302115155516315, -0.49089708850075864], [1.2422032508773286, 9.80899037389596, 0.13426540976940535, 2.8832152471705275, 2.0161088022262437], [-1.9654044833727422, -9.56523581699241, 0.3671707630704055, -1.281600961098102, 1.53784602728968], [0.4500112770724778, -9.82805873026623, 0.41005361098455223, -0.9034190188480324, 2.6626857657312666], [-4.893282938294464, -9.80118386274427, 0.603654643521726, 2.0757444328940045, 2.9424211505937654], [4.8360061005456245, 9.678773222943168, 0.00986057348802172, -0.3689320324085088, -2.85218424898348], [1.9073656480430197, 9.800434483238654, 0.1701446107790208, 2.941935765656564, -0.5248669087103317], [-4.047895240126657, -9.57974563357999, 0.1232569426737742, -0.2544804381273904, -0.6350343487143877], [1.510982510820173, 8.861720832897124, 0.15362757364150792, -1.0778939926718687, -2.9881079425398505], [3.6175530434055094, 9.820722089091522, 0.014878840179423132, 1.320390565354736, 1.3575408491769068], [-2.5142957499645053, -9.796001540579907, 0.016141548881117303, 1.340242425464874, 1.5591491530671275], [-2.510794036789144, -9.797572185644249, 0.013435827369025896, -2.6537659567725638, -2.0822362916152164], [0.3581172108756201, 9.557818893560288, 0.016112520494332188, -1.2001643633094892, -2.958486789044785], [-0.8154372249278561, 9.806063703760291, 0.4812517379704339, -0.2038343308255377, -2.9399027947289436]], "Final Predicted Pose 0": [0.5643661618232727, 0.5901195406913757, 0.3019614517688751, -0.9635974764823914, -0.1532353311777115, 0.2190861850976944], "Predicted Translation Error 0": "0.8783274173989398cm", "Predicted Rotation Error 0": "tensor([0.9683], grad_fn=<DivBackward0>)"}