{"num_updates": "5781", "penalty": "tensor(0., dtype=torch.float64, grad_fn=<AddBackward0>)", "Starting Pose": [0.1770242154598236, 0.031957510858774185, -0.26028454303741455, -0.5734854340553284, 0.7542643547058105, 0.012305192649364471, 0.31945016980171204], "Starting Soft Arm States": [-43.29999923706055, -60.0, 15.0, 17.4406681060791, 3.3551151752471924, 35.553504943847656], "Number of Trajectories": 1, "Final Desired Pose": [-0.39676201343536377, 0.05514971911907196, -0.15915919840335846, -0.24339424073696136, -0.5180046558380127, 0.8200185894966125], "Predicted Trajectory 0": [[0.7714520597190696, 0.157884927042675, 0.47962846265663334, -0.13813216984272003, -0.8729809522628784, 0.4677860140800476], [0.75298672914505, 0.1859418749809265, 0.3721490800380707, -0.24123795330524445, -0.9555509686470032, 0.16948898136615753], [0.7056143283843994, 0.2091878354549408, 0.34270179271698, -0.2918608784675598, -0.9276663064956665, 0.23292140662670135], [0.6729332208633423, 0.21980540454387665, 0.3332768678665161, -0.27122586965560913, -0.9083231091499329, 0.3184112310409546], [0.6374371647834778, 0.22129587829113007, 0.3536822199821472, -0.19449959695339203, -0.8694866299629211, 0.4540516138076782], [0.5969514846801758, 0.24813532829284668, 0.3711283504962921, -0.14586178958415985, -0.8119783997535706, 0.5651684403419495], [0.5552907586097717, 0.27032652497291565, 0.39652082324028015, -0.11373482644557953, -0.7311393022537231, 0.6726808547973633], [0.5174193978309631, 0.28334394097328186, 0.41130927205085754, -0.08273246884346008, -0.6859768033027649, 0.722904622554779], [0.4803710877895355, 0.2856232523918152, 0.4278598427772522, 0.0064603546634316444, -0.6363657116889954, 0.7713603973388672], [0.4368003010749817, 0.2936091721057892, 0.4648582935333252, 0.06672956049442291, -0.47556668519973755, 0.8771450519561768], [0.3915553390979767, 0.3208710849285126, 0.4754418134689331, 0.08986548334360123, -0.4205869138240814, 0.9027906060218811], [0.34053730964660645, 0.3058246374130249, 0.4794541895389557, 0.12376254796981812, -0.5169099569320679, 0.8470459580421448], [0.2898882329463959, 0.3439728617668152, 0.5152742862701416, 0.060369040817022324, -0.40888920426368713, 0.9105851054191589], [0.2429637759923935, 0.32806524634361267, 0.5391014218330383, 0.03992742672562599, -0.4683113992214203, 0.8826609253883362], [0.2017928510904312, 0.32962408661842346, 0.5821440815925598, 0.048570435494184494, -0.47648170590400696, 0.8778417706489563], [0.16897374391555786, 0.3475215435028076, 0.6702208518981934, 0.16647322475910187, -0.32166796922683716, 0.932103157043457], [0.13936707377433777, 0.3569580912590027, 0.7467615604400635, 0.2668764591217041, -0.20143181085586548, 0.9424447417259216], [0.12580253183841705, 0.3345978558063507, 0.7705720067024231, 0.18091677129268646, -0.3218548595905304, 0.9293431043624878], [0.13317057490348816, 0.37352046370506287, 0.7210490107536316, 0.05142209678888321, -0.3440556228160858, 0.9375401139259338], [0.12712639570236206, 0.30232080817222595, 0.7213951945304871, 0.03135880455374718, -0.6345010995864868, 0.772285521030426], [0.11972839385271072, 0.29103606939315796, 0.7539775371551514, -0.03452255576848984, -0.7282108664512634, 0.6844830513000488]], "Control Inputs 0": [[4.9673545611318115, 9.944964302887506, 0.003358483593233026, 2.9836305395032108, 2.9525824786763772], [4.96599902078224, 4.322497176898182, 0.24484733552843213, 2.9381150178261892, 2.984707256105998], [4.992360791839193, -1.4344781587621984, 0.0037224349602061352, 2.988686348810358, 2.9266506492206457], [5.000436186416206, 1.1551176615509782, 0.029056423669476264, 2.472377699868688, 2.933943182596934], [4.937498084202229, 5.418509511989637, 0.0011787970977888646, 2.9967178262236223, 2.878404104033666], [4.977793951285463, 2.225749627115606, 0.0026201638037743873, 0.13531365803059492, 2.901906042910836], [4.975224209373318, 0.5180167407428247, 0.0032063088978087333, 0.08257631830355816, 1.5320240194791896], [4.9698736119178175, -2.5348554644042647, 0.08025554128148836, 1.8012312683587242, 2.9557907354994475], [4.932148679479107, -9.081096215558858, 0.001865031609685414, -2.927252545775428, 2.8654523186562857], [4.8896045118600675, 5.4613330739503105, 0.001431418939181496, -2.3518227414171635, -2.840431133314441], [4.970720451907431, 1.5460564168544462, 0.0016096385591894272, -1.3355277451703098, 2.8859373729258335], [4.845257529249057, -3.9641934736111875, 0.0012957234110234945, -2.919906130344392, 0.5671589334734883], [4.915069348167458, -2.5269886227646428, 0.003310821670235722, -2.102067380605053, 0.3564166304777827], [4.794599203250666, -6.047668484919035, 0.011273467257252744, 2.3896110496351444, 2.9314374585423453], [4.7503041044981735, -8.431898937914513, 0.02232670734794419, 2.3459202132221835, 2.8487550034322826], [4.887883399036108, -5.10935956146592, 0.01234653010158082, -1.5194742666403211, -2.3834314323651418], [-4.770879159871017, -6.891227505840449, 0.14646504386402215, -2.9108045231006345, 2.868813315546638], [-4.702072106163882, 0.364678299655095, 0.01960416363492561, -0.8260353690341815, -2.912517263024251], [4.916602605641611, -3.874223103560718, 0.39293948563635245, 0.3167811120114532, -2.8924401658042855], [-4.771803154736444, -5.027562111489831, 0.004399431890729349, -2.94456729395065, 2.8499865820075794]], "Final Predicted Pose 0": [0.11972839385271072, 0.29103606939315796, 0.7539775371551514, -0.03452255576848984, -0.7282108664512634, 0.6844830513000488], "Predicted Translation Error 0": "4.258543549941905cm", "Predicted Rotation Error 0": "tensor([0.9469], grad_fn=<DivBackward0>)"}