{"freq": 1.0, "avg_convergence_percentage": 50.476190476190474, "avg_time": 267.0, "avg_pos_error": 7.514759422961442, "avg_ori_error": 21.893703982987837}