{"freq": 4.0, "avg_convergence_percentage": 53.333333333333336, "avg_time": 77.0, "avg_pos_error": 7.763516394020985, "avg_ori_error": 21.934801696368073}