{"run": 5, "convergence": 0.0, "start_pos_var": 0.07220211924596376, "start_ori_var": 10.898795741981221, "avg_time": 12.75, "avg_pos_error": 3.7838, "avg_ori_error": 17.65, "best_pos": [[3.712268824903747, 42, 17.667245083933462], [3.646385859550337, 50, 16.794428213377138], [3.6340391888059846, 42, 18.0014925813508], [3.7417613734664568, 38, 19.086098439047266], [3.5142781971111634, 48, 18.035571286148098]], "best_ori": [[17.2943889269179, 48, 3.8013327558738257], [16.794428213377138, 50, 3.646385859550337], [17.755599577861393, 50, 3.8226484319423633], [17.845177176633815, 50, 3.9154060829231256], [18.035571286148098, 48, 3.5142781971111634]], "avg_best_pos": [3.6497, 44.0, 17.917], "avg_best_ori": [17.545, 49.2, 3.74]}