{"num_updates": "3442", "penalty": "tensor(0., dtype=torch.float64, grad_fn=<AddBackward0>)", "Starting Pose": [0.08378060162067413, 0.09496460109949112, -0.28475821018218994, -0.17776207625865936, 0.45996278524398804, -0.8177803158760071, 0.2967661917209625], "Starting Soft Arm States": [-26.600000381469727, -13.5, 10.0, 23.819408416748047, 22.699981689453125, 35.407779693603516], "Number of Trajectories": 1, "Final Desired Pose": [0.02187373861670494, 0.2209409475326538, -0.30595871806144714, -0.4342903196811676, -0.2579953670501709, 0.8630355000495911], "Predicted Trajectory 0": [[0.6580949961153477, 0.3569466072304303, 0.4167992150585713, -0.7606609463691711, 0.3218512535095215, 0.5637434720993042], [0.6403843760490417, 0.330432265996933, 0.3617807924747467, -0.854788601398468, 0.2784728705883026, 0.4379376173019409], [0.5910435914993286, 0.34539908170700073, 0.33183372020721436, -0.8542160987854004, 0.295640230178833, 0.4276818037033081], [0.5735334753990173, 0.357909232378006, 0.31810879707336426, -0.8820170164108276, 0.29947155714035034, 0.3638170063495636], [0.5666244029998779, 0.3752245306968689, 0.3001957833766937, -0.8773314356803894, 0.367819219827652, 0.3082185387611389], [0.5441455841064453, 0.44458040595054626, 0.28696030378341675, -0.8303000330924988, 0.47751152515411377, 0.2873753607273102], [0.5063835978507996, 0.4911545217037201, 0.306715726852417, -0.7565810680389404, 0.5162285566329956, 0.40136417746543884], [0.47460225224494934, 0.5281530618667603, 0.30682653188705444, -0.7306380867958069, 0.5358362793922424, 0.4231399595737457], [0.4734814167022705, 0.536726176738739, 0.3153627812862396, -0.7265447974205017, 0.4958511292934418, 0.4756726026535034], [0.4992727041244507, 0.5366637110710144, 0.3307745158672333, -0.7218766808509827, 0.47843196988105774, 0.4999968409538269], [0.5230241417884827, 0.5250315070152283, 0.32147884368896484, -0.7868129014968872, 0.39034968614578247, 0.47807174921035767], [0.5120855569839478, 0.5818751454353333, 0.325272798538208, -0.7220155000686646, 0.47432613372802734, 0.5036947131156921], [0.5088871717453003, 0.5841963291168213, 0.34673023223876953, -0.7028098106384277, 0.4286362826824188, 0.5677404999732971], [0.49611252546310425, 0.5781753659248352, 0.3337050676345825, -0.728692889213562, 0.39758166670799255, 0.5576159954071045], [0.4831790030002594, 0.5942965149879456, 0.3571377992630005, -0.6497589349746704, 0.4197201430797577, 0.6337572932243347], [0.506156861782074, 0.5916939377784729, 0.3703000247478485, -0.6046234965324402, 0.4302627444267273, 0.6703017354011536], [0.528091549873352, 0.6016414761543274, 0.39177703857421875, -0.588721513748169, 0.43438395857810974, 0.6817019581794739], [0.5165163278579712, 0.6216733455657959, 0.39710932970046997, -0.5640460252761841, 0.43798255920410156, 0.7000167965888977], [0.5378536581993103, 0.6483153700828552, 0.38716864585876465, -0.5645999908447266, 0.5021739602088928, 0.6550176739692688], [0.5202906131744385, 0.6534034609794617, 0.4066087305545807, -0.5054932832717896, 0.44809967279434204, 0.7373487949371338], [0.5123046636581421, 0.6003818511962891, 0.4187144935131073, -0.5654136538505554, 0.24847428500652313, 0.7864908576011658]], "Control Inputs 0": [[4.967469659806456, 8.321116577723028, 0.07385918118573694, -2.384666405330095, 2.9925188195469836], [4.7826832104109, 2.0191970509908366, 0.6997535672973231, -1.237110840983198, 2.9844071415475684], [-4.833320563594606, 2.6654988027998368, 0.35325414900955077, -1.4122131845345893, 2.9896797143619347], [1.6185622005429563, 7.337855550750287, 0.6964290333066808, -0.9660334514657176, 2.975797538082916], [2.1091306428641365, 9.974788919365768, 0.3643999210016385, 2.8484621485186485, 2.9563111963844477], [4.152807204333547, 9.988625929656884, 0.05844433977317016, -0.7935622325088176, 2.904781634013596], [2.815917610984089, 9.966074475906815, 0.06500529332984516, -0.24029225796432918, 1.2627801244840837], [-2.427437698057993, -3.860924934369936, 0.525515743570581, 2.2018187356350554, 2.4350919766239745], [-4.04502254419006, -2.97090964453432, 0.32777453998052625, -1.8452101926881113, -1.9278305706488326], [-1.8301474387781558, 6.829621101765106, 0.387432284463682, -0.3098608881266336, -1.0449319930443772], [4.864568462843193, 9.908371985244198, 0.32565584392301156, 0.9375043340469196, 1.5673019671502377], [-2.432575989149901, 2.377017344771298, 0.008184033941296642, -1.108911137690939, -2.942439102567496], [4.541717873197339, 5.41778946768742, 0.003908908123570203, 0.9964126877807264, 1.3626825019336026], [-0.44757530073547613, 1.0929005884835679, 0.15441647073190232, 1.4408015459301362, 2.87278419959089], [-4.652509137128289, -3.690621343505958, 0.3162586299334701, 2.120868899474238, 1.1064837533406084], [-0.7968953055355552, 6.433086505477188, 0.006454489897823009, -0.267666293630203, -2.9345848324939685], [2.8593330696065253, 9.970717807955051, 0.3182114106830748, -2.6886572932222674, 2.666649137968932], [-4.884293323666606, 2.933143084738221, 0.09256766821193493, 1.6787583934349346, -2.946294073399828], [4.878113728113679, 9.86911764951008, 0.6992837630245158, 1.151340989049375, -2.9875604469759334], [-4.9561697996072205, 8.11191867327604, 0.5096122419730565, 2.951502483161609, -2.970559645543706]], "Final Predicted Pose 0": [0.5123046636581421, 0.6003818511962891, 0.4187144935131073, -0.5654136538505554, 0.24847428500652313, 0.7864908576011658], "Predicted Translation Error 0": "7.8999928652692635cm", "Predicted Rotation Error 0": "tensor([0.8602], grad_fn=<DivBackward0>)"}