{"num_updates": "1542", "penalty": "tensor(230.2498, dtype=torch.float64, grad_fn=<AddBackward0>)", "Starting Pose": [-0.075471431016922, 0.17641973495483398, -0.34808576107025146, 0.10178422927856445, -0.2799791693687439, -0.9125969409942627, -0.2800328731536865], "Starting Soft Arm States": [-2.5, -1.899999976158142, 10.0, 8.839638710021973, 35.12627029418945, 19.47418212890625], "Number of Trajectories": 1, "Final Desired Pose": [0.14918473362922668, 0.08417315781116486, -0.2881869375705719, -0.621100902557373, 0.6745349764823914, 0.39904409646987915], "Predicted Trajectory 0": [[0.46449092984799656, 0.6142921812478247, 0.25422356380909006, -0.8224431276321411, -0.5681092143058777, -0.028969211503863335], [0.48166099190711975, 0.6601082682609558, 0.2645207941532135, -0.944046676158905, -0.31935325264930725, -0.0823974758386612], [0.5364499092102051, 0.7007547616958618, 0.2443055361509323, -0.9539400935173035, -0.01002721767872572, -0.2998295724391937], [0.5742796063423157, 0.6939458847045898, 0.24986977875232697, -0.9374523162841797, 0.10421241074800491, -0.33214902877807617], [0.6157798767089844, 0.6747963428497314, 0.24830114841461182, -0.8885638117790222, 0.2143416851758957, -0.4056006371974945], [0.6385834217071533, 0.6183279752731323, 0.2641638219356537, -0.921454668045044, 0.10328404605388641, -0.3745046555995941], [0.6752984523773193, 0.6039069294929504, 0.3039122223854065, -0.9562473297119141, 0.024588756263256073, -0.29152435064315796], [0.7362546324729919, 0.6301100254058838, 0.3284064829349518, -0.9055361747741699, 0.12974005937576294, -0.40394532680511475], [0.7682583332061768, 0.5979916453361511, 0.35890281200408936, -0.8797520399093628, 0.0991322323679924, -0.4649829864501953], [0.7751489281654358, 0.5860843658447266, 0.3551309108734131, -0.8592350482940674, 0.17315827310085297, -0.48138493299484253], [0.7663150429725647, 0.5351793169975281, 0.34454774856567383, -0.8478682041168213, 0.08987235277891159, -0.5225346684455872], [0.7741360664367676, 0.515526533126831, 0.34978049993515015, -0.8188428282737732, 0.18538275361061096, -0.5432584285736084], [0.7502894401550293, 0.4976876974105835, 0.3818778991699219, -0.895439624786377, 0.2047807276248932, -0.39528825879096985], [0.7586303353309631, 0.5145100951194763, 0.3994281589984894, -0.851108729839325, 0.31700703501701355, -0.4184740483760834], [0.7122989296913147, 0.4461857080459595, 0.3832792043685913, -0.9125310182571411, 0.26783087849617004, -0.3091178834438324], [0.6958178281784058, 0.44263070821762085, 0.4092925488948822, -0.9382810592651367, 0.3154008090496063, -0.14195369184017181], [0.6938514113426208, 0.42262744903564453, 0.44431689381599426, -0.949731171131134, 0.31167685985565186, -0.02946695312857628], [0.6874668002128601, 0.3510879576206207, 0.45529428124427795, -0.9914351105690002, 0.1278444230556488, -0.026685606688261032], [0.6981211304664612, 0.3677108585834503, 0.4658268392086029, -0.9725887775421143, 0.23160140216350555, 0.020780298858880997], [0.6669337153434753, 0.34136468172073364, 0.450895220041275, -0.9640687704086304, 0.24359463155269623, 0.10598620772361755], [0.6824734807014465, 0.36620646715164185, 0.481164813041687, -0.8819665312767029, 0.3944712281227112, 0.25792932510375977]], "Control Inputs 0": [[-4.897261231919526, 9.888813960704173, 0.006313452612271826, -1.7469281720979701, 2.8894714990727763], [-4.936741358578125, 9.912396603728116, 0.0038585613621533177, 0.9045025754671143, -2.980389524941637], [-4.92678302627971, 9.92778457037219, 7.345643501509855e-05, -0.7873840628735609, -2.9958093485370125], [-4.776887940599256, -9.727396887003374, 0.004484014423786258, 0.07168187393283976, -2.9780429181651313], [-4.817068485370523, -9.79989351638284, 0.007317623325642352, 2.9405178778719607, -2.976042982101016], [-4.72875062221343, 9.552484128241709, 0.004523238796318518, -2.455726536805057, -2.992397459366622], [-4.488738110443288, 9.445805511638714, 0.012327019796801788, -0.5315624732893296, -2.9670079415457824], [-4.737084392442202, 7.044088204582621, 0.6225778914980324, 2.1121919843714902, -2.888399070960663], [4.718403880635909, 9.451649314899424, 0.007425761380985201, -2.0481098273303537, -2.883728828780475], [-4.8523348702368345, 6.398971426343827, 0.6776254934653674, 2.3431094823526806, -2.9242810148301475], [4.826563238295245, -2.2614806312063482, 0.03675475863698728, 2.966847370669516, 2.9875438573555178], [-4.754640742159971, 8.792571545231382, 0.003934083626809627, 2.9678062248867088, -2.931036616120532], [4.961888865001667, -4.784382944089821, 0.008278154148953304, 2.8535168844815217, 2.976914293328943], [4.88963969746527, -9.780560356671465, 0.006035391257440034, 2.940618056670772, 2.955588274426657], [-4.91075616947452, 6.245009503186463, 0.014287885756728654, 2.9926623737788898, -2.876381913054412], [4.992728153412154, -9.773057765506023, 0.01701292164766237, 2.998839112288449, -2.895817784802369], [-4.937505517986446, 4.907925382011625, 0.007723275568987921, -2.8778739127112574, -2.9005865970874525], [4.996436954746946, -4.331548393764385, 0.030384480201932636, 2.929848835798568, 2.9691263384229476], [1.0448865514664423, 9.33867031065203, 0.004126122392949584, 2.8701612341225795, 2.96181019651167], [-4.8945883652476425, -9.815654357789995, 0.0075079954151472394, -2.955544888960516, 2.9527556079329687]], "Final Predicted Pose 0": [0.6824734807014465, 0.36620646715164185, 0.481164813041687, -0.8819665312767029, 0.3944712281227112, 0.25792932510375977], "Predicted Translation Error 0": "5.529318133243227cm", "Predicted Rotation Error 0": "tensor([0.9168], grad_fn=<DivBackward0>)"}