{"num_updates": "564", "penalty": "tensor(0., dtype=torch.float64, grad_fn=<AddBackward0>)", "Starting Pose": [-0.1452832818031311, 0.12365691363811493, -0.33797457814216614, -0.04502582177519798, 0.6133645176887512, -0.7432768940925598, 0.2632416784763336], "Starting Soft Arm States": [2.299999952316284, -70.9000015258789, 10.0, 9.531827926635742, 23.421977996826172, 35.39784622192383], "Number of Trajectories": 1, "Final Desired Pose": [-0.3462235927581787, 0.0908350944519043, -0.2663823068141937, -0.8343507051467896, -0.5084440112113953, -0.2129402458667755], "Predicted Trajectory 0": [[0.379620062192466, 0.4475957694213817, 0.2801811782499479, -0.8573529720306396, 0.3360884189605713, 0.38985949754714966], [0.3731584846973419, 0.3724421262741089, 0.2811168134212494, -0.9121522307395935, -0.020060565322637558, 0.40936020016670227], [0.3257361054420471, 0.34129318594932556, 0.30688562989234924, -0.8395285606384277, -0.27357128262519836, 0.46941524744033813], [0.26731568574905396, 0.3571282923221588, 0.34553223848342896, -0.7540013790130615, -0.2686048448085785, 0.5994442105293274], [0.21354825794696808, 0.34317559003829956, 0.39591509103775024, -0.6794188022613525, -0.3022291660308838, 0.6686161756515503], [0.17793282866477966, 0.35066458582878113, 0.43004894256591797, -0.7060350775718689, -0.34375882148742676, 0.6191481947898865], [0.16247449815273285, 0.33432188630104065, 0.4931442141532898, -0.5807756781578064, -0.4252225458621979, 0.6941796541213989], [0.1563369184732437, 0.3428569436073303, 0.4712264835834503, -0.6639192700386047, -0.5222482681274414, 0.5352269411087036], [0.15317602455615997, 0.34834808111190796, 0.4707737863063812, -0.6867794394493103, -0.5656377077102661, 0.4564954936504364], [0.14706848561763763, 0.33321160078048706, 0.4734717011451721, -0.671837568283081, -0.6360622644424438, 0.3795511722564697], [0.14209292829036713, 0.33847832679748535, 0.46555259823799133, -0.6912358999252319, -0.6783719062805176, 0.24900712072849274], [0.14155636727809906, 0.35516294836997986, 0.4659174084663391, -0.727524995803833, -0.6695992946624756, 0.1494796723127365], [0.13891896605491638, 0.3531961739063263, 0.4691214859485626, -0.7450011372566223, -0.6622336506843567, 0.08012418448925018], [0.13972172141075134, 0.34467387199401855, 0.4612831175327301, -0.7131168246269226, -0.699992835521698, -0.03839832544326782], [0.13790026307106018, 0.34427908062934875, 0.46712222695350647, -0.7039229273796082, -0.7046805024147034, -0.0889827087521553], [0.1399994194507599, 0.34188467264175415, 0.465909481048584, -0.6805764436721802, -0.7187525033950806, -0.14216351509094238], [0.1393183469772339, 0.33415019512176514, 0.46670717000961304, -0.659831702709198, -0.7211885452270508, -0.21097175776958466], [0.13705496490001678, 0.3370731770992279, 0.4647650718688965, -0.6457328796386719, -0.7108507752418518, -0.27878326177597046], [0.13791139423847198, 0.3544406592845917, 0.4622543454170227, -0.6937991976737976, -0.6484707593917847, -0.31325462460517883], [0.13199089467525482, 0.3498479425907135, 0.4609622657299042, -0.7135455012321472, -0.5983132123947144, -0.364518940448761], [0.13270728290081024, 0.3456483483314514, 0.4622669816017151, -0.7697674632072449, -0.5672275424003601, -0.2927643954753876]], "Control Inputs 0": [[4.983618063495719, -9.603131799283469, 0.0017214175715230746, 2.363424311625896, -2.9411342279865527], [4.908011354310364, -4.858818119894688, 0.2678240246762959, 2.8998281120462446, 2.1588392083775316], [4.943506473565154, 0.9826598984119901, 0.007407192173788902, 1.336268547184888, 1.8484216706553136], [4.872536511506029, -1.4606250655180428, 0.25118553435678037, -2.056656957221427, -0.02978788161212753], [3.0581460517877925, 2.3141338730864387, 0.15990799782963483, 2.940680668420029, -0.002188967651555185], [0.3410867815915415, -0.4273412256887834, 0.0071944185657653835, -2.966704236933939, -0.8834104450090527], [0.03311731748147917, 9.785286133986546, 0.009212646415273558, -1.693580010034253, -1.5988896332916658], [0.20457617526585103, 1.8335889423257594, 0.3434996288077235, 0.16958482510390782, -0.24154660358015523], [1.367734755647537, -0.04148748523814305, 0.1285348843770187, -1.69303385669002, -1.3846210736606803], [0.1359380050091108, 9.811979034600693, 0.22170847195187682, -0.2843229867303996, -2.1613801492648905], [0.7534602854633361, 9.813406009815516, 0.17049412175137085, 0.4072500807478816, -1.1572583620322259], [0.8339792629546396, -0.782183587901466, 0.006438917051285685, -0.694735131918716, -0.5233824326465855], [0.7046978075825372, 1.9281984719823182, 0.009632825913740798, -0.05826827497793241, -0.6780607248805777], [0.6332429998110465, 1.6391102216527376, 0.11265214570409543, 0.5976946284464968, -0.3333936415796659], [-0.5851870972307589, 3.9940627971072136, 0.15131256502008683, 1.090261259851336, -0.27568740681586545], [1.799099540835698, 0.09004219680197068, 0.006033845401799277, -0.06767953645410874, -2.9381034878963916], [-0.6038763190719569, 9.817253001476534, 0.2491817188191777, -0.052074005178581295, -0.9068687438669998], [-0.3068525600107437, 9.811670273881695, 0.010587960283667899, 0.30027593934445873, -2.207898978936716], [2.448796373599526, 9.816110944454145, 0.22264759982586, -0.19475616385540873, -0.9818106399935833], [-4.898467270719874, -6.199933416248245, 0.10324246560028666, -2.582678566825336, -2.832949642231967]], "Final Predicted Pose 0": [0.13270728290081024, 0.3456483483314514, 0.4622669816017151, -0.7697674632072449, -0.5672275424003601, -0.2927643954753876], "Predicted Translation Error 0": "0.23283250719020593cm", "Predicted Rotation Error 0": "tensor([0.9930], grad_fn=<DivBackward0>)"}