{"num_updates": "3883", "penalty": "tensor(0.0005, dtype=torch.float64, grad_fn=<AddBackward0>)", "Starting Pose": [-0.37482932209968567, 0.19442741572856903, -0.22405391931533813, -0.2533268332481384, -0.9362085461616516, -0.05047546699643135, -0.23830924928188324], "Starting Soft Arm States": [44.099998474121094, -26.5, 10.0, 7.461883544921875, 35.16270065307617, 3.5902607440948486], "Number of Trajectories": 1, "Final Desired Pose": [0.10802865028381348, 0.07023769617080688, -0.29750871658325195, -0.6294369697570801, 0.11074813455343246, 0.7691189646720886], "Predicted Trajectory 0": [[0.10055896601094969, 0.6711848131311479, 0.5726403850220362, -0.7580684423446655, 0.4502759575843811, 0.4717878997325897], [0.13251516222953796, 0.6608311533927917, 0.47623375058174133, -0.7473987936973572, 0.6265079975128174, 0.22109441459178925], [0.16935615241527557, 0.6861246228218079, 0.4097141623497009, -0.6195371150970459, 0.783951997756958, 0.03991260007023811], [0.21461854875087738, 0.6773282885551453, 0.3488715589046478, -0.4784025251865387, 0.8629570603370667, -0.16259194910526276], [0.2648961544036865, 0.6729570627212524, 0.2919231951236725, -0.29722657799720764, 0.8764984011650085, -0.37869107723236084], [0.319315105676651, 0.6597498059272766, 0.24780811369419098, -0.10786474496126175, 0.8095027804374695, -0.5771225690841675], [0.3815416991710663, 0.6436623930931091, 0.21444633603096008, 0.0689222514629364, 0.6773958802223206, -0.7323827147483826], [0.43735271692276, 0.5837600231170654, 0.17398302257061005, 0.13537351787090302, 0.40362265706062317, -0.9048551321029663], [0.4999392628669739, 0.5319940447807312, 0.151680588722229, 0.15951231122016907, 0.13079072535037994, -0.9784935116767883], [0.5625625848770142, 0.46230348944664, 0.1340998113155365, 0.11749371886253357, -0.13709454238414764, -0.983565092086792], [0.6241797804832458, 0.4013445973396301, 0.12615463137626648, 0.06248816102743149, -0.29144832491874695, -0.95454341173172], [0.66656094789505, 0.33791011571884155, 0.13299167156219482, -0.044282231479883194, -0.4191986620426178, -0.9068139791488647], [0.6936066746711731, 0.28469350934028625, 0.1454138159751892, -0.16997575759887695, -0.5072231292724609, -0.844886302947998], [0.6803442239761353, 0.22810371220111847, 0.14262691140174866, -0.2974337041378021, -0.5589803457260132, -0.7739989161491394], [0.6074236631393433, 0.25321441888809204, 0.14936143159866333, -0.4097480773925781, -0.6081154942512512, -0.6799279451370239], [0.5592244863510132, 0.23513756692409515, 0.16644537448883057, -0.6023767590522766, -0.6751056909561157, -0.42588093876838684], [0.5798888802528381, 0.22708900272846222, 0.1904200315475464, -0.6752259731292725, -0.7006300091743469, -0.2306242436170578], [0.5980889797210693, 0.21809488534927368, 0.2236166000366211, -0.7121458649635315, -0.702009379863739, 0.005578802898526192], [0.6249275207519531, 0.2238408625125885, 0.2734987139701843, -0.7360531687736511, -0.6390693783760071, 0.22319485247135162], [0.6428837180137634, 0.17928025126457214, 0.3372142016887665, -0.4892716705799103, -0.7239230275154114, 0.4863627254962921], [0.6682572364807129, 0.33286410570144653, 0.41847819089889526, -0.6509352326393127, -0.28853365778923035, 0.7021620869636536]], "Control Inputs 0": [[-4.9151289127430715, 9.728573108176317, 0.0009848042969733079, -0.43235683995229124, 2.052356846062323], [-4.905390373999398, 9.664539234584769, -4.2249341269544154e-05, 0.7326451305436454, 1.273650066321462], [-4.925752020956088, 9.902002454272765, 0.000603067426550797, -0.5148261738222204, -0.0017386169613726743], [-4.8309934868124085, 9.722709038768027, 0.0010459540879979585, -0.19764757443609726, -0.017117252424170726], [-4.870044076063644, 9.924470459179865, 0.002165644039834204, 2.6937724874600244, 0.01999572228471269], [-4.775999541340785, 9.927465080516239, 0.0015406166272987972, -1.7838083707628223, 0.006684801011429542], [-4.920910962500499, 9.91871487326744, 0.0009253522041903757, -0.7882547239696573, -1.6200936747631722], [-4.948369898255263, 9.729202550877591, 0.001159293323874389, 1.5614991094264203, -0.9921549342223659], [-4.85914328484347, 8.424972239180907, 0.007023093742742405, -0.7212862703086405, -2.9422210086650735], [-4.92203114320595, 9.208631978648462, 0.008039004991327923, 2.9246817564684555, -2.8791971190690973], [-4.904547084252259, 9.161646703676134, 0.06044925772071017, 2.9150069889732633, -2.972446841631162], [-4.331395948557956, 8.46248010984425, 0.09122902906654962, 2.141981223542275, -2.9597499965735627], [4.952815749789005, -8.149364849121444, 0.3302222871179053, 2.8888613958278118, -2.955378295608386], [4.889927742334978, -0.9704072217305573, 0.5799735823449167, 2.922772277006829, -2.9270664530755726], [-4.929503676792556, 3.9860362105396163, 0.32727733742472737, 2.952532178100819, -2.9337862223778375], [-4.815662496168578, 1.0063045320049966, 0.015013347253503286, 2.7784117656684897, -2.9573546580696477], [-4.926099907445659, 2.3746295157359647, 0.3256300966425801, 1.976337010833646, -2.842242943057214], [-4.752132724148478, -7.704723186986386, 0.011657190816673641, 2.717776400999462, -2.944139856062578], [-4.726228906416013, 7.609575712604698, 0.6952363406977345, 2.283703454657637, 2.9959663810656316], [-4.8418265345607026, -9.3708490018085, 0.6926954268589242, -0.03228851352265627, 2.84812007692309]], "Final Predicted Pose 0": [0.6682572364807129, 0.33286410570144653, 0.41847819089889526, -0.6509352326393127, -0.28853365778923035, 0.7021620869636536], "Predicted Translation Error 0": "2.692018711828554cm", "Predicted Rotation Error 0": "tensor([0.9178], grad_fn=<DivBackward0>)"}