{"num_updates": "1858", "penalty": "tensor(64.5630, dtype=torch.float64, grad_fn=<AddBackward0>)", "Starting Pose": [-0.022666417062282562, 0.06540343910455704, -0.3226754069328308, -0.5867854952812195, 0.7238050699234009, 0.10271622240543365, 0.3481929302215576], "Starting Soft Arm States": [-6.0, -26.100000381469727, 10.0, 29.737791061401367, 3.5968844890594482, 35.40115737915039], "Number of Trajectories": 1, "Final Desired Pose": [-0.17830392718315125, 0.06653394550085068, -0.32303810119628906, -0.6512428522109985, -0.5316036343574524, 0.5415536165237427], "Predicted Trajectory 0": [[0.5286864396421297, 0.26355244234307496, 0.319457491450999, -0.06888887286186218, -0.9209668040275574, 0.38350287079811096], [0.49835023283958435, 0.236641988158226, 0.33124613761901855, -0.23462529480457306, -0.9521909952163696, 0.19566111266613007], [0.44520169496536255, 0.25882241129875183, 0.33553096652030945, -0.40084439516067505, -0.9136433005332947, 0.06767386198043823], [0.3915821611881256, 0.2752618193626404, 0.3395172357559204, -0.5325115919113159, -0.8464192748069763, 0.00238626915961504], [0.35531771183013916, 0.27138444781303406, 0.3463316261768341, -0.5920670032501221, -0.8057618737220764, -0.01429652888327837], [0.34351879358291626, 0.27015864849090576, 0.3343910574913025, -0.5642296671867371, -0.8154749274253845, -0.12901756167411804], [0.34292852878570557, 0.29034239053726196, 0.3315070569515228, -0.6345356702804565, -0.7502284646034241, -0.18579989671707153], [0.34796735644340515, 0.30108851194381714, 0.31414613127708435, -0.6717199087142944, -0.6891930103302002, -0.27167150378227234], [0.3359031081199646, 0.28908059000968933, 0.31184956431388855, -0.7069565057754517, -0.6626418828964233, -0.2472209334373474], [0.32948341965675354, 0.260913610458374, 0.30673643946647644, -0.6608054041862488, -0.7054165601730347, -0.2563662528991699], [0.3142547011375427, 0.26484230160713196, 0.3312539756298065, -0.6923552751541138, -0.7122663855552673, -0.1154153048992157], [0.3249528110027313, 0.2604059875011444, 0.3296443223953247, -0.6398467421531677, -0.7606005668640137, -0.10992231965065002], [0.3494340181350708, 0.29600390791893005, 0.3138027787208557, -0.7150790095329285, -0.689089298248291, -0.11754976958036423], [0.35408520698547363, 0.2765847444534302, 0.28392747044563293, -0.6949098706245422, -0.693057119846344, -0.1917603611946106], [0.34820476174354553, 0.28817054629325867, 0.3078916668891907, -0.7547489404678345, -0.6549306511878967, -0.037682101130485535], [0.3527050316333771, 0.2538432478904724, 0.2718280255794525, -0.6682966947555542, -0.7407019734382629, -0.06884829699993134], [0.3441873788833618, 0.30074676871299744, 0.32964447140693665, -0.732607364654541, -0.6541482210159302, 0.18808682262897491], [0.35532090067863464, 0.2323940247297287, 0.3122888505458832, -0.5345790386199951, -0.8358350992202759, 0.12491913884878159], [0.3365211486816406, 0.35390132665634155, 0.3322366178035736, -0.7838245630264282, -0.5647439360618591, 0.2582312226295471], [0.34807467460632324, 0.24874302744865417, 0.2888527512550354, -0.5955456495285034, -0.7889334559440613, 0.15135857462882996], [0.33961421251296997, 0.2924065589904785, 0.3446906507015228, -0.6059672832489014, -0.7120441794395447, 0.354678213596344]], "Control Inputs 0": [[4.914446145499046, 9.862892365824354, 0.690027364924217, -2.8947923676460263, 2.87355111927298], [4.918732229305633, 9.563817673243662, 0.5645450679143124, -2.970222458208707, 2.863095042208072], [4.810543649702993, 5.647955682120664, 0.007823624915259512, -2.9728270622551203, 0.835722115709725], [2.420240571330047, -5.040772659395493, 0.35713563512965546, -1.2259872376101988, 0.5435926076827098], [-1.3861757705192663, 9.792407896671058, 0.01800395552697551, -0.8539231788253869, -2.1890066065162843], [-2.1382495943654636, 9.798528273239903, 0.0056843331232763125, -0.9604790737437727, -0.9567496435444038], [-1.0425188590581804, 9.787364010176553, 0.016362686567379593, -1.5930431614626552, 1.71447721657095], [2.905761370220179, -9.603058297244548, 0.6853803987816753, -0.453052527551701, 2.8972426418402186], [0.3726387275989209, -0.1862146017943065, 0.0195398829474321, 1.7754284298177767, 2.821184169320145], [0.13865743483491144, -4.967202073210135, 0.6878432348285279, 2.828958767515804, 1.8466309990468526], [-3.2913682008491634, 9.785109699289976, 0.01761451484872099, 0.06115129327066082, -2.5481036914194988], [-4.896538911326712, 5.297360866015266, 0.005066702731210328, -2.6102582820875186, 0.8265473382256219], [4.878525220784688, -6.861404379520099, 0.03985112511875761, -1.598185732765201, 2.021689001405627], [-4.885334858580768, -6.983229855217291, 0.6853689462575873, 0.24254003533816748, 2.94878114683796], [4.88909938969725, -9.916984415800254, 0.6797891845673373, 2.8218113680020487, 2.9595588007658336], [-4.773094622993492, -4.099665517418572, 0.014565834127603603, 2.8315548295307114, -0.23051265396561282], [4.410583508073314, 9.757531048813995, 0.006203909114876206, -2.9398029423362946, -2.8367306184159253], [-4.906924917388148, -9.537687304960162, 0.6901938027012917, -2.0068559296438315, 2.9731433664219526], [4.898182046768948, -9.434867862059102, 0.011318255926387981, 2.9437232416524948, -1.042432349976074], [-4.907863858681209, 9.765314441610641, 0.6884027784050468, 2.9425457829850394, 1.9379184074555855]], "Final Predicted Pose 0": [0.33961421251296997, 0.2924065589904785, 0.3446906507015228, -0.6059672832489014, -0.7120441794395447, 0.354678213596344], "Predicted Translation Error 0": "1.2958464283159987cm", "Predicted Rotation Error 0": "tensor([0.9652], grad_fn=<DivBackward0>)"}