{"num_updates": "1889", "penalty": "tensor(18.3151, dtype=torch.float64, grad_fn=<AddBackward0>)", "Starting Pose": [-0.026372287422418594, 0.06597724556922913, -0.33062130212783813, -0.5676891803741455, 0.6972618103027344, 0.3120002746582031, 0.3069379925727844], "Starting Soft Arm States": [-6.0, -26.100000381469727, 10.0, 29.737791061401367, 3.5968844890594482, 35.40115737915039], "Number of Trajectories": 1, "Final Desired Pose": [-0.39676201343536377, 0.05514971911907196, -0.15915919840335846, -0.24339424073696136, -0.5180046558380127, 0.8200185894966125], "Predicted Trajectory 0": [[0.524181181160345, 0.26536529988853275, 0.2990586434303033, -0.1670362502336502, -0.9831852912902832, 0.0737939104437828], [0.5015828609466553, 0.2667965888977051, 0.32511112093925476, -0.30115556716918945, -0.9535461664199829, -0.007418696768581867], [0.453721284866333, 0.27473556995391846, 0.36007124185562134, -0.3732433617115021, -0.9277114272117615, 0.0063985977321863174], [0.4078018367290497, 0.2789965271949768, 0.3836754560470581, -0.4082823395729065, -0.9128418564796448, -0.005028925370424986], [0.3547419011592865, 0.2968786656856537, 0.42812222242355347, -0.5109596252441406, -0.8534985780715942, 0.10227548331022263], [0.31013721227645874, 0.3111476004123688, 0.4583077132701874, -0.5710546970367432, -0.8121554851531982, 0.11958290636539459], [0.2643662095069885, 0.3191482126712799, 0.5115463733673096, -0.597758948802948, -0.7838207483291626, 0.16825324296951294], [0.21906515955924988, 0.33112505078315735, 0.5559381246566772, -0.673392653465271, -0.7160071730613708, 0.18405447900295258], [0.19618681073188782, 0.318621426820755, 0.5748227834701538, -0.7289497256278992, -0.6632905602455139, 0.16934554278850555], [0.1824900358915329, 0.2707267999649048, 0.6152851581573486, -0.5535677671432495, -0.8126519918441772, 0.18209722638130188], [0.15535898506641388, 0.27936917543411255, 0.6483408808708191, -0.6056839227676392, -0.7746989727020264, 0.181627556681633], [0.13208800554275513, 0.25859758257865906, 0.6685869097709656, -0.5893483757972717, -0.7860782146453857, 0.18641218543052673], [0.1145438402891159, 0.28153276443481445, 0.6893577575683594, -0.6536825299263, -0.739288330078125, 0.1617160439491272], [0.10313084721565247, 0.26518508791923523, 0.6918472051620483, -0.6612316370010376, -0.7347883582115173, 0.15119117498397827], [0.09037654101848602, 0.2674868404865265, 0.7477445602416992, -0.6283993124961853, -0.7265905737876892, 0.2778138220310211], [0.09160388261079788, 0.26688870787620544, 0.7513355016708374, -0.5627333521842957, -0.75690758228302, 0.3322981595993042], [0.09036678075790405, 0.2619183361530304, 0.7683572769165039, -0.475751131772995, -0.8104756474494934, 0.34174567461013794], [0.08024754375219345, 0.2748650908470154, 0.7841102480888367, -0.4875923991203308, -0.8045122027397156, 0.3391369879245758], [0.08155296742916107, 0.342068076133728, 0.7639884948730469, -0.5720914006233215, -0.6509010195732117, 0.4990384876728058], [0.07338279485702515, 0.32577601075172424, 0.7615482807159424, -0.5470061898231506, -0.62447190284729, 0.557511568069458], [0.07402880489826202, 0.29111918807029724, 0.775506854057312, -0.34108811616897583, -0.7344678640365601, 0.5866991281509399]], "Control Inputs 0": [[4.995935410781266, 9.843755161878175, 0.011989530839929154, 1.2046718881593685, 2.982478753485001], [4.99423755623871, 9.515668882975035, 0.6971392987878031, 2.3975326881511405, 2.863751431021801], [4.901205623351583, 9.817632097648893, 0.05701954546254248, -0.5841143033478535, 2.8621253037481162], [4.952599865228272, 9.80872929823009, 0.44771486027016477, -0.21806455030595684, 2.923695647591102], [4.9916863016784525, 9.793837256138538, 0.101575778515833, 1.7068270617361367, 1.776705380047967], [4.981484265268369, 9.782215216565167, 0.008645045058063738, -2.1250463398091535, 0.12286776727187565], [4.4324355580024815, 9.762015828060584, 0.0057695948662472, -2.9436256915065115, -2.877853355239466], [0.6404626089055965, -3.4864732861851158, 0.5510155408081256, 2.8973905472023134, 2.827798493873093], [4.781611540367706, -4.45565351303263, 0.18258161306449816, -2.938909372048372, -0.9262468797800985], [0.9112975431049186, -1.778422102082713, 0.3007107835456714, -2.868498105138098, 1.6570365778257834], [4.921211323556916, -3.305350552829794, 0.4290328258577704, -2.397681643816182, -0.27002529317416935], [-1.1848947268612284, 4.1507892612196144, 0.0036519166439737717, -2.942994671290361, -0.5032084029402739], [3.9609454664613892, -2.208392861560096, 0.1542605868319526, 2.564518223419566, 2.296361428628062], [0.38059425257176915, -2.8512869202600113, 0.5681382346506249, 2.9394813850856893, 2.9453146269503057], [-2.6713468478762934, -2.7321011102849777, 0.6608829481870303, 2.9387246773732407, 2.9394139240231834], [4.779685277574432, -2.0333535488574466, 0.0020311973762512075, -0.08872441872366021, -2.8765309642881016], [-2.8751229385811943, 9.796346682059344, 0.3333647719528348, -2.94147505618422, 2.977421519126146], [-1.9745843481333898, 0.29938434853466767, 0.06657982730304687, -2.941057586755714, 2.9094740091953373], [4.762748477782161, -9.661534962195468, 0.6994592290687547, 2.9448327218493295, -2.8485007250760552], [-4.903270991061045, -9.62206831621309, 0.6469057695006153, 2.941750792660187, 2.964190366084722]], "Final Predicted Pose 0": [0.07402880489826202, 0.29111918807029724, 0.775506854057312, -0.34108811616897583, -0.7344678640365601, 0.5866991281509399], "Predicted Translation Error 0": "2.366004402229737cm", "Predicted Rotation Error 0": "tensor([0.9446], grad_fn=<DivBackward0>)"}