{"num_updates": "93", "penalty": "tensor(0., dtype=torch.float64, grad_fn=<AddBackward0>)", "Starting Pose": [-0.06852667033672333, 0.2065879851579666, -0.3281627893447876, -0.4131228029727936, -0.5712162256240845, -0.5311992764472961, -0.4699670374393463], "Starting Soft Arm States": [-2.9000000953674316, 86.0, 10.0, 16.811405181884766, 35.05340576171875, 10.57176685333252], "Number of Trajectories": 1, "Final Desired Pose": [-0.22368526458740234, 0.19082970917224884, -0.26782476902008057, -0.20359177887439728, 0.9456460475921631, 0.2535822093486786], "Predicted Trajectory 0": [[0.47293373515899556, 0.7096043524783469, 0.3053701825819771, -0.2169211506843567, -0.0273274015635252, 0.9758065342903137], [0.4240782856941223, 0.707268238067627, 0.3028295338153839, -0.36252138018608093, 0.04270283132791519, 0.9309965968132019], [0.346767395734787, 0.6644324064254761, 0.3234303891658783, -0.3835206627845764, -0.01897561363875866, 0.9233373403549194], [0.287335067987442, 0.6602200865745544, 0.35966697335243225, -0.406571626663208, 0.013206272386014462, 0.9135234355926514], [0.261602520942688, 0.6589483618736267, 0.38356640934944153, -0.434491902589798, 0.1163291335105896, 0.893131673336029], [0.26307249069213867, 0.6580345034599304, 0.42547908425331116, -0.3872576355934143, 0.20130446553230286, 0.8997266292572021], [0.27106091380119324, 0.6502907872200012, 0.4331270456314087, -0.40318989753723145, 0.19962240755558014, 0.8930782675743103], [0.28269702196121216, 0.7100279927253723, 0.4311515986919403, -0.3732851445674896, 0.4261435866355896, 0.8240509033203125], [0.27648720145225525, 0.6862560510635376, 0.41652965545654297, -0.47938552498817444, 0.4259202182292938, 0.7673210501670837], [0.27919942140579224, 0.7303344011306763, 0.4326600134372711, -0.36584898829460144, 0.5737099647521973, 0.7328106164932251], [0.24022939801216125, 0.6383447051048279, 0.4822268486022949, -0.42327880859375, 0.3800714313983917, 0.8224236965179443], [0.2527545392513275, 0.6448293924331665, 0.46607914566993713, -0.4415290057659149, 0.45210498571395874, 0.7750182151794434], [0.27103257179260254, 0.6741430163383484, 0.4516614079475403, -0.40373218059539795, 0.591117799282074, 0.6982693672180176], [0.2753886580467224, 0.6559718251228333, 0.47334030270576477, -0.3147396445274353, 0.5577945709228516, 0.7679871320724487], [0.29845130443573, 0.6971925497055054, 0.4731435477733612, -0.23652008175849915, 0.6557105183601379, 0.7170090079307556], [0.2908467650413513, 0.6716539263725281, 0.4733482599258423, -0.25963908433914185, 0.6437633633613586, 0.7198307514190674], [0.2804247736930847, 0.6811728477478027, 0.4955412745475769, -0.19874899089336395, 0.6860870718955994, 0.6998451948165894], [0.28552356362342834, 0.689712405204773, 0.47456255555152893, -0.19171226024627686, 0.7731504440307617, 0.6045534014701843], [0.29270651936531067, 0.6823671460151672, 0.4643215537071228, -0.23397411406040192, 0.817706286907196, 0.5259395837783813], [0.2902493178844452, 0.6834841966629028, 0.4557904005050659, -0.2945435047149658, 0.8750287890434265, 0.38414672017097473], [0.2878939211368561, 0.6601971983909607, 0.4622517228126526, -0.32311731576919556, 0.881386399269104, 0.3446057140827179]], "Control Inputs 0": [[4.662908428471495, -7.482344835823522, 0.20261845181823052, 2.681820798980424, -2.9918219342565466], [4.822654057920657, -4.901982033922054, 0.335282463673345, 1.6027659766895743, -1.2448921707987646], [3.0561178103760493, -2.30751697362145, 0.28499455579550576, -0.033732877132659045, -0.6077993996682398], [1.1094652570687469, -1.3853649382940798, 0.12518647354555426, 2.9358395279674774, 0.24812356506987898], [-0.7073959477741143, -8.810376918264845, 0.0869211663105991, -0.2563337459053976, -0.934271993151218], [0.38435851596221937, 3.015285357254733, 0.3362039111907982, -1.9170814146520196, 1.1479306827454794], [1.228915019434675, 6.540766508195848, 0.380445074439069, -1.7850484411795353, -2.9358971294552307], [-2.6059001312846344, 5.712777551215133, 0.09483084789222782, 1.8870347673219445, -1.0854340444920474], [4.888895432460314, -6.266603081151386, 0.41574438692289617, 0.25121802378518776, -0.9630685037049043], [2.171638765055217, -6.856146804381268, 0.2568880763007111, -0.5333470870338664, 0.30542756047616537], [-4.967774799126746, -6.613187286257224, 0.34438999985926627, -0.49840507978994264, 2.6540107022377795], [3.7024755888428036, -2.355885711197625, 0.007469224937701725, 2.077232445837775, 0.9715885191652958], [-3.294874535862496, 4.509067331510096, 0.36771028562853686, 2.935007328374496, -1.1193130076124176], [-0.8920333056222036, -2.07344416121078, 0.20655180867699657, -1.550710731672503, -1.350012213333545], [2.7572113232534203, -4.209006152112378, 0.3262796303080094, 1.004869567307514, 1.007410893961409], [1.69585841514421, 1.7812355224976617, 0.3191828062526636, -1.7520465037090178, 1.5627691284322154], [-1.6554959345963218, -7.860799942249933, 0.15667712166143855, 0.5288807381988074, 1.8180829146681718], [-1.0810044565720678, -9.218346166768924, 0.3743907017596974, 0.6412988817547705, 1.7944257317881904], [1.7301739220754406, -6.923274543826009, 0.1809582804713229, 0.7810157479867863, -0.8869347342664167], [-1.093915486399629, 3.3581444656166095, 0.16384205479708147, -0.8715440928641414, -0.5149894196052096]], "Final Predicted Pose 0": [0.2878939211368561, 0.6601971983909607, 0.4622517228126526, -0.32311731576919556, 0.881386399269104, 0.3446057140827179], "Predicted Translation Error 0": "0.30527569554451256cm", "Predicted Rotation Error 0": "tensor([0.9866], grad_fn=<DivBackward0>)"}