{"num_updates": "1664", "penalty": "tensor(0., dtype=torch.float64, grad_fn=<AddBackward0>)", "Starting Pose": [-0.11294344067573547, 0.07300999760627747, -0.2930687963962555, -0.56661057472229, 0.7441525459289551, -0.2079533338546753, 0.2862602472305298], "Starting Soft Arm States": [2.700000047683716, -15.0, 10.0, 31.132104873657227, 13.58891773223877, 35.40446853637695], "Number of Trajectories": 1, "Final Desired Pose": [-0.08858487755060196, 0.11370699107646942, -0.33592528104782104, -0.8144029974937439, 0.19223953783512115, 0.5475323796272278], "Predicted Trajectory 0": [[0.4189358853000562, 0.28758425066836124, 0.395464125558507, -0.19401511549949646, -0.7242317795753479, 0.661699652671814], [0.4039174020290375, 0.28357118368148804, 0.40315696597099304, -0.328746497631073, -0.7482055425643921, 0.5762934684753418], [0.42082875967025757, 0.32189488410949707, 0.3914680778980255, -0.4819253087043762, -0.7249337434768677, 0.4921574592590332], [0.4481741487979889, 0.3383842706680298, 0.37039315700531006, -0.5953363180160522, -0.699406623840332, 0.39548078179359436], [0.4641132652759552, 0.35745760798454285, 0.35134047269821167, -0.6970857977867126, -0.62777179479599, 0.3463725745677948], [0.4640129506587982, 0.36217132210731506, 0.3247111439704895, -0.7864676713943481, -0.555432140827179, 0.27011778950691223], [0.45136988162994385, 0.39253705739974976, 0.31716635823249817, -0.8254171013832092, -0.5015506148338318, 0.2591016888618469], [0.4457870125770569, 0.4257257282733917, 0.2979070246219635, -0.9182427525520325, -0.36451029777526855, 0.15479789674282074], [0.45225751399993896, 0.40178513526916504, 0.2971126437187195, -0.8959749341011047, -0.38207247853279114, 0.22638361155986786], [0.44363343715667725, 0.4155338704586029, 0.29354971647262573, -0.9101003408432007, -0.3042583763599396, 0.2813261151313782], [0.4387698471546173, 0.41178247332572937, 0.30202874541282654, -0.8883088827133179, -0.28690895438194275, 0.35859525203704834], [0.44925785064697266, 0.427331805229187, 0.3187548518180847, -0.8259336352348328, -0.31419631838798523, 0.4680965542793274], [0.45215341448783875, 0.4562062919139862, 0.3051186203956604, -0.8736844658851624, -0.29043442010879517, 0.3902861773967743], [0.45725488662719727, 0.37827518582344055, 0.2843460440635681, -0.8127936720848083, -0.5031437873840332, 0.293620228767395], [0.4489724636077881, 0.42411959171295166, 0.2643643915653229, -0.9061057567596436, -0.3620756268501282, 0.21880030632019043], [0.4604525864124298, 0.4071448743343353, 0.29135581851005554, -0.8378195762634277, -0.3418157696723938, 0.42569977045059204], [0.45251592993736267, 0.40992769598960876, 0.2898937463760376, -0.8090187311172485, -0.29270607233047485, 0.5097174644470215], [0.45395544171333313, 0.3937233090400696, 0.3394176959991455, -0.702950119972229, -0.3337344825267792, 0.6280783414840698], [0.44513195753097534, 0.5001099705696106, 0.2881526052951813, -0.854923665523529, 0.06123746559023857, 0.515126645565033], [0.4304904639720917, 0.4233176112174988, 0.33409595489501953, -0.7306902408599854, -0.08470065146684647, 0.677434504032135], [0.44907164573669434, 0.43230000138282776, 0.29332220554351807, -0.8348662853240967, -0.057257093489170074, 0.5474668741226196]], "Control Inputs 0": [[-2.0015761800699394, 9.764630161098271, 0.010645745373272533, -2.9495578137381924, 2.9541749816729554], [-4.908295273710249, 9.454912164659635, 0.2001619063001196, -2.9650692289329506, 2.9462972427929834], [-2.669120911072609, 3.7361236156064965, 0.006095287775556103, -2.848525829217336, 2.9949458484849405], [-1.3341443113687026, -1.701107345132142, 0.32412164456931686, -2.9079431885209286, 2.9380124355369768], [1.5607069273652296, -9.734016038051744, 0.29692104301087024, -1.079886656314651, 2.8642776151880103], [0.45083843697782555, 9.764503795707483, 0.006352628003319904, -2.855181648234737, 0.25588147274952444], [1.3582704242143215, -9.452499447706746, 0.01754088196318116, 0.0237470342645274, 2.8665873168611693], [-4.900362643608159, -9.503074513084789, 0.6874969422662318, 1.346412723908795, 2.963853407903506], [4.181222860548408, -9.51792721500751, 0.2106714362423254, 0.4482239250245126, 1.0346222344725673], [-4.760638434204366, -9.4522944019783, 0.4779645709744437, 2.709188215689948, 0.8533773651261889], [0.3118815365412946, 9.740741141607987, 0.3733237779280534, -1.5441401652601172, -2.495799071576088], [-2.008193161129627, -7.04435434450493, 0.3883762817502792, -1.8155993970027091, -2.911036721716336], [0.9982894792210564, -8.29460711326717, 0.4067794012238441, -2.857790758090963, 1.6195505167230477], [-0.5182798798401116, -9.465904796505221, 0.3796784658832364, 2.937240600025137, 2.9359148529736494], [-4.909130447286273, -7.714786968433041, 0.6917292350822148, 2.93879086693674, 2.9403407378740667], [4.908508127346524, -8.21204819259896, 0.17227858383490838, 2.9400663577144615, -2.9373454940737664], [-4.904690594184918, 9.720242529395033, 0.6942988220287784, -2.942155919825047, 2.8923517403415193], [4.901054146339357, -9.841421088008996, 0.14041024275993558, 2.3061510190012573, 2.8520462478328925], [-0.1669984266415554, -5.447582788569108, 0.3021947422644982, -2.8753725286057623, -2.8996611134523187], [-4.902767173449266, -9.601910242336567, 0.045794243214219515, -2.854632543193753, 2.9429627160782266]], "Final Predicted Pose 0": [0.44907164573669434, 0.43230000138282776, 0.29332220554351807, -0.8348662853240967, -0.057257093489170074, 0.5474668741226196], "Predicted Translation Error 0": "0.5975237107275693cm", "Predicted Rotation Error 0": "tensor([0.9687], grad_fn=<DivBackward0>)"}