{"num_updates": "1446", "penalty": "tensor(0., dtype=torch.float64, grad_fn=<AddBackward0>)", "Starting Pose": [-0.26969295740127563, 0.19635967910289764, -0.26395025849342346, -0.5572501420974731, -0.6159751415252686, 0.5047194957733154, -0.23517033457756042], "Starting Soft Arm States": [28.600000381469727, 71.4000015258789, 10.0, 28.585247039794922, 34.963985443115234, 11.883283615112305], "Number of Trajectories": 1, "Final Desired Pose": [-0.39676201343536377, 0.05514971911907196, -0.15915919840335846, -0.24339424073696136, -0.5180046558380127, 0.8200185894966125], "Predicted Trajectory 0": [[0.22837414915840806, 0.6772895164651633, 0.4702177706403045, -0.26833435893058777, 0.9238946437835693, -0.27279186248779297], [0.20633497834205627, 0.6816623210906982, 0.5412278771400452, -0.308173805475235, 0.9497222900390625, -0.05528475344181061], [0.1719302237033844, 0.6436519622802734, 0.579206645488739, -0.4177795648574829, 0.9073786735534668, 0.046089593321084976], [0.1477639228105545, 0.6207189559936523, 0.6228044629096985, -0.5023367404937744, 0.8419772982597351, 0.1968047320842743], [0.13749700784683228, 0.5826547741889954, 0.6452336311340332, -0.5851145386695862, 0.7322567105293274, 0.34848400950431824], [0.1400149166584015, 0.5576777458190918, 0.6655352115631104, -0.5539930462837219, 0.6621753573417664, 0.5045943856239319], [0.13273414969444275, 0.5172933340072632, 0.6820657253265381, -0.5740675330162048, 0.5340486764907837, 0.6206758618354797], [0.12070956826210022, 0.4878460764884949, 0.6847466230392456, -0.6535029411315918, 0.37129536271095276, 0.6596011519432068], [0.12049811333417892, 0.46500951051712036, 0.6683498620986938, -0.7327727675437927, 0.2262246161699295, 0.641768217086792], [0.1169247254729271, 0.4284772574901581, 0.6931319832801819, -0.6911644339561462, 0.11064431071281433, 0.7141775488853455], [0.10087917000055313, 0.37469109892845154, 0.7250980138778687, -0.6498139500617981, -0.08698402345180511, 0.7550997138023376], [0.10298655927181244, 0.3495798110961914, 0.7135295271873474, -0.6426913142204285, -0.21489208936691284, 0.7353700995445251], [0.10242412239313126, 0.34387120604515076, 0.711039125919342, -0.6660327315330505, -0.2581637501716614, 0.699822723865509], [0.09639814496040344, 0.3151197135448456, 0.7343366146087646, -0.5718026161193848, -0.39925459027290344, 0.7166850566864014], [0.09762255102396011, 0.28724002838134766, 0.7449033856391907, -0.40838226675987244, -0.5461797118186951, 0.731376588344574], [0.0884447693824768, 0.25494256615638733, 0.7461873292922974, -0.26007863879203796, -0.688999593257904, 0.6764899492263794], [0.08927445113658905, 0.27167683839797974, 0.7557346224784851, -0.20525908470153809, -0.6969220042228699, 0.6871451735496521], [0.08730903267860413, 0.2775826156139374, 0.7384428381919861, -0.25437983870506287, -0.6779911518096924, 0.6896513104438782], [0.09331990033388138, 0.2917402982711792, 0.7324114441871643, -0.29640811681747437, -0.632958710193634, 0.7151961326599121], [0.0928027555346489, 0.2765982151031494, 0.7378807663917542, -0.29316461086273193, -0.6246453523635864, 0.7237905263900757], [0.09014415740966797, 0.25980129837989807, 0.7488256096839905, -0.2335619181394577, -0.7035412192344666, 0.671177089214325]], "Control Inputs 0": [[3.8629314904240992, -9.802954263476478, 0.0063602142555898794, -2.9793721031990144, -2.986697215202238], [3.311737057607063, -9.817363401270251, 0.2838285300127206, -2.9041935106162957, -2.9704091774625687], [2.3178188527834376, -9.939578138810797, 0.28949117621124254, -2.9470024214086283, -2.9578673165126865], [-0.4666927135010006, -9.853829306955335, 0.007208232650477377, 1.4079600734284288, -2.904338342059764], [-0.5080790361624086, -9.809660924048126, 0.002340877258751611, 0.598552946083454, -2.9160494720955543], [0.5293428894797536, -9.770161382829881, 0.0704890513111001, -2.9380058509645846, -2.88502108307922], [1.3114043908173052, -2.97886529958539, 0.1276845135647176, -2.9324935516923416, -2.949576710522056], [-2.802621955421127, -4.171845786273697, 0.009958450248971847, 2.8748138237645113, -2.9354378976187183], [4.813663241242196, -9.827013049206682, 0.105426783784875, 0.6414405631988034, -2.904020498743525], [1.9021528111773778, -9.773757376017896, 0.016702951141689158, -0.10150669677983304, -2.9360820909250256], [-3.3506906839455137, -9.79526290655776, 0.3786635799803864, 0.6257650856548205, 1.4761297397758488], [3.666251113737802, -8.545803181208361, 0.008563549011596696, 1.009961154757093, -1.1196183088944436], [-1.5035442148825533, -2.141255883136311, 0.34050640296373663, 2.929937207810376, -2.938041398120066], [1.8546289858729361, -8.818357309937225, 0.2771132338401315, -0.4671711192277308, -2.9322970570241154], [-0.17141809647467188, -9.698769537898077, 0.5372381543302532, 0.8257598929129619, 2.07678130632947], [-2.617118524773801, -4.66711526537682, 0.4713341028954188, -1.2277169319061014, 2.368748773957237], [-2.078600153505518, -9.675428076931905, 0.678474025186209, -0.03356114204898253, 2.2683584867845976], [-4.458125627549385, -9.762389669145852, 0.6968671132518136, 0.7587148740271394, 2.532944703990297], [3.9632891855875716, -9.763771418068103, 0.6198545732244773, 0.25872284694184433, -2.9394886169645313], [-4.856226345990162, -0.5206572982792732, 0.0758264761287342, -2.892389887743018, -2.9394842797904897]], "Final Predicted Pose 0": [0.09014415740966797, 0.25980129837989807, 0.7488256096839905, -0.2335619181394577, -0.7035412192344666, 0.671177089214325], "Predicted Translation Error 0": "1.657675373226112cm", "Predicted Rotation Error 0": "tensor([0.9717], grad_fn=<DivBackward0>)"}