{"num_updates": "156", "penalty": "tensor(0., dtype=torch.float64, grad_fn=<AddBackward0>)", "Starting Pose": [-0.28535977005958557, 0.14914153516292572, -0.17045769095420837, -0.7365193367004395, -0.3684742748737335, -0.5669733285903931, -0.01752825826406479], "Starting Soft Arm States": [29.399999618530273, 4.199999809265137, 10.0, 34.175750732421875, 35.17926025390625, 29.63180923461914], "Number of Trajectories": 1, "Final Desired Pose": [-0.22069542109966278, 0.06826265156269073, -0.3431475758552551, -0.38096532225608826, -0.9107316136360168, -0.1594783067703247], "Predicted Trajectory 0": [[0.2093278702138871, 0.5281107013170868, 0.710233606426233, 0.085535928606987, 0.5229007601737976, 0.8480910658836365], [0.21803148090839386, 0.5093267560005188, 0.6778604388237, -0.05742516741156578, 0.3171727657318115, 0.9466276168823242], [0.24382834136486053, 0.47753384709358215, 0.6335280537605286, -0.22508062422275543, 0.08941613137722015, 0.9702285528182983], [0.27241718769073486, 0.4457542300224304, 0.5588861107826233, -0.45788446068763733, -0.123011514544487, 0.8804600834846497], [0.30036401748657227, 0.4068174362182617, 0.5030736327171326, -0.5385044813156128, -0.350789874792099, 0.7661327123641968], [0.3152026832103729, 0.39231395721435547, 0.45430946350097656, -0.595143735408783, -0.47982463240623474, 0.6446489691734314], [0.3234272301197052, 0.37839430570602417, 0.43828287720680237, -0.5703100562095642, -0.5705969333648682, 0.5909023284912109], [0.32705938816070557, 0.3592923581600189, 0.3942736089229584, -0.6348357200622559, -0.6470147371292114, 0.42232146859169006], [0.3452754616737366, 0.3103579580783844, 0.3494790494441986, -0.5908003449440002, -0.770836591720581, 0.23825551569461823], [0.35061323642730713, 0.28332430124282837, 0.33204102516174316, -0.5396963953971863, -0.822984516620636, 0.1772690713405609], [0.3479019105434418, 0.2794835865497589, 0.29801973700523376, -0.5187620520591736, -0.8548280000686646, 0.012455171905457973], [0.33034655451774597, 0.28127387166023254, 0.28125932812690735, -0.515694260597229, -0.85257488489151, -0.08470853418111801], [0.30871981382369995, 0.3059403896331787, 0.30179253220558167, -0.5930707454681396, -0.8041432499885559, -0.040256887674331665], [0.31520023941993713, 0.2887977957725525, 0.2510651648044586, -0.5056252479553223, -0.8167890906333923, -0.27784663438796997], [0.29474684596061707, 0.2948407530784607, 0.2886565029621124, -0.5614714026451111, -0.8132884502410889, -0.1526821404695511], [0.3040160536766052, 0.28137072920799255, 0.2788788378238678, -0.5269948840141296, -0.8374037742614746, -0.14502188563346863], [0.3066399097442627, 0.23747701942920685, 0.2870597541332245, -0.4321715235710144, -0.896939754486084, -0.09341706335544586], [0.29287591576576233, 0.26020482182502747, 0.30271095037460327, -0.5067164897918701, -0.8620837330818176, -0.0070697590708732605], [0.2955944240093231, 0.296806663274765, 0.2570316195487976, -0.5456371307373047, -0.8174777030944824, -0.18441861867904663], [0.29117444157600403, 0.2568167746067047, 0.2735730707645416, -0.4591383934020996, -0.8683770298957825, -0.18738551437854767], [0.28651994466781616, 0.26894161105155945, 0.26673829555511475, -0.4784054756164551, -0.8354676365852356, -0.2704108655452728]], "Control Inputs 0": [[-4.8995922037184005, 0.6066942497903884, 0.007058210854554461, -2.993025173724151, -2.946732429791694], [-4.90647863979547, -9.932651661320417, 0.5881888874890692, -2.969602249699973, -1.3414768336720797], [-4.904046705064294, -9.756193350404507, 0.007452801772599016, -2.9396753988488573, -2.948050846863234], [-4.028395631179201, -6.361745193245056, 0.5204859956192875, -2.9398269528240677, -2.9486730357182505], [-1.161884533791337, -1.0748756361211171, 0.23888376798986782, 0.21767959306889395, -2.455483652751613], [-1.0760546171961582, 0.1163643461280568, 0.007370154987796945, -2.939611451009594, -2.6007779547454093], [-1.256742838134937, -8.449098191498456, 0.08341568034948962, -2.836486126507351, -2.93568331124629], [-3.3034405907222215, -9.775295721909536, 0.6137767103314654, 0.13079165860854225, 0.012816581417390616], [1.73730407624151, -9.757488763302833, 0.3690274512912572, -2.936266038162775, -2.938270094624495], [-0.9662883508382221, -2.715064432929041, 0.5154655267203573, -1.8771935264435733, -1.1623644231338996], [4.3101989764312965, -5.326776878914087, 0.44862608829075834, -0.11014407703519291, 1.0394222788820642], [-1.6898254561330153, -2.657722560480699, 0.03533440008956705, -2.357742279805311, -2.139939217607067], [2.392918650707405, -4.4773436555105945, 0.1000648081411964, 0.5682427771588512, 0.9698733233277865], [-0.4142649690172684, -5.6315237085642345, 0.3859375210825312, 1.5458350808880157, 2.2635630925410837], [-3.1919965971806374, -7.712180831263861, 0.4359880607695099, 2.2954751790808015, 2.1281570555178124], [3.847917971594155, -7.319756090492324, 0.0013819460074424022, -0.05596201591672889, -2.1788003864466843], [-3.308129967164706, 0.5243147441345695, 0.5654436312823561, -2.9389009362332263, 0.1376846269134413], [0.14913558879090338, -1.1549340718159815, 0.14297853398297092, 0.3634905503014503, -1.8162103114802213], [1.0764164319247973, -1.5020705294433458, 0.55550856663601, 1.589881552036756, -2.9694320361842905], [-2.3261061369064637, -0.3949267147625637, 0.36639065391135966, -2.072242005510412, -1.858526643071342]], "Final Predicted Pose 0": [0.28651994466781616, 0.26894161105155945, 0.26673829555511475, -0.4784054756164551, -0.8354676365852356, -0.2704108655452728], "Predicted Translation Error 0": "0.16433291600045263cm", "Predicted Rotation Error 0": "tensor([0.9863], grad_fn=<DivBackward0>)"}