{"num_updates": "4481", "penalty": "tensor(0., dtype=torch.float64, grad_fn=<AddBackward0>)", "Starting Pose": [-0.3105064630508423, 0.06125159561634064, -0.24914148449897766, -0.38706669211387634, 0.6883394718170166, 0.5940259695053101, 0.15330135822296143], "Starting Soft Arm States": [33.5, -6.800000190734863, 10.0, 24.86928367614746, 0.9009897708892822, 35.387908935546875], "Number of Trajectories": 1, "Final Desired Pose": [0.02187373861670494, 0.2209409475326538, -0.30595871806144714, -0.4342903196811676, -0.2579953670501709, 0.8630355000495911], "Predicted Trajectory 0": [[0.17875681918458522, 0.25043530048676277, 0.5082351271082503, -0.65335613489151, -0.7149965167045593, -0.2488085776567459], [0.19898034632205963, 0.24602897465229034, 0.45540106296539307, -0.5047093033790588, -0.797545850276947, -0.3304380476474762], [0.22569489479064941, 0.25545692443847656, 0.4061530828475952, -0.4466498792171478, -0.8144795298576355, -0.3703066110610962], [0.2451876848936081, 0.28290313482284546, 0.3771398663520813, -0.45735931396484375, -0.8370019793510437, -0.30041661858558655], [0.26725128293037415, 0.3211514353752136, 0.3431090712547302, -0.4824366271495819, -0.8358896374702454, -0.261807918548584], [0.2924996018409729, 0.3591548800468445, 0.3159795105457306, -0.5556227564811707, -0.7961996793746948, -0.2394775003194809], [0.3265150189399719, 0.38756585121154785, 0.29072409868240356, -0.5995907783508301, -0.7555971741676331, -0.2637496292591095], [0.36423566937446594, 0.41762158274650574, 0.2784138023853302, -0.6425051689147949, -0.7153065800666809, -0.2748154103755951], [0.4054741859436035, 0.435934841632843, 0.2753242254257202, -0.6713411808013916, -0.6949464678764343, -0.2575860023498535], [0.4333435893058777, 0.4535907804965973, 0.2750402092933655, -0.7036241292953491, -0.6612021923065186, -0.260239839553833], [0.46222615242004395, 0.495082825422287, 0.2920914888381958, -0.7741188406944275, -0.6030669808387756, -0.19248461723327637], [0.4694243371486664, 0.5349496006965637, 0.2980101406574249, -0.8405075669288635, -0.5028870105743408, -0.2016228437423706], [0.48415035009384155, 0.5765427350997925, 0.33322253823280334, -0.9019508361816406, -0.43152353167533875, -0.01649434119462967], [0.5108410716056824, 0.6082029938697815, 0.3438415825366974, -0.9482801556587219, -0.3173530101776123, 0.007196762599050999], [0.517619252204895, 0.6499872207641602, 0.37022635340690613, -0.9797691106796265, -0.1424763947725296, 0.1405448615550995], [0.5144835710525513, 0.6570404767990112, 0.3803688883781433, -0.9574232697486877, -0.01278558000922203, 0.2884047329425812], [0.5272516012191772, 0.6402298808097839, 0.39995113015174866, -0.8654072284698486, -0.013838650658726692, 0.5008780360221863], [0.5323644280433655, 0.6449212431907654, 0.41185715794563293, -0.8119325637817383, 0.013779204338788986, 0.5835886597633362], [0.5408567190170288, 0.6254114508628845, 0.4090918302536011, -0.8324201703071594, 0.004473076667636633, 0.554127037525177], [0.5443244576454163, 0.5949569344520569, 0.4026864469051361, -0.8368801474571228, -0.08622875809669495, 0.5405518412590027], [0.5620179772377014, 0.6478878855705261, 0.44750288128852844, -0.6954510807991028, 0.03687308728694916, 0.7176267504692078]], "Control Inputs 0": [[-4.981449254552668, -9.990022586027079, 0.0016857861541271161, -2.9787170627120054, 2.996878886713491], [-4.942782869560144, -0.46678212919326256, 0.0016452298117683574, -2.910492783673352, 2.984276579194974], [-4.879080095435652, 2.0725804679664765, 0.0024326238236848548, -2.8876855986852714, 2.9510046415878994], [-4.95513039390672, 8.955455341828802, 0.0011388058384859425, -2.964672888174652, 2.9970241149741845], [-4.851141616036681, 9.397303851976947, 0.0016486382699809094, -0.5752647587078688, 2.9877913892678345], [-4.927304520558085, 9.199838854851851, 0.0009366812949382463, 1.018119286794569, 2.997905500280467], [-4.919971741660786, 9.098262538933444, 0.0023923551659098532, 2.329928456899096, 2.9207921554924443], [-4.867722319986047, 0.8055552268457795, 0.00025845035755689546, 1.2839033001391496, 2.9412131805534596], [-2.078677382927106, -0.22438529469611623, 0.003001837977897147, 1.7233876905239018, 2.908359400179763], [-4.947291579660874, 9.034767506442229, 0.0015710387005804774, 0.9059955973508256, 2.9226608068073867], [3.5534090887556182, 9.414724394010559, 0.004166262066149575, 2.8990384884427574, 2.949594925884954], [-4.947883939015405, 5.250082327966206, 0.0009535217822861789, 0.6906920385086348, 2.8961859810468917], [-1.273695739814333, 8.191747028589567, 0.01368048139238678, 2.0594249487862344, 2.8861677349945207], [1.8523538488585878, 4.753680924914482, 0.004637899226094928, 0.824960251429594, 2.9047834225389746], [0.5962390740958883, -2.479837046169534, 0.0004984682834400355, 2.620097063218598, 2.9126654538798533], [-4.904753212634854, 3.533300010636255, 0.34521190655148004, 1.8890630302164473, -2.83096952107284], [3.271732813590674, 9.287838044018685, 0.4311179375973847, -2.2810772339822183, -1.8283554719121193], [-4.7782402568441125, -8.217057954477323, 0.256494615222235, -2.9066765137011163, -2.892750117252294], [3.459078270306957, 9.479325719734316, 0.07141812165366473, 2.8589025682618976, 2.9233075375840745], [-4.965084924370675, 8.95969573517812, 0.6291346287285491, -2.8261517218723973, -1.608036420353603]], "Final Predicted Pose 0": [0.5620179772377014, 0.6478878855705261, 0.44750288128852844, -0.6954510807991028, 0.03687308728694916, 0.7176267504692078], "Predicted Translation Error 0": "5.040995687439712cm", "Predicted Rotation Error 0": "tensor([0.9119], grad_fn=<DivBackward0>)"}