{"num_updates": "1552", "penalty": "tensor(0., dtype=torch.float64, grad_fn=<AddBackward0>)", "Starting Pose": [0.16755126416683197, 0.12764568626880646, -0.29099786281585693, 0.20105165243148804, 0.5200039744377136, -0.7186347842216492, 0.4156177043914795], "Starting Soft Arm States": [-37.599998474121094, -57.0, 10.0, 10.57176685333252, 26.157615661621094, 35.40446853637695], "Number of Trajectories": 1, "Final Desired Pose": [-0.14662599563598633, 0.11462484300136566, -0.33699333667755127, -0.9932923913002014, 0.027783233672380447, 0.1122421845793724], "Predicted Trajectory 0": [[0.759935711327779, 0.46019771276964433, 0.40078066426569375, -0.5736802816390991, 0.8064500689506531, 0.1432802975177765], [0.7747683525085449, 0.4273630380630493, 0.35496437549591064, -0.741597592830658, 0.6654080152511597, 0.08523635566234589], [0.7515684366226196, 0.43134990334510803, 0.33650630712509155, -0.7865828275680542, 0.5865138173103333, 0.1931036412715912], [0.7113232612609863, 0.44910740852355957, 0.29221877455711365, -0.7483431696891785, 0.6252670288085938, 0.2214125692844391], [0.6374810338020325, 0.4417046010494232, 0.2753249406814575, -0.7222529053688049, 0.5861142873764038, 0.3671795725822449], [0.5689515471458435, 0.46898353099823, 0.2678608000278473, -0.640022337436676, 0.603997528553009, 0.4749298393726349], [0.4992764890193939, 0.4596966505050659, 0.28339990973472595, -0.5833223462104797, 0.5442806482315063, 0.6029043197631836], [0.4332747459411621, 0.447145938873291, 0.2892092168331146, -0.6240140199661255, 0.43775129318237305, 0.6472868919372559], [0.3978283107280731, 0.4290453791618347, 0.2937116026878357, -0.6880234479904175, 0.3266534209251404, 0.6480134129524231], [0.38995200395584106, 0.4227198362350464, 0.3004646897315979, -0.7415216565132141, 0.2563079297542572, 0.6200418472290039], [0.39741548895835876, 0.42038872838020325, 0.2792675197124481, -0.821966826915741, 0.16427217423915863, 0.5453304648399353], [0.3816276490688324, 0.43015772104263306, 0.28959566354751587, -0.7866624593734741, 0.12774406373500824, 0.6040229201316833], [0.3776906132698059, 0.4197850227355957, 0.3091423809528351, -0.786262035369873, 0.06504106521606445, 0.6144605875015259], [0.39425188302993774, 0.4296286106109619, 0.27103888988494873, -0.8568734526634216, 0.0557967945933342, 0.5124984979629517], [0.3768588900566101, 0.42326048016548157, 0.2952202260494232, -0.8024210929870605, -0.003481290303170681, 0.5967480540275574], [0.3762608766555786, 0.4121159315109253, 0.2943115234375, -0.8281547427177429, -0.08893369883298874, 0.5533990263938904], [0.37101981043815613, 0.4379355013370514, 0.2785402238368988, -0.8492424488067627, -0.0014857418136671185, 0.5280010104179382], [0.3686448931694031, 0.38641294836997986, 0.3027383089065552, -0.8050436973571777, -0.11790446192026138, 0.5813804864883423], [0.3930771052837372, 0.4321325123310089, 0.24442347884178162, -0.9337145686149597, -0.0005235964199528098, 0.3580179810523987], [0.38562270998954773, 0.42539286613464355, 0.22510558366775513, -0.9581398367881775, -0.07485710829496384, 0.27634119987487793], [0.3764728903770447, 0.4238942563533783, 0.25562649965286255, -0.94488126039505, -0.06341882050037384, 0.32121241092681885]], "Control Inputs 0": [[4.921852417211024, 8.535603946688127, 0.014833109759618707, 2.949662055514878, -2.942703569579485], [4.998113936472857, 9.96742873141562, 0.6977771709414785, 2.909160840499781, 2.94150828724083], [4.850947459066594, 5.4573466035088956, 0.1250624289164952, 2.8537430023416963, 2.940121464662723], [4.954938813424937, 8.263644167441754, 0.5368240243716256, 2.8284986606041214, 2.938707814203946], [4.893972894200855, 3.9829342978337063, 0.24886610564622683, 2.935199814780783, 2.895163659940823], [4.879686942122554, 0.7666060754516728, 0.0018932227396342572, -1.617767020673192, 0.3416022747717462], [3.9205434461963584, 3.9548406487839554, 0.05100389297295931, -1.4122181934745297, -0.021213154392345945], [-0.5955632725682829, -9.585135273963612, 0.6387476015843033, -0.4512203288777292, 0.15459298813204914], [-1.39723657424276, -9.580680782176547, 0.37108058791799803, -2.8883001889075763, 0.5832964402541752], [-2.4778655285239997, -2.0671956310616553, 0.4611432791436183, 0.19365814823966465, -0.5208620426838975], [4.914368617894363, -1.0856804730965237, 0.4238506005054804, 0.7851169964538323, -1.073152598426345], [-4.761872483579196, -5.577225334631722, 0.007994013865391404, -2.879743678434784, 2.2426094446224987], [-0.5504046355728605, 3.197880962688515, 0.030953736480221324, 0.8043738660553159, -1.1417223363361633], [4.008493742779615, -7.957840962568593, 0.3429920186661658, -0.4526954616902241, -0.9871086098683173], [-4.476201486764303, 0.342582238162386, 0.3433981234984252, -0.5705561762730298, 1.2402926372013194], [4.901144794000217, -5.091495250406648, 0.006731222221717353, 0.5679204160955336, -1.0286347709474346], [-4.862049712742682, -8.829484468068612, 0.463684778147893, -2.9869450893073397, 2.8953024495101563], [-3.0347074000675445, -6.2309379397598175, 0.027834775819427917, -2.851933238876589, 2.8500677810597406], [4.79480375685379, -2.653688404986158, 0.5426769747386609, 0.9218818081537368, -2.8585759580182835], [-4.843586243459014, -9.220150598982407, 0.25555208084929865, -2.912918485826933, 2.937156804996138]], "Final Predicted Pose 0": [0.3764728903770447, 0.4238942563533783, 0.25562649965286255, -0.94488126039505, -0.06341882050037384, 0.32121241092681885], "Predicted Translation Error 0": "1.0728961646094695cm", "Predicted Rotation Error 0": "tensor([0.9728], grad_fn=<DivBackward0>)"}