{"num_updates": "874", "penalty": "tensor(0., dtype=torch.float64, grad_fn=<AddBackward0>)", "Starting Pose": [0.14668215811252594, 0.2301301211118698, -0.2232351303100586, -0.33644431829452515, -0.248656764626503, -0.8590723276138306, -0.2949061691761017], "Starting Soft Arm States": [-40.599998474121094, 86.0999984741211, 15.600000381469727, 18.059995651245117, 35.066654205322266, 13.678339004516602], "Number of Trajectories": 1, "Final Desired Pose": [0.008752481080591679, 0.0956374853849411, -0.31997963786125183, -0.5412841439247131, -0.6375139355659485, 0.5482586026191711], "Predicted Trajectory 0": [[0.7345649595416922, 0.7839822855060189, 0.5747423951882675, -0.5996710658073425, -0.3393732011318207, 0.7247208952903748], [0.7169325351715088, 0.7420568466186523, 0.4897630214691162, -0.6762869358062744, -0.2530224323272705, 0.6918205618858337], [0.6624998450279236, 0.6912674903869629, 0.41450828313827515, -0.7155748605728149, -0.17451363801956177, 0.6763856410980225], [0.6011466979980469, 0.6100858449935913, 0.37922146916389465, -0.6435328125953674, -0.27287378907203674, 0.7151261568069458], [0.5442081093788147, 0.554796040058136, 0.3614054322242737, -0.6108937859535217, -0.3729889392852783, 0.6983466148376465], [0.5284892916679382, 0.5071288347244263, 0.3581167459487915, -0.6376087069511414, -0.44565317034721375, 0.6283695101737976], [0.5417124032974243, 0.4871644973754883, 0.3696535527706146, -0.6499435901641846, -0.49181389808654785, 0.5793896317481995], [0.5447309613227844, 0.4330412745475769, 0.3563172221183777, -0.6801517009735107, -0.5633001923561096, 0.46913376450538635], [0.5529321432113647, 0.40788590908050537, 0.35601258277893066, -0.7080841064453125, -0.5830960273742676, 0.39826616644859314], [0.555455207824707, 0.36785635352134705, 0.3346906304359436, -0.7246339917182922, -0.6345676183700562, 0.2687552869319916], [0.5529519319534302, 0.3575798571109772, 0.3312634825706482, -0.7567355036735535, -0.6124168634414673, 0.22868560254573822], [0.5529638528823853, 0.3432897627353668, 0.31940680742263794, -0.774895966053009, -0.6086999773979187, 0.17035390436649323], [0.550061821937561, 0.35294902324676514, 0.3209353983402252, -0.8188489079475403, -0.5417107939720154, 0.18983133137226105], [0.5471078753471375, 0.3605170249938965, 0.32278427481651306, -0.8440085649490356, -0.4865049719810486, 0.22574859857559204], [0.5455573201179504, 0.3730147182941437, 0.3315882980823517, -0.8546184301376343, -0.43636995553970337, 0.28144028782844543], [0.5539419054985046, 0.36133208870887756, 0.33686429262161255, -0.8347002863883972, -0.4646064341068268, 0.2956625521183014], [0.5634660124778748, 0.3670540750026703, 0.35903310775756836, -0.7991812229156494, -0.49449992179870605, 0.3417297601699829], [0.5466669201850891, 0.3714948296546936, 0.33486703038215637, -0.82408207654953, -0.4818881154060364, 0.29777947068214417], [0.5221518874168396, 0.37286633253097534, 0.3421074151992798, -0.8149276971817017, -0.43437549471855164, 0.38368070125579834], [0.5262265205383301, 0.35167932510375977, 0.3360166847705841, -0.7877278923988342, -0.4845573902130127, 0.38037991523742676], [0.5600622296333313, 0.3463250696659088, 0.35694289207458496, -0.7355540990829468, -0.5608857274055481, 0.379956990480423]], "Control Inputs 0": [[4.892768234497321, -9.817009283869861, 0.013351941026130814, -2.9107745589063474, -2.9645772601036557], [4.932582237699142, -9.83655911254138, 0.0015093726447125576, 2.880234212343046, -2.952012743567462], [4.821729093960169, -9.8215467960795, 0.0006317279623897093, 2.914846702895166, -2.9547865871382104], [3.9285615896191413, -9.905675653987046, 0.0003452605685143634, 0.7682000173674388, -2.9802079686564875], [-4.860781903450573, -9.820231210168464, 0.0008116140957610968, 0.042231811552316145, -2.965117802775166], [1.4692595394445833, -9.928292013427594, 0.00016111418892051396, -0.8101566716411814, -2.9403783803943813], [-2.502256905689627, -9.813534198369286, 0.000768250134729075, -1.1680942675586283, -2.9074056463156217], [0.15725093990263606, -9.71133857282339, 0.00020545916744487704, -2.1323906085516438, -2.940702237627204], [0.7064624551383583, -9.806550815473711, 0.0007149579533967632, -1.1248494056910896, -0.8147407285306039], [0.31700372574607627, -9.699738568960118, 0.0008604089604875096, -1.1401282825262076, -0.09365934220645755], [0.6983739405051699, -9.665072857851959, 0.06336766598032649, -0.09618487698370037, 1.2768318529689378], [-0.34544162705857406, -9.869134746791643, 0.013383063208093056, 0.615692465215778, 2.9699047046674565], [0.5943181785983214, -9.800025358103946, 0.000799181288903011, 1.3906774417263748, 2.931973658450672], [0.13835925173997676, -9.726426514799215, 0.0031626579052794106, 0.9888380972463264, 1.0568067455562975], [-0.5771689538079752, -9.5862234245236, 0.00015152777774400162, 1.8574111809506224, 0.4233775898100829], [0.17451454836695302, 1.2702198427888511, 0.0006420222376484462, -1.5457675340686627, -2.877589480676508], [4.902060216101665, -9.795926548383076, 0.0008413876541922183, 1.006223769998587, 1.7263887955884805], [0.7417756827052395, -9.825354037778263, 0.12473961611845613, 0.15838662430393713, 0.0995031871437364], [-1.1429743582767924, -9.80250196329678, 0.15904863009831935, -0.14493009157811043, -2.8795884707783728], [-4.885273199907669, 9.793845601022834, 0.00041608861099836606, -2.941160940864666, -2.9390945768780474]], "Final Predicted Pose 0": [0.5600622296333313, 0.3463250696659088, 0.35694289207458496, -0.7355540990829468, -0.5608857274055481, 0.379956990480423], "Predicted Translation Error 0": "1.3765995878215391cm", "Predicted Rotation Error 0": "tensor([0.9640], grad_fn=<DivBackward0>)"}