{"num_updates": "3013", "penalty": "tensor(0., dtype=torch.float64, grad_fn=<AddBackward0>)", "Starting Pose": [0.1978272646665573, 0.23204341530799866, -0.209058478474617, -0.2575685679912567, -0.48345398902893066, -0.6375085711479187, -0.5417689085006714], "Starting Soft Arm States": [-41.70000076293945, -48.29999923706055, 10.0, 22.3919734954834, 35.18257141113281, 2.8583285808563232], "Number of Trajectories": 1, "Final Desired Pose": [-0.2612594664096832, 0.12590336799621582, -0.20852799713611603, -0.35603755712509155, -0.5594889521598816, 0.7484713792800903], "Predicted Trajectory 0": [[0.7967425056272157, 0.7900270584977538, 0.6111369560446951, -0.28028979897499084, -0.44171953201293945, 0.8522449731826782], [0.805590808391571, 0.8227114677429199, 0.5502633452415466, -0.43934664130210876, -0.24093148112297058, 0.8654054403305054], [0.7769066691398621, 0.8053838014602661, 0.48545488715171814, -0.6051381230354309, -0.008653945289552212, 0.7960735559463501], [0.7223601341247559, 0.744396984577179, 0.4328402280807495, -0.6443449258804321, 0.059774503111839294, 0.7623953819274902], [0.6624410152435303, 0.7298743724822998, 0.38191458582878113, -0.7155696153640747, 0.1558963656425476, 0.6809232831001282], [0.5988244414329529, 0.6995618939399719, 0.36669689416885376, -0.6776480674743652, 0.2063330113887787, 0.7058467864990234], [0.5404923558235168, 0.6880440711975098, 0.37108471989631653, -0.648917555809021, 0.26871582865715027, 0.7118270397186279], [0.4963154196739197, 0.6826831102371216, 0.38353490829467773, -0.6120882630348206, 0.2869144380092621, 0.7369043231010437], [0.4466724097728729, 0.6659356951713562, 0.4197615087032318, -0.486253559589386, 0.3143081068992615, 0.8153330683708191], [0.4034266769886017, 0.586060643196106, 0.4559764564037323, -0.372874915599823, 0.22898614406585693, 0.8991827964782715], [0.3684859573841095, 0.5607156157493591, 0.4821925759315491, -0.2897409498691559, 0.22919465601444244, 0.9292578101158142], [0.3353135585784912, 0.5222086310386658, 0.5395159125328064, -0.08516541123390198, 0.1890639215707779, 0.9782646298408508], [0.29243895411491394, 0.5147566795349121, 0.5844056010246277, -0.03308046981692314, 0.22403718531131744, 0.9740189909934998], [0.2547100782394409, 0.4693325459957123, 0.6100807785987854, 0.0711488202214241, 0.10260044038295746, 0.9921748638153076], [0.24184682965278625, 0.492891788482666, 0.6477439999580383, 0.04712124168872833, 0.10719151794910431, 0.9931210875511169], [0.24598895013332367, 0.4154805541038513, 0.607837438583374, 0.03891879320144653, -0.12679903209209442, 0.9911646246910095], [0.2203224003314972, 0.4888770580291748, 0.6410022377967834, 0.00656604440882802, -0.0019239734392613173, 0.9999765753746033], [0.2142181694507599, 0.4928766191005707, 0.6504137516021729, -0.06971956044435501, -0.0514066107571125, 0.9962412714958191], [0.22893057763576508, 0.445872038602829, 0.5609393119812012, -0.285444974899292, -0.26681092381477356, 0.9205069541931152], [0.22085866332054138, 0.4677784740924835, 0.5695382356643677, -0.2972479462623596, -0.36314713954925537, 0.8830446004867554], [0.22292928397655487, 0.4271581172943115, 0.5991389751434326, -0.20757362246513367, -0.45991915464401245, 0.8633583188056946]], "Control Inputs 0": [[4.957161470214578, -4.761401728798443, 0.4866926064579669, -2.9820525722808053, -2.9437466878822156], [4.959335224976648, -9.61857851540315, 0.6973983181008446, 2.168494615991933, -2.965956025933849], [4.953872510677451, -9.452038392849325, 0.22565436807059325, 0.797509829429627, -2.985553474182284], [4.893900733891883, -4.444556009043656, 0.6652905398571194, 1.8362097693079287, -2.9930244122663856], [4.9493365494373105, -1.9363400964601247, 0.4143922367249143, 2.7505370148992716, -2.952395515944065], [4.830199879321064, 0.42956692782394335, 0.06634733374949202, 1.0860576858969324, -2.9354291841466424], [4.826347353734512, 5.443302163236675, 0.22844123949333014, 2.5057536978183377, -2.899136013579619], [4.8970137654029955, -6.254912792345728, 0.6950457439464889, 2.7439327275876435, -2.972195620885253], [4.926136115552852, -4.088278326731852, 0.41842448654715564, -1.8066292800227266, -2.8282797577568544], [4.754559773629076, -1.1911753082556409, 0.5828825234632705, 0.9510434987062539, -2.9739705115518245], [4.854937745243005, 3.8752662163783285, 0.43634747775722077, -1.0303469880675253, -1.2488927443642919], [4.6937334040934235, -4.391740640263392, 0.0028448402389971515, -2.8800832465484776, -1.5373863591503554], [4.856095888383729, 9.418597612450796, 0.0018550779190133501, -0.8847861200505727, -0.8114430454386334], [-4.0951187950545, -9.438005166015378, 0.2237470003407755, -0.8390877720657204, -0.37512333684680055], [-1.976739615543575, 9.69958059587512, 0.24337190350637153, 0.5112077669628139, -0.5087274345517296], [4.902310689901409, 9.464098690144546, 0.005153251707585496, -1.7629258318145584, 1.1122782178602773], [-4.84994777478856, -9.383934898004972, 0.3206188858972466, -2.9445350600804523, 1.9722341284732652], [-4.835380244686422, 9.92827334216674, 0.0017456425074261564, 0.5367497828454275, -2.8637077850636845], [4.840054234242453, 9.929021997500833, 0.26594413882453605, 2.8654456749499664, -2.7490232118300817], [-4.7305225193457465, -9.636504183714376, 0.0016974848918089403, -2.9479921286833344, 2.9177420043127906]], "Final Predicted Pose 0": [0.22292928397655487, 0.4271581172943115, 0.5991389751434326, -0.20757362246513367, -0.45991915464401245, 0.8633583188056946], "Predicted Translation Error 0": "1.6424553585250004cm", "Predicted Rotation Error 0": "tensor([0.9774], grad_fn=<DivBackward0>)"}