{"num_updates": "1646", "penalty": "tensor(0.0007, dtype=torch.float64, grad_fn=<AddBackward0>)", "Starting Pose": [-0.06852667033672333, 0.2065879851579666, -0.3281627893447876, -0.4131228029727936, -0.5712162256240845, -0.5311992764472961, -0.4699670374393463], "Starting Soft Arm States": [-2.9000000953674316, 86.0, 10.0, 16.811405181884766, 35.05340576171875, 10.57176685333252], "Number of Trajectories": 1, "Final Desired Pose": [0.0771937295794487, 0.23496511578559875, -0.268842488527298, 0.04774600267410278, 0.025635752826929092, 0.9985305070877075], "Predicted Trajectory 0": [[0.47293373515899556, 0.7096043524783469, 0.3053701825819771, -0.2169211506843567, -0.0273274015635252, 0.9758065342903137], [0.47070616483688354, 0.7346848845481873, 0.31096598505973816, -0.39649301767349243, 0.1007583886384964, 0.9124916791915894], [0.49878132343292236, 0.7253232002258301, 0.3054264485836029, -0.5228836536407471, 0.20779722929000854, 0.8266879916191101], [0.5167958736419678, 0.7247528433799744, 0.3163360059261322, -0.5835907459259033, 0.25077128410339355, 0.7723570466041565], [0.5511304140090942, 0.738845944404602, 0.3314635753631592, -0.5396215319633484, 0.45509299635887146, 0.7083070874214172], [0.607468843460083, 0.7557037472724915, 0.35677966475486755, -0.4788459539413452, 0.624331533908844, 0.6171844601631165], [0.6234374642372131, 0.7753411531448364, 0.3946349024772644, -0.4289416968822479, 0.6325032114982605, 0.6449407339096069], [0.6169731020927429, 0.7955283522605896, 0.3887764513492584, -0.25172674655914307, 0.7730605006217957, 0.5822466015815735], [0.609846293926239, 0.7782405614852905, 0.391499400138855, -0.25337621569633484, 0.8129395842552185, 0.5243373513221741], [0.6256728768348694, 0.7497054934501648, 0.3946015238761902, -0.4457789361476898, 0.7742350697517395, 0.44926729798316956], [0.651689887046814, 0.728364884853363, 0.3896844685077667, -0.5774575471878052, 0.7409689426422119, 0.34279412031173706], [0.6614133715629578, 0.7588326334953308, 0.3929557204246521, -0.5246845483779907, 0.7925190925598145, 0.31083691120147705], [0.6617687344551086, 0.7458484172821045, 0.38981643319129944, -0.4811093211174011, 0.8245090246200562, 0.2978568375110626], [0.6473438739776611, 0.7448371648788452, 0.367213636636734, -0.5122348070144653, 0.8334023952484131, 0.2074992060661316], [0.6197819113731384, 0.7522704601287842, 0.3474147915840149, -0.40287458896636963, 0.8902527689933777, 0.21246647834777832], [0.6010750532150269, 0.7246912717819214, 0.35978808999061584, -0.39202365279197693, 0.8702905178070068, 0.2981809675693512], [0.613962709903717, 0.7585356831550598, 0.37626200914382935, -0.17930874228477478, 0.9304899573326111, 0.3194320797920227], [0.6114290356636047, 0.745137631893158, 0.3909016251564026, -0.12554267048835754, 0.8977846503257751, 0.422163188457489], [0.6435959339141846, 0.777690052986145, 0.44641026854515076, -0.13643164932727814, 0.8330389857292175, 0.5361272692680359], [0.6355137825012207, 0.7712656855583191, 0.46701326966285706, -0.11069153994321823, 0.711775004863739, 0.6936308145523071], [0.5936911106109619, 0.772017776966095, 0.4861084222793579, -0.04756421968340874, 0.5802491903305054, 0.8130488991737366]], "Control Inputs 0": [[-4.974430015179692, 1.0036866225883259, 0.0063267122265828896, 1.225280455981955, -2.9829353385131165], [-4.815194404618861, -4.407481476300603, 0.0075757035003605165, 2.0930907496895887, -2.9369071991624605], [-0.2956492247678719, -6.344589899319466, 0.001272732808521777, -0.20477046592228598, 2.9046657375691014], [-4.680636375744575, -0.5471570744282577, 0.0026223356427829796, -0.20877958567256805, 2.009483031110877], [-4.7609149990249175, 3.5361396555499667, 0.00738163690077546, 2.9084148662300615, -2.9757905876353283], [4.8848288114116, 4.183259206020095, 0.004127775028225856, -0.7294619336359078, 2.897568511164092], [4.745904114749322, 3.8916317266115037, 0.002823650848940389, -0.9109807292511567, 2.870900882367848], [-4.754988703195315, -7.321735318228676, 0.003160636929242096, -0.509831187357209, -2.8912009412829986], [-4.301067149605998, -6.6205254198703, 0.0043701109212120615, -1.9134137078259006, -2.9066861393234746], [-3.7006180877099735, 2.9465974224779945, 0.014300545184586884, -0.7242322425565386, -2.867343186460157], [4.8066821786235945, 5.576482940241309, 0.00025185908250225297, -0.9708112646061631, 2.4923895333388995], [-3.021915643477957, -0.18162193511501634, 0.002197886591611284, -1.5601191308972846, -2.9169827358160823], [4.787555522182128, 1.3770343617932568, 0.00033860529098705744, 0.1002260337469707, 2.912355323579307], [4.866410041637508, -1.5297964075208572, 0.0005324224115460178, 2.8315151157926115, 2.9739829002343896], [-4.772186450468539, -3.5599488002958024, 0.002752322378959669, 2.865527249114712, 2.953775425103508], [4.884951662846714, 1.4021166997380412, 0.009877044328435699, 2.929898209635125, 2.9681973783416105], [-4.971493498742557, 5.4928493176882505, 0.592123456476297, 2.300894136533639, -2.9834051380194992], [-4.856224715301361, -1.814856462987537, 0.14582712991281352, 2.946251682978205, -2.9971215176466557], [4.8056313813970455, 3.038146763850129, 0.6985334973041518, 2.968644864545328, -2.999788521977206], [4.9162107930548675, 0.2508195061775087, 0.6958929799438024, 1.848020134124921, -2.964081486458014]], "Final Predicted Pose 0": [0.5936911106109619, 0.772017776966095, 0.4861084222793579, -0.04756421968340874, 0.5802491903305054, 0.8130488991737366], "Predicted Translation Error 0": "4.846793731610866cm", "Predicted Rotation Error 0": "tensor([0.8245], grad_fn=<DivBackward0>)"}