{"num_updates": "1368", "penalty": "tensor(39.9881, dtype=torch.float64, grad_fn=<AddBackward0>)", "Starting Pose": [-0.3268827497959137, 0.14022782444953918, -0.1546667218208313, -0.5506671667098999, -0.25819161534309387, -0.7864060997962952, 0.10801929980516434], "Starting Soft Arm States": [33.0, -75.69999694824219, 10.0, 28.475954055786133, 35.09977340698242, 30.88702392578125], "Number of Trajectories": 1, "Final Desired Pose": [0.17686127126216888, 0.20751884579658508, -0.2558620870113373, -0.7469717264175415, -0.3892343044281006, -0.5390082597732544], "Predicted Trajectory 0": [[0.15884802648853863, 0.4999491368878241, 0.7507724722866401, -0.3701949715614319, 0.45424938201904297, 0.8103167414665222], [0.1751105636358261, 0.5319949984550476, 0.6870279908180237, -0.369649738073349, 0.5570871233940125, 0.7436484694480896], [0.2113378942012787, 0.5850518345832825, 0.6405224204063416, -0.3242756128311157, 0.6452657580375671, 0.6917206645011902], [0.2543611228466034, 0.6319611668586731, 0.6029996275901794, -0.1907615065574646, 0.7718809843063354, 0.6064730882644653], [0.30044177174568176, 0.6780380010604858, 0.5614527463912964, -0.07309838384389877, 0.8685597777366638, 0.49016377329826355], [0.34850865602493286, 0.7210142612457275, 0.5223722457885742, 0.03577801585197449, 0.9275933504104614, 0.37187451124191284], [0.4032317101955414, 0.7603254318237305, 0.4893222451210022, 0.14268460869789124, 0.9611676335334778, 0.23621542751789093], [0.44546034932136536, 0.7553454041481018, 0.49409326910972595, 0.12188301980495453, 0.9287621378898621, 0.35006487369537354], [0.4752812683582306, 0.7504790425300598, 0.5004619359970093, 0.0491286963224411, 0.8920935392379761, 0.4491720199584961], [0.4896489977836609, 0.6880979537963867, 0.4941841661930084, -0.26492738723754883, 0.7970459461212158, 0.5427074432373047], [0.5215469598770142, 0.6878935098648071, 0.48187926411628723, -0.46541574597358704, 0.707554817199707, 0.5317464470863342], [0.5707345008850098, 0.6831366419792175, 0.5074000954627991, -0.5221009850502014, 0.606118381023407, 0.60002601146698], [0.6220650672912598, 0.6718191504478455, 0.5311942100524902, -0.6090039610862732, 0.5002956390380859, 0.6154822707176208], [0.667036235332489, 0.6581403613090515, 0.5550557374954224, -0.7264786958694458, 0.37148481607437134, 0.5781244039535522], [0.7004268765449524, 0.6449562311172485, 0.5848391056060791, -0.7851452827453613, 0.2496541291475296, 0.5667624473571777], [0.7183657288551331, 0.6311364769935608, 0.5798689723014832, -0.8507396578788757, 0.09987927228212357, 0.5160099267959595], [0.7260019183158875, 0.6156988143920898, 0.5569210052490234, -0.9101954102516174, -0.07474232465028763, 0.40737947821617126], [0.7415961623191833, 0.5961862802505493, 0.5446323752403259, -0.9435065388679504, -0.23240888118743896, 0.23618121445178986], [0.7620075941085815, 0.6020792722702026, 0.5398352742195129, -0.9680872559547424, -0.2501693367958069, 0.01490745134651661], [0.7790594100952148, 0.6067154407501221, 0.5371676087379456, -0.9609512090682983, -0.21723906695842743, -0.1714060753583908], [0.7766591310501099, 0.6204133629798889, 0.5007448196411133, -0.9009785056114197, -0.1170985996723175, -0.41776278614997864]], "Control Inputs 0": [[-4.986630887023336, 9.997981737080394, 0.003049809463874475, -1.4524990151322419, 2.9974501417192263], [-4.992152351545679, 9.578863499631545, 0.0038420751742076287, 2.6290523322694703, 2.976422091144916], [-4.951545669353196, 9.796991622402889, 0.002299648563886659, 1.7369043149535033, 2.9632893069992816], [-4.945546034459572, 9.869770934737922, 0.004283782688058936, 0.7732325708820045, 2.9527845820440923], [-4.943275062690331, 9.937822274055414, 0.0006452666078889911, 1.5095073861876784, 2.892332424267437], [-4.903040057572239, 9.861453469346248, 0.0026439554168140806, -0.08819579666921884, -2.9419719620953275], [-4.898913427175669, 9.836270992789899, 0.00394854459365604, 0.354424011227612, -2.9461208435386843], [-4.9723821682294576, -9.653298673155955, 0.00575878497923165, 0.5547308038877659, -2.940503744845096], [-4.835716073397092, -9.55604329362191, 0.00462280770427549, -2.932456487772915, -2.9780774618560653], [-4.879685500300586, 9.802167834919818, 0.014510281287504716, -0.6954641115707796, -2.8856338765868594], [-4.934087999603407, 9.82032630315057, 0.004358664274902156, 1.8540004506325252, -2.9806470558286446], [-4.927139690534139, 9.89442410720456, 0.0003983093118702947, -2.9352993966092686, -2.982791905764228], [-4.7540073080841125, 9.85797842109962, 0.003890610600339495, 1.140369621672427, -2.9629145127728567], [-1.2140152879125141, 9.593225045507062, 0.007433930839460161, -0.6534283720267497, -2.890415845711755], [-0.28661934610397566, 9.50937087958329, 0.0013748691626079108, -2.839507881333189, -2.908929626433655], [-0.4363311144085982, 9.504462895490196, 0.003987257926036676, -2.8000288143053824, -2.8338695590818612], [-4.875881289693636, 9.866287541606994, 0.0036881923311583263, -2.9410565972664626, -0.7273274449431737], [-1.2870263132564665, 9.492275788037272, 0.001858099423500871, -2.864861245779158, 1.6642554239564982], [-4.887473744557175, 9.902530566236145, 0.0018839877706067446, -2.960038710300236, 1.8635043051680515], [4.8731638887377695, 9.529272236505829, 0.008031446821775545, 2.9414928322532488, -2.9459080257861268]], "Final Predicted Pose 0": [0.7766591310501099, 0.6204133629798889, 0.5007448196411133, -0.9009785056114197, -0.1170985996723175, -0.41776278614997864], "Predicted Translation Error 0": "2.9742744421846243cm", "Predicted Rotation Error 0": "tensor([0.9438], grad_fn=<DivBackward0>)"}