{"num_updates": "321", "penalty": "tensor(0., dtype=torch.float64, grad_fn=<AddBackward0>)", "Starting Pose": [-0.1452832818031311, 0.12365691363811493, -0.33797457814216614, -0.04502582177519798, 0.6133645176887512, -0.7432768940925598, 0.2632416784763336], "Starting Soft Arm States": [2.299999952316284, -70.9000015258789, 10.0, 9.531827926635742, 23.421977996826172, 35.39784622192383], "Number of Trajectories": 1, "Final Desired Pose": [-0.22069542109966278, 0.06826265156269073, -0.3431475758552551, -0.38096532225608826, -0.9107316136360168, -0.1594783067703247], "Predicted Trajectory 0": [[0.379620062192466, 0.4475957694213817, 0.2801811782499479, -0.8573529720306396, 0.3360884189605713, 0.38985949754714966], [0.37602755427360535, 0.39638593792915344, 0.2649969458580017, -0.9489092230796814, 0.02362334541976452, 0.31466343998908997], [0.33638933300971985, 0.363558292388916, 0.2637483477592468, -0.9318860173225403, -0.25376179814338684, 0.2592170238494873], [0.3064095377922058, 0.33189961314201355, 0.28929606080055237, -0.8221755623817444, -0.5143516659736633, 0.24386417865753174], [0.29561179876327515, 0.3081202805042267, 0.27300891280174255, -0.7378733158111572, -0.6675945520401001, 0.09929974377155304], [0.29434734582901, 0.30258485674858093, 0.26852020621299744, -0.6495674848556519, -0.7591496706008911, -0.041879452764987946], [0.2883995473384857, 0.30191707611083984, 0.2957167625427246, -0.6110590100288391, -0.7915118336677551, -0.01076244842261076], [0.28988033533096313, 0.3177923262119293, 0.2764304578304291, -0.62375807762146, -0.7713172435760498, -0.12647372484207153], [0.29174235463142395, 0.29976886510849, 0.27778735756874084, -0.5958150029182434, -0.7862309813499451, -0.163845494389534], [0.29311689734458923, 0.263578861951828, 0.2781824767589569, -0.48412781953811646, -0.8533197045326233, -0.19356070458889008], [0.29364216327667236, 0.2790515422821045, 0.2617925703525543, -0.48397549986839294, -0.8289366364479065, -0.2804136276245117], [0.29526644945144653, 0.2934231162071228, 0.2622040808200836, -0.4894084930419922, -0.8063904643058777, -0.33198460936546326], [0.2830165922641754, 0.3009825646877289, 0.285899817943573, -0.5435823798179626, -0.797266960144043, -0.2624569237232208], [0.2892899513244629, 0.2960786819458008, 0.2529456615447998, -0.4781859815120697, -0.7826042771339417, -0.3985835015773773], [0.2826292812824249, 0.2829233705997467, 0.2758106291294098, -0.47009003162384033, -0.8196285963058472, -0.3274514377117157], [0.2867286205291748, 0.26405179500579834, 0.27494725584983826, -0.4326241910457611, -0.8533501029014587, -0.2909121513366699], [0.29459434747695923, 0.22890928387641907, 0.28005802631378174, -0.318268358707428, -0.9098038673400879, -0.2663874626159668], [0.28845277428627014, 0.2735586166381836, 0.2962498366832733, -0.45578962564468384, -0.8772462606430054, -0.15064828097820282], [0.2980729639530182, 0.2859898805618286, 0.25423499941825867, -0.4499227702617645, -0.8432700037956238, -0.2940497100353241], [0.2930573523044586, 0.2598872780799866, 0.27982112765312195, -0.41818052530288696, -0.874954342842102, -0.24408993124961853], [0.29288390278816223, 0.2738708555698395, 0.2720952332019806, -0.4494158923625946, -0.8454576134681702, -0.28849056363105774]], "Control Inputs 0": [[4.769962123214812, 1.5511777915602831, 0.002424379586810713, -0.03935237107383127, -2.989312029523887], [4.917584820756325, -6.570704076363246, 0.3877583052223917, 1.621243956130301, -2.915298732978994], [1.3031876574532948, -2.6533432844141513, 0.007096914717181489, -0.18013005922897296, -2.936862117144651], [-0.48443580038197176, 0.39460543899757816, 0.34031917091391095, -0.263782397378435, -2.971119926269505], [0.5285145368420254, 7.0597384390188935, 0.24188083920690615, 2.944990503457457, -1.6854435304349635], [-0.5976881253027848, 5.829510561269949, 0.007367575296296738, -0.40656867044974154, -1.18572810899935], [-0.42532726365623663, 6.343888037224211, 0.20325241590255477, -0.023607662824240983, -0.5770372997241231], [-0.6822179636040504, -1.4806963004423466, 0.4796082171687386, 2.226170770500362, 1.7214653429279014], [1.6921973231046064, -7.717493989292743, 0.21990532637101323, -1.6605498972765702, 0.0022406731521562584], [-2.225783627348192, 5.418736015991991, 0.31351104819191106, -0.42906650308347993, -0.14937655789737603], [0.7374764788424768, 4.012624204036884, 0.22859365419802694, 0.668051987758727, 2.9333586925034014], [-0.3685287513669584, -3.521476499432966, 0.09564796876689385, -1.912272027300877, 0.11038707947906357], [0.7148551165283799, -3.201128908589167, 0.08417866296931993, 0.4331817206015858, 1.2387559361965348], [0.04513230710876304, -5.177744398123721, 0.24670523587774568, 1.2091330647392864, 2.9437257010044844], [-2.001712747927419, -8.219628327856658, 0.3435274450660467, 1.868214748839562, 1.6939091747238635], [1.9184491136817288, -2.9436922083357757, 0.006366071788011489, -0.18301878644897895, -0.4400530679072978], [-4.92191118041957, 3.3780839705816508, 0.3777599173132962, -2.7049272693254456, 0.5901472078620951], [1.209262964379934, -3.867163927508435, 0.17524508015643436, 0.38627192471396654, -0.7976544090368844], [0.15893627075520467, -0.8281507869895339, 0.3490035697728069, 0.9187454961880976, -1.1087748372326593], [-1.9765016654338177, -2.4847396656941507, 0.21245642079502755, -2.910800503649946, -1.892962642420693]], "Final Predicted Pose 0": [0.29288390278816223, 0.2738708555698395, 0.2720952332019806, -0.4494158923625946, -0.8454576134681702, -0.28849056363105774], "Predicted Translation Error 0": "0.45597475607522103cm", "Predicted Rotation Error 0": "tensor([0.9872], grad_fn=<DivBackward0>)"}