{"num_updates": "1370", "penalty": "tensor(288.6403, dtype=torch.float64, grad_fn=<AddBackward0>)", "Starting Pose": [-0.09154671430587769, 0.0727105438709259, -0.36222511529922485, -0.5720610022544861, 0.5869454741477966, 0.4968205988407135, 0.28532522916793823], "Starting Soft Arm States": [0.6000000238418579, -69.4000015258789, 10.0, 20.222673416137695, 1.7124077081680298, 35.394535064697266], "Number of Trajectories": 1, "Final Desired Pose": [-0.35605961084365845, 0.1382606476545334, -0.11452412605285645, -0.23692172765731812, 0.6601347327232361, 0.7128044366836548], "Predicted Trajectory 0": [[0.44494806964335587, 0.2866381704181887, 0.2179247540527221, -0.1826714277267456, -0.955048143863678, -0.23348268866539001], [0.41509920358657837, 0.3042724132537842, 0.2664702236652374, -0.3420516550540924, -0.9062250256538391, -0.248509481549263], [0.3662371039390564, 0.3221522569656372, 0.3079654574394226, -0.40870675444602966, -0.8826966881752014, -0.23195984959602356], [0.3182373642921448, 0.33600425720214844, 0.3628607392311096, -0.4497011601924896, -0.8767408132553101, -0.17057055234909058], [0.2688892185688019, 0.359304815530777, 0.42262008786201477, -0.533559262752533, -0.8432037234306335, -0.06574282050132751], [0.22905924916267395, 0.3751518726348877, 0.4777114987373352, -0.5806488394737244, -0.8140015006065369, -0.01576526090502739], [0.19292251765727997, 0.3808912932872772, 0.5487657785415649, -0.581997811794281, -0.8113849759101868, 0.0541565902531147], [0.16025923192501068, 0.4010790288448334, 0.6082155704498291, -0.6349673271179199, -0.7659188508987427, 0.10091948509216309], [0.14347974956035614, 0.39375320076942444, 0.6506898403167725, -0.6364330649375916, -0.7551668882369995, 0.1570855975151062], [0.13326767086982727, 0.3811851739883423, 0.6888681650161743, -0.5154649615287781, -0.8290759325027466, 0.21663080155849457], [0.11477723717689514, 0.4188501238822937, 0.733137845993042, -0.5428548455238342, -0.7475685477256775, 0.3826875686645508], [0.1040266677737236, 0.4166012108325958, 0.7447710633277893, -0.5255297422409058, -0.7076728940010071, 0.47224730253219604], [0.0974329262971878, 0.4511314034461975, 0.7743334174156189, -0.5172025561332703, -0.5917226672172546, 0.6183573603630066], [0.09342295676469803, 0.45588359236717224, 0.767702579498291, -0.5035339593887329, -0.5215508341789246, 0.6887947916984558], [0.08759443461894989, 0.4810190200805664, 0.7969807386398315, -0.43319690227508545, -0.3643898665904999, 0.8243545889854431], [0.09125048667192459, 0.4829748272895813, 0.7913548946380615, -0.321036696434021, -0.27914953231811523, 0.9049922227859497], [0.08846504986286163, 0.5109835863113403, 0.8035575151443481, -0.2888261377811432, -0.1318105161190033, 0.9482644200325012], [0.07942861318588257, 0.4811469316482544, 0.8136453032493591, -0.3039543330669403, -0.214582160115242, 0.9282059073448181], [0.09301748871803284, 0.5396341681480408, 0.7838640809059143, -0.2719763517379761, 0.03757282346487045, 0.961570143699646], [0.08833735436201096, 0.551200270652771, 0.7899813652038574, -0.191192626953125, 0.20012253522872925, 0.9609351754188538], [0.08856967091560364, 0.592123806476593, 0.8176292777061462, -0.0710773915052414, 0.3463468849658966, 0.9354099631309509]], "Control Inputs 0": [[4.965012631104198, 9.828193144790191, 0.0016290012664294609, 1.583768140839303, 2.955696301359489], [4.935843168025343, 9.67567131023726, 0.3803601000541386, 2.6614415690508304, 2.924896821234972], [4.980184783340645, 9.470132041491436, 0.0010076613432948246, 0.5870799691496007, 2.882672240995743], [4.9063349689506435, 9.920032172860072, 0.16921353937955574, 0.17630288690847218, 2.8115171896520144], [4.9216896092411915, 9.974046224663315, 0.06342867992936835, 2.8706828794392463, 1.9351351042623302], [4.929404798639521, 9.748464928088229, 0.004592329465558616, -0.1641780166439859, 0.977037082876858], [4.6984602025143225, 9.926370708546973, 0.006668433183688774, 0.13967680250024728, 0.11452966195960457], [1.1474269468848348, 2.7663896460795456, 0.33148185577992023, 2.329622553781298, 2.5724975850198577], [3.9428278616131784, 3.2597415899838005, 0.15309924237288225, -1.4221736404971053, 2.2329535538117113], [0.1658994423881106, 9.632567598589464, 0.41565886917003464, -0.5003941656184816, 2.1603751939721647], [3.524601023587824, 9.999419441432174, 0.30446152698202683, 0.4858811354976442, 1.8539782612997078], [-1.6489463429160898, 9.416169251120305, 0.16658007535292838, -1.4550557211904735, 1.6600613319450703], [2.7002166064876754, 9.889206170266142, 0.04881097494592169, 0.21481626833001544, 1.5970594523895274], [-0.42381636991420457, 6.624722004857514, 0.4400593912852633, 1.4559711205401227, 2.7730549513979623], [-2.088794437155132, 7.22670646041664, 0.5481606021026247, 0.5300227765052554, 2.2794172969018938], [2.2595169013294996, 6.542994592303206, 0.2493702465925315, -0.4873287035649545, -2.8865634738303627], [-0.5453695158317995, 9.84791210638452, 0.00025269633933852273, -2.4246784884154606, 2.8978296358692814], [-4.262102073675456, 4.538891947988358, 0.3605392082555183, -0.049335188375367434, 2.456780350767845], [4.955724227696994, 7.741439190016699, 0.0030772097061254064, 1.2943526644180068, 2.8983357885512575], [-4.903012680636836, 1.4084182795087692, 0.6285967780717445, -2.9455711168206133, 2.9070509150132127]], "Final Predicted Pose 0": [0.08856967091560364, 0.592123806476593, 0.8176292777061462, -0.0710773915052414, 0.3463468849658966, 0.9354099631309509], "Predicted Translation Error 0": "4.459183591626256cm", "Predicted Rotation Error 0": "tensor([0.9122], grad_fn=<DivBackward0>)"}