{"num_updates": "790", "penalty": "tensor(0.0402, dtype=torch.float64, grad_fn=<AddBackward0>)", "Starting Pose": [0.14668215811252594, 0.2301301211118698, -0.2232351303100586, -0.33644431829452515, -0.248656764626503, -0.8590723276138306, -0.2949061691761017], "Starting Soft Arm States": [-40.599998474121094, 86.0999984741211, 15.600000381469727, 18.059995651245117, 35.066654205322266, 13.678339004516602], "Number of Trajectories": 1, "Final Desired Pose": [0.08560697734355927, 0.18312208354473114, -0.30229640007019043, -0.7584820985794067, -0.5402801632881165, 0.3644203841686249], "Predicted Trajectory 0": [[0.7345649595416922, 0.7839822855060189, 0.5747423951882675, -0.5996710658073425, -0.3393732011318207, 0.7247208952903748], [0.7140275239944458, 0.7292231321334839, 0.49416807293891907, -0.6236622929573059, -0.3447825014591217, 0.7015485763549805], [0.6671270132064819, 0.6756826043128967, 0.4536206126213074, -0.601290225982666, -0.31856581568717957, 0.7327795028686523], [0.634723961353302, 0.6378144025802612, 0.40405815839767456, -0.6672893762588501, -0.30905839800834656, 0.6776487231254578], [0.6278966069221497, 0.6456026434898376, 0.3928425908088684, -0.7013462781906128, -0.2186310589313507, 0.6784644722938538], [0.6375692486763, 0.6416980028152466, 0.39235082268714905, -0.7325209379196167, -0.16913752257823944, 0.6593978404998779], [0.6487509608268738, 0.6326748132705688, 0.3929993808269501, -0.7785458564758301, -0.1919969916343689, 0.597497820854187], [0.6480307579040527, 0.6328243613243103, 0.3864276111125946, -0.8000181317329407, -0.16515114903450012, 0.5767982006072998], [0.6486412882804871, 0.6262950897216797, 0.3871467113494873, -0.8310622572898865, -0.27084147930145264, 0.4857781231403351], [0.6476697325706482, 0.6309378743171692, 0.3774620294570923, -0.8908187747001648, -0.23765932023525238, 0.38724657893180847], [0.6525822877883911, 0.6168052554130554, 0.3841216266155243, -0.8861935138702393, -0.3334270119667053, 0.3216947615146637], [0.6460714936256409, 0.6379015445709229, 0.38540059328079224, -0.8968139290809631, -0.3630748987197876, 0.25278693437576294], [0.6444908380508423, 0.6438341736793518, 0.3722498416900635, -0.9430844187736511, -0.28533464670181274, 0.17080965638160706], [0.6513797640800476, 0.6228072643280029, 0.37742385268211365, -0.9264401197433472, -0.34687551856040955, 0.14623989164829254], [0.6565985083580017, 0.6152417063713074, 0.3775140643119812, -0.9187480211257935, -0.3840457499027252, 0.09171035140752792], [0.6625286340713501, 0.610284686088562, 0.38612881302833557, -0.8850609660148621, -0.46365219354629517, 0.04115431755781174], [0.6635252237319946, 0.637973964214325, 0.4095180928707123, -0.8935043811798096, -0.4463975429534912, 0.04877794533967972], [0.6490703225135803, 0.6367407441139221, 0.3672076165676117, -0.9196772575378418, -0.3844967782497406, -0.07972429692745209], [0.6417422890663147, 0.6127929091453552, 0.3884025514125824, -0.8988925218582153, -0.4284156858921051, 0.09193556010723114], [0.6361230611801147, 0.6067737340927124, 0.3574059009552002, -0.8740026950836182, -0.4859190285205841, 0.0014348780969157815], [0.6374683380126953, 0.6335517764091492, 0.4006742835044861, -0.8678244352340698, -0.4699193239212036, 0.16142044961452484]], "Control Inputs 0": [[4.879166910804987, -9.821919708096532, 0.007031877102485767, 0.0022325638755482657, -2.901193130756269], [3.6115386903806836, -9.989024515512764, 0.0016720759101615864, -1.3353817703491848, -2.9273733416738716], [0.7063527237594229, -9.913578007952365, 0.0008719916120518247, -0.10873280820693987, 0.7135178999116785], [1.2199468646714307, -9.825489381370458, 0.0022496593673042966, 1.1462025322332092, 2.6516974235138644], [-3.4956543337379493, -9.800101747323819, 0.0004978480145786883, 0.4840249654682425, -0.5161437338841757], [2.72752123249081, -9.562833570679294, 0.0013541204426371644, 1.3285336705723898, 2.214202296043605], [-1.3843100388942622, -9.81362986650712, 0.002054274839251539, 0.1828431313451464, -1.322554056320222], [1.3049570759386349, 1.837034187414183, 0.0017470714605913346, -0.8385355364372735, -2.9279619286083483], [-0.9675410180200412, -9.79809424384112, 0.0019372685229260805, 0.20343488344078953, -0.09124483294614771], [-0.10224409119633382, -2.52589007835323, 0.0006355738252559987, -0.28037647872937477, -2.856564850656983], [2.1292812600536077, 9.720106626993623, 0.06105248494408108, -1.2260700640099302, -2.8531724763245307], [-1.5335488888103188, -9.665439660221558, 0.012341720772920688, -0.23281534175877017, 1.8245641729329956], [-0.3167006530871399, -9.805769320784671, 0.0023152436153634796, 0.25317294148770353, 1.1559507882455415], [-1.1910349131521158, -9.325472575823937, 0.0013403066844683987, 0.504218864620035, 0.09464161746123612], [-0.4545083558757943, 1.5398871631061457, 0.0025892486502186174, 1.1789516971274407, -2.854128264286538], [0.03910841222489925, 7.487077579626831, 0.000371829105163899, -2.0833870757688704, -2.860897329819534], [4.900579438852221, -9.943029148947634, 0.00204746641295036, 1.0611886568734752, 2.950433386582164], [-4.074228907426913, -9.562562287431739, 0.1125901913105573, 0.681694551249691, 1.252946454250723], [4.886932791329457, -9.81136996752838, 0.1685524800443554, 2.8997243554331895, 2.8576157158600077], [-4.905212218918397, 9.793135093731244, 0.0022240159276193288, -2.9275470725619996, -2.886944362666177]], "Final Predicted Pose 0": [0.6374683380126953, 0.6335517764091492, 0.4006742835044861, -0.8678244352340698, -0.4699193239212036, 0.16142044961452484], "Predicted Translation Error 0": "2.191512039414366cm", "Predicted Rotation Error 0": "tensor([0.9709], grad_fn=<DivBackward0>)"}