{"num_updates": "1127", "penalty": "tensor(0., dtype=torch.float64, grad_fn=<AddBackward0>)", "Starting Pose": [-0.3268827497959137, 0.14022782444953918, -0.1546667218208313, -0.5506671667098999, -0.25819161534309387, -0.7864060997962952, 0.10801929980516434], "Starting Soft Arm States": [33.0, -75.69999694824219, 10.0, 28.475954055786133, 35.09977340698242, 30.88702392578125], "Number of Trajectories": 1, "Final Desired Pose": [0.07064003497362137, 0.16327862441539764, -0.30991584062576294, -0.8482075333595276, 0.49351680278778076, -0.19231532514095306], "Predicted Trajectory 0": [[0.15884802648853863, 0.4999491368878241, 0.7507724722866401, -0.3701949715614319, 0.45424938201904297, 0.8103167414665222], [0.1724839210510254, 0.5256673693656921, 0.6854479312896729, -0.39528200030326843, 0.5114269256591797, 0.7630168199539185], [0.20237389206886292, 0.5774403810501099, 0.6279901266098022, -0.4395943582057953, 0.5620595812797546, 0.7006039619445801], [0.23670276999473572, 0.5884615778923035, 0.5629234313964844, -0.538076639175415, 0.500959575176239, 0.6778738498687744], [0.27645042538642883, 0.6171221733093262, 0.4888945519924164, -0.6359483599662781, 0.47913771867752075, 0.6049765348434448], [0.3185337483882904, 0.6181774735450745, 0.42504629492759705, -0.7305752038955688, 0.39511045813560486, 0.556908905506134], [0.36772269010543823, 0.6370105743408203, 0.3930424749851227, -0.7368265390396118, 0.3880636692047119, 0.553618311882019], [0.4094291031360626, 0.6176686882972717, 0.3687587380409241, -0.7926256656646729, 0.2619020938873291, 0.5505922436714172], [0.45393243432044983, 0.6317942142486572, 0.36046355962753296, -0.8118610978126526, 0.25624191761016846, 0.5246156454086304], [0.4942087233066559, 0.6185939908027649, 0.35326582193374634, -0.8540288209915161, 0.24359466135501862, 0.45966997742652893], [0.531653642654419, 0.5992804169654846, 0.35021787881851196, -0.8983065485954285, 0.20389732718467712, 0.38919299840927124], [0.5703001022338867, 0.5862876176834106, 0.3500594198703766, -0.9428433179855347, 0.1777709573507309, 0.2818579375743866], [0.6112695336341858, 0.5780898332595825, 0.35632574558258057, -0.9724371433258057, 0.1760236769914627, 0.15291105210781097], [0.6355130076408386, 0.5757423639297485, 0.3606978952884674, -0.9788032174110413, 0.2030542492866516, 0.02670496702194214], [0.6401801705360413, 0.5744184851646423, 0.3568694293498993, -0.9703376293182373, 0.24055619537830353, -0.024034420028328896], [0.650090754032135, 0.5707777142524719, 0.36233288049697876, -0.9564499258995056, 0.2871319651603699, -0.05252465233206749], [0.6381411552429199, 0.5664058923721313, 0.356844037771225, -0.9521005153656006, 0.2938857674598694, -0.0844733864068985], [0.6294234991073608, 0.5697910785675049, 0.3538649082183838, -0.9393435716629028, 0.3376772105693817, -0.060064058750867844], [0.6420164704322815, 0.5777508020401001, 0.3502880930900574, -0.9161598682403564, 0.36876118183135986, -0.15705500543117523], [0.6386034488677979, 0.5697567462921143, 0.35271012783050537, -0.9246025085449219, 0.34913939237594604, -0.1523541957139969], [0.6454440951347351, 0.5743634700775146, 0.3497057259082794, -0.9089158177375793, 0.3752804100513458, -0.1817602813243866]], "Control Inputs 0": [[-4.969363115643467, 9.973355983519301, 0.010381752153784021, -2.9138250089204836, 2.702993404470348], [-4.9957269169079765, 9.81974454550242, 0.005513407989164251, -2.930198450939309, -0.20996231851976832], [-4.943241819934356, 9.816965699031446, 0.002159348612944016, -2.316739008006529, -0.4654748099252215], [-4.973574239015453, 9.816687933596981, 0.009864043989447568, -2.9452190654894115, -1.2507286656648164], [-4.933437764773794, 9.800745628210308, 0.004860951108759018, 2.046549468669024, -0.45466031237456095], [-4.978215321444335, 9.809477953564183, 0.0033050823464626043, 0.5915887306589536, -2.5579912409798724], [-4.9337813648813755, 9.802878342211411, 0.013993316335554905, 1.1750651175149898, -0.9718335300249059], [-4.91487259641831, 9.826545626204652, 0.016448717646195352, -0.09681403561837687, 0.07264132449144078], [-4.972812385867006, -1.1485883833711092, 0.014139264178166862, -0.44702051162828127, 0.37815150628148153], [-4.991260454459732, -4.146878488519581, 0.01653017581364796, -1.5192390253538268, 0.6571779196841381], [-4.783015249107731, -5.4843357452351365, 0.017397396256507377, -1.7940851055044422, 1.3863575700673643], [-4.871835541461567, -6.3769394393608, 0.007481192747003318, -1.444122636425928, 1.6267389579223357], [0.08750054670178997, -6.063680827727489, 0.009608194104975785, -0.45129725188395886, 2.0615527281458865], [-0.1184941753209694, -4.437003888754673, 0.024516806653838805, 0.11275553922685777, 2.1244927247233507], [-2.79273211671144, -9.748060347935146, 0.07201322448152613, 0.644044496405046, 2.2376974385243384], [4.921613274368887, -3.005211291438039, 0.006536949899898736, 0.9171018483247448, 1.251012700612021], [-2.486368517659147, -3.8016077085958093, 0.06259745238725814, -2.940691604310303, 0.8497223346636926], [-0.08280672796994537, -5.678451463441228, 0.026281020444902305, 0.5576041465065256, 0.5924833797108486], [0.02787585503872414, -1.1987941876190007, 0.1336147893681137, 0.2455157034442843, -0.07942035511452605], [-2.0982879905316514, -9.686494622890294, 0.0018067655219061215, -2.9702819840931793, -2.2856583838044093]], "Final Predicted Pose 0": [0.6454440951347351, 0.5743634700775146, 0.3497057259082794, -0.9089158177375793, 0.3752804100513458, -0.1817602813243866], "Predicted Translation Error 0": "0.29469176532902297cm", "Predicted Rotation Error 0": "tensor([0.9911], grad_fn=<DivBackward0>)"}