{"num_updates": "956", "penalty": "tensor(0., dtype=torch.float64, grad_fn=<AddBackward0>)", "Starting Pose": [0.1638195812702179, 0.13210009038448334, -0.2893091142177582, 0.2213234156370163, 0.49723321199417114, -0.7465227842330933, 0.38272538781166077], "Starting Soft Arm States": [-37.599998474121094, -57.0, 10.0, 10.57176685333252, 26.157615661621094, 35.40446853637695], "Number of Trajectories": 1, "Final Desired Pose": [-0.3646414279937744, 0.1723511815071106, -0.1774245649576187, -0.6410044431686401, 0.5719937086105347, 0.511797308921814], "Predicted Trajectory 0": [[0.7553990723233093, 0.4742707506470368, 0.4051160506699122, -0.6090744137763977, 0.7915252447128296, 0.050161607563495636], [0.7642473578453064, 0.4818442761898041, 0.3316262662410736, -0.640053391456604, 0.7542101740837097, -0.14662446081638336], [0.7351788878440857, 0.4988688826560974, 0.3070324659347534, -0.65035080909729, 0.7578558325767517, -0.05194582790136337], [0.6970185041427612, 0.49697282910346985, 0.27951565384864807, -0.6650813221931458, 0.7459456324577332, 0.035100165754556656], [0.6322512030601501, 0.5040708184242249, 0.27873972058296204, -0.6590896248817444, 0.7114692330360413, 0.24374639987945557], [0.5649552345275879, 0.5321498513221741, 0.2810056507587433, -0.6089240908622742, 0.6760263442993164, 0.4149697422981262], [0.502163827419281, 0.5274887084960938, 0.30794262886047363, -0.547695517539978, 0.5658905506134033, 0.6162770390510559], [0.4498423635959625, 0.53082275390625, 0.3491407632827759, -0.43647873401641846, 0.4692113697528839, 0.7676764130592346], [0.4044519364833832, 0.5070875883102417, 0.398949533700943, -0.3059273064136505, 0.3518761694431305, 0.8846421241760254], [0.36276787519454956, 0.4841786324977875, 0.46763432025909424, -0.1656385064125061, 0.3131752908229828, 0.9351390600204468], [0.32639792561531067, 0.5014039874076843, 0.5078476667404175, -0.12094956636428833, 0.36498555541038513, 0.923123300075531], [0.29132139682769775, 0.5039234161376953, 0.5329521894454956, -0.15022915601730347, 0.33754271268844604, 0.9292449355125427], [0.259068101644516, 0.5409218072891235, 0.5529770851135254, -0.1890355348587036, 0.4178234934806824, 0.8886444568634033], [0.22274407744407654, 0.5263699293136597, 0.587530791759491, -0.2064342051744461, 0.3373018205165863, 0.9184837341308594], [0.18611516058444977, 0.5415734052658081, 0.616619884967804, -0.23688626289367676, 0.36343997716903687, 0.9009974002838135], [0.16501867771148682, 0.5606723427772522, 0.6211469173431396, -0.28981736302375793, 0.447754830121994, 0.8458849787712097], [0.14835533499717712, 0.6025235056877136, 0.6722723245620728, -0.15990716218948364, 0.5544859766960144, 0.8166854381561279], [0.12742112576961517, 0.6358833909034729, 0.6748557090759277, -0.14463861286640167, 0.625592827796936, 0.7666245102882385], [0.12600009143352509, 0.6714715361595154, 0.6324577927589417, -0.1564328521490097, 0.744468629360199, 0.649072527885437], [0.09783880412578583, 0.6338796019554138, 0.6593228578567505, -0.27276667952537537, 0.6171677112579346, 0.7380395531654358], [0.07421557605266571, 0.6010645031929016, 0.6715556383132935, -0.44419944286346436, 0.4756045341491699, 0.7592675685882568]], "Control Inputs 0": [[4.936475912552794, 9.83214861994707, 0.26224629016640455, 2.986012648226372, 2.968905992096377], [4.944576354509779, 4.333068953176429, 0.6968820349711546, 2.962083153223194, 2.981526184868674], [4.904310902102228, -0.052478889983907706, 0.10321501507037864, 2.9859500364771145, 2.9037839945577435], [4.894025970791754, 9.918130731366634, 0.5786181719393477, 2.9335196732121496, 0.47451009954701684], [4.919941063572496, 9.832034175819565, 0.28270703950152587, 2.9446391620987686, -0.05458059925460601], [4.952729276691473, 9.810352974289064, 0.007111201636487445, 2.9843886783413573, -0.27438571804575185], [4.87965294924973, 9.799303155353218, 0.09515874953993006, 2.666221171098398, -0.3653367048308809], [4.93436060167733, -2.6736910926465924, 0.5691983872818956, 2.9404509727456123, -0.2696806443338273], [4.920450360298643, -2.266147209717986, 0.36879238196472086, -1.5584852325777452, 1.482697204963893], [4.85282124163516, 9.801748206452302, 0.4605857000511584, -2.706862777385692, 0.6751536728483405], [4.905792275717863, 9.802530241323584, 0.3995527331317122, -2.6901259859691242, 2.9120366083569467], [4.819332298243088, 5.833507760848317, 0.0012756388799782445, -2.84425202947774, -0.7800351089805186], [4.858355519877142, 9.713563045578272, 0.01834130864186535, -2.7856148517022326, -0.25386471441610636], [4.743049309798421, 4.894088371720507, 0.320744194901684, -2.8548089070746068, 2.925083543284436], [0.3027386464844186, -0.14928670058962012, 0.38254197308303667, 2.893482142922979, 2.8782331210075283], [4.926213046791345, 6.980324943667572, 0.013479269373889378, -2.823194915555744, 2.6708392952245275], [-1.268188894417086, 9.647863771506266, 0.4737229155110312, -2.8632925084015235, 2.8410321508500465], [0.8286644474705307, -0.9530540348344907, 0.08553128338954992, -2.6077479981690934, -2.924274441999383], [4.478559115493111, 6.2104879089751925, 0.4718406889974139, -1.6997497718060381, -2.9319992284246847], [-0.20939439726241194, 9.830135118578784, 0.2956573781906049, -2.626533490744028, 2.93460386387157]], "Final Predicted Pose 0": [0.07421557605266571, 0.6010645031929016, 0.6715556383132935, -0.44419944286346436, 0.4756045341491699, 0.7592675685882568], "Predicted Translation Error 0": "3.2870711036764457cm", "Predicted Rotation Error 0": "tensor([0.9454], grad_fn=<DivBackward0>)"}