{"num_updates": "891", "penalty": "tensor(0., dtype=torch.float64, grad_fn=<AddBackward0>)", "Starting Pose": [-0.10644806921482086, 0.0708770826458931, -0.2976919412612915, -0.5462543368339539, 0.7617703676223755, -0.1666744351387024, 0.30582955479621887], "Starting Soft Arm States": [2.700000047683716, -15.0, 10.0, 31.132104873657227, 13.58891773223877, 35.40446853637695], "Number of Trajectories": 1, "Final Desired Pose": [-0.14662599563598633, 0.11462484300136566, -0.33699333667755127, -0.9932923913002014, 0.027783233672380447, 0.1122421845793724], "Predicted Trajectory 0": [[0.42683236427066806, 0.2808456180146454, 0.3835955031861926, -0.21614894270896912, -0.730292797088623, 0.6480370759963989], [0.40572476387023926, 0.2789713144302368, 0.3971324861049652, -0.3430805504322052, -0.7474159002304077, 0.568915843963623], [0.40351951122283936, 0.3181547224521637, 0.3908931016921997, -0.4962976276874542, -0.712984025478363, 0.49532055854797363], [0.4107021689414978, 0.33846449851989746, 0.37708616256713867, -0.5914893746376038, -0.6866747140884399, 0.42263224720954895], [0.4095418453216553, 0.3786749839782715, 0.3650287687778473, -0.7130669951438904, -0.590878963470459, 0.37735578417778015], [0.4011642634868622, 0.39643344283103943, 0.3349100947380066, -0.801547646522522, -0.5559559464454651, 0.2200782299041748], [0.3934515714645386, 0.42188331484794617, 0.31424644589424133, -0.8694512248039246, -0.4920200705528259, 0.044394537806510925], [0.3882618248462677, 0.43612590432167053, 0.2927975058555603, -0.902223527431488, -0.41155606508255005, -0.12889645993709564], [0.3844468891620636, 0.43281984329223633, 0.2844363749027252, -0.9193964600563049, -0.3397611677646637, -0.19817325472831726], [0.37997502088546753, 0.4171206057071686, 0.28182971477508545, -0.9189620018005371, -0.3351439833641052, -0.20781561732292175], [0.37702131271362305, 0.4155626893043518, 0.2805343270301819, -0.9248525500297546, -0.3112320303916931, -0.21859170496463776], [0.3762069344520569, 0.41641688346862793, 0.2814682722091675, -0.9244827628135681, -0.31106579303741455, -0.22038531303405762], [0.3816515803337097, 0.43262243270874023, 0.2744711637496948, -0.9330429434776306, -0.2464657425880432, -0.26207900047302246], [0.3807452917098999, 0.4197271466255188, 0.2735072672367096, -0.9266487956047058, -0.24604050815105438, -0.2842288017272949], [0.37639015913009644, 0.42126649618148804, 0.2772260010242462, -0.9397115707397461, -0.2059561312198639, -0.27299147844314575], [0.37317779660224915, 0.413505494594574, 0.2817746698856354, -0.9506874084472656, -0.20582307875156403, -0.2320135086774826], [0.375601202249527, 0.415774405002594, 0.2908833920955658, -0.9604097604751587, -0.2217755913734436, -0.1686081439256668], [0.37675389647483826, 0.42147353291511536, 0.27930688858032227, -0.9538176655769348, -0.2018056958913803, -0.22249990701675415], [0.3862086534500122, 0.4546393156051636, 0.27295830845832825, -0.9798448085784912, -0.07061147689819336, -0.18686410784721375], [0.3755747079849243, 0.42036953568458557, 0.26479026675224304, -0.9745112657546997, -0.1134883463382721, -0.1935151219367981], [0.3757763206958771, 0.42634129524230957, 0.29135727882385254, -0.9938735961914062, -0.10367777198553085, -0.03829111531376839]], "Control Inputs 0": [[0.3747528457420053, 9.816027495611173, 0.01068523881742456, -2.9446056380567356, 2.9477756378704445], [-2.966236063252419, 9.617757813214556, 0.0779992268460183, -2.948627643528628, 2.944484751174911], [-0.808262343297546, 9.190694053788427, 0.005903840705745054, -2.941369393267014, 2.889037602816072], [0.2349795199915441, 3.8703331976323447, 0.10120079194701712, -2.962543470967923, 0.8624562776500304], [0.8040220001389686, 9.792573602230675, 0.009368668769551893, -2.8632129355766196, -1.7454067053732716], [0.697202677308268, 9.798734511094679, 0.006202731599996491, -2.864982511320665, -1.3378808245470577], [0.7374979480253119, 9.795850757506823, 0.003121095156692343, -1.924653053489669, 0.33382218937741337], [0.6868282910693138, -2.947886704821456, 0.2838983527918776, -0.18746940847687865, 2.9279587766821207], [0.14766673886525705, 0.13390410079448323, 0.048312330375228536, 0.5338202685430486, 0.5335972547551768], [-0.3130049718085237, -0.28329660145549873, 0.16973834920601202, 1.2222253603996371, 0.4232262805631035], [-0.8582264990509305, 9.802992786338915, 0.05633707011628522, -0.24470191401914398, -1.0020769576094004], [-0.13159395504762372, -0.08605512801693393, 0.0029274716762675125, -0.5294737453341161, 1.056911910848524], [0.7282656030399561, -0.8737615403054786, 0.00862118650366233, -0.4761712898473567, 1.2861543626492642], [0.1525145996226991, -1.3838938544051125, 0.14157412641914588, 0.5373673135838137, 2.0855454383867826], [0.023191398617306014, -2.182952885716859, 0.2493842069686096, 1.8536419536453508, 1.8135969353150534], [-0.8510155372661332, 3.5292241307202286, 0.0059108189345247275, 0.07140065773331994, -2.933223183410557], [-0.25881287795206553, 9.780009782858045, 0.13464248621487965, -2.9388608926653754, 2.8781497757249124], [-1.1331960400446115, -6.090276272014309, 0.6671078965992601, -0.19491841773134055, 2.86263002560979], [3.963868853524124, -5.357215142419776, 0.1709324838298526, 0.9358048722813725, 2.160905312894206], [-4.9079768980288545, -5.7726690815673996, 0.18210461961598598, -2.955584935323534, -1.600268139226765]], "Final Predicted Pose 0": [0.3757763206958771, 0.42634129524230957, 0.29135727882385254, -0.9938735961914062, -0.10367777198553085, -0.03829111531376839], "Predicted Translation Error 0": "0.4471169436760167cm", "Predicted Rotation Error 0": "tensor([0.9800], grad_fn=<DivBackward0>)"}