{"num_updates": "288", "penalty": "tensor(0.0598, dtype=torch.float64, grad_fn=<AddBackward0>)", "Starting Pose": [0.17929470539093018, 0.08738204836845398, -0.19838596880435944, -0.24273079633712769, 0.2604772448539734, -0.901494026184082, 0.24605250358581543], "Starting Soft Arm States": [-39.5, 20.600000381469727, 10.0, 33.735267639160156, 23.41204261779785, 35.387908935546875], "Number of Trajectories": 1, "Final Desired Pose": [-0.07913687080144882, 0.11689724028110504, -0.39702481031417847, -0.7787439823150635, 0.5409873127937317, -0.3176327347755432], "Predicted Trajectory 0": [[0.7742123138634022, 0.3329906416242438, 0.6385356188032704, -0.7610798478126526, 0.31717804074287415, 0.5658228993415833], [0.7575961947441101, 0.3097911477088928, 0.5580460429191589, -0.763074517250061, 0.36581239104270935, 0.5328214168548584], [0.7116705775260925, 0.33246153593063354, 0.5146471261978149, -0.680252194404602, 0.4320450723171234, 0.5921097993850708], [0.6636375784873962, 0.339782178401947, 0.4541586935520172, -0.7021465301513672, 0.47103556990623474, 0.5339623093605042], [0.6089597940444946, 0.3608781397342682, 0.4019375145435333, -0.7211658954620361, 0.521687388420105, 0.455809086561203], [0.5581908822059631, 0.4005652070045471, 0.3593577444553375, -0.7564230561256409, 0.557334840297699, 0.3423478901386261], [0.498453289270401, 0.4078686237335205, 0.35161858797073364, -0.7836556434631348, 0.4996280372142792, 0.36912816762924194], [0.44901135563850403, 0.41142770648002625, 0.3298904001712799, -0.848961591720581, 0.43112483620643616, 0.30560675263404846], [0.44196969270706177, 0.41394051909446716, 0.31002360582351685, -0.8955649137496948, 0.3819041848182678, 0.22828203439712524], [0.46918943524360657, 0.43178999423980713, 0.2954208552837372, -0.8938270807266235, 0.4115689992904663, 0.1780005693435669], [0.4892728328704834, 0.4012082815170288, 0.2650371193885803, -0.9702937006950378, 0.23455621302127838, 0.05927561968564987], [0.4908030331134796, 0.43098950386047363, 0.24078205227851868, -0.9677616357803345, 0.24655988812446594, -0.05143626406788826], [0.4769745171070099, 0.4255504608154297, 0.24633632600307465, -0.9800888299942017, 0.1906452625989914, -0.05550013482570648], [0.47422340512275696, 0.4211191236972809, 0.21365630626678467, -0.9664978981018066, 0.15334287285804749, -0.205834299325943], [0.45862796902656555, 0.3915746510028839, 0.22842180728912354, -0.9791396856307983, 0.06545872241258621, -0.19235563278198242], [0.47380706667900085, 0.43209636211395264, 0.22589397430419922, -0.9728614687919617, 0.16261889040470123, -0.16460759937763214], [0.4741293787956238, 0.43914085626602173, 0.21341516077518463, -0.95638108253479, 0.19234110414981842, -0.2198641151189804], [0.4622836410999298, 0.4127354323863983, 0.2399444878101349, -0.9853460192680359, 0.09458325803279877, -0.1419406235218048], [0.4765462279319763, 0.44681107997894287, 0.1811055690050125, -0.8884479403495789, 0.2256489098072052, -0.3996782600879669], [0.45457130670547485, 0.3968636691570282, 0.24177318811416626, -0.9853147864341736, 0.08008892089128494, -0.15079975128173828], [0.46179619431495667, 0.45746007561683655, 0.177472323179245, -0.8807196021080017, 0.27245673537254333, -0.38742777705192566]], "Control Inputs 0": [[4.912730399970794, 9.315613395338815, 0.0002883798403793274, -2.9683184181427973, 2.962756684141711], [4.837529816160739, 7.134456148763537, 0.6964774348500893, -2.924682635346505, 2.9232842867541606], [4.933914519767308, 4.290071340771844, 0.32668502458220494, -2.963812007369209, 2.930174759625472], [4.79358001343218, 5.055422404091303, 0.6928609868878023, -2.954535542839815, 1.5867078252066955], [4.93544598814289, 2.631315772465772, 0.37985397372500845, 0.22632645453199807, 0.01627702031875966], [4.818105572990527, 9.23088540081649, 0.2412554645156479, -2.9018917238228963, -2.878624008468282], [4.718684769111338, 3.8540809394003457, 0.00941326543126914, -2.9090187689278078, 1.4424578878942516], [-4.746994749876109, -0.481364814502653, 0.4081787408367725, 0.06212052314915928, 2.1877997267083815], [-2.3831587011926265, 0.9438478415456242, 0.2181211150726747, -2.936474171916042, -2.859365189554464], [-3.081543764246615, 5.197008863835892, 0.3242705064836944, -2.260523585608266, -2.8886386551133305], [3.0641914158544914, 2.923986362411515, 0.17607781240973863, -0.5599200500906747, 0.08804446275191724], [0.032533474981597976, 6.509196618773139, 0.007546498780232351, -2.8674206128367326, -2.9385911461081307], [1.6166729124534518, -0.34608112665512003, 0.0025178689129511213, 0.016523069525966605, -1.9866117091648154], [-0.17762090121549523, 3.354117462880037, 0.11129007904136949, 1.2563154900722413, 2.913132616708589], [-4.56085835106401, 2.1746205210265437, 0.6950562769248472, 1.9171971725183008, 2.8768051623457263], [4.904145112301446, 0.2677107441214073, 0.0037350166707761315, -0.15053813651370396, -2.8482993147619244], [-4.90508212722501, 0.9935666621884547, 0.3483154778830302, -2.9239713994169536, 2.8940619283079707], [4.746005497001599, -9.497037734374706, 0.3375694783969269, 1.0192588206310464, 2.8914821593027327], [-4.760757912443218, 0.1933602092858404, 0.6646144229605954, 0.6973864867391932, 2.8378911425811895], [4.875446778512586, -9.594225833279104, 0.25290414442681186, -1.6872205346622193, -2.9675696950104475]], "Final Predicted Pose 0": [0.46179619431495667, 0.45746007561683655, 0.177472323179245, -0.8807196021080017, 0.27245673537254333, -0.38742777705192566], "Predicted Translation Error 0": "2.1502661179685303cm", "Predicted Rotation Error 0": "tensor([0.9563], grad_fn=<DivBackward0>)"}