{"num_updates": "766", "penalty": "tensor(0., dtype=torch.float64, grad_fn=<AddBackward0>)", "Starting Pose": [-0.2816028892993927, 0.18784800171852112, -0.25219637155532837, -0.5050739049911499, -0.660050630569458, 0.516546905040741, -0.20594365894794464], "Starting Soft Arm States": [28.600000381469727, 71.4000015258789, 10.0, 28.585247039794922, 34.963985443115234, 11.883283615112305], "Number of Trajectories": 1, "Final Desired Pose": [-0.39676201343536377, 0.05514971911907196, -0.15915919840335846, -0.24339424073696136, -0.5180046558380127, 0.8200185894966125], "Predicted Trajectory 0": [[0.21389514247790972, 0.6503981174991598, 0.5003925649735214, -0.40497511625289917, 0.879507839679718, -0.2499222457408905], [0.19949573278427124, 0.6573207378387451, 0.5601937770843506, -0.4393514394760132, 0.8959729075431824, -0.06482850760221481], [0.16954192519187927, 0.6135265231132507, 0.5894904136657715, -0.547279953956604, 0.836866021156311, 0.01183048915117979], [0.14797770977020264, 0.5928696990013123, 0.6346439719200134, -0.6185932755470276, 0.7700608968734741, 0.1560399979352951], [0.14122100174427032, 0.5635712146759033, 0.6533409953117371, -0.6703999638557434, 0.6840256452560425, 0.28752875328063965], [0.1442861109972, 0.5444418787956238, 0.6701083779335022, -0.6251388788223267, 0.6437979340553284, 0.4412771165370941], [0.13851235806941986, 0.5102414488792419, 0.6820599436759949, -0.6385070085525513, 0.5320312976837158, 0.5561038851737976], [0.12778164446353912, 0.48461660742759705, 0.6838509440422058, -0.7017295956611633, 0.37746936082839966, 0.6042288541793823], [0.12916168570518494, 0.4640079140663147, 0.6661054491996765, -0.7635025382041931, 0.24185249209403992, 0.5988080501556396], [0.12427034229040146, 0.43051230907440186, 0.6887765526771545, -0.7156394124031067, 0.13816630840301514, 0.6846680641174316], [0.10797761380672455, 0.3792409896850586, 0.7210267186164856, -0.6668298840522766, -0.05623997747898102, 0.7430847883224487], [0.11009369790554047, 0.3542983829975128, 0.710996687412262, -0.6497437953948975, -0.1830972284078598, 0.7377726435661316], [0.10990029573440552, 0.3470546007156372, 0.7113856673240662, -0.648847758769989, -0.22646406292915344, 0.726436972618103], [0.10160008817911148, 0.31958600878715515, 0.7344017028808594, -0.5626220703125, -0.3690446615219116, 0.7397719025611877], [0.10138670355081558, 0.2912787199020386, 0.7370761036872864, -0.43812668323516846, -0.5200004577636719, 0.7332424521446228], [0.09305448830127716, 0.25808146595954895, 0.7418141961097717, -0.27288320660591125, -0.6747111082077026, 0.6857839226722717], [0.09036985784769058, 0.27415981888771057, 0.7549405097961426, -0.21236826479434967, -0.6836126446723938, 0.6982645988464355], [0.0869588628411293, 0.278845876455307, 0.742913544178009, -0.2577390968799591, -0.6641250252723694, 0.7017894387245178], [0.09167751669883728, 0.29362305998802185, 0.7373046278953552, -0.29732218384742737, -0.6196663975715637, 0.7263697981834412], [0.09193123877048492, 0.27734753489494324, 0.7395476698875427, -0.29112181067466736, -0.6147692799568176, 0.7330121397972107], [0.08939775824546814, 0.25987711548805237, 0.7480137944221497, -0.2276809960603714, -0.6984161138534546, 0.6785103678703308]], "Control Inputs 0": [[3.7814231414238026, -9.809924626117313, 0.00786940431654812, -2.962218121870679, -2.981326770925702], [3.933874019638491, -9.810035326223069, 0.048297016804014145, -2.8760363361352512, -2.954612256216131], [2.413577968256834, -9.913467168144306, 0.06399521936800112, -2.923895314960937, -2.9404629720556192], [-0.34905978073250665, -9.82873056796005, 0.01082763909440889, 2.2750279706805863, -2.960579525822166], [-0.6233679516216233, -9.802533480136582, 0.009361886466708944, 0.760100561483553, -2.9025641248847807], [0.35517175826385916, -9.693298832924139, 0.05115594717393252, -2.935746109078878, -2.868373041729381], [1.0880408016977166, -3.483605030239529, 0.11980367228097474, -2.930745688808485, -2.9489291134283886], [-2.8475590423770134, -4.442901933763315, 0.011428387201593775, 2.895085003703958, -2.8927945732862215], [4.819577404747124, -9.748206383410349, 0.1512682909830787, 0.7050322757770342, -2.990554768916727], [2.001388741537709, -9.773482777168992, 0.012623514516847083, -0.028189590634868367, -2.916533145249186], [-3.511284346116669, -9.774862197719505, 0.37895745843608997, 0.8653237205963253, 1.393876888461584], [3.747750517245249, -8.768017167953728, 0.008625266987837847, 0.7003625126267345, -0.9832995873707748], [-1.4012656242215127, -2.2379766685200657, 0.3342680584421265, 1.4081793934415403, -2.9380856249991787], [1.368927488027274, -8.808221032308237, 0.32681451333995915, -0.15355083499723898, -2.9364234365825603], [0.3055725786186745, -9.538009067306925, 0.5062872482095494, 0.7140240385331884, 1.9104974517701248], [-2.254838588118592, -4.327590534354847, 0.4960980127640093, -1.164870120253317, 2.315687876157736], [-1.5982644604531986, -9.677636416446951, 0.6525468899695557, -0.10625946522057639, 2.3000268325377506], [-4.701373351353791, -9.762916570355932, 0.6949841343825993, 0.7728583315121598, 2.5141362134100937], [3.681763791068665, -9.76412682072969, 0.5974380128185967, 0.09551798798426869, -2.939333104682914], [-4.855006022355922, -0.13760922714198998, 0.06276926114734484, -2.887346019390908, -2.9382104528922803]], "Final Predicted Pose 0": [0.08939775824546814, 0.25987711548805237, 0.7480137944221497, -0.2276809960603714, -0.6984161138534546, 0.6785103678703308], "Predicted Translation Error 0": "1.6028960319493295cm", "Predicted Rotation Error 0": "tensor([0.9736], grad_fn=<DivBackward0>)"}