{"num_updates": "1469", "penalty": "tensor(0., dtype=torch.float64, grad_fn=<AddBackward0>)", "Starting Pose": [-0.26798075437545776, 0.174608051776886, -0.246579110622406, -0.5504485368728638, -0.7455644011497498, 0.22953100502490997, -0.29741498827934265], "Starting Soft Arm States": [28.600000381469727, 71.4000015258789, 10.0, 28.585247039794922, 34.963985443115234, 11.883283615112305], "Number of Trajectories": 1, "Final Desired Pose": [-0.325888067483902, 0.07222741842269897, -0.23017922043800354, -0.43015190958976746, -0.4572282135486603, 0.7784032821655273], "Predicted Trajectory 0": [[0.230455689108532, 0.6085684333967112, 0.5148133003659631, -0.21710148453712463, 0.9573215842247009, 0.19079403579235077], [0.21752747893333435, 0.606816291809082, 0.556757390499115, -0.22144080698490143, 0.9053518772125244, 0.36235612630844116], [0.20519421994686127, 0.5595558881759644, 0.5612635612487793, -0.3114057779312134, 0.8256019949913025, 0.4705398678779602], [0.2027333676815033, 0.535923421382904, 0.5653053522109985, -0.35396459698677063, 0.7406793236732483, 0.5710544586181641], [0.19950757920742035, 0.4985012710094452, 0.5597353577613831, -0.4362298548221588, 0.6056733727455139, 0.6654797792434692], [0.20108582079410553, 0.4703215956687927, 0.5642201900482178, -0.4403380751609802, 0.4777737855911255, 0.7601543068885803], [0.19001325964927673, 0.43845313787460327, 0.5742040872573853, -0.4746716022491455, 0.31958481669425964, 0.8200929164886475], [0.17347663640975952, 0.415721595287323, 0.5734493136405945, -0.5724449157714844, 0.13988220691680908, 0.8079231381416321], [0.17231377959251404, 0.4008159041404724, 0.5460850596427917, -0.7030441164970398, -0.01936735399067402, 0.7108824849128723], [0.17269422113895416, 0.3661944568157196, 0.5526114702224731, -0.6872735023498535, -0.19958937168121338, 0.6984406113624573], [0.1619705706834793, 0.3347293436527252, 0.5702217221260071, -0.6252519488334656, -0.3884352147579193, 0.6768884658813477], [0.17049527168273926, 0.31423190236091614, 0.5576988458633423, -0.5622421503067017, -0.5360580682754517, 0.6297026872634888], [0.17768758535385132, 0.3042929768562317, 0.54921954870224, -0.5004215240478516, -0.6389954090118408, 0.5841773748397827], [0.17444096505641937, 0.30305758118629456, 0.5591146349906921, -0.4415518343448639, -0.6865074038505554, 0.5777020454406738], [0.17322540283203125, 0.3108609914779663, 0.5597741603851318, -0.4470236599445343, -0.6613648533821106, 0.6023009419441223], [0.16906629502773285, 0.2757062017917633, 0.551404595375061, -0.30036070942878723, -0.7799959778785706, 0.5489896535873413], [0.16071940958499908, 0.2876456081867218, 0.5732861161231995, -0.27652037143707275, -0.7742881178855896, 0.5692226886749268], [0.15582607686519623, 0.3072362542152405, 0.574321985244751, -0.3577123284339905, -0.7258732318878174, 0.5874946713447571], [0.16940735280513763, 0.3220994472503662, 0.5313640236854553, -0.46367233991622925, -0.6528066992759705, 0.5990420579910278], [0.16310705244541168, 0.317699134349823, 0.5174584984779358, -0.542822003364563, -0.5976102352142334, 0.5900900959968567], [0.16881206631660461, 0.29401567578315735, 0.562736451625824, -0.3654172122478485, -0.627246081829071, 0.6877736449241638]], "Control Inputs 0": [[1.156371247000485, -9.813036224849638, 0.004460373347174616, -2.869762102187563, -2.9992112970693787], [-0.8256177921551036, -9.86544588882536, 0.00364203936441703, -1.4299496619734007, -2.9326360217072405], [-0.34800451075953465, -9.625522874788452, 0.00455581736107708, -2.889561290163638, -2.9757703269962805], [-1.1627143773445394, -9.522036847000205, 0.0012264591840577814, 0.037296932366591484, -2.970846703866876], [0.024741354344774535, -9.823539696014677, 0.008322968288460315, -0.7530586919144624, -2.92475927769451], [1.9880683063208036, -9.761377665655075, 0.00013974364900808827, -2.936022964817289, -2.9914476112650696], [1.3428370635867113, -4.682326201261159, 0.007401693185831499, -2.93553036688001, -2.95453455596674], [-2.318712090701377, -5.228409171007959, 0.007347359005059041, 1.805786899234663, -2.925971814063672], [2.4884386233386646, -9.808268222465237, 0.01537563259692778, 1.1650865935905452, -2.8696935882639494], [1.6828522649093642, -9.778093344370179, 0.018980068993120623, 0.9089376340030562, -2.891183033672651], [-4.913934503083425, -9.780305465160923, 0.3171771307248349, 1.2513895554221248, 0.33799195744370003], [3.1286293790359867, -9.044176882762155, 0.009164430348418552, -0.15404850895847577, -1.6683558695472103], [-3.998172314497075, -2.751198974062328, 0.24875442263760214, 0.7471563873328724, 2.0559496358416647], [1.1497140112229811, -9.319552401970329, 0.4057476709151274, -0.5248095277958935, -2.934721565259117], [-0.26191606942104695, -9.514859575933537, 0.3046176198696424, 0.04098458550711648, 0.9718796910968353], [1.6115894870510123, -5.248445238205583, 0.06749727270669917, -1.3040612266822862, 1.1116107401892048], [-4.898601341293934, -5.9280430783604885, 0.2793643235839555, -0.9826965846315519, 2.8458497228082473], [-4.889555863926884, -9.747298243925915, 0.6851368445559058, -1.4815061441094504, 2.882269822785691], [4.8873490549299845, -9.734921141339436, 0.43068884412188296, 2.9298191399403484, -2.9166942299051843], [-4.734065158150887, 0.02450624403692281, 0.016273977834095264, -2.881052990737773, -0.9494200876927912]], "Final Predicted Pose 0": [0.16881206631660461, 0.29401567578315735, 0.562736451625824, -0.3654172122478485, -0.627246081829071, 0.6877736449241638], "Predicted Translation Error 0": "0.8058783442245427cm", "Predicted Rotation Error 0": "tensor([0.9793], grad_fn=<DivBackward0>)"}