{"num_updates": "1272", "penalty": "tensor(86.2210, dtype=torch.float64, grad_fn=<AddBackward0>)", "Starting Pose": [-0.3105064630508423, 0.06125159561634064, -0.24914148449897766, -0.38706669211387634, 0.6883394718170166, 0.5940259695053101, 0.15330135822296143], "Starting Soft Arm States": [33.5, -6.800000190734863, 10.0, 24.86928367614746, 0.9009897708892822, 35.387908935546875], "Number of Trajectories": 1, "Final Desired Pose": [-0.17295822501182556, 0.1645682156085968, -0.27731069922447205, -0.7407143115997314, 0.4797484576702118, 0.47030171751976013], "Predicted Trajectory 0": [[0.17875681918458522, 0.25043530048676277, 0.5082351271082503, -0.65335613489151, -0.7149965167045593, -0.2488085776567459], [0.1958712488412857, 0.24238736927509308, 0.4536229968070984, -0.5240769982337952, -0.6265367269515991, -0.5768840312957764], [0.21645388007164001, 0.22192305326461792, 0.42853212356567383, -0.43506932258605957, -0.5865230560302734, -0.6831583976745605], [0.22490619122982025, 0.24337512254714966, 0.3628140389919281, -0.32515865564346313, -0.35976192355155945, -0.8745531439781189], [0.206267312169075, 0.264187216758728, 0.3733477294445038, -0.5602721571922302, -0.258432000875473, -0.7869612574577332], [0.24289438128471375, 0.2854449152946472, 0.30158841609954834, -0.31256985664367676, 0.05546368286013603, -0.9482741355895996], [0.21548864245414734, 0.3341881036758423, 0.3211190104484558, -0.6252453327178955, 0.20163734257221222, -0.7539302110671997], [0.24115101993083954, 0.34895095229148865, 0.24356664717197418, -0.3706895411014557, 0.3139396607875824, -0.8740887641906738], [0.18029864132404327, 0.39977017045021057, 0.32454508543014526, -0.6667676568031311, 0.36588600277900696, -0.6492675542831421], [0.16431395709514618, 0.39935609698295593, 0.33083224296569824, -0.6308786869049072, 0.35214757919311523, -0.691364049911499], [0.13209380209445953, 0.4966088831424713, 0.3755694329738617, -0.6937678456306458, 0.48401057720184326, -0.5333102941513062], [0.1301758885383606, 0.5300273895263672, 0.37049487233161926, -0.7051489353179932, 0.48933061957359314, -0.5131476521492004], [0.15158706903457642, 0.5915288925170898, 0.3422548770904541, -0.6771199107170105, 0.5393920540809631, -0.5005643963813782], [0.18429751694202423, 0.5865225791931152, 0.32762596011161804, -0.7211112976074219, 0.4590286910533905, -0.5189326405525208], [0.22693707048892975, 0.5731446146965027, 0.2934662997722626, -0.6891111731529236, 0.39996710419654846, -0.6042782068252563], [0.24660199880599976, 0.591736912727356, 0.2871607542037964, -0.6201750636100769, 0.4300881326198578, -0.6560541391372681], [0.23729543387889862, 0.5853320956230164, 0.3294808566570282, -0.7881374359130859, 0.3582845628261566, -0.5004712343215942], [0.26931843161582947, 0.5659236907958984, 0.2822299301624298, -0.5825746059417725, 0.36340200901031494, -0.7270116209983826], [0.2426995187997818, 0.58014976978302, 0.35846540331840515, -0.8129674196243286, 0.43326783180236816, -0.3890538215637207], [0.2647802531719208, 0.6080236434936523, 0.3186722993850708, -0.6132824420928955, 0.596973717212677, -0.5172107815742493], [0.23715701699256897, 0.6117295622825623, 0.4234243929386139, -0.7867512702941895, 0.6074447631835938, 0.10969610512256622]], "Control Inputs 0": [[-0.7941066972317294, -9.909642920018392, 0.00805390319955646, 2.180149345889344, -0.4624064157867118], [-4.821052267428176, -9.655768051082925, 0.004241264473987109, -2.904750207331877, 0.13074729467722568], [4.8826365692976434, -7.875857391869518, 0.6248936002281341, -2.9739978153160376, 0.008046941939320096], [-4.860740651683034, -7.136690191222078, 0.004866666921419729, 0.4549741871572661, 1.3003552541506442], [4.615508647334545, -9.710708794836584, 0.04564204272188022, -2.88061594954729, -0.6967853336205518], [-4.796792910827831, -3.1531678782172277, 0.004770322301294788, -2.854753204979107, 2.5014781038997826], [4.840464534181082, 1.7293219972846607, 0.6688406969318021, -2.8401292582218867, -2.2040140335368767], [4.334442454781836, 0.9023046232614096, 0.19426600896775414, 1.0163418286785184, -0.3536254406556876], [4.736177978558754, -7.279871715993765, 0.6836449652045438, 1.9123406474645028, -0.19603417713853455], [2.509637652289925, -7.6897947850418245, 0.6892695756478828, 2.8603068603523756, 2.7528235100270164], [-4.137967407613466, -6.231880017590656, 0.6978152484941945, 2.7920793738591563, 2.866846295335905], [-4.789328828868322, -1.244470507882994, 0.007814829799959946, 2.9369211012132146, 1.120138071486469], [-3.1117049842992213, 5.788224842272621, 0.004639526064456198, 2.9079765839852625, 2.7845680469612724], [-4.857814515744891, 0.9471261889481024, 0.0007082251218528373, 0.3479696343327756, 2.907718392684285], [4.75281480615752, 0.35597816171207874, 0.0029856744146605973, 2.7128511819121943, 2.47190626759473], [-4.853108012410891, 3.924231613181755, 0.003960574446170929, 0.06337705151139117, 2.854920050410275], [4.82077788988733, -4.01274281832608, 0.004883687660629449, 1.7963378918182205, 1.9107285292489626], [-4.950636150345205, -8.7940491090268, 0.05421573036479763, 1.0256838594490878, 2.069721996662474], [4.871988450977538, -8.204270015354998, 0.0038744685889559854, -0.02575184690022514, -2.9861111643408558], [-4.979262603371741, 9.837202043452201, 0.08673082034455244, -2.9282482738406657, -2.9168119260533407]], "Final Predicted Pose 0": [0.23715701699256897, 0.6117295622825623, 0.4234243929386139, -0.7867512702941895, 0.6074447631835938, 0.10969610512256622], "Predicted Translation Error 0": "9.031977024027093cm", "Predicted Rotation Error 0": "tensor([0.9258], grad_fn=<DivBackward0>)"}