{"num_updates": "1854", "penalty": "tensor(0., dtype=torch.float64, grad_fn=<AddBackward0>)", "Starting Pose": [0.17929470539093018, 0.08738204836845398, -0.19838596880435944, -0.24273079633712769, 0.2604772448539734, -0.901494026184082, 0.24605250358581543], "Starting Soft Arm States": [-39.5, 20.600000381469727, 10.0, 33.735267639160156, 23.41204261779785, 35.387908935546875], "Number of Trajectories": 1, "Final Desired Pose": [-0.22069542109966278, 0.06826265156269073, -0.3431475758552551, -0.38096532225608826, -0.9107316136360168, -0.1594783067703247], "Predicted Trajectory 0": [[0.7742123138634022, 0.3329906416242438, 0.6385356188032704, -0.7610798478126526, 0.31717804074287415, 0.5658228993415833], [0.757374107837677, 0.3107210397720337, 0.5571046471595764, -0.7651026248931885, 0.3653903007507324, 0.5301961898803711], [0.7147334218025208, 0.32113733887672424, 0.515183687210083, -0.6989348530769348, 0.37260788679122925, 0.6104535460472107], [0.6648851037025452, 0.28802424669265747, 0.4708622992038727, -0.7399898171424866, 0.22483022511005402, 0.633929431438446], [0.6155357360839844, 0.3105941712856293, 0.40538179874420166, -0.7909751534461975, 0.24066483974456787, 0.5625287890434265], [0.5616418719291687, 0.2919807732105255, 0.3713605999946594, -0.845879077911377, 0.08132585883140564, 0.5271381139755249], [0.5103321671485901, 0.29732546210289, 0.3638650178909302, -0.8362985849380493, 0.05394075810909271, 0.5456144213676453], [0.4634416997432709, 0.26481893658638, 0.3328593075275421, -0.8940629363059998, -0.11015961319208145, 0.434184730052948], [0.4122159481048584, 0.2683960199356079, 0.3230249881744385, -0.9040687680244446, -0.20776879787445068, 0.3734860122203827], [0.3650907874107361, 0.2800067067146301, 0.3456543982028961, -0.8797500133514404, -0.25994211435317993, 0.39808282256126404], [0.33673393726348877, 0.26618775725364685, 0.32532450556755066, -0.8919227719306946, -0.36146438121795654, 0.27169355750083923], [0.3146858513355255, 0.25952666997909546, 0.3203366994857788, -0.8612818121910095, -0.4757035970687866, 0.17860502004623413], [0.30598944425582886, 0.28299543261528015, 0.33341020345687866, -0.856006383895874, -0.4945456385612488, 0.15059110522270203], [0.3148934245109558, 0.27090686559677124, 0.2855580747127533, -0.841993510723114, -0.5366780161857605, -0.05498700588941574], [0.3083786368370056, 0.27234697341918945, 0.3203708529472351, -0.8206387162208557, -0.561245322227478, 0.10749839246273041], [0.3191234767436981, 0.26842886209487915, 0.31369128823280334, -0.7695173025131226, -0.6151514649391174, 0.1715574711561203], [0.3347950875759125, 0.2560995817184448, 0.3276367783546448, -0.6828858256340027, -0.690460205078125, 0.2386036515235901], [0.32792091369628906, 0.2571139931678772, 0.3131292760372162, -0.6767129898071289, -0.7106096148490906, 0.1925967037677765], [0.3082083761692047, 0.2515522539615631, 0.29930227994918823, -0.6413623690605164, -0.7610155940055847, 0.09751726686954498], [0.29434967041015625, 0.2683628797531128, 0.2919582724571228, -0.6477851867675781, -0.7617811560630798, 0.007991394028067589], [0.2923301160335541, 0.26287779211997986, 0.26944804191589355, -0.5572635531425476, -0.8178415894508362, -0.1435004025697708]], "Control Inputs 0": [[4.98892930078269, 9.81600961371625, 0.005724511002033965, -2.9779347303026227, 2.9788344541747724], [4.992523003442837, -0.8828479271788208, 0.6983744576904479, -2.94806128671459, -2.9921131718605025], [4.977323418361657, 5.015626843004192, 0.26978146585084883, -2.991038078054785, 2.863201996025677], [4.940401791180699, 5.097646326508903, 0.6945268693697424, -2.9404941201447445, -2.8710463394336054], [4.959729423028152, 1.0864786039536938, 0.3751404659096634, 0.7041607202273767, 0.6587446679152724], [4.86607786566975, -0.3117407356457349, 0.009095092812498182, -2.9699285994671385, -0.4541330550931244], [4.794895597247031, -0.7155157111878179, 0.04707000319564537, -2.311537089710223, -0.7972339267205149], [4.78754180575976, 1.5844583822639215, 0.601631810106532, 0.5291751923110275, -0.40449289093160035], [4.902346471872802, -9.42427008252532, 0.32191400336122084, -2.9782906487478913, 2.3378831183937345], [0.9038882895619906, -9.478892454041462, 0.5199135366050198, -1.7918127462331934, -0.4647921297884361], [4.87198308368183, -7.073477990702225, 0.35324273828299596, -0.16046710771087946, -0.749112220604919], [-4.195342084187932, 3.0510121911837853, 0.025412402397027585, -2.0795224997140163, -2.861383383947575], [1.7094287277946707, -8.604098009640287, 0.005978325216023179, 1.3298474439625139, 2.850616858350789], [-1.6716470219334392, -9.445443214716335, 0.20339580234008728, 2.934261354104777, 2.939240794766593], [-1.6298691848683817, -9.829080419783423, 0.32243732937524966, 2.9387668955813107, -0.3495738941168871], [-0.5748365656393988, -1.3780244204283463, 0.004451741503488987, -0.7720601055789778, -2.9417983186376904], [1.9341341408414632, -4.651632524689658, 0.5817613882311077, -2.190473023867395, -2.9503639690911787], [4.38527670880624, -6.167156200886678, 0.11347252678634856, -2.9352962268894625, -2.9426607176292565], [-1.7958039026360009, 1.4917955949012711, 0.5415270410061455, 0.23115829266751708, -2.945322350794531], [2.8428387735271388, 9.665962633420609, 0.15985831101208148, -2.9447764842771855, -2.9387976369521636]], "Final Predicted Pose 0": [0.2923301160335541, 0.26287779211997986, 0.26944804191589355, -0.5572635531425476, -0.8178415894508362, -0.1435004025697708], "Predicted Translation Error 0": "0.48437015317730436cm", "Predicted Rotation Error 0": "tensor([0.9800], grad_fn=<DivBackward0>)"}