{"num_updates": "3630", "penalty": "tensor(0., dtype=torch.float64, grad_fn=<AddBackward0>)", "Starting Pose": [0.1770242154598236, 0.031957510858774185, -0.26028454303741455, -0.5734854340553284, 0.7542643547058105, 0.012305192649364471, 0.31945016980171204], "Starting Soft Arm States": [-43.29999923706055, -60.0, 15.0, 17.4406681060791, 3.3551151752471924, 35.553504943847656], "Number of Trajectories": 1, "Final Desired Pose": [-0.40207168459892273, 0.17059433460235596, -0.23827926814556122, -0.8027567863464355, -0.4352896809577942, 0.4075590968132019], "Predicted Trajectory 0": [[0.7714520597190696, 0.157884927042675, 0.47962846265663334, -0.13813216984272003, -0.8729809522628784, 0.4677860140800476], [0.7536718249320984, 0.1939954161643982, 0.33848077058792114, -0.28752970695495605, -0.9577458500862122, 0.007037675473839045], [0.7023481130599976, 0.23597289621829987, 0.28170472383499146, -0.4093128740787506, -0.9099060893058777, -0.06733373552560806], [0.6639187335968018, 0.292073518037796, 0.25240758061408997, -0.506654679775238, -0.8488242626190186, -0.15099197626113892], [0.6206225156784058, 0.33108583092689514, 0.24748292565345764, -0.5830466151237488, -0.7926118969917297, -0.17839007079601288], [0.576130747795105, 0.3685673773288727, 0.2407837212085724, -0.6347164511680603, -0.7374276518821716, -0.23094454407691956], [0.5204383730888367, 0.3880802094936371, 0.26835212111473083, -0.685393214225769, -0.7142361402511597, -0.1417846530675888], [0.4705026149749756, 0.4259732663631439, 0.2747519612312317, -0.7453442811965942, -0.6533408164978027, -0.13269451260566711], [0.4196357727050781, 0.4429318308830261, 0.3064066767692566, -0.7670917510986328, -0.6406786441802979, -0.03318265452980995], [0.3694494366645813, 0.47220560908317566, 0.34554028511047363, -0.794826865196228, -0.6001667380332947, 0.08972278237342834], [0.32964780926704407, 0.5141134858131409, 0.3569607138633728, -0.8641583323478699, -0.4923972487449646, 0.10380448400974274], [0.2909529209136963, 0.5424321293830872, 0.3894290626049042, -0.898895263671875, -0.40270084142684937, 0.17268303036689758], [0.2522331774234772, 0.5669693350791931, 0.42717209458351135, -0.9218267798423767, -0.2776753306388855, 0.27042898535728455], [0.22016696631908417, 0.5555379390716553, 0.44115757942199707, -0.9346755146980286, -0.23663757741451263, 0.2653002142906189], [0.18574722111225128, 0.5580044984817505, 0.5061265826225281, -0.8660644292831421, -0.2107997089624405, 0.4533166289329529], [0.16400231420993805, 0.5534179210662842, 0.5488816499710083, -0.778528094291687, -0.2360774576663971, 0.5815163850784302], [0.14811737835407257, 0.5611527562141418, 0.5930895209312439, -0.7069340944290161, -0.28191080689430237, 0.6486681699752808], [0.1394379884004593, 0.5827711820602417, 0.5958896279335022, -0.7095522880554199, -0.29825180768966675, 0.6384209990501404], [0.15196046233177185, 0.5994943380355835, 0.5298833847045898, -0.8418245911598206, -0.18111033737659454, 0.5084589123725891], [0.1453353315591812, 0.5786396265029907, 0.5043318271636963, -0.8692449927330017, -0.3168567419052124, 0.37949293851852417], [0.11842605471611023, 0.5829908847808838, 0.5660348534584045, -0.8464193940162659, -0.24833057820796967, 0.4710691571235657]], "Control Inputs 0": [[4.970518283769065, 9.872206448826379, 0.013450268416735408, -2.8348314545038615, 2.9364256558216084], [4.981837314052772, 9.80185311356918, 0.3529785778733748, -0.3058013211955215, 2.9970927943487], [4.996382685423669, 9.651826399421118, 0.004078908487260924, 0.4263742134409405, 2.9747673474651837], [4.958774044391982, 9.63017500104882, 0.15944761890055692, 0.1767397380275737, 2.9808272291509486], [4.969926688508716, 9.841758350278482, 0.0021956977723548423, 2.94801053646019, 2.9425477781905283], [4.975983383533022, 9.846765280856815, 0.0024610579017952357, 0.4666092390763388, 2.9857449585303177], [4.878399387518627, 9.844098494260688, 0.002544725134184414, 1.3371594229314585, 2.924260463905477], [4.932683023585229, 9.853474567831778, 0.14140250574795846, 2.4591000734305357, 2.9784484903981987], [4.904183279737596, 9.585146005381024, 0.0033235150585896513, -2.8640448668335328, 2.913755738950287], [4.866676617324378, 9.82006999599001, 0.09897883508381108, -1.1806681379351316, 2.8938866528209255], [4.966395007932313, 9.805590429608007, 0.016871094780586186, -0.2657550252614551, 2.951139138696325], [4.832381386843602, -1.567141552940404, 0.002114013963531773, -2.271877466050497, 2.8473835621724266], [4.929215154191143, -3.3245825308190637, 0.0024729986080089155, 1.6889848598864372, 2.9473531881761588], [4.83811664049157, -2.997843950729923, 0.0005879221883703736, 2.9193751423828562, 2.9442837209224226], [0.9412333367377546, -9.643412779309832, 0.0018827204563393641, 2.1010814400204794, 2.943922438796065], [4.900326579587716, -9.415903777208142, 0.00025107309295275973, -2.953418252945328, 0.16633394182851768], [-2.5893250275865207, 9.732290158067563, 0.17082266081145392, -2.9643495823447608, -2.9027521212585765], [-3.7684257435015485, -9.64871900810443, 0.001674349304114047, -2.952733448118499, -0.6550026980022285], [4.889794752674636, 9.68483756957459, 0.0016776163691089292, 2.93081842345849, -2.8634418313399745], [4.722750197427672, -9.55960160444177, 0.0007141917197125563, -2.945395770380685, -2.9493896475349417]], "Final Predicted Pose 0": [0.11842605471611023, 0.5829908847808838, 0.5660348534584045, -0.8464193940162659, -0.24833057820796967, 0.4710691571235657], "Predicted Translation Error 0": "4.37188485639375cm", "Predicted Rotation Error 0": "tensor([0.9796], grad_fn=<DivBackward0>)"}