{"num_updates": "88", "penalty": "tensor(0., dtype=torch.float64, grad_fn=<AddBackward0>)", "Starting Pose": [-0.1065516471862793, 0.054163575172424316, -0.29338595271110535, -0.6062766313552856, 0.7370169162750244, -0.11853702366352081, 0.2741966247558594], "Starting Soft Arm States": [2.700000047683716, -15.0, 10.0, 31.132104873657227, 13.58891773223877, 35.40446853637695], "Number of Trajectories": 1, "Final Desired Pose": [-0.27445000410079956, 0.1273813396692276, -0.2526431977748871, -0.7648117542266846, -0.48429951071739197, 0.42487281560897827], "Predicted Trajectory 0": [[0.42670644363959076, 0.2280417372642646, 0.39464991604445615, -0.11448980867862701, -0.8286672830581665, 0.5479074716567993], [0.4001891016960144, 0.24068909883499146, 0.4125078618526459, -0.2679428160190582, -0.8486758470535278, 0.4560219347476959], [0.35580021142959595, 0.2600908577442169, 0.42723390460014343, -0.38524118065834045, -0.8321843147277832, 0.39882126450538635], [0.31917694211006165, 0.2778235673904419, 0.4427216649055481, -0.4949319660663605, -0.7849441766738892, 0.37269970774650574], [0.2890426814556122, 0.285370409488678, 0.44821006059646606, -0.540979266166687, -0.7670040130615234, 0.3450309634208679], [0.25523531436920166, 0.3344579041004181, 0.4597650468349457, -0.6920626163482666, -0.6496244668960571, 0.3147020637989044], [0.23244249820709229, 0.348258376121521, 0.49537330865859985, -0.697656512260437, -0.6163840889930725, 0.36516594886779785], [0.2214798629283905, 0.3854629397392273, 0.5013489723205566, -0.7736590504646301, -0.5204708576202393, 0.36133337020874023], [0.2270476073026657, 0.3772679269313812, 0.48999255895614624, -0.7753705978393555, -0.5076218247413635, 0.37566015124320984], [0.22847744822502136, 0.36609575152397156, 0.4953165650367737, -0.7191733717918396, -0.5360372066497803, 0.44210153818130493], [0.2241164743900299, 0.3723788559436798, 0.4766455888748169, -0.7540190815925598, -0.5335960984230042, 0.38305386900901794], [0.21412375569343567, 0.40874674916267395, 0.4825892746448517, -0.8069344162940979, -0.4358292818069458, 0.39863479137420654], [0.2130572646856308, 0.44268545508384705, 0.5033051371574402, -0.8142313361167908, -0.35122033953666687, 0.46224626898765564], [0.2086898237466812, 0.41675838828086853, 0.47359156608581543, -0.8544421195983887, -0.40227124094963074, 0.32879558205604553], [0.20598623156547546, 0.4502595365047455, 0.5122830271720886, -0.8279114961624146, -0.2777399718761444, 0.487260639667511], [0.22008566558361053, 0.4334743618965149, 0.4908379018306732, -0.7892500758171082, -0.30292847752571106, 0.5341523885726929], [0.2173362672328949, 0.4587240517139435, 0.5119565725326538, -0.7375454902648926, -0.2395121157169342, 0.6313957571983337], [0.21281297504901886, 0.44227710366249084, 0.515537440776825, -0.7197137475013733, -0.30111995339393616, 0.6255709528923035], [0.22802749276161194, 0.5068405866622925, 0.4891030192375183, -0.7970099449157715, -0.11588462442159653, 0.5927445292472839], [0.21653953194618225, 0.43359872698783875, 0.4921821057796478, -0.7420222163200378, -0.3490615785121918, 0.572327733039856], [0.22270262241363525, 0.4572369456291199, 0.49425217509269714, -0.7481021285057068, -0.35228416323661804, 0.562351405620575]], "Control Inputs 0": [[4.239522426537585, 9.659315337014707, 0.07804205364344048, -2.9411153293233996, 1.337937895623793], [4.948858263753037, 3.8937990122761246, 0.5203497356611602, -1.5770904927601757, 2.9743763758175508], [1.9538422543180527, 2.1594077969527135, 0.007511904137584895, -2.855930026348401, 0.9618371210993226], [2.964703222595845, 7.940549321474677, 0.4522893494901934, -2.7962966844615456, 0.7572849044369012], [2.8696573610855314, 9.796475431702788, 0.17334296846641248, 1.6423995717506816, 1.467054404302763], [1.4066703114516805, 9.806727718125085, 0.0072155263200151774, -1.1840633047612708, 1.0976183907469004], [-0.163102962689333, 9.788036369425644, 0.01758033230362711, -0.48363783039161046, -0.3085732017938283], [-2.4502916431861386, -1.9794134088865505, 0.5441192404181528, 1.8936415591035436, 2.9796714840516803], [1.1893580500606884, -1.2575511140188862, 0.3049562634833688, -1.8905473603251068, -0.7964623568724423], [-1.9721225485016123, 9.873663227199408, 0.4512968252675882, -0.7735851489001662, 0.3438733442967399], [3.1781247909641337, 9.933128872701392, 0.3870111325194821, 0.8722922293979178, 2.2940488653142985], [-2.6986854667522513, 3.7797602077229833, 0.011324602620564946, -1.4501176219719298, -1.232116197466043], [2.0154051360981917, 4.084049260863113, 0.05150530663022484, 1.0277654317758147, 1.8365193919697491], [-0.833409912791927, 0.3357191668910886, 0.32985428073712847, 1.4342709615919187, 2.9942329422692664], [-3.7945344316566763, -2.714014169633919, 0.38411870142672966, 2.1705633081873845, 2.936851324861574], [3.971043735154433, 1.984876926129031, 0.00403564020339467, -0.31025140655128514, -1.8178878588585234], [-3.3907529245738663, 9.79181183350697, 0.5141307642961733, -2.0268291671021714, 0.512531645147928], [-0.8878083493500792, -1.3797136634353695, 0.09509925075146554, 0.32034354165346457, -1.7040840784821716], [2.290395549908518, 6.34484889104472, 0.4995801652522277, 0.24434754709386075, -3.0027520861719976], [-4.900402059686021, 5.566951890247557, 0.30603064817468334, -2.578667166218474, -1.7249036764236751]], "Final Predicted Pose 0": [0.22270262241363525, 0.4572369456291199, 0.49425217509269714, -0.7481021285057068, -0.35228416323661804, 0.562351405620575], "Predicted Translation Error 0": "0.20601434641403807cm", "Predicted Rotation Error 0": "tensor([0.9817], grad_fn=<DivBackward0>)"}