{"num_updates": "2097", "penalty": "tensor(35.2245, dtype=torch.float64, grad_fn=<AddBackward0>)", "Starting Pose": [-0.3408721089363098, 0.09913362562656403, -0.2641664743423462, -0.32711130380630493, 0.8136994242668152, 0.4374617338180542, 0.19879302382469177], "Starting Soft Arm States": [34.79999923706055, -39.79999923706055, 10.0, 12.532418251037598, 3.914828062057495, 35.39784622192383], "Number of Trajectories": 1, "Final Desired Pose": [0.10281311720609665, 0.20100164413452148, -0.3148469030857086, -0.7932559847831726, -0.5613484382629395, 0.2358662486076355], "Predicted Trajectory 0": [[0.1418410422184011, 0.37011803006447186, 0.4696626973435145, -0.706959068775177, -0.7062692642211914, 0.03731818124651909], [0.16775180399417877, 0.39709341526031494, 0.3772869110107422, -0.640684187412262, -0.715217649936676, -0.2792622148990631], [0.19914858043193817, 0.3780416250228882, 0.3118787109851837, -0.5279406309127808, -0.7047780156135559, -0.4738846719264984], [0.23567377030849457, 0.3919738531112671, 0.26178768277168274, -0.4433326721191406, -0.656384289264679, -0.610422670841217], [0.2698594927787781, 0.4139590263366699, 0.21671994030475616, -0.3831111490726471, -0.6026747226715088, -0.700006365776062], [0.306458979845047, 0.4439466893672943, 0.1921069473028183, -0.28711971640586853, -0.5910261869430542, -0.7538237571716309], [0.34457024931907654, 0.4181750416755676, 0.20014922320842743, -0.2964753210544586, -0.6637096405029297, -0.6867254972457886], [0.3837568163871765, 0.45086532831192017, 0.18558944761753082, -0.3412320017814636, -0.5983906984329224, -0.7249065041542053], [0.4246729016304016, 0.45378628373146057, 0.19263334572315216, -0.3699456751346588, -0.5991458296775818, -0.7100453972816467], [0.47098657488822937, 0.4568421244621277, 0.20725175738334656, -0.3987485468387604, -0.6136942505836487, -0.6814535856246948], [0.5154070854187012, 0.49104487895965576, 0.21319375932216644, -0.4667467176914215, -0.5239530801773071, -0.7124751210212708], [0.5636903047561646, 0.5056321024894714, 0.23604683578014374, -0.4917539954185486, -0.4850371181964874, -0.7231299877166748], [0.6098867654800415, 0.5253064632415771, 0.280109703540802, -0.5275387763977051, -0.4685772955417633, -0.708617091178894], [0.6374291181564331, 0.554057776927948, 0.3165213465690613, -0.5738691091537476, -0.4245688319206238, -0.7002967596054077], [0.632002592086792, 0.6007886528968811, 0.3246242105960846, -0.63721764087677, -0.3274896740913391, -0.6976418495178223], [0.6239233016967773, 0.5824138522148132, 0.3591506779193878, -0.7053751945495605, -0.4180962145328522, -0.5723996758460999], [0.6408049464225769, 0.5903428196907043, 0.3926139175891876, -0.7678231000900269, -0.4596003293991089, -0.4463353157043457], [0.6312355399131775, 0.6546268463134766, 0.35712653398513794, -0.8263295292854309, -0.24855954945087433, -0.5053690075874329], [0.6161585450172424, 0.6371460556983948, 0.3921009600162506, -0.8927854895591736, -0.3395962715148926, -0.29598718881607056], [0.6120777130126953, 0.608133852481842, 0.3873104453086853, -0.9004484415054321, -0.3733840882778168, -0.22310751676559448], [0.6056199669837952, 0.6635454893112183, 0.4266079068183899, -0.9526941180229187, -0.3018420934677124, 0.035570938140153885]], "Control Inputs 0": [[-4.995582008659671, -9.873442057544613, 0.0036909486825448127, -2.982200488345674, -2.992566971051179], [-4.982305964868635, -9.657881281269352, 0.0008738186214117814, -0.015279763500922972, 0.46099850572632084], [-4.969464083234878, -9.632336733594766, 0.0012123059842036401, -1.2742363882597814, 2.9318119757565], [-4.988559488690263, -9.43968662294732, 0.0039408185808845345, -1.0075105153156627, 2.8686949151666132], [-4.96188661715352, 9.99836321750541, 0.0015641692106956862, 2.7622861990927046, 2.960741731450848], [-4.8823058401566515, 9.84275377576251, 0.0012478445000512685, -0.7981287757181987, 2.991650311623423], [-4.896220088370676, 9.89448371352097, 0.0015954900942120904, -0.4036650953006262, 2.8751064209416954], [-4.947345434323286, 9.438875681293037, 0.0035003414819158567, 2.29166623803743, 2.9836173287406407], [-4.959934561522533, 9.737498557995355, 0.004242615709864052, -1.5045615790930005, 2.879992672274412], [-4.920172512065895, 9.5150835489479, 0.0043392885059330075, -0.045178662678263315, 2.9455718168996636], [-4.738876864208069, 9.821531542868353, 0.0006850496958841434, 2.8821909189526833, 2.986932539381315], [-4.697289137502476, 9.44826248400108, 0.01406354272214155, 2.919457789891876, 2.923128327341198], [-0.015634127624807093, 9.850504981148298, 0.004158338168181977, 0.2710942130321796, 2.9604426900076453], [3.932607337851211, 9.99569404665663, 0.010327798069328807, 2.7330633279166276, 2.9612035287034493], [-4.734620729166081, -9.978333909618847, 0.6982543315801234, 2.986214794731116, 2.950037764768548], [1.1188723373477352, 9.830322282412308, 0.010272424174918797, -2.8524484664889567, -2.9612633070198875], [4.9157199836806065, 9.800757549473587, 0.003543099378716944, 2.852420284415964, 2.939633197234527], [-4.830823615630513, -7.182485724118889, 0.5697318491977177, 2.5883722265422113, -2.9808267956427072], [4.911566889534361, 9.802507590923348, 0.0002858752538215316, 2.9771203487061806, 2.900718819764914], [-4.910678353004964, 9.82771629425892, 0.6922601473485136, 2.8434990046004014, -2.975921144398781]], "Final Predicted Pose 0": [0.6056199669837952, 0.6635454893112183, 0.4266079068183899, -0.9526941180229187, -0.3018420934677124, 0.035570938140153885], "Predicted Translation Error 0": "7.14082319710118cm", "Predicted Rotation Error 0": "tensor([0.9336], grad_fn=<DivBackward0>)"}