{"num_updates": "77", "penalty": "tensor(1558.8259, dtype=torch.float64, grad_fn=<AddBackward0>)", "Starting Pose": [0.1885271668434143, 0.2343386858701706, -0.21449199318885803, -0.3059803545475006, -0.5499453544616699, -0.5906779766082764, -0.5050105452537537], "Starting Soft Arm States": [-41.70000076293945, -48.29999923706055, 10.0, 22.3919734954834, 35.18257141113281, 2.8583285808563232], "Number of Trajectories": 1, "Final Desired Pose": [-0.3853628933429718, 0.13813282549381256, -0.22876939177513123, -0.9404827952384949, -0.33133572340011597, 0.0755564346909523], "Predicted Trajectory 0": [[0.7854362966864354, 0.7972786299136986, 0.5971879373181884, -0.30268073081970215, -0.26005226373672485, 0.9169281125068665], [0.7856325507164001, 0.8133527040481567, 0.5202974677085876, -0.3893927037715912, -0.003613753942772746, 0.9210647344589233], [0.7479949593544006, 0.7876328229904175, 0.4551575481891632, -0.5017668604850769, 0.198043093085289, 0.8420267105102539], [0.6980039477348328, 0.7390121221542358, 0.3952001929283142, -0.6004530191421509, 0.2779906094074249, 0.7497849464416504], [0.6416593790054321, 0.7099323868751526, 0.336306631565094, -0.710462749004364, 0.307848185300827, 0.6328287124633789], [0.5770437717437744, 0.6962701082229614, 0.3113693296909332, -0.7140489220619202, 0.3464265763759613, 0.6083770394325256], [0.5151768326759338, 0.6777656674385071, 0.3170190155506134, -0.6867650151252747, 0.3418726921081543, 0.6414647102355957], [0.4629765450954437, 0.6696156859397888, 0.3117600679397583, -0.6913316249847412, 0.3180686831474304, 0.648762583732605], [0.40377724170684814, 0.6302778124809265, 0.343348890542984, -0.5880345702171326, 0.2798572778701782, 0.7588776350021362], [0.34241050481796265, 0.6038486957550049, 0.3715793192386627, -0.5430508852005005, 0.34767431020736694, 0.7643417119979858], [0.29883477091789246, 0.6039443612098694, 0.36973196268081665, -0.5890655517578125, 0.3901998996734619, 0.7076340317726135], [0.2679210305213928, 0.6001789569854736, 0.4335654079914093, -0.4973078966140747, 0.34887734055519104, 0.7943357825279236], [0.23169618844985962, 0.6032712459564209, 0.4604295790195465, -0.5371701717376709, 0.31773069500923157, 0.7813420295715332], [0.19993233680725098, 0.5411364436149597, 0.4881241023540497, -0.5512715578079224, 0.10838016867637634, 0.8272565007209778], [0.16322201490402222, 0.5339182019233704, 0.519369900226593, -0.5770140290260315, 0.03189003840088844, 0.8161114454269409], [0.13738209009170532, 0.4848610460758209, 0.5501295328140259, -0.6110051274299622, -0.1274336874485016, 0.7813023924827576], [0.11365585774183273, 0.5081154108047485, 0.5340691208839417, -0.7854947447776794, -0.07987859100103378, 0.6136915683746338], [0.10464909672737122, 0.49472299218177795, 0.5562177300453186, -0.7888443470001221, -0.22177764773368835, 0.5731834173202515], [0.1172882691025734, 0.5011054873466492, 0.528508722782135, -0.825320303440094, -0.22415854036808014, 0.5182657837867737], [0.1113579198718071, 0.4510992467403412, 0.47002890706062317, -0.8908805847167969, -0.3807865083217621, 0.24765583872795105], [0.0872725248336792, 0.4734788239002228, 0.565190315246582, -0.8586221933364868, -0.31645041704177856, 0.4032706022262573]], "Control Inputs 0": [[4.974405994960819, -7.118477183211815, 0.6999177480076066, -2.995554994814358, -2.9679125916548332], [4.992788386397329, -8.845160184205147, 0.6985686072320129, -0.3046238625280657, -2.9978916612156037], [4.974617108592032, -9.875381945112135, 0.26679256605154483, -0.6806478461173149, -2.979554448469791], [4.952453755511755, -2.787603531808947, 0.5749966664755475, 0.417829319683769, -2.970741055113883], [4.9702695990678905, 0.6988289251896589, 0.35672551773421196, 2.814742680401646, -2.964225767359172], [4.968389852837424, 1.5988735738242035, 0.0028902346458200955, -0.2697829285365141, -2.9705135490966588], [4.919506312620081, 3.6247682874180747, 0.2293587580426655, 2.8239290762526332, -2.9772539451267597], [4.929921848126137, -8.847069747059196, 0.6922934181849152, 2.790958802438168, 2.7356576011539753], [4.86158186096433, -8.687177293450745, 0.3543807597185586, -2.858078112478044, 2.8876032054629093], [4.941162754438972, 1.9915945579882912, 0.5881288244339069, 0.39064794931489466, -2.918173558369327], [4.9026494258972555, 5.465896533534561, 0.3936875778849917, -2.9396242640568526, -2.932219295294165], [4.793325365069107, -1.5995232803925994, 0.002756100157562947, -2.9769098793884785, -2.7933434966809916], [4.744047030434071, 1.8155723371280637, 0.005622652372963138, -2.9892734371787446, -2.890594944171795], [4.837472565006511, -0.9476447616204009, 0.24497991730364074, -2.052592739131799, -2.553460593205438], [-0.4234182954824677, -4.783786880925734, 0.2635954936382981, -2.930991193949589, 2.966390967709823], [4.898092591840468, 0.9192161273528896, 0.016042917152224327, -2.993611881453073, -2.424696602878473], [-3.3823885905778637, 8.395814021320096, 0.3345724698761883, 2.824895801661161, -2.9287031829512635], [-4.98998989978655, -9.09387193538632, 0.0065628506556472685, -2.9668792675199533, 2.9479530595879426], [4.79249343423424, 9.826204678074795, 0.24391224111639967, 2.920100365329964, -2.9352782829070145], [4.6874649990717145, -9.802267207544999, 0.004059714929412929, -2.933263111584392, -2.9455396063256827]], "Final Predicted Pose 0": [0.0872725248336792, 0.4734788239002228, 0.565190315246582, -0.8586221933364868, -0.31645041704177856, 0.4032706022262573], "Predicted Translation Error 0": "0.6551800146334894cm", "Predicted Rotation Error 0": "tensor([0.9428], grad_fn=<DivBackward0>)"}