{"num_updates": "4329", "penalty": "tensor(0., dtype=torch.float64, grad_fn=<AddBackward0>)", "Starting Pose": [-0.457545667886734, 0.19376927614212036, -0.1680220067501068, -0.3022046387195587, -0.9201934337615967, 0.21969956159591675, -0.11682706326246262], "Starting Soft Arm States": [43.400001525878906, -89.80000305175781, 15.600000381469727, 16.21857452392578, 35.122955322265625, 1.3977763652801514], "Number of Trajectories": 1, "Final Desired Pose": [-0.318766713142395, -0.01801629550755024, -0.23885303735733032, -0.6876959800720215, -0.46760326623916626, -0.555357038974762], "Predicted Trajectory 0": [[-7.2461879216376315e-09, 0.6691055174300446, 0.7164865396309266, -0.7900475859642029, 0.6075071096420288, 0.08221853524446487], [0.03241412341594696, 0.6888673901557922, 0.7001999020576477, -0.7491434812545776, 0.641936182975769, 0.1634073555469513], [0.03968717157840729, 0.6813663244247437, 0.6527948975563049, -0.7571319341659546, 0.6264883279800415, 0.18510429561138153], [0.05785854533314705, 0.6913465261459351, 0.6033557653427124, -0.7371238470077515, 0.6405494809150696, 0.2152782827615738], [0.06439340114593506, 0.6791213750839233, 0.555601954460144, -0.7510027885437012, 0.6157997846603394, 0.23829694092273712], [0.06913839280605316, 0.6633705496788025, 0.5513624548912048, -0.7730019688606262, 0.557748019695282, 0.3022996783256531], [0.07252374291419983, 0.6497499942779541, 0.5648456811904907, -0.7717208862304688, 0.5147305130958557, 0.3734961748123169], [0.07611186802387238, 0.6514753103256226, 0.5396323204040527, -0.7813698649406433, 0.5006580352783203, 0.3725622892379761], [0.08426431566476822, 0.6317769885063171, 0.5227125883102417, -0.8109802603721619, 0.4372674524784088, 0.38872623443603516], [0.0877067893743515, 0.5365762710571289, 0.5485503673553467, -0.8316899538040161, 0.21352048218250275, 0.5125435590744019], [0.08742254227399826, 0.5002825260162354, 0.5602908730506897, -0.8139941096305847, 0.10929397493600845, 0.5704984664916992], [0.08586937934160233, 0.47701236605644226, 0.5836790204048157, -0.795685350894928, -0.01336497813463211, 0.6055628061294556], [0.08451876044273376, 0.4688011705875397, 0.6217575669288635, -0.7333356738090515, -0.07763752341270447, 0.6754193305969238], [0.09532933682203293, 0.3885345160961151, 0.6013259887695312, -0.7202314138412476, -0.34626561403274536, 0.6011378765106201], [0.10168102383613586, 0.38555294275283813, 0.6292534470558167, -0.654448926448822, -0.38828057050704956, 0.6487948894500732], [0.12608642876148224, 0.3057449758052826, 0.607539713382721, -0.5634967684745789, -0.5993813872337341, 0.5685184597969055], [0.1480124443769455, 0.25364914536476135, 0.593370258808136, -0.4667718708515167, -0.7574548721313477, 0.45649319887161255], [0.16348476707935333, 0.23129045963287354, 0.5984413027763367, -0.35819894075393677, -0.8704277276992798, 0.3377115726470947], [0.17537304759025574, 0.21132157742977142, 0.5784628391265869, -0.31429585814476013, -0.948015034198761, 0.04985566437244415], [0.19242191314697266, 0.13818806409835815, 0.5638100504875183, -0.1284298151731491, -0.9354439973831177, -0.329318106174469], [0.17943024635314941, 0.16111835837364197, 0.5340330600738525, -0.30060461163520813, -0.7357327938079834, -0.6069052815437317]], "Control Inputs 0": [[-1.8551661931755246, 0.24350223477517474, 0.0023466825442567604, -2.852017351053314, -2.9935928412622954], [-4.161012935380108, 0.1271900453142063, 0.0030516972102748157, -1.795300667893589, -2.982140607261399], [-3.9513223829871844, 0.03956756806707595, 0.00019376255229403396, -2.606359090679861, -2.9825620355400195], [-1.4919472779543677, 0.10346911563619621, 0.002421267629849071, -1.4081643510462072, -2.9808673504556538], [0.14004040802921658, 1.6800466476359102, 0.0021045304951078482, 2.166995154042584, -2.9917256522065783], [-0.2860790383359548, 4.726103466564828, 0.0012656523717117791, -1.7416434721246108, -2.985142180415044], [-1.5983419880578817, 6.089911483638346, 0.005517376142469379, -0.32508967556234625, -2.976953084417899], [-1.8126235164719606, -5.845776824705845, 0.0008999370182216921, 2.9617743878540015, -2.989753443176321], [0.3893793229147242, -5.34280382527006, 0.00487501728484293, 0.896332994424061, -2.9739217798244155], [-0.3532435877375306, 0.16519622478272566, 0.0029167476701208927, 1.2212686528709904, -2.9791168424202126], [2.183309651390947, 4.907850278052949, 0.05265819231352033, 2.606270957856954, -2.9884619322334363], [-2.222012505746558, -2.8601825669208463, 0.05872163505758935, 0.18646495270359598, -2.968330039067202], [-0.006037999263631022, 3.2850897720997683, 0.0996555789433327, 2.9416144779375193, -2.9950517773932366], [-1.7321665610644033, -1.0167129846958272, 0.035435275823521975, 2.9245744220411574, -2.98173050817322], [-3.560979987993065, -3.191378507351031, 0.0025450435138315913, 2.87397339519877, -2.991604816358012], [1.1380007828877714, 0.18880151820690294, 0.0010046039190522375, 2.967274919471585, -2.996167785440869], [-0.04230422000192213, 7.176860082256692, 0.0009960171383320553, 2.8664789477034187, -2.9449145111169273], [1.4341580218751053, -6.10062392854286, 0.003420903637414107, 2.9498284238771895, -2.9589632326434896], [4.584559031178932, 1.0415545154027779, 0.09426431367828669, 1.206300509202899, -2.920363160563353], [0.3386452584102191, -0.26583075862141925, 0.00030520432710909426, -2.9367955323094384, -2.8728164653567867]], "Final Predicted Pose 0": [0.17943024635314941, 0.16111835837364197, 0.5340330600738525, -0.30060461163520813, -0.7357327938079834, -0.6069052815437317], "Predicted Translation Error 0": "5.17539091842616cm", "Predicted Rotation Error 0": "tensor([0.8878], grad_fn=<DivBackward0>)"}