{"num_updates": "1002", "penalty": "tensor(0., dtype=torch.float64, grad_fn=<AddBackward0>)", "Starting Pose": [-0.2828800082206726, 0.1541762351989746, -0.17404966056346893, -0.7230448722839355, -0.35494464635849, -0.5906647443771362, -0.04832875356078148], "Starting Soft Arm States": [29.399999618530273, 4.199999809265137, 10.0, 34.175750732421875, 35.17926025390625, 29.63180923461914], "Number of Trajectories": 1, "Final Desired Pose": [-0.3853628933429718, 0.13813282549381256, -0.22876939177513123, -0.9404827952384949, -0.33133572340011597, 0.0755564346909523], "Predicted Trajectory 0": [[0.21234253801709613, 0.544017099225454, 0.7010122361015523, 0.05025900900363922, 0.4561895728111267, 0.8884621858596802], [0.2254689335823059, 0.5346434712409973, 0.6758718490600586, -0.01005352009087801, 0.3118741810321808, 0.9500702023506165], [0.2334761619567871, 0.519324004650116, 0.6690738201141357, 0.026423202827572823, 0.11371870338916779, 0.9931615591049194], [0.23159806430339813, 0.4954162538051605, 0.6758638024330139, -0.005631316918879747, -0.12134343385696411, 0.9925945997238159], [0.2361949235200882, 0.4909200370311737, 0.6498062610626221, -0.059323277324438095, -0.27282464504241943, 0.9602329730987549], [0.23520053923130035, 0.46559280157089233, 0.6564180254936218, -0.0417921245098114, -0.4256533086299896, 0.9039207100868225], [0.22486262023448944, 0.4664230942726135, 0.6440368294715881, -0.09902851283550262, -0.5303932428359985, 0.8419479131698608], [0.21467538177967072, 0.5019523501396179, 0.6293725371360779, -0.25767526030540466, -0.49080514907836914, 0.8322942852973938], [0.19269980490207672, 0.4832669198513031, 0.6085119843482971, -0.44514477252960205, -0.6055095195770264, 0.6597002744674683], [0.18575608730316162, 0.48343852162361145, 0.6110765933990479, -0.5192328691482544, -0.6468726992607117, 0.558527410030365], [0.17444106936454773, 0.4749242663383484, 0.609288215637207, -0.5750029683113098, -0.6692549586296082, 0.47060534358024597], [0.1642138659954071, 0.47377142310142517, 0.5997086763381958, -0.6446032524108887, -0.6631947755813599, 0.380341112613678], [0.15849271416664124, 0.482340544462204, 0.589317798614502, -0.7204139232635498, -0.6333266496658325, 0.282667875289917], [0.15308117866516113, 0.48911455273628235, 0.5956630706787109, -0.7424361109733582, -0.5978531241416931, 0.3022586703300476], [0.1445969194173813, 0.4848923087120056, 0.5936548709869385, -0.7554894089698792, -0.5808947086334229, 0.30298030376434326], [0.1340741515159607, 0.4855501353740692, 0.5817592144012451, -0.817783534526825, -0.5112997889518738, 0.2642016112804413], [0.12380264699459076, 0.4862499535083771, 0.5851399302482605, -0.8476139307022095, -0.4559014141559601, 0.271485835313797], [0.11363973468542099, 0.49454593658447266, 0.5725654363632202, -0.9152653813362122, -0.34552061557769775, 0.20713448524475098], [0.10909750312566757, 0.47685158252716064, 0.5740053057670593, -0.9289624691009521, -0.3199620544910431, 0.18615342676639557], [0.10424556583166122, 0.47901853919029236, 0.5677099227905273, -0.9536169171333313, -0.2600495517253876, 0.15162107348442078], [0.09949804842472076, 0.48580461740493774, 0.5627807378768921, -0.9745334386825562, -0.20672854781150818, 0.08687803894281387]], "Control Inputs 0": [[-4.8533791912992905, 0.39982099168334173, 0.6589070534015837, 0.25396113396549325, -2.9487758312143515], [1.5182665274632283, 4.45468968117676, 0.6934482004312782, -0.6501444752235761, -2.946507081183207], [-0.44198675317021774, 6.9785915919864046, 0.008946830431487052, -2.223758234780622, -1.7704010792521203], [-2.0753878270237904, 8.192302559458497, 0.002143138354025881, 1.601299072849839, -1.453609684214028], [1.5635724669075488, 0.09702448070608582, 0.012359028870170936, -1.9930620246103774, -2.07732312297556], [-1.6850014500231678, 9.749332796055139, 0.004069351873153955, -2.955379487726117, 1.7487271198547187], [2.1309129179490878, 9.811959960579443, 0.014196287768964094, -2.9536052105105424, -2.934790613516992], [0.391311549369898, 9.805382999626904, 0.004816014842084782, -0.2875512485220906, -1.6245665978810313], [0.8874488591720722, 2.4005356129735187, 0.06643636249513966, -1.4978878821850525, -0.7693069972056157], [0.2828760741646539, 1.0428813520060363, 0.09491169477075785, -2.3203553731982574, -0.4496790903442722], [0.8494609292436293, 1.3938659934207482, 0.19845109147002393, -2.1176780102658777, 0.11103059091007061], [0.06595860719135516, 5.251009802249525, 0.008295772462270033, 0.5126396082229654, 0.2495576047179653], [0.2561451524361722, 9.725936124738393, 0.5093249257300604, 1.4464809682598823, -0.5678596605994151], [1.4245320752044357, 3.3569666448043733, 0.4824601464518513, -2.9432407075132674, 0.27453006916093337], [0.4902230565229404, 3.374860460990268, 0.38514424570053746, -0.9595114538816838, 0.7984521084726524], [1.9317355560258118, 4.938967159470952, 0.3979854092329819, -2.942358519146906, 0.1840228155220882], [0.3661526489179101, -3.263259552497784, 0.20659218509403676, -1.5593020475694808, 2.6211808881041483], [0.44427542705832135, -2.9818593248585996, 0.1643598635367321, -1.3701912195753958, 0.9666128415636788], [-0.48407380610472117, 2.070735056410463, 0.1349988728814358, -0.45608544068571044, -0.534086578181423], [1.4474516206134673, 3.604440149270049, 0.015712151067327172, -2.192905400880673, -2.9048707748865135]], "Final Predicted Pose 0": [0.09949804842472076, 0.48580461740493774, 0.5627807378768921, -0.9745334386825562, -0.20672854781150818, 0.08687803894281387], "Predicted Translation Error 0": "0.9988614026027292cm", "Predicted Rotation Error 0": "tensor([0.9916], grad_fn=<DivBackward0>)"}