{"num_updates": "3528", "penalty": "tensor(0., dtype=torch.float64, grad_fn=<AddBackward0>)", "Starting Pose": [-0.022666417062282562, 0.06540343910455704, -0.3226754069328308, -0.5867854952812195, 0.7238050699234009, 0.10271622240543365, 0.3481929302215576], "Starting Soft Arm States": [-6.0, -26.100000381469727, 10.0, 29.737791061401367, 3.5968844890594482, 35.40115737915039], "Number of Trajectories": 1, "Final Desired Pose": [0.016427630558609962, 0.08268315345048904, -0.30307793617248535, -0.7933352589607239, 0.25004690885543823, 0.5550637245178223], "Predicted Trajectory 0": [[0.5286864396421297, 0.26355244234307496, 0.319457491450999, -0.06888887286186218, -0.9209668040275574, 0.38350287079811096], [0.528205156326294, 0.24855422973632812, 0.33511602878570557, -0.12513242661952972, -0.9776620268821716, 0.1688753366470337], [0.5467038154602051, 0.2635819613933563, 0.35067519545555115, -0.18870116770267487, -0.9801874160766602, -0.06020345166325569], [0.5658508539199829, 0.23672837018966675, 0.3667852580547333, -0.11406014114618301, -0.9706465005874634, -0.2117442488670349], [0.5641965866088867, 0.265630841255188, 0.3619694113731384, -0.24202656745910645, -0.8811772465705872, -0.4061403274536133], [0.590243935585022, 0.25780224800109863, 0.362077921628952, -0.26502537727355957, -0.8142347931861877, -0.5165106654167175], [0.5996898412704468, 0.26496079564094543, 0.3630424737930298, -0.3108048737049103, -0.7402275800704956, -0.5962076783180237], [0.5822314620018005, 0.2780056893825531, 0.3522997498512268, -0.408802330493927, -0.6543697118759155, -0.6361454129219055], [0.5871801376342773, 0.29170501232147217, 0.354295939207077, -0.4886474013328552, -0.5858029127120972, -0.6465744972229004], [0.5933693051338196, 0.2602384090423584, 0.35267120599746704, -0.46802008152008057, -0.6372206211090088, -0.6122966408729553], [0.595552384853363, 0.2926722764968872, 0.35995590686798096, -0.5798291563987732, -0.5728679895401001, -0.5793275237083435], [0.5926780104637146, 0.2788805365562439, 0.3486126661300659, -0.5809203386306763, -0.5940790772438049, -0.5564184784889221], [0.5913714170455933, 0.33774495124816895, 0.36240705847740173, -0.7253726720809937, -0.47465312480926514, -0.49853676557540894], [0.5876264572143555, 0.2876005470752716, 0.3485966622829437, -0.6849384903907776, -0.578201413154602, -0.4433310329914093], [0.5856522917747498, 0.3625868260860443, 0.3689115047454834, -0.8370668292045593, -0.4296925663948059, -0.3386494219303131], [0.5852639675140381, 0.2846463918685913, 0.35888203978538513, -0.758847713470459, -0.6040566563606262, -0.24344536662101746], [0.5795245170593262, 0.3567346930503845, 0.38315823674201965, -0.8814812302589417, -0.46168383955955505, -0.09919068962335587], [0.5732873678207397, 0.30020707845687866, 0.3715517222881317, -0.814747154712677, -0.5793619155883789, -0.0229527298361063], [0.5682849884033203, 0.41121596097946167, 0.40125882625579834, -0.932938277721405, -0.3095441460609436, 0.183871328830719], [0.5592935085296631, 0.3446490168571472, 0.37645673751831055, -0.8793846964836121, -0.42717304825782776, 0.2102518379688263], [0.5519979596138, 0.42946958541870117, 0.4110546410083771, -0.8674256205558777, -0.1951039880514145, 0.457719624042511]], "Control Inputs 0": [[0.01570103927255584, 9.658137516202473, 0.003897398454417318, 0.7841059061486879, -0.4679188298542689], [-4.877713615493785, 7.078177056936763, 0.0029003669556378073, 1.1812740563527386, 0.5948846538833616], [1.3686829778894278, 5.456748156092152, 0.003793179897438644, 0.08839777985876207, -1.2293314634524855], [-3.192262576501319, 9.46154396342327, 0.0027382855917662654, -0.32413708252007867, -1.6014709225434751], [-4.936760824343292, 9.610769568678801, 0.005932167677676693, 0.869606722026929, -0.24027496203639176], [0.4853453774560048, 9.937724519696506, 0.0011209852316395451, 0.39135134759511914, 0.0686843909451369], [2.191731534724271, 9.869939024550192, 0.005073534015537458, -0.17913828912074203, 0.8542455153446737], [-2.8987930108401754, -0.8060100207595191, 0.006624353766444479, 0.5231898668634827, 2.8274064491102333], [0.9312793886626567, 0.13144593630578782, 0.008616187779930031, -0.3503105826166273, 1.9594007434759098], [-4.869953111583246, 8.639295094712715, 0.00732320460249318, 0.619428061067163, 2.888731049566281], [4.763655550756951, 9.677004107472158, 0.0035221310584254524, -0.2619339196496564, 2.629821611910378], [-4.879357638669484, 3.804071239933439, 0.005670084736071245, 0.6266770705054268, 2.956447482018252], [4.999055002320469, 6.872376712525071, 0.0005804433688223686, -0.46262264398027764, 2.9492633332798714], [-4.868754732361149, 0.5090805617868313, 0.0059842748336350485, -0.5384825027079256, 2.988307199986852], [4.948967398765783, 0.782759387198432, 0.0015309039255289047, 0.7211442466586946, 2.9699140049994224], [-4.887047743414953, 1.3841382425828463, 0.002747082992868426, -2.301301723445791, 2.8268126586847355], [4.932303138322283, 9.619644949192057, 0.004213411316279115, -2.96697727726888, 2.970465586225999], [-4.894409939938211, -3.656108094178988, 0.6671234452815986, -1.5670828990950045, 2.913890951468865], [4.93408925506094, 2.6500738802395922, 0.00112272260488345, 2.925528982881259, 2.9458923206474026], [-4.903757952009737, 2.01493758362027, 0.6925556141104775, -2.8835362509779925, 2.893537532667138]], "Final Predicted Pose 0": [0.5519979596138, 0.42946958541870117, 0.4110546410083771, -0.8674256205558777, -0.1951039880514145, 0.457719624042511], "Predicted Translation Error 0": "4.355454808600155cm", "Predicted Rotation Error 0": "tensor([0.8934], grad_fn=<DivBackward0>)"}