{"num_updates": "1427", "penalty": "tensor(0., dtype=torch.float64, grad_fn=<AddBackward0>)", "Starting Pose": [-0.26969295740127563, 0.19635967910289764, -0.26395025849342346, -0.5572501420974731, -0.6159751415252686, 0.5047194957733154, -0.23517033457756042], "Starting Soft Arm States": [28.600000381469727, 71.4000015258789, 10.0, 28.585247039794922, 34.963985443115234, 11.883283615112305], "Number of Trajectories": 1, "Final Desired Pose": [0.008752481080591679, 0.0956374853849411, -0.31997963786125183, -0.5412841439247131, -0.6375139355659485, 0.5482586026191711], "Predicted Trajectory 0": [[0.22837414915840806, 0.6772895164651633, 0.4702177706403045, -0.26833435893058777, 0.9238946437835693, -0.27279186248779297], [0.23579815030097961, 0.6879191994667053, 0.4669009745121002, -0.23546350002288818, 0.9651563763618469, -0.11414897441864014], [0.26392123103141785, 0.658611536026001, 0.45825785398483276, -0.17196393013000488, 0.9813348054885864, 0.08608358353376389], [0.291831910610199, 0.6248718500137329, 0.4563561975955963, -0.1598617434501648, 0.9284049272537231, 0.33542266488075256], [0.3205346167087555, 0.5731796026229858, 0.43402886390686035, -0.23855099081993103, 0.8261121511459351, 0.5105215311050415], [0.35313379764556885, 0.5244839787483215, 0.40747132897377014, -0.3813105821609497, 0.67658531665802, 0.6299480199813843], [0.39120686054229736, 0.4752221405506134, 0.3783150315284729, -0.5337948203086853, 0.49135929346084595, 0.68820720911026], [0.43324390053749084, 0.43074822425842285, 0.3526356518268585, -0.6615517139434814, 0.29745176434516907, 0.6883834600448608], [0.47667041420936584, 0.38837730884552, 0.3330744802951813, -0.7546869516372681, 0.10542090237140656, 0.6475600600242615], [0.5159738659858704, 0.35414937138557434, 0.32680386304855347, -0.7984245419502258, -0.07123537361621857, 0.5978659987449646], [0.5420963168144226, 0.35042065382003784, 0.3249235451221466, -0.8275634050369263, -0.20016206800937653, 0.5244750380516052], [0.5637696981430054, 0.3585274815559387, 0.32398250699043274, -0.8659735918045044, -0.19002746045589447, 0.4625788629055023], [0.5735856294631958, 0.3469034433364868, 0.321018248796463, -0.8659157752990723, -0.2582113444805145, 0.42838847637176514], [0.5617787837982178, 0.3559657633304596, 0.32048919796943665, -0.8725876212120056, -0.2507873475551605, 0.419161856174469], [0.5640486478805542, 0.3545374870300293, 0.3212820291519165, -0.8625450730323792, -0.29309284687042236, 0.412447065114975], [0.5600465536117554, 0.3587121367454529, 0.32091018557548523, -0.8618431687355042, -0.3059190511703491, 0.40452420711517334], [0.5555233359336853, 0.35633277893066406, 0.3188275694847107, -0.8558962345123291, -0.3232361376285553, 0.40368300676345825], [0.5526502132415771, 0.36141151189804077, 0.33070746064186096, -0.8335860371589661, -0.3160889744758606, 0.4530145227909088], [0.5535570979118347, 0.35384154319763184, 0.3405734598636627, -0.7800542116165161, -0.40015366673469543, 0.4810325801372528], [0.5588191747665405, 0.36899179220199585, 0.34418946504592896, -0.7584340572357178, -0.46166500449180603, 0.4600469470024109], [0.5612940788269043, 0.3537682592868805, 0.3381304442882538, -0.6846215128898621, -0.5998966097831726, 0.4140259623527527]], "Control Inputs 0": [[-4.953193731978009, -6.128500610600885, 0.002483254024623535, 2.9915786538446074, -2.9257358907988875], [-4.944986810701466, -9.807161724335979, 0.0028001890445608496, 2.8709512155074908, -2.954059652176603], [-4.939501327327505, -9.813828839842083, 0.0014501045590385325, -0.49798915888416406, -2.876419047312573], [-4.92630775038105, -9.825614070333597, 0.004137769863344632, -2.161437630157665, -2.9848559730387136], [-4.924136455629512, -9.807627566325687, 0.0034318209571516283, -2.914124019155529, -2.9538056592163584], [-4.90945345412386, -9.805069170090555, 0.001789903156161921, -2.938372862031591, -2.9020807423665236], [-4.993883111058672, -9.761976932658671, 0.013236046916039494, -2.939227909322717, -2.9440495019961377], [-4.9808827928658435, -9.68216739058876, 0.011794315461268436, -1.9843080970560438, -2.9588074856179163], [-4.75560528992631, -9.78739857955961, 0.42957966298420613, -1.7221496617748673, -2.9650905780654275], [-2.845451036987375, -4.553897835863791, 0.4671251749004768, -0.3765966049711267, -0.4959534285969238], [-4.897978082716191, -9.809231050744977, 0.5981288424467959, -0.9712889028076379, 0.26158150312923434], [2.607645068299126, -3.1765633574076464, 0.01106644146312627, 0.2633672076110165, -0.29066612800414093], [-2.2993489750656275, -4.808136657241856, 0.5202865377910103, -0.23503716440383293, -0.6319480693220978], [-0.05584680162455413, -3.6560645815680095, 0.4431357733214877, 0.0831530619595715, -0.4343746786846614], [-0.4572844404896328, -4.120393017886536, 0.45056490866428495, -0.20676277178364355, 0.031433342077070936], [0.3783936613311534, -4.878332631823735, 0.404930821724427, 0.8657913409179194, 0.5587675301049524], [-1.3858209326362947, -3.94841985409995, 0.4976288056187508, 0.6737893706792142, -0.8792616026896884], [0.43214116419306414, 3.0080729929692804, 0.5151713556819216, -0.2108096374741919, -2.626107744202336], [-1.9781112577802729, 5.421051125321304, 0.5517241343879212, -0.21595471324670834, -2.9412881753084648], [1.3091477411548418, 9.808843742357595, 0.3729067639396371, -1.826908420598865, -2.965494122487553]], "Final Predicted Pose 0": [0.5612940788269043, 0.3537682592868805, 0.3381304442882538, -0.6846215128898621, -0.5998966097831726, 0.4140259623527527], "Predicted Translation Error 0": "0.6701309880175759cm", "Predicted Rotation Error 0": "tensor([0.9800], grad_fn=<DivBackward0>)"}