{"num_updates": "223", "penalty": "tensor(0., dtype=torch.float64, grad_fn=<AddBackward0>)", "Starting Pose": [-0.19970695674419403, 0.0974322259426117, -0.24843467772006989, -0.5645666122436523, 0.4751583933830261, -0.6385074257850647, 0.21862617135047913], "Starting Soft Arm States": [12.600000381469727, -59.70000076293945, 10.0, 27.94273567199707, 26.462312698364258, 35.39122009277344], "Number of Trajectories": 1, "Final Desired Pose": [0.1179916113615036, 0.06018345057964325, -0.3645464777946472, 0.01827295310795307, -0.8731886148452759, -0.4870397746562958], "Predicted Trajectory 0": [[0.3134567323103278, 0.36474270677205295, 0.5100496544470952, -0.266934335231781, -0.25732824206352234, 0.9287239909172058], [0.32102808356285095, 0.32312509417533875, 0.47886228561401367, -0.29780399799346924, -0.4609874188899994, 0.8359445333480835], [0.3535439968109131, 0.30685293674468994, 0.43896812200546265, -0.3474881052970886, -0.6045719981193542, 0.7167599201202393], [0.39661017060279846, 0.2688845694065094, 0.3909010589122772, -0.3745731711387634, -0.7395854592323303, 0.5592032074928284], [0.4432629644870758, 0.23550592362880707, 0.344779372215271, -0.3495722711086273, -0.8676124215126038, 0.3536211848258972], [0.48280102014541626, 0.24158699810504913, 0.31083330512046814, -0.3796190321445465, -0.9169624447822571, 0.12275668233633041], [0.5227171778678894, 0.2301364541053772, 0.31099727749824524, -0.33131319284439087, -0.9433097839355469, 0.01995442807674408], [0.5648045539855957, 0.2560621500015259, 0.2798766791820526, -0.3964388072490692, -0.8889288306236267, -0.22943805158138275], [0.6228905916213989, 0.22651517391204834, 0.27785927057266235, -0.3154868483543396, -0.8707734942436218, -0.37712278962135315], [0.6715138554573059, 0.15822647511959076, 0.29798516631126404, -0.15411227941513062, -0.9350407719612122, -0.31929323077201843], [0.6895706653594971, 0.19331477582454681, 0.26781022548675537, -0.18288734555244446, -0.8558127880096436, -0.4838765859603882], [0.6911454796791077, 0.20379836857318878, 0.26210397481918335, -0.17667317390441895, -0.8270226716995239, -0.5336855053901672], [0.6671205163002014, 0.252312570810318, 0.24884282052516937, -0.39007070660591125, -0.6995700001716614, -0.5987041592597961], [0.7055768966674805, 0.23325294256210327, 0.2320249080657959, -0.21450120210647583, -0.7234024405479431, -0.6562606692314148], [0.6742406487464905, 0.2536289095878601, 0.2180144488811493, -0.3815080523490906, -0.6551755666732788, -0.6520709991455078], [0.6953705549240112, 0.2246830016374588, 0.21454592049121857, -0.30665335059165955, -0.7170324325561523, -0.6259617805480957], [0.7084088325500488, 0.18945670127868652, 0.21774204075336456, -0.17874325811862946, -0.8065622448921204, -0.5634785890579224], [0.68895024061203, 0.23286563158035278, 0.20356449484825134, -0.30261537432670593, -0.7427908778190613, -0.5972316265106201], [0.7011811137199402, 0.2504335939884186, 0.20797404646873474, -0.25276175141334534, -0.7107244729995728, -0.656492292881012], [0.7097455859184265, 0.21151700615882874, 0.21081212162971497, -0.13463059067726135, -0.7749840617179871, -0.6174740791320801], [0.7034364938735962, 0.23532648384571075, 0.21470527350902557, -0.08818133920431137, -0.7760716676712036, -0.6244492530822754]], "Control Inputs 0": [[-4.9818858202287615, 2.44852465831417, 0.001413514737268763, -2.9452441940441356, -2.971964185701339], [-4.895948452889412, -3.092211478741862, 0.43195472421140624, -1.3082850152871637, -2.0804669034587535], [-4.899366870480848, -5.960535375529621, 0.006910672746422757, -2.8724207312290493, -2.954058612596227], [-4.8825864770400935, 0.06753723597869765, 0.3719349294959501, -2.955679769762319, -2.9613666111278927], [-3.2021531606687423, 3.2454527638143045, 0.0942485455588991, 1.3444334770694253, -2.9384049550271385], [-3.7533170297185476, 4.637107659787642, 0.007421640405449428, -2.662839338416142, -2.924135093515869], [-4.907904514082559, 4.511792532296301, 0.006152253241658773, -2.142161887586048, -2.9367237020478187], [-4.905145938407326, -9.821591389054964, 0.45014475986088115, 0.747721681983307, 0.8764640084105859], [0.7800749157847937, -7.390627106607532, 0.2167621309780199, -2.941805171041843, -2.6421113575019115], [-2.151717033848172, 1.7846366589119427, 0.3672984545342335, -1.9904568391691497, -0.44842175700353293], [3.000948570517492, 4.029546437265317, 0.2933845537295335, -0.01846652264739257, 1.2808424422765823], [-2.211328307271966, -2.3824731086317295, 0.004867054854774444, -2.501525510815501, -1.4701045383652405], [2.344400086598262, -1.0484360623517066, 0.007843866676868984, -0.1608712218296553, 1.7757406494590695], [0.13536608983302667, -6.5720744255774814, 0.22202224603336831, 0.044605333521293034, 2.9242339937298825], [-2.8461534072674928, -9.010121558960995, 0.27882022419594227, 1.1914704691645976, 2.9241399172949993], [2.867704261813712, -3.218226384387841, 0.0059825199903284524, 0.3640637161432201, -1.749602675336346], [-3.495575166126244, 4.376510036575096, 0.40774061909410647, -1.9819233944175567, 0.2853814103343808], [0.5470716635721686, -4.720015871189549, 0.25392567613743555, 1.468949641707538, -2.180385019931599], [-0.6799711539837201, 0.13973121428659852, 0.4112781115162393, 1.7510366812143703, -2.94332262851509], [1.2147596715519535, 8.65180169202159, 0.20178626293285745, -1.1732572324023607, -1.1740656715669764]], "Final Predicted Pose 0": [0.7034364938735962, 0.23532648384571075, 0.21470527350902557, -0.08818133920431137, -0.7760716676712036, -0.6244492530822754], "Predicted Translation Error 0": "0.494499966217145cm", "Predicted Rotation Error 0": "tensor([0.9802], grad_fn=<DivBackward0>)"}