{"num_updates": "2944", "penalty": "tensor(3.6835, dtype=torch.float64, grad_fn=<AddBackward0>)", "Starting Pose": [-0.06852667033672333, 0.2065879851579666, -0.3281627893447876, -0.4131228029727936, -0.5712162256240845, -0.5311992764472961, -0.4699670374393463], "Starting Soft Arm States": [-2.9000000953674316, 86.0, 10.0, 16.811405181884766, 35.05340576171875, 10.57176685333252], "Number of Trajectories": 1, "Final Desired Pose": [0.00859703030437231, 0.1758635938167572, -0.3343011438846588, -0.8837463855743408, -0.38836556673049927, 0.2610833942890167], "Predicted Trajectory 0": [[0.47293373515899556, 0.7096043524783469, 0.3053701825819771, -0.2169211506843567, -0.0273274015635252, 0.9758065342903137], [0.47573187947273254, 0.7314834594726562, 0.3138669729232788, -0.37898847460746765, 0.137642964720726, 0.9151077270507812], [0.5041110515594482, 0.7023471593856812, 0.30775707960128784, -0.4904431700706482, 0.1683487743139267, 0.8550580143928528], [0.5210172533988953, 0.6779636740684509, 0.29755842685699463, -0.6734849810600281, 0.08923592418432236, 0.7337948083877563], [0.5458338856697083, 0.6482195854187012, 0.28637945652008057, -0.8003248572349548, 0.03923411667346954, 0.5982815027236938], [0.5575842261314392, 0.6115847826004028, 0.3133855164051056, -0.7905474901199341, -0.05637013167142868, 0.6098009347915649], [0.558444619178772, 0.6062710881233215, 0.2967280149459839, -0.8707280158996582, -0.028115540742874146, 0.4909605085849762], [0.5579573512077332, 0.6030728220939636, 0.2966631352901459, -0.8872582912445068, 0.02777203544974327, 0.46043622493743896], [0.559813380241394, 0.5969457626342773, 0.3006836175918579, -0.8884825706481934, 0.0766550600528717, 0.45246294140815735], [0.555780827999115, 0.5924871563911438, 0.3212874233722687, -0.8511433601379395, 0.06975450366735458, 0.5202780961990356], [0.5563989877700806, 0.583486795425415, 0.2916018068790436, -0.9334048628807068, 0.07452642917633057, 0.3510003983974457], [0.5649645924568176, 0.5910219550132751, 0.2758274972438812, -0.9635763168334961, 0.12985219061374664, 0.23379303514957428], [0.5583806037902832, 0.6093202233314514, 0.29969149827957153, -0.93768709897995, 0.15607087314128876, 0.31045904755592346], [0.5665789842605591, 0.611870288848877, 0.27033257484436035, -0.9634469151496887, 0.2034018188714981, 0.17434974014759064], [0.5570318102836609, 0.60286945104599, 0.28915321826934814, -0.9628132581710815, 0.12933725118637085, 0.23719726502895355], [0.5623984932899475, 0.6032363176345825, 0.26290804147720337, -0.9849652647972107, 0.11906790733337402, 0.12516477704048157], [0.5541312098503113, 0.5965079665184021, 0.2897748351097107, -0.9710622429847717, 0.01615196093916893, 0.23827964067459106], [0.5657832622528076, 0.6123780608177185, 0.26153919100761414, -0.9919241070747375, 0.03453325480222702, 0.122040756046772], [0.5674970746040344, 0.5916829109191895, 0.30102774500846863, -0.954662561416626, -0.12023530900478363, 0.27232855558395386], [0.5619032979011536, 0.613446831703186, 0.32326507568359375, -0.9273276329040527, -0.0906398668885231, 0.3631087839603424], [0.567317545413971, 0.5989987850189209, 0.2954261004924774, -0.9514058828353882, -0.18750184774398804, 0.2442740797996521]], "Control Inputs 0": [[-4.967105939501477, -9.608240395885225, 0.11156402007375196, 1.6255609467962149, -2.9522165292668605], [-4.74348729667617, -9.475829359949113, 0.443808212035093, 0.6845321157260185, -2.9552797841894796], [-4.910605093145827, -9.385970006662957, 0.3886633054105432, -1.125424360439981, -2.9513316283903825], [-3.9016974105042883, -9.713867780590455, 0.2532426835467053, 2.9263318443974455, -1.9795635777814322], [-0.39546213941690045, -9.381195540718618, 0.20422575505743587, -2.5923922430504236, -1.2673868121830412], [-0.587305091754077, -9.590934037201485, 0.3531917452925311, -1.5523058107075034, 0.7586724424251594], [-0.5050530741150157, -9.47709796863203, 0.37711414542585203, -0.292038722036696, 1.4743923662236522], [-1.1706546949795453, -8.587057755905366, 0.16662844554818693, 2.9391550884267046, 1.5180710175952017], [0.47510576997596043, -9.766468752901387, 0.43520770082526505, -2.920820440774256, -0.5536303315445248], [-0.38424240410380683, -9.734896795884579, 0.3046001485007782, -2.901045134708255, 0.3775230184636498], [-1.410225429858099, -9.74152479474554, 0.3442188180621771, 2.9405439959159363, 2.9346703970156316], [3.4895841900173075, 1.8083778547375324, 0.028761134547028278, -2.9302418542983473, -1.1348556508523788], [-4.714401548501217, -9.388947453929415, 0.34762937137607897, 2.942607321390023, 0.13167732787378972], [4.897331032216007, -1.0933881658713336, 0.31265530639659783, -2.9391259472071187, -2.0377268702055824], [-4.899444351494422, -3.0125094888191217, 0.26750118053010696, 2.942514298219699, -2.842505643900392], [4.9020327832569315, 5.445023593654559, 0.35589102998451466, -2.934483381035403, -2.9568646412400663], [-4.893674592471438, 0.7746112037453621, 0.07742981905167189, 2.9433200219872804, -2.822286420393435], [1.7932157920064542, 9.427335898436311, 0.2620600821561415, 2.935199456999359, -2.9411463284785633], [0.5704277490321834, 9.524485849298209, 0.05651328851612112, -2.934941430703896, -2.895327561174541], [-0.7923942317175214, 9.810453112900628, 0.2142892844219735, 2.943840593959674, -2.9403123335056565]], "Final Predicted Pose 0": [0.567317545413971, 0.5989987850189209, 0.2954261004924774, -0.9514058828353882, -0.18750184774398804, 0.2442740797996521], "Predicted Translation Error 0": "0.4873416113034089cm", "Predicted Rotation Error 0": "tensor([0.9774], grad_fn=<DivBackward0>)"}