{"num_updates": "1924", "penalty": "tensor(0., dtype=torch.float64, grad_fn=<AddBackward0>)", "Starting Pose": [-0.075471431016922, 0.17641973495483398, -0.34808576107025146, 0.10178422927856445, -0.2799791693687439, -0.9125969409942627, -0.2800328731536865], "Starting Soft Arm States": [-2.5, -1.899999976158142, 10.0, 8.839638710021973, 35.12627029418945, 19.47418212890625], "Number of Trajectories": 1, "Final Desired Pose": [0.00859703030437231, 0.1758635938167572, -0.3343011438846588, -0.8837463855743408, -0.38836556673049927, 0.2610833942890167], "Predicted Trajectory 0": [[0.46449092984799656, 0.6142921812478247, 0.25422356380909006, -0.8224431276321411, -0.5681092143058777, -0.028969211503863335], [0.4783789813518524, 0.6641085147857666, 0.2682308852672577, -0.9428423643112183, -0.3308594524860382, -0.039753664284944534], [0.518445611000061, 0.6859251260757446, 0.24281984567642212, -0.9794766902923584, -0.06784797459840775, -0.18979476392269135], [0.5259153842926025, 0.6300781965255737, 0.25323840975761414, -0.9898099899291992, -0.10791308432817459, -0.09290260821580887], [0.5556118488311768, 0.6340368390083313, 0.259369432926178, -0.9899262189865112, -0.11190620064735413, -0.08673573285341263], [0.5686854124069214, 0.6143272519111633, 0.26793959736824036, -0.9927499890327454, -0.11479497700929642, -0.035630930215120316], [0.5646880269050598, 0.6149581074714661, 0.29313695430755615, -0.9927774667739868, -0.06464137136936188, 0.10106616467237473], [0.5621261596679688, 0.6206563711166382, 0.2923209071159363, -0.9926726222038269, -0.041222404688596725, 0.11358526349067688], [0.5595919489860535, 0.6153929233551025, 0.2950969934463501, -0.9881510138511658, 0.023999664932489395, 0.1515965312719345], [0.5651633143424988, 0.5969064235687256, 0.295909583568573, -0.9893205165863037, 0.021000845357775688, 0.14423531293869019], [0.5729769468307495, 0.5934699177742004, 0.29459676146507263, -0.9924532175064087, -0.011920970864593983, 0.12204308807849884], [0.5580706000328064, 0.6147066354751587, 0.28341665863990784, -0.9893195629119873, 0.03203703835606575, 0.1421983391046524], [0.5540866255760193, 0.614075243473053, 0.29320958256721497, -0.978891134262085, 0.09060805290937424, 0.18320013582706451], [0.5567044615745544, 0.5962401628494263, 0.2859455645084381, -0.9917644262313843, -0.03339795023202896, 0.12364462018013], [0.5536782741546631, 0.6261348724365234, 0.2879720628261566, -0.9829040765762329, 0.1008601188659668, 0.15403470396995544], [0.5613085031509399, 0.5883775353431702, 0.2877376675605774, -0.9878187775611877, 0.00939786247909069, 0.15532483160495758], [0.5630229711532593, 0.5857307314872742, 0.30658581852912903, -0.9758545756340027, -0.04194566234946251, 0.2143557071685791], [0.5574581027030945, 0.6021389961242676, 0.3043847978115082, -0.9731006622314453, -0.07302844524383545, 0.21849922835826874], [0.558480978012085, 0.6056246161460876, 0.3057635724544525, -0.9676263928413391, -0.09404481202363968, 0.23421090841293335], [0.5606688857078552, 0.6094122529029846, 0.31012827157974243, -0.9534806609153748, -0.15566512942314148, 0.25815290212631226], [0.565748393535614, 0.60044264793396, 0.2970138490200043, -0.9556963443756104, -0.1968979388475418, 0.21880510449409485]], "Control Inputs 0": [[-4.790809643390653, 9.9124848210764, 0.0017014292074584339, 0.08727792400062251, 2.910836865533379], [-4.928953668755728, -5.165175810245781, 0.5063651170138412, 2.824546249209595, -2.5184203405571273], [-4.98930180618688, -7.323702326670162, 0.010748565998692677, 1.2884120616485024, -2.891202226785614], [-3.9107954985511504, -3.097477100733408, 0.523243504274974, 0.48181888520585003, -1.7736621870001106], [-0.33263317221567057, 0.5274965293044662, 0.33889560963051174, 2.9291830045678973, -1.1824397262393456], [-0.08807800872219484, -1.519588229772701, 0.014430946957206202, -0.5882833513948089, -1.1615592290087207], [1.3586228766325341, 2.0158102200924937, 0.19776214273081727, -0.38656260654571994, 0.21906110079248275], [-1.7265801007808088, -9.808753473761724, 0.5483678760696045, -0.2860816613216728, 2.2474044811609364], [-1.4613530960479166, -9.801325427745741, 0.4649476488150282, -0.3921345155574567, 0.8541832746615188], [-0.7831120901553108, 0.9672695475152615, 0.514542428200344, -0.1039730630284228, -1.8232486954002944], [4.883550798666711, 9.797984663634256, 0.38849268788015184, 0.0782875923701658, -0.9102935911133465], [-4.402371054275472, -9.498043628218051, 0.1142914554043241, 0.10502889158711959, 0.961275166425553], [3.552568808794094, 7.792978387562652, 0.1691206130139402, -0.5902651027041492, -1.0129435012485608], [-2.2409030011768367, -9.71608984818525, 0.33112663944429277, 0.53352509886798, 2.9218577589126618], [-1.769041671682551, -9.802115882009216, 0.37502184451053283, 2.9376792400513603, 1.2167134340278185], [0.9157082674451873, 1.6944594549435354, 0.018023954340423445, -0.16089250982440273, -2.9620223627794555], [1.1436054323401565, 5.775873221386409, 0.4743647166328244, -0.29860884122230136, -2.885863892128755], [-0.6191453808142588, 5.095166703746301, 0.07129392550854793, -0.2534886680191595, -2.9642356769075944], [-0.5708775886879556, 9.860461620241207, 0.44058558043031404, -0.8223521881614602, -2.942113590948699], [-1.434258390943615, 9.799543964871507, 0.4123224228824395, -0.5133626689060162, -2.942988766718434]], "Final Predicted Pose 0": [0.565748393535614, 0.60044264793396, 0.2970138490200043, -0.9556963443756104, -0.1968979388475418, 0.21880510449409485], "Predicted Translation Error 0": "0.48547042673386187cm", "Predicted Rotation Error 0": "tensor([0.9782], grad_fn=<DivBackward0>)"}