{"num_updates": "4651", "penalty": "tensor(0., dtype=torch.float64, grad_fn=<AddBackward0>)", "Starting Pose": [-0.026372287422418594, 0.06597724556922913, -0.33062130212783813, -0.5676891803741455, 0.6972618103027344, 0.3120002746582031, 0.3069379925727844], "Starting Soft Arm States": [-6.0, -26.100000381469727, 10.0, 29.737791061401367, 3.5968844890594482, 35.40115737915039], "Number of Trajectories": 1, "Final Desired Pose": [-0.17295822501182556, 0.1645682156085968, -0.27731069922447205, -0.7407143115997314, 0.4797484576702118, 0.47030171751976013], "Predicted Trajectory 0": [[0.524181181160345, 0.26536529988853275, 0.2990586434303033, -0.1670362502336502, -0.9831852912902832, 0.0737939104437828], [0.4995461106300354, 0.27142295241355896, 0.31825143098831177, -0.2959863841533661, -0.9540971517562866, 0.04572318121790886], [0.4845519959926605, 0.3227546513080597, 0.3245033025741577, -0.48935970664024353, -0.8719285130500793, -0.016364699229598045], [0.48324891924858093, 0.296796053647995, 0.32491305470466614, -0.4238181412220001, -0.9048271179199219, -0.04081733524799347], [0.4296666085720062, 0.3538438081741333, 0.3424834609031677, -0.6073759198188782, -0.7932837009429932, 0.042372867465019226], [0.4240465760231018, 0.38341954350471497, 0.3418026566505432, -0.6833166480064392, -0.7287702560424805, 0.04441024363040924], [0.4137621819972992, 0.3832055628299713, 0.35674646496772766, -0.6434571743011475, -0.7564403414726257, 0.11730718612670898], [0.3689099848270416, 0.43951287865638733, 0.3873281180858612, -0.7498642206192017, -0.6117673516273499, 0.2518816292285919], [0.36919915676116943, 0.4530366063117981, 0.39437830448150635, -0.7611358761787415, -0.5610828995704651, 0.3253588378429413], [0.3863163888454437, 0.45656830072402954, 0.39870819449424744, -0.7175909876823425, -0.5472105741500854, 0.4308408498764038], [0.36857086420059204, 0.4986359179019928, 0.4081292152404785, -0.7652796506881714, -0.4026809334754944, 0.5021904110908508], [0.37238621711730957, 0.5306708812713623, 0.41220253705978394, -0.7872134447097778, -0.28764647245407104, 0.5454856157302856], [0.36977237462997437, 0.5689836144447327, 0.4267222285270691, -0.776311993598938, -0.10235293209552765, 0.621983528137207], [0.3333878219127655, 0.5383090376853943, 0.43025386333465576, -0.7932743430137634, -0.15585273504257202, 0.5885794758796692], [0.34456852078437805, 0.5882802605628967, 0.4510086178779602, -0.7072671055793762, 0.08248230814933777, 0.7021180987358093], [0.3401752710342407, 0.5856121778488159, 0.46027249097824097, -0.6214084029197693, 0.23355740308761597, 0.7478653192520142], [0.3468783497810364, 0.585010290145874, 0.4758526384830475, -0.5601478219032288, 0.26539015769958496, 0.784730851650238], [0.33750078082084656, 0.6028899550437927, 0.4720737934112549, -0.5968578457832336, 0.30502840876579285, 0.7421040534973145], [0.3431190550327301, 0.5911371111869812, 0.45055335760116577, -0.6702229976654053, 0.29828187823295593, 0.6795800924301147], [0.3384144604206085, 0.575293779373169, 0.4349421262741089, -0.7154808640480042, 0.3471914827823639, 0.606255054473877], [0.33610644936561584, 0.5784727334976196, 0.4211306869983673, -0.7055215239524841, 0.41912221908569336, 0.57146817445755]], "Control Inputs 0": [[4.90594255999771, 6.705052245355201, 0.0063027922820546416, -2.992905783041162, 2.9435729609372023], [-4.89315525070228, 9.065001022251057, 0.005604876665810573, -1.3154005722541537, 2.949323785437648], [4.880735353884342, 5.124423868092352, 1.4248188387581484e-05, -1.7611694828025435, 2.9891807157814707], [4.824800379837994, 9.601990750398127, 0.007432043419603048, -1.5740222487105142, 2.8969979715685072], [-4.8804328123640435, 9.807153307224244, 0.0007273279006834831, 2.84624569259495, 2.973439546224551], [4.706893416805254, 9.711306350439042, 0.007847834177087657, -0.30840257104108204, 2.887451538510854], [4.697009243574373, 9.683111370651392, 0.001801153549991874, 0.2316946070225816, 2.860516346318061], [-4.594023318523438, 0.7523887768618671, 0.004894530855054242, 1.8076216023786058, 2.9060243014462364], [-2.0698517596832398, 0.9632032046098598, 0.006098169846085321, -1.186972246631751, 2.862211868376412], [4.799061811449453, 9.161999573069274, 0.007086948617866766, -0.1460460118405824, 1.4716834656861222], [-4.920498211869558, 9.521472153940586, 0.009430725044577122, 0.8654281927722285, 2.9095094219978215], [4.854037232296303, 6.151751844786052, 0.00985178816901899, -0.34532436179651205, -2.8155805456977006], [3.8396553180335253, 7.600104268927353, 0.004587785289999517, 0.15350111895476903, 2.8947730459982663], [-4.933956458926543, 3.533246364951488, 0.08341610877420459, 1.4973170574980523, 2.920852965355297], [4.870052646325226, -0.18287366775959946, 0.10553648141067418, 0.5564266878390698, 2.9181437071126908], [-4.9134142108556516, 3.497790143698932, 0.009077966273282632, -1.2265668435176065, -2.3372493373088608], [4.894518569264585, 9.390840143025589, 0.004027547809121489, -2.897016616496373, -0.215311082515238], [-4.902790068320024, -9.541883068080066, 0.6459971747246113, -1.6960382367554392, 2.8656436908717327], [4.903057936737316, -3.0427990345653706, 0.005050866690831336, -2.855871361375481, 2.8483357730836776], [-2.585030296470182, -7.544524654943176, 0.6785454153728598, -2.9385246563911958, 2.6896316890763288]], "Final Predicted Pose 0": [0.33610644936561584, 0.5784727334976196, 0.4211306869983673, -0.7055215239524841, 0.41912221908569336, 0.57146817445755], "Predicted Translation Error 0": "0.9967176387225407cm", "Predicted Rotation Error 0": "tensor([0.9924], grad_fn=<DivBackward0>)"}