{"num_updates": "307", "penalty": "tensor(255.6927, dtype=torch.float64, grad_fn=<AddBackward0>)", "Starting Pose": [-0.07024119049310684, 0.17650577425956726, -0.34674152731895447, 0.12825706601142883, -0.24804268777370453, -0.9188895225524902, -0.2786880135536194], "Starting Soft Arm States": [-2.5, -1.899999976158142, 10.0, 8.839638710021973, 35.12627029418945, 19.47418212890625], "Number of Trajectories": 1, "Final Desired Pose": [-0.10722073912620544, 0.19076471030712128, -0.33972713351249695, -0.7237952351570129, -0.40605342388153076, 0.5578898787498474], "Predicted Trajectory 0": [[0.4708493782533065, 0.6145640098388128, 0.2576745053737644, -0.8117662072181702, -0.575793445110321, -0.09745509922504425], [0.43949148058891296, 0.6703680753707886, 0.2649655044078827, -0.955868661403656, -0.29378753900527954, -0.0019807922653853893], [0.4152495861053467, 0.667548418045044, 0.26913103461265564, -0.9728275537490845, -0.15593869984149933, 0.17114263772964478], [0.4158031940460205, 0.6725636720657349, 0.2619969844818115, -0.9771574139595032, -0.005998975597321987, 0.21243168413639069], [0.415347695350647, 0.6689242720603943, 0.2612828314304352, -0.9684712290763855, 0.0412394180893898, 0.2456883192062378], [0.41678953170776367, 0.6682105660438538, 0.26169902086257935, -0.9437451958656311, 0.15015669167041779, 0.2946150302886963], [0.41940438747406006, 0.6554913520812988, 0.2821281850337982, -0.9003095626831055, 0.17932632565498352, 0.396591454744339], [0.4205001890659332, 0.6458821296691895, 0.2654496133327484, -0.9398908615112305, 0.09534056484699249, 0.3278953731060028], [0.4231090843677521, 0.6809687614440918, 0.2801690697669983, -0.8655773997306824, 0.28616148233413696, 0.41095903515815735], [0.4163365960121155, 0.6459673047065735, 0.27969983220100403, -0.8660838007926941, 0.22376468777656555, 0.4470214247703552], [0.4176348149776459, 0.6373505592346191, 0.2670392096042633, -0.8963801860809326, 0.1602722406387329, 0.41329821944236755], [0.4138106107711792, 0.6464440226554871, 0.2677437365055084, -0.8773580193519592, 0.15577702224254608, 0.4538462460041046], [0.4193422198295593, 0.6617043018341064, 0.2876548171043396, -0.8300153017044067, 0.24604132771492004, 0.5005378127098083], [0.418479859828949, 0.6222125887870789, 0.26268354058265686, -0.9038482308387756, 0.039562735706567764, 0.42602023482322693], [0.4201011657714844, 0.6767240166664124, 0.2855982780456543, -0.8291203379631042, 0.23954284191131592, 0.5051520466804504], [0.4245361387729645, 0.6273723244667053, 0.28242117166519165, -0.8294840455055237, 0.10678185522556305, 0.5482277870178223], [0.42106688022613525, 0.6278619766235352, 0.29584649205207825, -0.8042263388633728, -0.023305092006921768, 0.5938659310340881], [0.41314318776130676, 0.6492726802825928, 0.3146696388721466, -0.7995706796646118, 0.044356752187013626, 0.598931610584259], [0.42103666067123413, 0.6067302823066711, 0.2937880754470825, -0.8338684439659119, -0.15143032371997833, 0.5307844877243042], [0.41829347610473633, 0.6499781608581543, 0.30648472905158997, -0.8080666065216064, -0.1261437088251114, 0.5754268169403076], [0.43557581305503845, 0.6356478333473206, 0.2882458567619324, -0.8169814348220825, -0.18144868314266205, 0.547373354434967]], "Control Inputs 0": [[3.635586560620947, 1.1056873354795638, 0.02404061780784011, 1.8317503816351328, 2.884209299705603], [-4.060498545000246, 0.08049564916595209, 0.5511050293266381, 2.1575604578831147, -0.4899380811930709], [-1.636043662215187, -2.2391217058582775, 0.013463292266835946, 0.5526045088829981, -0.7431269204274167], [-1.4469594998723423, 0.36393202857365736, 0.5189153697154371, 0.09448113741657238, -0.3062787025863827], [-0.3338020499478125, 0.8610391704116616, 0.310282293248523, 2.931744361784645, 0.6807513995764287], [-3.0091325341981228, -7.1433729533862405, 0.013135416742591931, -1.1771520409875706, -2.6353450753615353], [4.754411278447797, 9.526034421398506, 0.2025760273220651, -0.26648364713209416, 1.1738564312149258], [-3.103747968410899, -9.798362546772855, 0.556052979505522, 2.1518670820778194, 2.9170383984290824], [-0.03819257330587256, -9.790628701726721, 0.43636912887940177, -1.045840712647951, -0.6557821373619643], [-0.4721190494626146, 1.8206019181066289, 0.5091664294842876, -0.13618698691186282, -2.890423022169834], [2.4142745239666006, 9.812008837758896, 0.44311052761145425, 1.606586366738525, -0.09519604321124175], [-3.9498568876213564, -9.659569704689524, 0.09889417418037949, -0.8403310625152525, -1.1152716556682718], [4.819069897119546, 9.813379783036297, 0.21861472304062113, 0.0017738880895628029, 0.414731500427719], [-2.8550207761446496, -9.802157829954389, 0.3152216540343409, 2.4426446323815227, 2.9798585638062196], [-2.516594145260259, -9.814418644342947, 0.2939948813088513, 2.928007692588987, -0.8700832481548293], [4.83834385600991, 9.806587047218361, 0.012069105506043383, 0.3405746500733873, -2.9227562801779703], [-2.5086769368151103, -9.793931394584058, 0.3779648088208853, -1.6168350895081796, -0.6315216848719807], [1.260660784453763, 3.739949148993606, 0.04327477673461595, -0.636839478506463, -2.94393997158416], [0.1345568209133745, 9.80310126983478, 0.5261780254836265, -0.8892535578054162, -2.942941879407821], [-4.896281737725553, 9.815977426305388, 0.3281357960596965, -0.37678855470527717, -2.9469142110398012]], "Final Predicted Pose 0": [0.43557581305503845, 0.6356478333473206, 0.2882458567619324, -0.8169814348220825, -0.18144868314266205, 0.547373354434967], "Predicted Translation Error 0": "1.203857210691793cm", "Predicted Rotation Error 0": "tensor([0.9704], grad_fn=<DivBackward0>)"}