{"num_updates": "677", "penalty": "tensor(2822.3310, dtype=torch.float64, grad_fn=<AddBackward0>)", "Starting Pose": [-0.3105064630508423, 0.06125159561634064, -0.24914148449897766, -0.38706669211387634, 0.6883394718170166, 0.5940259695053101, 0.15330135822296143], "Starting Soft Arm States": [33.5, -6.800000190734863, 10.0, 24.86928367614746, 0.9009897708892822, 35.387908935546875], "Number of Trajectories": 1, "Final Desired Pose": [-0.10722073912620544, 0.19076471030712128, -0.33972713351249695, -0.7237952351570129, -0.40605342388153076, 0.5578898787498474], "Predicted Trajectory 0": [[0.17875681918458522, 0.25043530048676277, 0.5082351271082503, -0.65335613489151, -0.7149965167045593, -0.2488085776567459], [0.20160414278507233, 0.253297358751297, 0.44093766808509827, -0.5325351357460022, -0.750515341758728, -0.39132213592529297], [0.2320338934659958, 0.2482670545578003, 0.3832820653915405, -0.47129297256469727, -0.7528280019760132, -0.4594919681549072], [0.2427849918603897, 0.26559746265411377, 0.35168030858039856, -0.42202359437942505, -0.7424092888832092, -0.5203120112419128], [0.2387368083000183, 0.3036510646343231, 0.36412012577056885, -0.5348635315895081, -0.7398977279663086, -0.4080100655555725], [0.26599007844924927, 0.33234459161758423, 0.31736138463020325, -0.48249757289886475, -0.7346717119216919, -0.47692084312438965], [0.28957599401474, 0.35805338621139526, 0.31210336089134216, -0.5450665950775146, -0.7480830550193787, -0.3785158097743988], [0.2903487980365753, 0.3894794285297394, 0.2796774208545685, -0.5724928975105286, -0.6693853139877319, -0.47347143292427063], [0.2934300899505615, 0.42255228757858276, 0.3015618622303009, -0.6939632892608643, -0.6196388006210327, -0.36669158935546875], [0.2983350157737732, 0.4045993387699127, 0.27231737971305847, -0.5887242555618286, -0.6399432420730591, -0.49383842945098877], [0.2930724024772644, 0.4713725447654724, 0.3185078203678131, -0.7856784462928772, -0.5558244585990906, -0.2716038227081299], [0.33839520812034607, 0.46800732612609863, 0.25740885734558105, -0.6970067620277405, -0.5512802600860596, -0.4585540294647217], [0.3326888680458069, 0.5131637454032898, 0.28475290536880493, -0.792019784450531, -0.46737930178642273, -0.3927609920501709], [0.32731401920318604, 0.5390989780426025, 0.2995671331882477, -0.860167920589447, -0.40254220366477966, -0.31316277384757996], [0.3526031970977783, 0.5613923072814941, 0.29704105854034424, -0.8820189237594604, -0.37679585814476013, -0.28296202421188354], [0.38497304916381836, 0.5766770243644714, 0.29656708240509033, -0.9049978256225586, -0.3431749641895294, -0.25141605734825134], [0.4197823107242584, 0.5826431512832642, 0.30525657534599304, -0.9262933731079102, -0.35003605484962463, -0.1394825428724289], [0.42676374316215515, 0.6157471537590027, 0.3066464960575104, -0.9717385768890381, -0.20996122062206268, -0.10789064317941666], [0.43031102418899536, 0.6065979599952698, 0.32594990730285645, -0.9746200442314148, -0.19432058930397034, 0.11115383356809616], [0.42612966895103455, 0.5936164855957031, 0.3310486674308777, -0.9430444836616516, -0.19573011994361877, 0.26899203658103943], [0.42927706241607666, 0.6131680607795715, 0.3553834855556488, -0.8868656158447266, -0.14111822843551636, 0.439948707818985]], "Control Inputs 0": [[-4.98552807315361, -9.68424873139591, 0.0012900382934262031, -2.995187330027581, 0.16811924786084465], [-4.944770884208737, -6.670903784404194, 0.0028652540888877125, -2.9186690954794505, 2.9938419706216335], [1.0816614725646918, -0.8119360807368725, 0.0039054611332567622, -2.8938297231818693, 2.919857114424822], [-4.936940367839329, 1.6882317870051544, 0.002352287005676767, -2.8693853471670785, 2.989313782069594], [-4.882141811499772, 8.076872543480377, 0.0038190346105920463, -0.6297690019989379, 2.9235786780313804], [-4.851548887553253, 9.280006966168909, 0.005294405895612258, -2.8146981210388056, 2.897552056730614], [3.6920439514496213, 9.471489873379227, 0.002125017817224681, -2.4895163536946177, 2.8798889378024874], [-4.841799996265253, -1.815860233355858, 0.0049240693023612945, 2.4136095964532167, 2.966367359174833], [4.538084810368659, 1.8841064876084683, 0.004471179968757888, -1.4678839741596725, 2.992564963501737], [-4.988547393638474, 9.086166033081458, 0.0015016216513841195, 0.18095118317331194, 2.9315433392447234], [-4.954305060372829, 9.564395854512824, 0.01122444920023008, 2.8729794784019926, 2.8963397942294007], [4.558593843638242, 8.91604483754569, 0.0006500811612407695, -0.8623834572757052, 2.8285128309090695], [-1.67450361598291, 8.313210395914577, 0.002635898615752738, 2.9069991251340053, 2.935137202139292], [-4.816732731205628, 2.5220025566775117, 0.049096765578957265, 2.9096839169421456, 2.759030766203929], [-4.827082796885901, -2.4007275430318957, 0.1479329627794958, 2.998897788442039, 2.571682017447487], [-4.773933971132845, 3.8238068912963623, 0.3087056693986629, 1.908862654238633, 0.1833499722748817], [3.8791431089294868, 9.799929021675506, 0.09270555827385586, 1.1795595677673703, 1.5557706286280713], [-4.939181805504839, -5.547016257412624, 0.697702604142307, 2.87808823935994, -0.1754046100184441], [4.65298250960732, 9.528216012579065, 0.12039746893592464, 1.471375399764467, -0.9864520422020506], [-4.9357046831165885, 7.173808238856566, 0.6912969231966591, -1.8352624379661586, 0.866041197917709]], "Final Predicted Pose 0": [0.42927706241607666, 0.6131680607795715, 0.3553834855556488, -0.8868656158447266, -0.14111822843551636, 0.439948707818985], "Predicted Translation Error 0": "3.4463121942901633cm", "Predicted Rotation Error 0": "tensor([0.9447], grad_fn=<DivBackward0>)"}