{"num_updates": "880", "penalty": "tensor(155.6555, dtype=torch.float64, grad_fn=<AddBackward0>)", "Starting Pose": [0.1885271668434143, 0.2343386858701706, -0.21449199318885803, -0.3059803545475006, -0.5499453544616699, -0.5906779766082764, -0.5050105452537537], "Starting Soft Arm States": [-41.70000076293945, -48.29999923706055, 10.0, 22.3919734954834, 35.18257141113281, 2.8583285808563232], "Number of Trajectories": 1, "Final Desired Pose": [0.14918473362922668, 0.08417315781116486, -0.2881869375705719, -0.621100902557373, 0.6745349764823914, 0.39904409646987915], "Predicted Trajectory 0": [[0.7854362966864354, 0.7972786299136986, 0.5971879373181884, -0.30268073081970215, -0.26005226373672485, 0.9169281125068665], [0.8012184500694275, 0.8177273869514465, 0.5266198515892029, -0.43082574009895325, 0.15056964755058289, 0.8897853493690491], [0.773358166217804, 0.7976624965667725, 0.463339626789093, -0.5230556130409241, 0.44539788365364075, 0.7266591191291809], [0.7318664193153381, 0.771915078163147, 0.4039055109024048, -0.632561445236206, 0.5686185956001282, 0.5258696675300598], [0.7199097871780396, 0.767436683177948, 0.3797041177749634, -0.6834295988082886, 0.6240170001983643, 0.3788493275642395], [0.7026506066322327, 0.7188075184822083, 0.40071243047714233, -0.711455762386322, 0.5489687919616699, 0.4387072026729584], [0.7071212530136108, 0.664432168006897, 0.4106910526752472, -0.8039266467094421, 0.44316330552101135, 0.39662089943885803], [0.7198511362075806, 0.6986654996871948, 0.4077756404876709, -0.8148719072341919, 0.49947279691696167, 0.2941269874572754], [0.7125833630561829, 0.6840426921844482, 0.45741236209869385, -0.7947466969490051, 0.43268609046936035, 0.4256293773651123], [0.7250379323959351, 0.6662740707397461, 0.4306125342845917, -0.8735228180885315, 0.407803475856781, 0.26580849289894104], [0.7260830998420715, 0.5495427250862122, 0.40416625142097473, -0.9753999710083008, 0.14446298778057098, 0.16650913655757904], [0.7219449877738953, 0.4931526184082031, 0.4125177562236786, -0.9786669015884399, 0.015317845158278942, 0.2048814445734024], [0.7186163663864136, 0.4447666108608246, 0.3757803440093994, -0.989408552646637, -0.14319312572479248, 0.023802893236279488], [0.6725677251815796, 0.4919385015964508, 0.37915387749671936, -0.9856577515602112, 0.010410012677311897, 0.16843493282794952], [0.6297469139099121, 0.4365839660167694, 0.37363821268081665, -0.9435134530067444, -0.133296936750412, 0.3033384382724762], [0.6155163049697876, 0.41679492592811584, 0.4066523313522339, -0.8924658298492432, -0.1477753072977066, 0.4262242913246155], [0.5974133610725403, 0.43283718824386597, 0.4203009307384491, -0.8627966642379761, -0.05947687476873398, 0.5020400881767273], [0.5998943448066711, 0.4628530442714691, 0.45226213335990906, -0.7900791764259338, 0.08753123134374619, 0.6067232489585876], [0.6312499642372131, 0.4329740107059479, 0.49339666962623596, -0.763073742389679, 0.10328341275453568, 0.6380054950714111], [0.6647093296051025, 0.4508451521396637, 0.5269162058830261, -0.7606419324874878, 0.269193172454834, 0.5907275676727295], [0.6681970357894897, 0.45004555583000183, 0.5060494542121887, -0.815278172492981, 0.3299529552459717, 0.4758702218532562]], "Control Inputs 0": [[4.917456602025503, -9.383274124733633, 0.2728467297432506, -2.969458893950681, -2.994607897182659], [4.990327779497932, -4.021674228776761, 0.6887525401625958, -2.883502340007368, -2.99128522433903], [-1.2130605056425345, -0.7798905329092225, 0.69008809673991, -2.833659619713169, -2.9967183400119612], [-0.9453359193064719, -0.006172530955474542, 0.6890133567695635, 2.994755395111196, -2.993741302142882], [-3.182787659568233, -7.528593078693457, 0.6927754691349407, 2.893537599043749, -2.994902651404775], [-1.582909820162651, 4.853210359927415, 0.692790223664149, -2.937173673732942, -2.9835901358187162], [-1.611950169961399, 8.46603145417588, 0.6929894725047604, 2.6791556851506213, -2.9853770431401707], [-0.909473438478722, 7.816969929917157, 0.4636347047031579, -2.858692479086959, -2.9928703329009982], [-2.359721509930789, -4.762151576258865, 0.5917501627075745, -2.914058349493161, -2.929812655545518], [1.0703990970690223, -5.691114825362259, 0.05907376360045405, 0.8629612898515027, -2.9215150100307823], [-1.6930771427832738, -4.858340077237091, 0.13296858905595452, -2.9218636307815644, -2.9304872314266843], [4.75993959302788, -0.8256616272163058, 0.004530815252291658, 2.9602137452810924, 2.7454880520416562], [4.72099032080137, 5.562324055841584, 0.025788405168368625, 2.946602308774044, -2.907116464118565], [4.795540865464469, -0.4599434965116913, 0.016895350411552688, 2.832033541076459, -2.995936161623419], [-3.469579414818323, -2.647918513557795, 0.020882265584381773, 2.9740509418668895, 2.925592199901941], [4.762133027874217, 2.5748149451419557, 0.11876507672743525, 2.851873594399594, 2.9216764024393314], [-4.680302447951135, -7.4410129219309775, 0.0018427740967302748, 2.9720709794646716, 2.9640701771793205], [-4.702312050373088, -8.86677552075602, 0.0023903743546895674, 2.849539428387293, 2.966893543341043], [-4.904082636127234, -7.709020206336289, 0.0026722738986217943, -2.8745303558555775, 2.9724411913585467], [4.720207888360262, 0.40763776401717955, 0.008026873257325937, 2.921059577328582, 2.944824213291656]], "Final Predicted Pose 0": [0.6681970357894897, 0.45004555583000183, 0.5060494542121887, -0.815278172492981, 0.3299529552459717, 0.4758702218532562], "Predicted Translation Error 0": "7.962018822479861cm", "Predicted Rotation Error 0": "tensor([0.9188], grad_fn=<DivBackward0>)"}