{"num_updates": "290", "penalty": "tensor(0., dtype=torch.float64, grad_fn=<AddBackward0>)", "Starting Pose": [-0.1927807480096817, 0.08472003042697906, -0.23464876413345337, -0.6685748100280762, 0.41793233156204224, -0.6109575629234314, 0.07121288776397705], "Starting Soft Arm States": [14.0, 16.399999618530273, 10.0, 34.3612174987793, 26.876300811767578, 35.40115737915039], "Number of Trajectories": 1, "Final Desired Pose": [-0.22069542109966278, 0.06826265156269073, -0.3431475758552551, -0.38096532225608826, -0.9107316136360168, -0.1594783067703247], "Predicted Trajectory 0": [[0.3218769838613366, 0.32458038553885, 0.5454411048977041, -0.09587301313877106, -0.4718219041824341, 0.876465916633606], [0.3285994231700897, 0.28719058632850647, 0.5117040276527405, -0.1567259132862091, -0.6152727603912354, 0.7725777626037598], [0.3541320860385895, 0.27463704347610474, 0.47762423753738403, -0.21942070126533508, -0.7354736328125, 0.6410406827926636], [0.3757786452770233, 0.273286372423172, 0.4293206036090851, -0.34062090516090393, -0.821063756942749, 0.45807382464408875], [0.38381320238113403, 0.25420430302619934, 0.39963236451148987, -0.36176830530166626, -0.8850019574165344, 0.29307880997657776], [0.3670424222946167, 0.2624666690826416, 0.37467047572135925, -0.40827980637550354, -0.9073869585990906, 0.09978247433900833], [0.34523406624794006, 0.2605791389942169, 0.3749958872795105, -0.4504225254058838, -0.8927061557769775, -0.013968280516564846], [0.3328767716884613, 0.2697288393974304, 0.35031458735466003, -0.5150467157363892, -0.8411304950714111, -0.16500386595726013], [0.33070603013038635, 0.2683994472026825, 0.32641860842704773, -0.5539457201957703, -0.7979753613471985, -0.23744377493858337], [0.3225419521331787, 0.24833537638187408, 0.30377739667892456, -0.5497772693634033, -0.792943000793457, -0.26265236735343933], [0.3071814775466919, 0.25931239128112793, 0.2813358008861542, -0.5946409106254578, -0.7317746877670288, -0.3330284357070923], [0.2966650724411011, 0.27617210149765015, 0.2658975124359131, -0.627802312374115, -0.6833447813987732, -0.37269842624664307], [0.2826928496360779, 0.2905988097190857, 0.27601659297943115, -0.6876822113990784, -0.6458454132080078, -0.33162766695022583], [0.2844807207584381, 0.2923874855041504, 0.2388221174478531, -0.6521109342575073, -0.5990831255912781, -0.4645974636077881], [0.2775447368621826, 0.27649611234664917, 0.27483728528022766, -0.6686921119689941, -0.6761597394943237, -0.3092879056930542], [0.2920495867729187, 0.2715640962123871, 0.26632899045944214, -0.644117534160614, -0.7178682088851929, -0.26415500044822693], [0.3035868704319, 0.2489498406648636, 0.2789267599582672, -0.5754393935203552, -0.798669159412384, -0.17605967819690704], [0.29863232374191284, 0.26239633560180664, 0.3001909554004669, -0.6095061898231506, -0.790725588798523, -0.05705420300364494], [0.2937682569026947, 0.28637510538101196, 0.2590424716472626, -0.6323103904724121, -0.752348005771637, -0.1848134994506836], [0.2875399887561798, 0.2712249755859375, 0.2783263623714447, -0.6010995507240295, -0.7879838347434998, -0.1332695633172989], [0.28957629203796387, 0.26609084010124207, 0.2677055597305298, -0.5338577032089233, -0.8179916739463806, -0.21420903503894806]], "Control Inputs 0": [[-4.877295963478221, 0.039844141375212416, 0.002810609038962318, -2.9414270463893435, -2.9323838060940908], [-3.3022231091456047, -0.6710774141156328, 0.5609857153823328, -2.9383224987057823, -1.6334875836139953], [-3.1310379834423827, 0.6130351697299474, 0.007449027585971244, -2.9408164308950493, -2.3661934012062327], [-0.1356507360542052, 1.5775333204235569, 0.49552467600154504, -2.941173485575857, -2.9123188205444195], [3.1777019673355174, 2.0230130473673213, 0.21383208210541635, -0.7617001866562019, -1.9395959377167107], [1.5251307023086165, 0.714665131333124, 0.007079229789046274, -2.939504574989746, -1.7304464954226584], [0.578713660874218, -0.34371714014634946, 0.08959729516920763, -2.9484703259182847, -1.1939188398204736], [-1.0524874181049295, -5.789211324528726, 0.6079862054789829, -1.0116784900183453, 2.273929385632016], [3.3352136090374316, -9.8598800745228, 0.37629641848695505, -2.9387781053979873, -1.0197254106294278], [-0.2004014933022873, -3.6765858441812, 0.4891091726356027, -1.8414817524652127, 0.7812121546489617], [1.4314028100779126, -0.8506503832443286, 0.4518831192653345, -0.1415116689593905, 1.4705119815635275], [0.6789604319263765, -8.175570617114742, 0.04567989561285541, -2.935829405066729, -0.28103402458088134], [0.8459346159629364, -6.342446456181408, 0.10959948376794379, 2.506890369403421, 2.614635600630792], [-0.8517487694965773, -9.646007255993364, 0.39007710696994774, 2.942816981304678, 2.9708426073756833], [-3.064979842414561, -9.870576847109255, 0.451872042919045, 2.993641979318694, 2.1154102351487527], [1.958045443224247, -7.065141749320885, 0.01190388116360355, 1.0319332275877846, -1.5489041943059174], [-2.4174211315329592, -0.7166011422096208, 0.5498686582955313, -2.941280439860391, -1.1634532773840307], [2.222871988060642, -7.394206763939457, 0.15695663221511563, -1.3899765323406086, -1.005693892481345], [-1.0708274675419598, -2.113042425390577, 0.5583459085800472, 1.9928600725718573, -2.939653396043264], [0.8077671798113437, 3.449915542485785, 0.3806209584586396, -2.577259967153923, -1.7674191603156373]], "Final Predicted Pose 0": [0.28957629203796387, 0.26609084010124207, 0.2677055597305298, -0.5338577032089233, -0.8179916739463806, -0.21420903503894806], "Predicted Translation Error 0": "0.24766973252377425cm", "Predicted Rotation Error 0": "tensor([0.9825], grad_fn=<DivBackward0>)"}