{"num_updates": "1112", "penalty": "tensor(38.4686, dtype=torch.float64, grad_fn=<AddBackward0>)", "Starting Pose": [-0.12012113630771637, 0.11994194984436035, -0.27858486771583557, -0.400464802980423, 0.3103904724121094, -0.8395199775695801, 0.19619348645210266], "Starting Soft Arm States": [-0.800000011920929, -54.29999923706055, 10.0, 26.637842178344727, 28.012285232543945, 35.387908935546875], "Number of Trajectories": 1, "Final Desired Pose": [-0.22378191351890564, 0.20085817575454712, -0.29101288318634033, -0.7137497067451477, 0.3023896813392639, 0.6317608952522278], "Predicted Trajectory 0": [[0.4102098989640247, 0.4358588850200199, 0.4326475331725574, -0.602272093296051, 0.08081578463315964, 0.7941895723342896], [0.40192392468452454, 0.45018380880355835, 0.42809373140335083, -0.638767421245575, 0.06620661914348602, 0.7665459513664246], [0.36648017168045044, 0.4964163303375244, 0.4228065013885498, -0.6690671443939209, 0.13159841299057007, 0.7314581871032715], [0.32632601261138916, 0.5265893340110779, 0.4227488934993744, -0.7012184858322144, 0.18389172852039337, 0.6888225078582764], [0.28887149691581726, 0.5720052719116211, 0.433416485786438, -0.7155585289001465, 0.2942086160182953, 0.6335750222206116], [0.29074302315711975, 0.5964498519897461, 0.40840286016464233, -0.7680405378341675, 0.34566953778266907, 0.5390976071357727], [0.29857373237609863, 0.6383869647979736, 0.4005679488182068, -0.7250190377235413, 0.5207552909851074, 0.4507342576980591], [0.28734874725341797, 0.652118980884552, 0.3938276767730713, -0.6916518807411194, 0.6012067198753357, 0.4002104103565216], [0.2835685908794403, 0.6782892346382141, 0.41119256615638733, -0.5587378144264221, 0.7145177721977234, 0.42104199528694153], [0.2794230580329895, 0.6837090849876404, 0.4034315049648285, -0.4448612332344055, 0.8230699300765991, 0.3530641496181488], [0.28519895672798157, 0.6678046584129333, 0.4137880802154541, -0.4447064995765686, 0.7751404643058777, 0.44876861572265625], [0.296705424785614, 0.7016201019287109, 0.3900563716888428, -0.37249624729156494, 0.8582077622413635, 0.35316553711891174], [0.2874031662940979, 0.7185652256011963, 0.42265546321868896, -0.19801069796085358, 0.8899983763694763, 0.41072434186935425], [0.29351723194122314, 0.7130510807037354, 0.3940034508705139, -0.060078173875808716, 0.9489712119102478, 0.3095872402191162], [0.27345937490463257, 0.6920655369758606, 0.45019665360450745, -0.05877237394452095, 0.8553664088249207, 0.5146787166595459], [0.2828670144081116, 0.7194114327430725, 0.4247623682022095, 0.07644188404083252, 0.8915978670120239, 0.446329265832901], [0.3102673888206482, 0.7373559474945068, 0.4009215235710144, 0.13832032680511475, 0.8758580684661865, 0.4623204469680786], [0.29922232031822205, 0.764812707901001, 0.43572694063186646, 0.23063452541828156, 0.7729097604751587, 0.5911160707473755], [0.28973188996315, 0.7367063164710999, 0.41546833515167236, 0.13419699668884277, 0.7561222314834595, 0.6405234932899475], [0.2878580689430237, 0.7142382264137268, 0.3967466354370117, -0.23877568542957306, 0.6686810255050659, 0.7041674852371216], [0.28596019744873047, 0.6583222150802612, 0.3891255259513855, -0.5474681854248047, 0.45554235577583313, 0.7019684314727783]], "Control Inputs 0": [[4.913347042611118, 9.831349895307195, 0.006603948733221071, -2.9899116640351857, 2.96501594939921], [4.90512136375426, 9.8270510877678, 0.006324903830186922, -2.899335979302242, 2.9203872333468635], [4.8452205545452856, 9.808056938981, 0.07145355028771619, -2.2628693347941793, 2.9623181377190235], [4.526814085746333, 9.810386353826253, 0.006741397308697916, -2.90182772567062, 2.9456079451122994], [-4.894898932259239, 9.822380336814014, 0.22900755427022215, 0.5191054341233801, 2.9793996281942228], [3.715580139498977, 9.831140081073436, 0.007661982098943006, -2.8865746873627396, 2.87800275893884], [1.2431115165844986, 9.675798867754374, 0.4406773260156176, 2.113686795162323, 2.943106513518618], [0.665521319837687, 9.691109346187112, 0.006675365696416545, 0.28126057220439504, 2.7727183509218207], [0.6831272424949884, -9.791872648296224, 0.016209673635489346, 1.5188844795378316, 2.935374360604416], [-4.722645230162432, 9.725530801786814, 0.007273088054051946, -0.5137835987517354, -2.867127143772777], [4.0246671938488525, 9.77075649829876, 0.11685903606929557, 1.7932344957436195, 2.8433604531871364], [1.337141766473466, 9.707075494100351, 0.004722664623359447, -0.32948394701591477, 2.8594507428978435], [-3.6312805290040644, -9.771903675458507, 0.006210462184373187, 2.336585695861525, -2.832802379523655], [4.799196590208362, 9.81710636993817, 0.006885805826533673, -0.3277925353324149, 2.8827659597255506], [-4.8970319850288515, 9.594750967207123, 0.5354830759125327, -0.1427830452507317, -0.6236781068267288], [-1.8207033837953959, 9.719082590477722, 0.6872838166446087, 2.8338417683950015, -2.944030213867764], [4.958224791131114, 9.705702164570294, 0.6106959395542584, -1.2917175886523364, 2.902293437507712], [-4.899578757524464, -6.328371318656238, 0.6952883786265286, -2.935995236756904, -2.9459218365555304], [-4.927714797201161, -9.768627600546841, 0.6937654855055558, 0.021373870076975, -2.9194502413189998], [-0.04012062519771842, -9.796324346037208, 0.6934958914166228, -2.944874337496739, -2.9418764101270076]], "Final Predicted Pose 0": [0.28596019744873047, 0.6583222150802612, 0.3891255259513855, -0.5474681854248047, 0.45554235577583313, 0.7019684314727783], "Predicted Translation Error 0": "1.1527864464242494cm", "Predicted Rotation Error 0": "tensor([0.9720], grad_fn=<DivBackward0>)"}