{"num_updates": "151", "penalty": "tensor(1213.1708, dtype=torch.float64, grad_fn=<AddBackward0>)", "Starting Pose": [0.17929470539093018, 0.08738204836845398, -0.19838596880435944, -0.24273079633712769, 0.2604772448539734, -0.901494026184082, 0.24605250358581543], "Starting Soft Arm States": [-39.5, 20.600000381469727, 10.0, 33.735267639160156, 23.41204261779785, 35.387908935546875], "Number of Trajectories": 1, "Final Desired Pose": [0.08560697734355927, 0.18312208354473114, -0.30229640007019043, -0.7584820985794067, -0.5402801632881165, 0.3644203841686249], "Predicted Trajectory 0": [[0.7742123138634022, 0.3329906416242438, 0.6385356188032704, -0.7610798478126526, 0.31717804074287415, 0.5658228993415833], [0.7616021037101746, 0.29545754194259644, 0.5869607925415039, -0.7709683179855347, 0.15823782980442047, 0.6169024705886841], [0.7206193804740906, 0.29018691182136536, 0.5493218898773193, -0.7165910601615906, 0.07788503170013428, 0.6931313872337341], [0.6803144812583923, 0.27430883049964905, 0.4780811071395874, -0.754197359085083, 0.0072227041237056255, 0.6566081047058105], [0.6245585083961487, 0.27114108204841614, 0.4249849021434784, -0.7748394012451172, -0.06511057168245316, 0.6287961006164551], [0.5626991987228394, 0.3252248764038086, 0.36610642075538635, -0.8553647994995117, 0.03929358720779419, 0.5165337920188904], [0.511168360710144, 0.3652474582195282, 0.33318716287612915, -0.8847342729568481, 0.1154618039727211, 0.4515681862831116], [0.4793338477611542, 0.42075392603874207, 0.3610239326953888, -0.7847853899002075, 0.23196610808372498, 0.5747204422950745], [0.5003959536552429, 0.4408057630062103, 0.3772594928741455, -0.7144400477409363, 0.26271387934684753, 0.6485034823417664], [0.5283993482589722, 0.462929368019104, 0.40230825543403625, -0.6697930097579956, 0.31312835216522217, 0.6732963919639587], [0.5335424542427063, 0.4406707286834717, 0.38633522391319275, -0.7459545731544495, 0.17906969785690308, 0.6414716839790344], [0.5290325880050659, 0.4800443649291992, 0.38237497210502625, -0.7630822658538818, 0.15350565314292908, 0.6278067827224731], [0.5435484051704407, 0.4676036834716797, 0.354703813791275, -0.8582755327224731, 0.017525188624858856, 0.5128898620605469], [0.547979474067688, 0.4585871398448944, 0.32415807247161865, -0.9212232828140259, -0.05846373364329338, 0.38461628556251526], [0.5528040528297424, 0.5026751756668091, 0.35742059350013733, -0.860506534576416, 0.0658799558877945, 0.5051616430282593], [0.5738484859466553, 0.4777134358882904, 0.3905985355377197, -0.81053626537323, 0.03693852946162224, 0.5845224261283875], [0.5665606260299683, 0.5087645053863525, 0.41383078694343567, -0.775132417678833, 0.14614617824554443, 0.6146633625030518], [0.558912992477417, 0.46056193113327026, 0.3923113942146301, -0.8320154547691345, -0.06482098251581192, 0.5509524941444397], [0.5747890472412109, 0.5148443579673767, 0.43543678522109985, -0.8074953556060791, 0.013070511631667614, 0.5897291302680969], [0.5961744785308838, 0.4447135627269745, 0.403691828250885, -0.8682772517204285, -0.24233785271644592, 0.43285906314849854], [0.627423107624054, 0.48668545484542847, 0.3991003930568695, -0.9362070560455322, -0.18061140179634094, 0.30148935317993164]], "Control Inputs 0": [[4.817952306879732, 5.717947803100426, 0.31634243398747175, -2.9943565119460755, -2.9962832819124037], [4.853098551913449, 1.2547138556382897, 0.6982081453059729, -2.9655062980751077, 2.9845191032362317], [4.7880141277821355, -1.7736035274642337, 0.1594765532428924, -2.982880960663068, 0.8656301947858429], [4.762809307133528, 5.3805772443534625, 0.6757955556657431, -2.977673108226419, 2.9797491060530854], [4.589770675312193, 9.09512486243769, 0.321182065859151, -2.945492801821029, 2.9846818590456303], [4.480736448452321, 9.96071109955636, 0.05309270379425897, 2.8643844952454165, 2.9799168697335423], [0.06329165759026267, 9.991062635871671, 0.09265592370321897, 2.9196864122220196, 2.9893084164934605], [-4.870282054128068, -6.50038173639058, 0.6899662151331925, 2.910863880079572, 2.966258259126775], [-2.834471786340346, -4.4588853675083095, 0.4570320737812228, -2.864647381932767, -2.91676699494236], [-0.5832056705649205, 7.437237162098526, 0.4827328753557719, -1.3005199061443102, -2.928424323899123], [-0.6276823628222283, 9.945326709291272, 0.39730536336834005, -2.776531563985468, -2.9418496716726064], [-3.0555187909953903, 2.4281214162074676, 0.001236471489239249, -2.9432219854821726, -2.942582944721022], [0.8229572230334874, 4.598991804696929, 0.00777048327035525, 1.1051428204147395, 2.9364446141906155], [-1.3399687217620548, 0.20552108995954654, 0.19292071356521182, 2.955095324224688, 2.95438602766756], [-4.498449151114674, -5.286923499700061, 0.308371017449354, 2.955000512147242, 2.9455728900148905], [4.851906415899903, 2.505520218064177, 0.0025826403949161256, -1.96520713071021, -2.8715584277841795], [-4.4383471428623915, 9.788157966311115, 0.44312983807177786, 2.966267049199259, -2.9402610810752927], [-1.08013316556867, -1.1870958519606276, 0.027614171051713515, -2.945534964125752, -2.9627937202401395], [-4.723282745619402, 5.8696232279603535, 0.3872442791594927, -2.921391359301454, -2.6490975835506485], [-4.787274216889121, 3.1448325332110922, 0.27039680913414676, -2.9311214040267046, -2.9473771540664733]], "Final Predicted Pose 0": [0.627423107624054, 0.48668545484542847, 0.3991003930568695, -0.9362070560455322, -0.18061140179634094, 0.30148935317993164], "Predicted Translation Error 0": "5.534460590521066cm", "Predicted Rotation Error 0": "tensor([0.9175], grad_fn=<DivBackward0>)"}