{"num_updates": "539", "penalty": "tensor(0., dtype=torch.float64, grad_fn=<AddBackward0>)", "Starting Pose": [-0.11145883798599243, 0.09820762276649475, -0.3463197350502014, -0.2795861065387726, 0.8266373872756958, -0.2629236578941345, 0.41154998540878296], "Starting Soft Arm States": [0.5, -74.0, 10.0, 13.860493659973145, 13.804191589355469, 35.40115737915039], "Number of Trajectories": 1, "Final Desired Pose": [-0.17295822501182556, 0.1645682156085968, -0.27731069922447205, -0.7407143115997314, 0.4797484576702118, 0.47030171751976013], "Predicted Trajectory 0": [[0.42074072956336167, 0.3671924595536004, 0.2587573382296526, -0.5049164295196533, -0.24582019448280334, 0.8274248242378235], [0.3864499032497406, 0.3565135896205902, 0.26446741819381714, -0.5418391227722168, -0.3282039761543274, 0.7737522125244141], [0.3296252489089966, 0.38378849625587463, 0.29548749327659607, -0.49130603671073914, -0.30918988585472107, 0.8142603635787964], [0.3040793538093567, 0.3907909691333771, 0.32912489771842957, -0.45200952887535095, -0.33805492520332336, 0.8254733681678772], [0.30384090542793274, 0.4038257598876953, 0.35265401005744934, -0.38248106837272644, -0.3479674756526947, 0.8559362292289734], [0.31000128388404846, 0.43746060132980347, 0.37102067470550537, -0.4123595654964447, -0.30772775411605835, 0.8574748635292053], [0.325496107339859, 0.45162978768348694, 0.39637890458106995, -0.35561639070510864, -0.30476152896881104, 0.8835482001304626], [0.33219319581985474, 0.48886820673942566, 0.4082668423652649, -0.41711997985839844, -0.23484739661216736, 0.8779850006103516], [0.3411487340927124, 0.5175734162330627, 0.42197534441947937, -0.43471014499664307, -0.17202810943126678, 0.8839872479438782], [0.34299740195274353, 0.5402392148971558, 0.42661038041114807, -0.49831491708755493, -0.10095929354429245, 0.8610978722572327], [0.34502702951431274, 0.5688165426254272, 0.4365825057029724, -0.517858624458313, -0.012230126187205315, 0.8553788065910339], [0.3454776704311371, 0.5786245465278625, 0.43489140272140503, -0.570634663105011, 0.0017799731576815248, 0.8212021589279175], [0.3454308807849884, 0.5749084949493408, 0.43144604563713074, -0.6105199456214905, 0.034223929047584534, 0.7912610769271851], [0.34492847323417664, 0.5833291411399841, 0.43452534079551697, -0.6078242659568787, 0.16837716102600098, 0.7760146260261536], [0.3371601998806, 0.5803766846656799, 0.4496610164642334, -0.5747743248939514, 0.22608494758605957, 0.7864605188369751], [0.34980079531669617, 0.5786734819412231, 0.4394901394844055, -0.5918681025505066, 0.24976176023483276, 0.7663623690605164], [0.35905230045318604, 0.5877735018730164, 0.4380311369895935, -0.6023096442222595, 0.2943345904350281, 0.7420177459716797], [0.34914037585258484, 0.5647025108337402, 0.4431525468826294, -0.612127423286438, 0.25255095958709717, 0.7493451237678528], [0.347292423248291, 0.5797250270843506, 0.44622617959976196, -0.6057870388031006, 0.3158218264579773, 0.730259358882904], [0.34279802441596985, 0.568311870098114, 0.441275954246521, -0.639062225818634, 0.32621845602989197, 0.6965494155883789], [0.34327584505081177, 0.5801692605018616, 0.42576777935028076, -0.6804885268211365, 0.4143944978713989, 0.6043281555175781]], "Control Inputs 0": [[4.977916802720575, 9.802738863431014, 0.002910560002495903, 2.5826487970972725, 2.9998388962140936], [4.374520648205769, 9.806910113453295, 0.005669730110125774, 2.761241835115098, 2.0559070689376675], [-2.7480848637238298, 9.804149148877244, 0.00507274247475309, 2.937036664613272, 2.964130271632021], [1.0151308604229463, 9.815861790051557, 0.005874018818916207, 0.8005763740175227, 2.9431912896215353], [-3.116931239404135, 9.82873317801685, 0.005240109593854233, 2.9509364729483263, 2.9140433338310707], [0.3621402971924743, 9.762949262975546, 0.005617262450443845, -0.33243975825298167, 2.4612992389879187], [-0.7726995364802045, 9.65079878652623, 0.00533250238783544, 0.43987724217641766, 2.90969578634221], [0.5561930844462086, 9.796812803453662, 0.006531520792192098, -0.9989802905968888, 1.6126049572700936], [0.5651224754071125, 5.688287700055453, 0.0387179600340799, -0.35196532170413386, 2.12710325636509], [0.6457774243897054, 9.857184464965059, 0.01047827049490619, -0.8011341396825351, 0.051978133094243706], [0.28457750690434924, 9.812572713512122, 0.08121497753189948, -0.08334356499251339, -0.4917382319860355], [0.15432755283989952, -3.0145784240616678, 0.020648430591246818, -0.9257638999228717, 2.941685708958329], [0.5500105561558408, -7.454381724606705, 0.006809490714920085, 0.5158818234902052, 2.94086584892505], [2.2598824738038896, -2.807021481505412, 0.006520905524940361, -0.05998455247042278, 1.1709425656690762], [-4.89363058251027, 0.46785444910591245, 0.0038432520360008873, 0.6940662751214508, -0.08970044128223797], [1.794932133900896, -1.952857602800142, 0.0007731375072206695, 0.00041932761706542365, -1.0059879260534896], [1.2848965100438345, -4.026403989983792, 0.010211902653064577, -0.13638054666242283, 1.3328302248492792], [0.20620783316133195, -2.5912579413060044, 0.09720835427511822, -0.9268148828568283, 0.23927286838427042], [0.3043989299570127, -5.645803295754686, 0.2841389184940255, -1.2861551608483444, 2.9379226515630013], [-0.26476133251291056, -9.655234425535276, 0.006680501568304551, -2.9261430488075897, -1.4861833815135284]], "Final Predicted Pose 0": [0.34327584505081177, 0.5801692605018616, 0.42576777935028076, -0.6804885268211365, 0.4143944978713989, 0.6043281555175781], "Predicted Translation Error 0": "0.46550558563900546cm", "Predicted Rotation Error 0": "tensor([0.9871], grad_fn=<DivBackward0>)"}