{"num_updates": "5450", "penalty": "tensor(0., dtype=torch.float64, grad_fn=<AddBackward0>)", "Starting Pose": [-0.07024119049310684, 0.17650577425956726, -0.34674152731895447, 0.12825706601142883, -0.24804268777370453, -0.9188895225524902, -0.2786880135536194], "Starting Soft Arm States": [-2.5, -1.899999976158142, 10.0, 8.839638710021973, 35.12627029418945, 19.47418212890625], "Number of Trajectories": 1, "Final Desired Pose": [0.12083182483911514, 0.09385081380605698, -0.33521735668182373, -0.4783864915370941, -0.1988532692193985, 0.8553383946418762], "Predicted Trajectory 0": [[0.4708493782533065, 0.6145640098388128, 0.2576745053737644, -0.8117662072181702, -0.575793445110321, -0.09745509922504425], [0.4520581364631653, 0.6355505585670471, 0.23184017837047577, -0.913289487361908, -0.35964322090148926, -0.19120420515537262], [0.45816683769226074, 0.6202250123023987, 0.2039451003074646, -0.9341971278190613, -0.15961013734340668, -0.3190617561340332], [0.47627291083335876, 0.5530891418457031, 0.21563690900802612, -0.9394429326057434, -0.2387615591287613, -0.24584519863128662], [0.5168742537498474, 0.5401651263237, 0.21113274991512299, -0.917721152305603, -0.27550753951072693, -0.28615280985832214], [0.5661840438842773, 0.48767268657684326, 0.2198198139667511, -0.8837250471115112, -0.33391591906547546, -0.32791805267333984], [0.606810450553894, 0.5018296837806702, 0.25986215472221375, -0.9096832275390625, -0.3143988251686096, -0.27134808897972107], [0.6650537848472595, 0.45738711953163147, 0.2708916962146759, -0.8361765742301941, -0.41490092873573303, -0.3587004244327545], [0.6889417171478271, 0.449569433927536, 0.2921764552593231, -0.8475573658943176, -0.3636055290699005, -0.38657140731811523], [0.6886846423149109, 0.44424673914909363, 0.3022201657295227, -0.8649272322654724, -0.3591175973415375, -0.35062146186828613], [0.6964429616928101, 0.42234286665916443, 0.2892738878726959, -0.8278863430023193, -0.3855953514575958, -0.4073333442211151], [0.6929308772087097, 0.40123042464256287, 0.2942110002040863, -0.8304150104522705, -0.39067408442497253, -0.39722123742103577], [0.6950004696846008, 0.3535548448562622, 0.2990756332874298, -0.785993754863739, -0.48865580558776855, -0.37872061133384705], [0.6965982913970947, 0.3706532418727875, 0.28842058777809143, -0.7900583744049072, -0.4314451813697815, -0.4355028569698334], [0.6837296485900879, 0.3429742455482483, 0.26635682582855225, -0.7641519904136658, -0.4525516629219055, -0.45963969826698303], [0.6516833901405334, 0.35824236273765564, 0.27922484278678894, -0.8874282240867615, -0.38016748428344727, -0.26066040992736816], [0.6524726152420044, 0.3344218134880066, 0.27409401535987854, -0.863860011100769, -0.46863898634910583, -0.18472543358802795], [0.6202072501182556, 0.4134310185909271, 0.30218008160591125, -0.9618988633155823, -0.27086740732192993, 0.03716591000556946], [0.6251882314682007, 0.30919349193573, 0.330900102853775, -0.8094796538352966, -0.5438008308410645, 0.22141185402870178], [0.6081023812294006, 0.43066051602363586, 0.3629363179206848, -0.9025441408157349, -0.22319228947162628, 0.3682381212711334], [0.5957242250442505, 0.3568342328071594, 0.38781648874282837, -0.723511278629303, -0.3532902002334595, 0.5930576920509338]], "Control Inputs 0": [[-4.950875465574444, 9.957764163273112, 0.6839702336076564, -1.1324740856248952, -2.9869314212032028], [-4.974773524434612, -9.717396865688302, 0.6772585947192195, 1.1032694768769709, -2.9913400684916467], [-4.924112209616605, -9.748194499401015, 0.0061612723656126606, -0.6526816821941819, -2.9648848110152586], [-4.876099867220444, -9.690101755008687, 0.665790271163675, -0.7394646078064944, -2.906058065102137], [-4.740380023826076, -9.15818424498339, 0.02102899843691354, 2.910033111612287, 2.7060657333646887], [-4.72479481345737, -8.038270745614684, 0.002938514388604537, -1.2085013860591274, -2.8719082186349834], [-4.217215230571066, -5.565543390710361, 0.006718775700043696, -0.7513098563123584, -2.8655737312339924], [-0.01469067631243437, -8.451905947032888, 0.019380685286805914, 1.8417679037348291, 2.818964609326038], [0.057256431748792025, -4.662940438975554, 0.010961301074615307, -1.984109617810899, -2.910907880819418], [1.588253081675262, -3.415542961785081, 0.008190309449049929, -0.41498726736412594, -2.759110181970103], [-0.2682509692729269, -5.955965955313729, 0.001515078171261591, 0.8986442624252051, -2.628199446988483], [1.5013398658961874, -1.3373836417745615, 0.006602810403528701, -1.017221776516136, -2.9254297008433143], [0.6668219944977904, 0.569307976012519, 0.006067165219685113, -0.2758568048865797, -2.3081350057955023], [4.849692108236921, -3.254462256259023, 0.003627664931526004, 2.828828535077349, 2.960062091807205], [-4.923119567411791, -5.6855908099890815, 0.6986835504482246, 2.9654008603709663, 2.93844239703785], [4.915192795968762, 1.8784915726027673, 0.00296702814326252, 2.967087442005238, 2.935596137751289], [-4.782578932694068, -2.4934904690061126, 0.697802416651512, 2.8303004478570255, -2.867090479002528], [3.9964119601390653, -2.7293610079196693, 0.049259169894081176, 2.858823856348546, 2.9551246886486773], [-4.980345986419633, 7.79324661598649, 0.6924532937492824, 2.982524994902045, -2.2505683654374558], [4.8920406677456825, -9.572474408057083, 0.6987625059883789, 2.856154806923076, 2.9424365319120165]], "Final Predicted Pose 0": [0.5957242250442505, 0.3568342328071594, 0.38781648874282837, -0.723511278629303, -0.3532902002334595, 0.5930576920509338], "Predicted Translation Error 0": "9.665440495731001cm", "Predicted Rotation Error 0": "tensor([0.9236], grad_fn=<DivBackward0>)"}