{"num_updates": "1055", "penalty": "tensor(0., dtype=torch.float64, grad_fn=<AddBackward0>)", "Starting Pose": [-0.09408396482467651, 0.08026757836341858, -0.3592012822628021, -0.5498939156532288, 0.6070232391357422, 0.49597010016441345, 0.2883628010749817], "Starting Soft Arm States": [0.6000000238418579, -69.4000015258789, 10.0, 20.222673416137695, 1.7124077081680298, 35.394535064697266], "Number of Trajectories": 1, "Final Desired Pose": [-0.37659314274787903, 0.12573650479316711, -0.18390226364135742, -0.8418908715248108, -0.4756641685962677, 0.25487902760505676], "Predicted Trajectory 0": [[0.4418635123573823, 0.31051351488442597, 0.22568759373738134, -0.2289271354675293, -0.9536354541778564, -0.19537603855133057], [0.41732141375541687, 0.31627336144447327, 0.2713136672973633, -0.34413984417915344, -0.9089418053627014, -0.23535646498203278], [0.37288588285446167, 0.33222532272338867, 0.3171999752521515, -0.3814167082309723, -0.8977523446083069, -0.22036808729171753], [0.3287022113800049, 0.3303934335708618, 0.3704049289226532, -0.38072100281715393, -0.9147809147834778, -0.13500837981700897], [0.2834039628505707, 0.35700178146362305, 0.4260939061641693, -0.4317469596862793, -0.9010179042816162, -0.04196777194738388], [0.24059653282165527, 0.37677550315856934, 0.48623839020729065, -0.49376848340034485, -0.8686055541038513, 0.041439179331064224], [0.20240528881549835, 0.38999173045158386, 0.5578174591064453, -0.49614983797073364, -0.8560760617256165, 0.14480726420879364], [0.16496135294437408, 0.42510947585105896, 0.6146336793899536, -0.5717054009437561, -0.7837954163551331, 0.24252375960350037], [0.13845142722129822, 0.42467832565307617, 0.6558086276054382, -0.5926952362060547, -0.7425252795219421, 0.31203940510749817], [0.12229466438293457, 0.43099698424339294, 0.6873067617416382, -0.5695858597755432, -0.7400718331336975, 0.35758310556411743], [0.11110153049230576, 0.4416499733924866, 0.6876271367073059, -0.5897637605667114, -0.7462945580482483, 0.3085823357105255], [0.10471484065055847, 0.44741982221603394, 0.6695376634597778, -0.6547942757606506, -0.7094128727912903, 0.26072534918785095], [0.1023443192243576, 0.45059701800346375, 0.68844074010849, -0.6444728970527649, -0.6818878054618835, 0.34595340490341187], [0.09537332504987717, 0.46396973729133606, 0.6655693054199219, -0.7281743884086609, -0.6478946208953857, 0.22359472513198853], [0.1001751646399498, 0.44419318437576294, 0.6781608462333679, -0.6762486696243286, -0.6877411007881165, 0.2640073001384735], [0.10234732925891876, 0.4489266872406006, 0.6750254034996033, -0.6371279954910278, -0.6723859906196594, 0.37678247690200806], [0.10560674220323563, 0.4577881991863251, 0.6812568306922913, -0.5987708568572998, -0.6495014429092407, 0.46863770484924316], [0.10350382328033447, 0.4514962136745453, 0.6791581511497498, -0.6103325486183167, -0.6662176847457886, 0.42854198813438416], [0.1051107719540596, 0.4648190438747406, 0.6543903946876526, -0.7246151566505432, -0.6007018685340881, 0.3377722501754761], [0.09625755250453949, 0.4410695433616638, 0.6610878109931946, -0.7380121350288391, -0.6412320733070374, 0.21014171838760376], [0.09205272793769836, 0.45790645480155945, 0.6761351227760315, -0.802798330783844, -0.565039873123169, 0.1903807520866394]], "Control Inputs 0": [[4.948157533479941, 9.824465365761988, 0.008453444512935587, 2.912721123453246, 2.9448446024809654], [4.940800760161721, 6.260815906171722, 0.012603066379917595, 2.9394821006485383, 2.932215824786854], [4.889023054824946, 4.799381087705038, 0.00572226895623138, 1.0642176344118175, 2.8935378903722144], [4.859565546876386, 9.602438989897518, 0.009204601043225192, 0.10852262719566008, 2.859157782440926], [4.928650991775527, 9.819539499773974, 0.005643144266685161, 2.9374617089453707, 2.8615490408713224], [4.805713679931248, 9.809495835459106, 0.007062683843689884, -2.1866820613405955, 2.3842323958597245], [4.853125984758183, 9.812248455150861, 0.007067503621733308, -2.7760133846763493, 0.6362671963746247], [3.315941439245636, -0.6584450474791357, 0.28152258100661365, -1.6539887226265728, 2.8947594532053937], [1.4428041388958208, 0.033587862404953484, 0.008358292428678844, -2.939760763260568, -0.7670602516257627], [0.279738591639755, 9.793805068727679, 0.3360385810483525, -2.94012306726571, -0.10651114901520664], [-0.05290462902683757, 9.797331378406415, 0.4177760396175887, 1.4250416319700117, 2.9379630722365437], [0.39238381577928205, 5.0629566424853625, 0.007355395233897027, -2.9364053604855416, -2.0629338997518762], [-0.13823091437467205, 7.2583383404084145, 0.007626537790816618, 1.38821232771277, -0.5661010035952203], [-1.0839850947890315, 4.486314408410562, 0.31427625653038255, 1.381660276489093, 2.9376690386643993], [-1.9098031762096248, 1.733405029958659, 0.4197387681800874, 1.7256964540550763, 2.937592132073145], [0.0834935622720625, 5.981904838305766, 0.007495999523128049, 0.8662925926933998, -2.861441220386986], [-0.7149781475121042, 9.812186464581796, 0.10480426177525545, -2.9374264407188933, -1.1927899226018752], [-1.3140643635727307, 3.3922511998656724, 0.037829096306076976, -0.9264164932408416, -1.5260580182585934], [4.851561119875969, 9.810980032737682, 0.013004610056370049, -0.4710142283971255, -2.8991159820953856], [-4.9817524228962204, 7.664877260842367, 0.17582989034175317, -2.938483612153424, -2.8805227740792767]], "Final Predicted Pose 0": [0.09205272793769836, 0.45790645480155945, 0.6761351227760315, -0.802798330783844, -0.565039873123169, 0.1903807520866394], "Predicted Translation Error 0": "0.536783047252426cm", "Predicted Rotation Error 0": "tensor([0.9932], grad_fn=<DivBackward0>)"}