{"num_updates": "332", "penalty": "tensor(0., dtype=torch.float64, grad_fn=<AddBackward0>)", "Starting Pose": [-0.26969295740127563, 0.19635967910289764, -0.26395025849342346, -0.5572501420974731, -0.6159751415252686, 0.5047194957733154, -0.23517033457756042], "Starting Soft Arm States": [28.600000381469727, 71.4000015258789, 10.0, 28.585247039794922, 34.963985443115234, 11.883283615112305], "Number of Trajectories": 1, "Final Desired Pose": [-0.22368526458740234, 0.19082970917224884, -0.26782476902008057, -0.20359177887439728, 0.9456460475921631, 0.2535822093486786], "Predicted Trajectory 0": [[0.22837414915840806, 0.6772895164651633, 0.4702177706403045, -0.26833435893058777, 0.9238946437835693, -0.27279186248779297], [0.231968954205513, 0.6825897693634033, 0.4669564366340637, -0.2416379153728485, 0.9492043852806091, -0.20154935121536255], [0.2501833736896515, 0.6796013712882996, 0.44965484738349915, -0.22832046449184418, 0.9619529843330383, -0.15005435049533844], [0.26823723316192627, 0.670083224773407, 0.4444926679134369, -0.20223870873451233, 0.9793297648429871, 0.0035761063918471336], [0.27033016085624695, 0.6544434428215027, 0.4498460590839386, -0.25925585627555847, 0.9560635685920715, 0.13685327768325806], [0.26967012882232666, 0.6590279936790466, 0.44411802291870117, -0.29270321130752563, 0.9356537461280823, 0.19717258214950562], [0.2732243537902832, 0.6736078262329102, 0.4541923403739929, -0.2633807063102722, 0.9312673807144165, 0.25173744559288025], [0.27278605103492737, 0.6786519289016724, 0.45940375328063965, -0.2389780730009079, 0.925089418888092, 0.29512545466423035], [0.28024980425834656, 0.6592281460762024, 0.4629460275173187, -0.3008330762386322, 0.8714860081672668, 0.3873131573200226], [0.29546186327934265, 0.6549481749534607, 0.45374631881713867, -0.31034812331199646, 0.8732103705406189, 0.3757495582103729], [0.287893682718277, 0.6431849002838135, 0.46248722076416016, -0.35014015436172485, 0.8363326787948608, 0.42184075713157654], [0.2845357358455658, 0.6638286113739014, 0.4628443717956543, -0.331579327583313, 0.8477028012275696, 0.41407135128974915], [0.28669503331184387, 0.6685253381729126, 0.4610494375228882, -0.3128453493118286, 0.8566281199455261, 0.4102635383605957], [0.2857576310634613, 0.6600314378738403, 0.4621938169002533, -0.3017708957195282, 0.8506765365600586, 0.4304458200931549], [0.2862650156021118, 0.6624115705490112, 0.4622320830821991, -0.274140864610672, 0.8600299954414368, 0.4303430914878845], [0.28664153814315796, 0.656062126159668, 0.464273601770401, -0.26747286319732666, 0.8715073466300964, 0.4110148549079895], [0.2882879972457886, 0.6581236720085144, 0.4614652097225189, -0.25364595651626587, 0.9000176191329956, 0.3544462323188782], [0.2854529917240143, 0.6649813652038574, 0.4677768051624298, -0.23568084836006165, 0.906341016292572, 0.35071414709091187], [0.27863308787345886, 0.6669698357582092, 0.4524115025997162, -0.26912784576416016, 0.9166690111160278, 0.29544568061828613], [0.2730119824409485, 0.6592946648597717, 0.4718645513057709, -0.2512296438217163, 0.9089478850364685, 0.3327123522758484], [0.28511109948158264, 0.6571635603904724, 0.457327276468277, -0.2718285620212555, 0.9134278893470764, 0.3029172122478485]], "Control Inputs 0": [[-2.971725912213255, -0.5983755899919316, 0.0016227691889254801, -0.6108758172152813, -1.9774732387458858], [-4.6661443791476716, -5.766743021590046, 0.3917367198219127, 0.4067853226776825, -2.053748748820581], [-2.4797151582618775, -7.11835975876849, 0.006841409009271885, -0.6154971009825845, -1.6728424748842112], [-0.05277372664816138, -1.4027985937172982, 0.3159655874284299, -2.967821526828426, -1.2842021700819926], [0.31942079791361433, 2.6593402781884894, 0.0892586724542478, 0.43895345053880863, -0.7281217290635467], [-0.011585993927978322, 3.4402593192275734, 0.007589992378925841, -0.807316960476308, -0.6021372860265433], [0.2981370849633924, 3.6807588846734305, 0.04820099219625252, 0.017818953844874308, -2.9394630857647606], [-4.899123292165173, -7.713524506651504, 0.38955702026473943, 0.8648471557391235, 1.9418198967151712], [0.3229781222361803, -5.54333318312173, 0.19135228203185262, -0.8816696649539835, -0.15152082097306918], [1.7034698368255032, 1.494917773754759, 0.3310745179204324, -1.0787639382051168, 0.1891354941676604], [0.6585927374437928, 4.388626808574658, 0.27341475821900246, -0.39877762215362456, 0.1506167385116628], [-0.8366174683441354, -2.6196108778321348, 0.00526791148427545, -0.4098107068262693, -0.018000783960906652], [0.36691182307761316, -0.6608352607671257, 0.004225801345974349, 0.030916974008015075, 0.37458840602341503], [-0.6592879817866963, -3.6916382272638906, 0.19584027125699024, 0.5922552774524728, 1.1326541720817662], [0.013607793946116331, -7.500240440198908, 0.24246861701707986, 0.9209122204938138, 2.936730420546021], [0.32647819540451906, -2.4777597660426904, 0.005017977256919838, 0.504000260169772, -0.2567063235366849], [0.9332778117649072, 3.9241243218122186, 0.3718440198613099, -2.9415158768086016, -0.7385105575742417], [0.30879653424110387, -4.860187276982596, 0.021395202299072526, 1.2361884960467977, -0.039538743120486775], [0.7738375218049578, 1.2468923147991386, 0.3596416480282706, 0.11065750895461157, -0.8719908893230124], [-4.906704215306788, -1.2582818874580557, 0.20764456338413836, 2.942426999552163, 2.9898971990479]], "Final Predicted Pose 0": [0.28511109948158264, 0.6571635603904724, 0.457327276468277, -0.2718285620212555, 0.9134278893470764, 0.3029172122478485], "Predicted Translation Error 0": "0.15682655690234568cm", "Predicted Rotation Error 0": "tensor([0.9959], grad_fn=<DivBackward0>)"}