{"num_updates": "780", "penalty": "tensor(382.7263, dtype=torch.float64, grad_fn=<AddBackward0>)", "Starting Pose": [-0.11145883798599243, 0.09820762276649475, -0.3463197350502014, -0.2795861065387726, 0.8266373872756958, -0.2629236578941345, 0.41154998540878296], "Starting Soft Arm States": [0.5, -74.0, 10.0, 13.860493659973145, 13.804191589355469, 35.40115737915039], "Number of Trajectories": 1, "Final Desired Pose": [-0.10722073912620544, 0.19076471030712128, -0.33972713351249695, -0.7237952351570129, -0.40605342388153076, 0.5578898787498474], "Predicted Trajectory 0": [[0.42074072956336167, 0.3671924595536004, 0.2587573382296526, -0.5049164295196533, -0.24582019448280334, 0.8274248242378235], [0.38293009996414185, 0.36804214119911194, 0.2277860790491104, -0.7101713418960571, -0.34578409790992737, 0.613261878490448], [0.3599315583705902, 0.409433513879776, 0.21327345073223114, -0.8185009956359863, -0.34913334250450134, 0.4562477469444275], [0.38736939430236816, 0.4298539161682129, 0.18929634988307953, -0.8806667923927307, -0.36939504742622375, 0.2966030538082123], [0.4033272862434387, 0.4637574553489685, 0.1858685165643692, -0.9261036515235901, -0.2997358739376068, 0.22910825908184052], [0.41724616289138794, 0.4958547055721283, 0.19090144336223602, -0.9546066522598267, -0.20974919199943542, 0.21149782836437225], [0.42784667015075684, 0.519770622253418, 0.2170383334159851, -0.9353957176208496, -0.13833272457122803, 0.3254213333129883], [0.4268973171710968, 0.554474949836731, 0.2308865189552307, -0.9241320490837097, -0.01957128383219242, 0.38157162070274353], [0.4193321168422699, 0.5420730113983154, 0.2472822666168213, -0.8879104852676392, 0.00503038614988327, 0.4599888324737549], [0.4184626340866089, 0.5145666003227234, 0.230662539601326, -0.9412301778793335, -0.04656829684972763, 0.3345399498939514], [0.42436525225639343, 0.5502578020095825, 0.224751815199852, -0.9601709842681885, -0.0003576367162168026, 0.2794126570224762], [0.4108442962169647, 0.6150246858596802, 0.24487604200839996, -0.8898859024047852, 0.19082221388816833, 0.41435474157333374], [0.40702393651008606, 0.6044513583183289, 0.2701027989387512, -0.837058961391449, 0.197752445936203, 0.5101238489151001], [0.41211938858032227, 0.6110749244689941, 0.25121158361434937, -0.8871159553527832, 0.14511573314666748, 0.4381400942802429], [0.41100063920021057, 0.6633771657943726, 0.2873043417930603, -0.7612521648406982, 0.3106989860534668, 0.5691759586334229], [0.408286452293396, 0.6217324137687683, 0.27468976378440857, -0.7910744547843933, 0.2105017602443695, 0.5743607878684998], [0.4176267981529236, 0.6276232004165649, 0.2925011217594147, -0.7664622664451599, 0.18408653140068054, 0.6153436899185181], [0.4132571518421173, 0.6253151297569275, 0.29299476742744446, -0.753217875957489, 0.05669175088405609, 0.6553235650062561], [0.4211146831512451, 0.635567307472229, 0.3247978985309601, -0.7227790951728821, 0.08493868261575699, 0.6858394145965576], [0.43043017387390137, 0.5882444977760315, 0.28788134455680847, -0.7679362297058105, -0.23241020739078522, 0.5968747138977051], [0.43336221575737, 0.6320760846138, 0.28301864862442017, -0.805243968963623, -0.16051743924617767, 0.5708032250404358]], "Control Inputs 0": [[4.796434818383082, 9.807682611313954, 0.004234380616200291, -2.911116413466956, 2.985597226334095], [-4.901288809619246, 9.827079698799675, 0.48009260878062143, -0.6466607574949164, 2.9796503794522193], [-4.0485728612098955, 9.93044181995769, 0.0020507648260951186, -0.4340704340840995, 2.987591432130573], [-1.2493165881555979, 9.813713578408187, 0.4158283581670305, 0.23529889709123886, 2.9932360182235653], [-1.6485115919636755, 9.813287989309028, 0.1432002385482768, 2.9294720919587522, 2.997413655801515], [-0.8468424648525277, 9.854640467380733, 0.004111163774223891, 1.1365238291423498, 2.9993599291178628], [1.6107575562161456, 9.833549368382677, 0.05270606093838088, 1.6793261925553402, 2.9081776860013573], [-1.92156023745979, -9.796633795954238, 0.5335313818987903, -2.041997578922529, 2.9667976783807815], [-1.225683788783484, -9.742821679174803, 0.3795440450165684, -2.130903668952146, 2.863213442588096], [-0.3912875760878203, 9.670205411022579, 0.5150233924145072, 2.0444231736642564, 2.964908995581606], [4.898623954115642, 9.80508019953955, 0.4554592744056476, 2.0287366048961193, 2.9779423377162226], [-4.797918868830747, -9.798866071130718, 0.04499033036003454, -0.3208948672528389, 1.3085585046494135], [4.19823301338203, 9.799133873414615, 0.0980061437906941, 1.7535121708892794, 2.8346399611490476], [-1.2016719986977078, -9.793171879724193, 0.37695961994573024, 1.3290116665552887, 2.945681274652798], [-2.181625096453179, -9.804239152134564, 0.44977309619595207, 2.9335626069830685, 0.8495456283563452], [-0.42175831019296783, -1.442873112365202, 0.00949970991381139, 0.3925084127213885, -2.877787515148988], [3.034515041514247, 9.620715478634757, 0.5516628174067638, 1.9628078640541933, -2.6208715008097108], [-4.88921854430074, -9.817261493096165, 0.09986939422425313, -2.826186493754574, -2.908665869242675], [4.9012974637448234, 9.810677232650328, 0.5792794925091304, -2.840612967526906, -2.945674125790676], [-4.904910830355192, 9.811218458003317, 0.370434857828087, 0.16257087806142634, -2.945753100364399]], "Final Predicted Pose 0": [0.43336221575737, 0.6320760846138, 0.28301864862442017, -0.805243968963623, -0.16051743924617767, 0.5708032250404358], "Predicted Translation Error 0": "1.1040083899183986cm", "Predicted Rotation Error 0": "tensor([0.9665], grad_fn=<DivBackward0>)"}