{"num_updates": "1259", "penalty": "tensor(494.9930, dtype=torch.float64, grad_fn=<AddBackward0>)", "Starting Pose": [-0.3737664520740509, 0.08014781028032303, -0.20873697102069855, -0.10561268776655197, 0.8927318453788757, -0.43155860900878906, 0.0750526413321495], "Starting Soft Arm States": [39.20000076293945, 66.9000015258789, 10.0, 7.822881698608398, 12.499299049377441, 35.411094665527344], "Number of Trajectories": 1, "Final Desired Pose": [-0.0866614282131195, 0.1431894451379776, -0.29078760743141174, -0.7856394648551941, -0.05227482318878174, 0.6164721846580505], "Predicted Trajectory 0": [[0.1018511062459497, 0.3101351251545911, 0.611962335882844, -0.9664261341094971, -0.12378840148448944, 0.2251599133014679], [0.12634627521038055, 0.2613354027271271, 0.5471549034118652, -0.9329036474227905, -0.35778743028640747, 0.04097377508878708], [0.15242193639278412, 0.2618987560272217, 0.5132008790969849, -0.8526882529258728, -0.5221579074859619, -0.016550464555621147], [0.17595867812633514, 0.31196632981300354, 0.4874647855758667, -0.8587391376495361, -0.5080896019935608, 0.06642353534698486], [0.20480160415172577, 0.3540385663509369, 0.4373628795146942, -0.8714614510536194, -0.4800805151462555, 0.1003873199224472], [0.24123334884643555, 0.3893679976463318, 0.41045939922332764, -0.8526883721351624, -0.46038174629211426, 0.24692338705062866], [0.2720964550971985, 0.3612671196460724, 0.355630487203598, -0.817165195941925, -0.5454384088516235, 0.18638122081756592], [0.30401501059532166, 0.4560680687427521, 0.3239933252334595, -0.9461415410041809, -0.2650313079357147, 0.18594223260879517], [0.3393806219100952, 0.4715789258480072, 0.27717113494873047, -0.9879468083381653, -0.13870054483413696, 0.06872603297233582], [0.3781220316886902, 0.5464414358139038, 0.28522422909736633, -0.9692040085792542, 0.1704326719045639, 0.17775331437587738], [0.3951661288738251, 0.45735806226730347, 0.28612834215164185, -0.9654446244239807, -0.0014956429367884994, 0.2606038451194763], [0.4291963279247284, 0.5065625905990601, 0.3062911629676819, -0.9041038155555725, 0.17318403720855713, 0.3906450569629669], [0.46277952194213867, 0.5194995999336243, 0.32393354177474976, -0.826607346534729, 0.2878724932670593, 0.4835801422595978], [0.45103567838668823, 0.4833680987358093, 0.3423634171485901, -0.7983562350273132, 0.17285513877868652, 0.5768434405326843], [0.44054335355758667, 0.5347306132316589, 0.3802715241909027, -0.7350433468818665, 0.22005197405815125, 0.6413177251815796], [0.44570714235305786, 0.48625990748405457, 0.3853852450847626, -0.7747033834457397, 0.10817200690507889, 0.6230035424232483], [0.44029611349105835, 0.5237086415290833, 0.3887767493724823, -0.7510150671005249, 0.26474130153656006, 0.6048871874809265], [0.4418966472148895, 0.5324450731277466, 0.3885740339756012, -0.7522140741348267, 0.30929288268089294, 0.5818176865577698], [0.46654200553894043, 0.49676597118377686, 0.3592664301395416, -0.8370351195335388, 0.24369393289089203, 0.4898831248283386], [0.46801358461380005, 0.5410560965538025, 0.37337416410446167, -0.735592246055603, 0.36883774399757385, 0.5682100653648376], [0.44790297746658325, 0.4784185588359833, 0.4006461203098297, -0.7445321083068848, 0.171375572681427, 0.6452149152755737]], "Control Inputs 0": [[-4.896362852845597, -9.547747398265988, 0.005328246223403326, 2.2756759128400406, 2.965337883967252], [-4.90808006006148, 9.238433944726488, 0.0003530628291295776, 1.4508101234942234, 2.955932386709386], [-4.869617525146341, 9.27759648673334, 0.0018881727486151814, -0.015001588443509739, 2.959124904509129], [-4.828066204732995, 7.744421890089789, 0.009289416728146803, 2.950285310756053, 2.948766123224785], [-4.980370136920767, -9.461182486087742, 0.007161003397257008, -0.0713956332178678, 2.962409352513302], [-4.852017808424702, 2.1683809318248795, 0.0009640910069427862, -1.663564831894007, 2.944401405892296], [-4.854511727966738, 2.184493711276483, 0.014887190542846334, -1.4774957721241833, 2.8823925156266226], [-4.725319764796002, 9.633541565799582, 0.01535775370211521, 2.90518732000122, 2.9407914462693245], [-3.0719058902521477, -9.564043988695817, 0.016269697505464288, 2.973211944426846, 2.8348191713919233], [-2.179246788087983, -9.538796615762475, 0.027613340325741805, 2.852502574143559, 2.8629251322971614], [-4.887610778325741, 4.247213207147654, 0.04327716964338982, 2.9976523513039606, 2.9093123265011656], [-0.9726080433522597, -9.52082415649287, 0.011435338653828763, 2.884453528680119, -0.3223616593430396], [3.731745837807745, 9.864399213503166, 0.06732071470190629, 2.933779780307635, -2.9452267485239347], [0.20308287432642036, 4.323583203983148, 0.05886977596451971, -0.7191127481558617, -2.9452393296821406], [-0.898350016305292, -8.711594722935992, 0.03736251828036108, -2.8180673598923502, 2.752021177542442], [4.765524562395999, 1.503588108539569, 0.4552937561743027, -1.3730667088827018, 2.7328149189181703], [-3.468921772002445, -9.809415904833738, 0.6827280945169725, -2.902980273806407, -0.877348238240296], [-4.898721825900731, -9.814361738937752, 0.5788470552309752, 2.7798604226555845, 2.934633553392845], [4.889289034145628, -9.808771839957968, 0.6977904625570259, 2.6825792955999948, -2.943841999517438], [-4.904197604346774, 9.811338862762462, 0.6537219440195051, -2.8653037095943534, 2.9336158824527585]], "Final Predicted Pose 0": [0.44790297746658325, 0.4784185588359833, 0.4006461203098297, -0.7445321083068848, 0.171375572681427, 0.6452149152755737], "Predicted Translation Error 0": "1.008336159044843cm", "Predicted Rotation Error 0": "tensor([0.9737], grad_fn=<DivBackward0>)"}