{"num_updates": "601", "penalty": "tensor(1824.6344, dtype=torch.float64, grad_fn=<AddBackward0>)", "Starting Pose": [-0.1452832818031311, 0.12365691363811493, -0.33797457814216614, -0.04502582177519798, 0.6133645176887512, -0.7432768940925598, 0.2632416784763336], "Starting Soft Arm States": [2.299999952316284, -70.9000015258789, 10.0, 9.531827926635742, 23.421977996826172, 35.39784622192383], "Number of Trajectories": 1, "Final Desired Pose": [0.17686127126216888, 0.20751884579658508, -0.2558620870113373, -0.7469717264175415, -0.3892343044281006, -0.5390082597732544], "Predicted Trajectory 0": [[0.379620062192466, 0.4475957694213817, 0.2801811782499479, -0.8573529720306396, 0.3360884189605713, 0.38985949754714966], [0.3899792432785034, 0.4360388517379761, 0.23994813859462738, -0.9045475721359253, 0.29393765330314636, 0.30885976552963257], [0.4388129413127899, 0.47504258155822754, 0.22605396807193756, -0.8702345490455627, 0.37277618050575256, 0.32207101583480835], [0.4876111149787903, 0.48398566246032715, 0.22590845823287964, -0.8386356234550476, 0.3825472891330719, 0.38774722814559937], [0.533869206905365, 0.514195442199707, 0.24238921701908112, -0.7780604362487793, 0.44343510270118713, 0.4449576437473297], [0.5670672655105591, 0.5036355257034302, 0.2714677155017853, -0.7475293278694153, 0.4564322531223297, 0.48256564140319824], [0.5955442190170288, 0.500966489315033, 0.30844563245773315, -0.7991782426834106, 0.381110280752182, 0.4648324251174927], [0.6435741186141968, 0.5748530626296997, 0.3438606858253479, -0.7679393887519836, 0.5177896618843079, 0.377045214176178], [0.696260392665863, 0.6027145981788635, 0.38932275772094727, -0.7800713777542114, 0.5585623979568481, 0.2819514870643616], [0.7298873662948608, 0.6535369157791138, 0.4227003753185272, -0.7057288885116577, 0.681760847568512, 0.19274070858955383], [0.7336655855178833, 0.6267343163490295, 0.40763476490974426, -0.7963299751281738, 0.6036916375160217, -0.03761552274227142], [0.7632613778114319, 0.6676660776138306, 0.41887667775154114, -0.7565976977348328, 0.6247652173042297, -0.1929463893175125], [0.7865115404129028, 0.6881697773933411, 0.42161402106285095, -0.7212203145027161, 0.6172704100608826, -0.3143542408943176], [0.7608535289764404, 0.6389613747596741, 0.43447378277778625, -0.8474382162094116, 0.4617634415626526, -0.2619597613811493], [0.7636158466339111, 0.7183615565299988, 0.4566858112812042, -0.7381927371025085, 0.6507389545440674, -0.1777927726507187], [0.7301918864250183, 0.5866498351097107, 0.42223185300827026, -0.9042849540710449, 0.3580978214740753, -0.23245351016521454], [0.7192604541778564, 0.6490097641944885, 0.38894957304000854, -0.829170823097229, 0.5017858147621155, -0.2463468462228775], [0.7129049897193909, 0.5760893821716309, 0.39099323749542236, -0.9130046367645264, 0.3189912438392639, -0.25429704785346985], [0.7523152828216553, 0.6243119239807129, 0.3816273808479309, -0.8211469054222107, 0.40118440985679626, -0.40591728687286377], [0.7715033888816833, 0.6228717565536499, 0.376807302236557, -0.7985088229179382, 0.3385429382324219, -0.49776723980903625], [0.7677770853042603, 0.6066180467605591, 0.37989240884780884, -0.8382773995399475, 0.17063184082508087, -0.5178568959236145]], "Control Inputs 0": [[-4.893018701481243, 9.944665079179135, 0.0068696438960132635, 2.590873118698248, 2.9635321887456154], [-4.880906942121432, 9.88405022389679, 0.001991906388900462, 2.941792295305409, 2.9674626521163248], [-4.958087867024496, 9.904091059599725, 9.151247952879317e-05, 2.606518184821163, 2.944780930977509], [-4.936355966246144, 9.971800258661034, 0.0035639703891265292, 2.8941322317709792, 2.915929512694717], [-4.876816839153992, -9.098955013033862, 0.012571430872001134, 0.14225569100678737, 2.9784717412281125], [-4.866980747947167, 9.897417536414608, 0.08408229353190967, -0.634677763140687, 2.9854584367647616], [-4.47949126630494, 9.976686784480222, 0.13493776488794432, -1.9937340275706172, 2.961635278729701], [-4.799560888588776, 9.814911665368001, 0.013749243559139637, -0.09636018988161998, 2.853696341346642], [0.6554355748346286, -9.540490515512968, 0.5705535886997988, -2.790474842763578, 2.83807249905452], [-1.2457049945097536, -8.81691856247491, 0.5032756523497353, -2.8096717839764875, 2.917645066237302], [-4.821485751102437, -9.595050710190305, 0.6737176748993668, -2.9062221424728922, 2.98436314382327], [3.4895436371163964, -7.474099196043124, 0.20602775120613734, 2.315355303923461, -2.8822492935180852], [-1.2415799295744323, 9.998296458431035, 0.28772025652845146, 2.91547568263913, -2.828404373262567], [-0.06761907021256075, -7.672366196155501, 0.19428868412949774, 0.13414729058729336, -2.9525700424861077], [2.795814703089807, -7.011036499853535, 0.41779008358873315, -0.5559705009475429, 2.4069448796350423], [2.1104587503689736, -8.9823588739831, 0.6019562007614481, -0.6337457425303183, -0.09429730920879287], [-4.079821629555501, -9.627788995176468, 0.4084166105980311, -2.347108300311502, 2.7532899574456007], [-4.714106869057649, -9.723607247794925, 0.6956104704171204, -2.9039730613555634, 2.945330365973633], [0.8108301165625091, -9.93850490380014, 0.5767489026610125, -0.08790080588486227, -2.9873777994108464], [-0.6385034273373948, 9.858761648097232, 0.4808685381863505, 2.8796628354083973, 2.8669890196610703]], "Final Predicted Pose 0": [0.7677770853042603, 0.6066180467605591, 0.37989240884780884, -0.8382773995399475, 0.17063184082508087, -0.5178568959236145], "Predicted Translation Error 0": "5.481612567265718cm", "Predicted Rotation Error 0": "tensor([0.8389], grad_fn=<DivBackward0>)"}