{"num_updates": "1083", "penalty": "tensor(0., dtype=torch.float64, grad_fn=<AddBackward0>)", "Starting Pose": [-0.2960636019706726, 0.1736903339624405, -0.21850937604904175, -0.49312523007392883, -0.44897156953811646, -0.7048059701919556, -0.24186880886554718], "Starting Soft Arm States": [27.399999618530273, 67.69999694824219, 10.0, 21.63023567199707, 35.19581985473633, 23.898893356323242], "Number of Trajectories": 1, "Final Desired Pose": [-0.3240770697593689, 0.22711952030658722, -0.28476765751838684, -0.6020485758781433, 0.657309889793396, 0.453300416469574], "Predicted Trajectory 0": [[0.1963151296647944, 0.6056690382749269, 0.586874438285716, -0.396653950214386, 0.1018572598695755, 0.9122996926307678], [0.21464820206165314, 0.6413130164146423, 0.5510566234588623, -0.3446437120437622, 0.34373435378074646, 0.8735373020172119], [0.23846036195755005, 0.6755831837654114, 0.5021792650222778, -0.3354257643222809, 0.5582222938537598, 0.7588658928871155], [0.23736026883125305, 0.690288245677948, 0.4678061902523041, -0.3711336851119995, 0.7126393914222717, 0.5953193306922913], [0.21745914220809937, 0.695600688457489, 0.44671788811683655, -0.3668556809425354, 0.8095628023147583, 0.45828479528427124], [0.19950063526630402, 0.704901933670044, 0.4330330193042755, -0.32717177271842957, 0.8885239362716675, 0.3216889798641205], [0.19822712242603302, 0.7424600720405579, 0.44797366857528687, -0.12963837385177612, 0.9609883427619934, 0.24432632327079773], [0.1888163685798645, 0.7460840344429016, 0.4350096583366394, -0.02059863694012165, 0.9991500973701477, 0.0357038676738739], [0.18143348395824432, 0.7569820880889893, 0.4222451150417328, 0.05330384895205498, 0.9838325381278992, -0.17097441852092743], [0.17054934799671173, 0.7487504482269287, 0.42637911438941956, -0.04783589020371437, 0.9822652339935303, -0.18129192292690277], [0.18034431338310242, 0.7800654172897339, 0.4338935613632202, 0.027086229994893074, 0.9978033900260925, -0.06045423075556755], [0.170681893825531, 0.7908493876457214, 0.4277481436729431, 0.107634998857975, 0.9890502095222473, -0.10096688568592072], [0.1556769758462906, 0.7652811408042908, 0.4294481873512268, 0.02567138336598873, 0.9938350915908813, -0.10785579681396484], [0.17326126992702484, 0.7964574694633484, 0.42148348689079285, 0.12721921503543854, 0.9917613863945007, -0.014990046620368958], [0.16122078895568848, 0.7876444458961487, 0.41334226727485657, 0.15810862183570862, 0.9865843057632446, -0.04065738245844841], [0.14755958318710327, 0.7580665349960327, 0.40531960129737854, 0.03538716211915016, 0.9964082837104797, -0.07693030685186386], [0.15686608850955963, 0.8084628582000732, 0.4434053301811218, 0.05753137916326523, 0.9965802431106567, 0.059312161058187485], [0.12921932339668274, 0.7504013180732727, 0.46726465225219727, -0.05890761688351631, 0.9777892827987671, 0.201141819357872], [0.1635369509458542, 0.8001998066902161, 0.4242646098136902, -0.09368649125099182, 0.9695515632629395, 0.22625774145126343], [0.16806621849536896, 0.7651522755622864, 0.40447017550468445, -0.23546989262104034, 0.9092180728912354, 0.3433312773704529], [0.17310506105422974, 0.7537660598754883, 0.41137123107910156, -0.4142513573169708, 0.7674270868301392, 0.4893377423286438]], "Control Inputs 0": [[-4.930930249946274, 3.697411697351697, 0.04254016419042338, -2.943074428596312, 2.9035454052723173], [-2.795055112112526, -1.870495382976081, 0.5593444098498953, -2.9908589707171505, 2.9931126099724823], [2.722151551317233, -3.6482674793185863, 0.00811400543990609, -2.9437027486807756, 2.881952896088708], [3.64314967664086, 2.2494955914465073, 0.4892109914263998, -2.200842155661847, 2.8660779448335134], [2.3892903588082444, 6.569998637889007, 0.2439684587985105, 2.941687823129506, 2.8649944561595158], [2.0790338303600358, 7.306072270714836, 0.008279924666334837, -0.12072689378532342, 2.143159564093615], [1.9852439160455857, 6.853425480286088, 0.0880484457801376, 0.7403549624564403, 2.1005232653123684], [1.1201777829373576, -7.60724391122633, 0.5782147003516779, 1.8225883149209992, 2.966682139641362], [-4.067519340516248, -6.953381694244048, 0.3645576648918142, -0.32785657820736924, -2.9088732040471204], [-0.03250294167143153, 4.467168859580086, 0.4872851282881552, 0.32520758011717277, -2.165718932979399], [4.89386137372335, 8.039312219258594, 0.43809386228804237, 0.42709371188525935, 0.07963910888543291], [-4.893305376572358, -0.056581592742318776, 0.042657623095662664, -1.497468741246455, -2.8953205523907157], [-0.7889985226324097, 2.0810779444337015, 0.10362128709277071, -0.2852804098218953, -0.48083734865961736], [3.021423610914251, -1.5453542521666943, 0.3633785564811475, -0.4557705930323035, 2.9366241821385675], [-4.9012037156185295, -5.6050951619633596, 0.43608975416770746, 2.941735765840366, -0.36296136427634895], [4.904618627056202, -0.034230416215381254, 0.02067625468660753, -2.031780235897347, -2.932929619326324], [-4.8997551514615605, 6.520066426633431, 0.5790459278937882, -0.6791555397964522, -2.898113468907878], [-4.898751923756876, -4.020316992952135, 0.16840272993239808, -2.0436142142883447, -2.970907938504506], [-0.4433127733933899, 2.53536986919533, 0.5792933692901422, 1.6750177886436095, -2.9462994333868204], [-4.929767671332012, 2.350142048828939, 0.3397936714281574, -2.944379950652338, -2.9391075325087543]], "Final Predicted Pose 0": [0.17310506105422974, 0.7537660598754883, 0.41137123107910156, -0.4142513573169708, 0.7674270868301392, 0.4893377423286438], "Predicted Translation Error 0": "1.1268293491403616cm", "Predicted Rotation Error 0": "tensor([0.9757], grad_fn=<DivBackward0>)"}