{"num_updates": "1610", "penalty": "tensor(41.6262, dtype=torch.float64, grad_fn=<AddBackward0>)", "Starting Pose": [-0.2139708697795868, 0.18574365973472595, -0.2922041416168213, -0.20327027142047882, -0.4350650906562805, -0.8644406199455261, -0.1488017588853836], "Starting Soft Arm States": [11.699999809265137, -52.099998474121094, 10.0, 16.387481689453125, 35.212379455566406, 19.351640701293945], "Number of Trajectories": 1, "Final Desired Pose": [0.06812894344329834, 0.07370106875896454, -0.2856834828853607, -0.44556280970573425, 0.12279252707958221, 0.8867895603179932], "Predicted Trajectory 0": [[0.2961159705078064, 0.6437497569831682, 0.39768388318218284, -0.873078465461731, -0.08038897067308426, 0.48090705275535583], [0.30898281931877136, 0.6811215281486511, 0.37360185384750366, -0.9136189818382263, -0.030048811808228493, 0.40545958280563354], [0.33936822414398193, 0.6785367131233215, 0.3525606393814087, -0.9428197145462036, -0.005251029506325722, 0.33326175808906555], [0.3690648376941681, 0.5874744653701782, 0.3470152020454407, -0.8983786702156067, -0.2729393541812897, 0.3441218435764313], [0.40428414940834045, 0.558731734752655, 0.3457077443599701, -0.8515048623085022, -0.3796650171279907, 0.3616546392440796], [0.43561723828315735, 0.5105807185173035, 0.3493003845214844, -0.7729858160018921, -0.4681321680545807, 0.4281882047653198], [0.4722529351711273, 0.4806019961833954, 0.3707822263240814, -0.7043554782867432, -0.4900454878807068, 0.5135550498962402], [0.514153242111206, 0.4832063913345337, 0.394466370344162, -0.7122989296913147, -0.49303022027015686, 0.49955126643180847], [0.5554990768432617, 0.45413821935653687, 0.4157305359840393, -0.7201788425445557, -0.5484046339988708, 0.4249645471572876], [0.6064208149909973, 0.38716527819633484, 0.4386172592639923, -0.6746086478233337, -0.669129490852356, 0.3117194175720215], [0.6533368825912476, 0.3640460968017578, 0.45819297432899475, -0.6801254153251648, -0.7212183475494385, 0.13142886757850647], [0.6682729721069336, 0.3216467499732971, 0.4421655833721161, -0.6064676642417908, -0.7906869649887085, -0.08373258262872696], [0.6606751084327698, 0.2998865246772766, 0.436178982257843, -0.6050355434417725, -0.7845304608345032, -0.13580861687660217], [0.6677311658859253, 0.27387046813964844, 0.40814685821533203, -0.5388047099113464, -0.8073572516441345, -0.24054890871047974], [0.6298739910125732, 0.2945196330547333, 0.3868013918399811, -0.6695162057876587, -0.7256989479064941, -0.1584581881761551], [0.6242632865905762, 0.2960229516029358, 0.3959832489490509, -0.7146711349487305, -0.6993857026100159, 0.01024072989821434], [0.6167696714401245, 0.26853740215301514, 0.39902493357658386, -0.6474124789237976, -0.7503436803817749, 0.1335718035697937], [0.6046558022499084, 0.33570942282676697, 0.42439407110214233, -0.7781915664672852, -0.534032940864563, 0.33049464225769043], [0.6070427894592285, 0.29284095764160156, 0.42727503180503845, -0.696513295173645, -0.5795554518699646, 0.42306584119796753], [0.5978825688362122, 0.3738184869289398, 0.45848602056503296, -0.7467772960662842, -0.2622162401676178, 0.611200749874115], [0.5943428874015808, 0.34717467427253723, 0.4786546230316162, -0.6232368350028992, -0.1572762429714203, 0.7660547494888306]], "Control Inputs 0": [[-4.999250127220838, 9.820917597809341, 0.011115048075681812, 1.352628460593606, -2.9990371111156646], [-4.98008884543225, -9.469112473168808, 0.015993862522360142, 2.8699644543392004, -2.973098074461574], [-4.94425150050758, -9.749152838580049, 0.000698373475939484, 1.676299361705544, -2.9875740802900843], [-4.943147966805226, -3.9404945982702486, 0.6811869776715385, 1.4063593593359958, -2.9998403984701847], [-4.879143058659792, -2.6485640499645013, 0.6988295492315801, 2.9664924514965847, -2.9590293270399197], [-4.889840293326565, 1.4143193048332314, 0.01294490881110425, 0.7967456083072673, -2.896151188289397], [-4.996788779522814, 3.6223888032670395, 0.053362982317797604, -0.3380884113802365, -2.865355318750487], [-4.922895650543938, -6.552795358598249, 0.02381934689194085, -1.3779489941990506, -2.984792119888148], [-4.806957655714604, -5.3379813762410135, 0.01245772198919075, -2.9697564367228533, -2.9159842635781006], [-3.6396421793522125, -0.7745468266431832, 0.0009889326197317085, -2.9516173601459843, -2.847970326696924], [4.890651730889477, -1.7604764284015424, 0.008248944857219949, -0.4105332464126952, -2.910353029944884], [-0.20062632335586805, -1.5408211918038113, 0.008377185566757194, -2.3044791802752274, -2.94512948068908], [2.87751866020038, 0.5717196475744153, 0.003062799026936086, 0.0886782804954338, 2.923868061437542], [4.730974087185961, -0.8671619289527062, 0.004131186425327458, 2.9370098310064474, 2.9541717623272747], [-3.5057423151142197, -1.075266057493593, 0.00021605965861555315, 2.937044178023182, 1.1470078036504274], [4.920043042190963, 1.64845172356031, 0.006980977503384091, 2.925713955877635, 2.855561415610828], [-4.918149274539213, 0.6216709328512415, 0.013045848547531836, 1.3557483146137264, 2.8763358532865375], [4.835140773204126, 1.237225362403974, 0.0021255566135506736, 2.895228116273689, 2.956590921753568], [-4.742584510083369, -2.703327949228166, 0.661171142178223, 2.9110352573818234, 2.935220547421907], [4.894537652982661, -1.8931696257379542, 0.01994371895734423, 1.8190062073006503, 2.945143643924169]], "Final Predicted Pose 0": [0.5943428874015808, 0.34717467427253723, 0.4786546230316162, -0.6232368350028992, -0.1572762429714203, 0.7660547494888306], "Predicted Translation Error 0": "4.80577927658796cm", "Predicted Rotation Error 0": "tensor([0.9377], grad_fn=<DivBackward0>)"}