{"num_updates": "1515", "penalty": "tensor(0., dtype=torch.float64, grad_fn=<AddBackward0>)", "Starting Pose": [-0.26798075437545776, 0.174608051776886, -0.246579110622406, -0.5504485368728638, -0.7455644011497498, 0.22953100502490997, -0.29741498827934265], "Starting Soft Arm States": [28.600000381469727, 71.4000015258789, 10.0, 28.585247039794922, 34.963985443115234, 11.883283615112305], "Number of Trajectories": 1, "Final Desired Pose": [-0.39676201343536377, 0.05514971911907196, -0.15915919840335846, -0.24339424073696136, -0.5180046558380127, 0.8200185894966125], "Predicted Trajectory 0": [[0.230455689108532, 0.6085684333967112, 0.5148133003659631, -0.21710148453712463, 0.9573215842247009, 0.19079403579235077], [0.20827069878578186, 0.6095872521400452, 0.581687867641449, -0.24034865200519562, 0.9015218615531921, 0.35984835028648376], [0.17409835755825043, 0.5630406141281128, 0.6189616918563843, -0.32721108198165894, 0.8214120864868164, 0.467134952545166], [0.15328440070152283, 0.5377958416938782, 0.6657743453979492, -0.3598116636276245, 0.7284572124481201, 0.5829971432685852], [0.1422797441482544, 0.504002034664154, 0.6797217726707458, -0.4240973889827728, 0.6012645363807678, 0.6772167086601257], [0.14659278094768524, 0.4782756268978119, 0.690008819103241, -0.3923674523830414, 0.49066781997680664, 0.7780056595802307], [0.1413109451532364, 0.4480490982532501, 0.6981328725814819, -0.4088030755519867, 0.3401394486427307, 0.8468678593635559], [0.12848098576068878, 0.42951950430870056, 0.6993346214294434, -0.48925432562828064, 0.15984636545181274, 0.8573676943778992], [0.1257292777299881, 0.42043131589889526, 0.6852976083755493, -0.6084446310997009, 0.007416873704642057, 0.7935616374015808], [0.12092053890228271, 0.38499224185943604, 0.6946530342102051, -0.6115429997444153, -0.16243857145309448, 0.7743570804595947], [0.10540525615215302, 0.34634411334991455, 0.7264713048934937, -0.513961672782898, -0.3727506399154663, 0.7725932002067566], [0.10446182638406754, 0.3270198404788971, 0.7063243389129639, -0.4963149130344391, -0.5273385047912598, 0.6896271705627441], [0.10394205898046494, 0.32386741042137146, 0.7067235708236694, -0.4646914005279541, -0.6148696541786194, 0.6371790170669556], [0.09359012544155121, 0.30379197001457214, 0.7143685817718506, -0.3857586085796356, -0.7205820083618164, 0.5761526226997375], [0.09172072261571884, 0.3098769783973694, 0.737008810043335, -0.2992900609970093, -0.6983616948127747, 0.6501664519309998], [0.07698631286621094, 0.287601113319397, 0.7497528791427612, -0.13302893936634064, -0.7712115049362183, 0.6225240230560303], [0.07924219220876694, 0.28878119587898254, 0.7548204064369202, -0.02522861957550049, -0.7898660898208618, 0.6127602458000183], [0.08297006040811539, 0.3099409341812134, 0.7328264713287354, -0.11341991275548935, -0.7396200895309448, 0.6633988618850708], [0.09670349955558777, 0.3133971393108368, 0.7138816714286804, -0.2082817703485489, -0.684635579586029, 0.698493242263794], [0.09613458812236786, 0.3061872720718384, 0.708655059337616, -0.3104947805404663, -0.6470130085945129, 0.6963958144187927], [0.0886903777718544, 0.2679574489593506, 0.7480515241622925, -0.19511531293392181, -0.7296258211135864, 0.6554205417633057]], "Control Inputs 0": [[4.08837043388443, -9.81658199971608, 0.004088543798285811, -2.912103906969099, -2.965714175384179], [3.741479130392591, -9.828002812090649, 0.0034669625597057753, -0.5940477468128331, -2.9584614115464136], [2.033246027034302, -9.816471914300463, 0.005877562466025099, -2.9200644653956602, -2.990254235172662], [-0.8318307351211542, -9.935045455644135, 0.006249782560614442, 0.995200524315111, -2.907928650260144], [-1.0513969625267547, -9.812745495041355, 0.0037706356795294315, 0.007998569309981551, -2.9853234544485323], [0.5431535377047316, -9.830770314734531, 0.002431807139071941, -2.938805945265068, -2.908751299275184], [1.7872783702201218, -2.641915561432274, 0.016004886621733178, -2.936991367326244, -2.9428466236640167], [-2.594727956175183, -3.428991338893214, 0.0013832895695534912, 0.9699236244679228, -2.9779008142347068], [4.791377036726805, -9.769621610380852, 0.14033134991608115, 1.378647041333422, -2.9842749649805262], [1.9077240641231308, -9.79709859483341, 0.01612721493958653, -0.6484938506224491, -2.877044885877188], [-3.3910733223093734, -9.80610484846513, 0.6470444119181332, 1.357092141643494, 1.191951300169304], [3.5671278965873565, -7.889810634477633, 0.008698228500501167, -0.809549158782676, -2.8750113101658266], [-3.12663516095413, -1.2395410655159935, 0.6504865223695768, 2.9315790667666066, 1.377577698986725], [2.4741604240208295, -8.585108182311428, 0.6929075075422182, 0.08589330988848198, -1.7291155642626141], [0.7315104314790313, -9.183066603736624, 0.6906552474674654, 0.7156576685166596, -0.5672774955888737], [-3.483750119130434, -4.298246940850004, 0.6848175949975694, -0.31551186683314647, 2.5562745867261025], [-4.884772550491274, -8.323534207636108, 0.6912832972008464, 0.4221928219348454, 2.694240718975454], [-4.896968052709653, -9.77646584978156, 0.6888402313871821, -0.8080017541224676, 2.8785690060735174], [3.0079194949108654, -9.753807533082353, 0.6891415498037896, 0.8325659689479106, -2.9343504685997477], [2.3748111840844235, 0.04512764526167956, 0.05439724660196257, -2.9590245760578173, -0.3101624854447258]], "Final Predicted Pose 0": [0.0886903777718544, 0.2679574489593506, 0.7480515241622925, -0.19511531293392181, -0.7296258211135864, 0.6554205417633057], "Predicted Translation Error 0": "1.719207309700516cm", "Predicted Rotation Error 0": "tensor([0.9629], grad_fn=<DivBackward0>)"}