{"num_updates": "1936", "penalty": "tensor(0., dtype=torch.float64, grad_fn=<AddBackward0>)", "Starting Pose": [-0.2996329963207245, 0.168190136551857, -0.2147987335920334, -0.4977956712245941, -0.43762362003326416, -0.7159956097602844, -0.21916958689689636], "Starting Soft Arm States": [27.399999618530273, 67.69999694824219, 10.0, 21.63023567199707, 35.19581985473633, 23.898893356323242], "Number of Trajectories": 1, "Final Desired Pose": [-0.29746612906455994, 0.0371134951710701, -0.2754705846309662, -0.7569783926010132, -0.5247002840042114, -0.3894525468349457], "Predicted Trajectory 0": [[0.19197578624269598, 0.5882919695397713, 0.5964004677238106, -0.4083283245563507, 0.12184536457061768, 0.9046666026115417], [0.19543518126010895, 0.5874682068824768, 0.5649863481521606, -0.5463614463806152, 0.027779504656791687, 0.8370887041091919], [0.21271279454231262, 0.5518329739570618, 0.5109477639198303, -0.6821242570877075, -0.18922339379787445, 0.7063291668891907], [0.20096006989479065, 0.5261754393577576, 0.4722328782081604, -0.7654963135719299, -0.31382259726524353, 0.5617213845252991], [0.18502585589885712, 0.4450013339519501, 0.4964454770088196, -0.6316820383071899, -0.487161785364151, 0.6030349731445312], [0.19842728972434998, 0.4206756353378296, 0.4780557155609131, -0.5546702742576599, -0.5565406084060669, 0.6185494661331177], [0.23299415409564972, 0.3799663484096527, 0.44729843735694885, -0.4638441801071167, -0.6564639806747437, 0.5948978662490845], [0.23972252011299133, 0.33120229840278625, 0.45560190081596375, -0.32659104466438293, -0.7571229338645935, 0.5657765865325928], [0.23641693592071533, 0.31102046370506287, 0.4826383590698242, -0.2875918745994568, -0.7838650941848755, 0.5503149032592773], [0.24190926551818848, 0.2467520385980606, 0.469188928604126, -0.06875450909137726, -0.9194383025169373, 0.38717710971832275], [0.22580456733703613, 0.244014173746109, 0.47820940613746643, -0.06820155680179596, -0.9637835621833801, 0.2578172981739044], [0.22716674208641052, 0.20656000077724457, 0.4691517651081085, 0.02014082483947277, -0.9997841715812683, -0.005090047139674425], [0.21162758767604828, 0.20475530624389648, 0.4630504846572876, -0.06962946802377701, -0.9608280062675476, -0.26825594902038574], [0.20633941888809204, 0.20678946375846863, 0.44395288825035095, -0.1768479347229004, -0.8665479421615601, -0.4667114019393921], [0.20575809478759766, 0.19169877469539642, 0.42919740080833435, -0.22634202241897583, -0.7865747809410095, -0.5745167136192322], [0.2009647935628891, 0.19699236750602722, 0.4503442943096161, -0.328108549118042, -0.723983645439148, -0.6067886352539062], [0.21263368427753448, 0.17049945890903473, 0.4555279016494751, -0.311000794172287, -0.7034414410591125, -0.6390998959541321], [0.21064625680446625, 0.2171199917793274, 0.4414363503456116, -0.48966309428215027, -0.5908188223838806, -0.6412200331687927], [0.21922807395458221, 0.20094449818134308, 0.41215071082115173, -0.4644176661968231, -0.620298445224762, -0.6320965886116028], [0.19423973560333252, 0.20135661959648132, 0.44042548537254333, -0.5248880982398987, -0.6221933960914612, -0.5808337330818176], [0.1889604926109314, 0.2026398628950119, 0.43977105617523193, -0.6171881556510925, -0.5031720995903015, -0.6048938632011414]], "Control Inputs 0": [[-4.91099619754772, -9.660509845315081, 0.00013426066166885098, -2.9789106001012264, -2.9607460123837206], [-4.9073139438265985, -9.712788515097007, 0.6983156485612807, -2.8595351437866023, -2.9908991466836916], [4.904909057390666, -9.774444133917793, 0.27179619054460835, 1.282468238846179, -2.9625516517139387], [-2.287661390476582, -9.512513657589428, 0.6917765080922277, 2.8700045258587243, -2.957186947486038], [-4.812464314747416, -7.106040325293138, 0.499983511447298, 2.943051685919036, -2.9670686983117878], [-4.899768411291063, -6.535064863719314, 0.18774289785267104, 2.6178008220372755, -2.962833023085321], [4.757766434631998, -5.307455789481786, 0.25336232898539846, 0.39392594272456716, -2.948025500105143], [-2.14194348654551, -9.817837122469909, 0.6917873754508513, -0.6205911929021344, -2.956359530933037], [4.906051695010456, -9.772407181189395, 0.4562365831299712, -2.145879147139436, -2.9468051892397282], [0.5827761073596038, -3.1819976652746282, 0.28395546912095154, 0.581970492628805, -2.957406324096505], [1.610720581512373, 2.1214874505798207, 0.2099078162101143, 0.3418962946548465, -2.8718235431366184], [2.755135372546488, -0.7536023591834908, 0.007058243508877248, -1.603335012469453, -2.978519943034584], [-1.65357533728185, 3.234880987536057, 0.06150597250487796, -0.12062689387722436, -1.0780635314092781], [2.52531969761871, -3.8655825719341124, 0.30856178139073237, 0.6603965386224293, 1.724032949960569], [-1.0866398188832318, -3.3772238491554143, 0.4268196046789965, 2.9433611668510773, 2.896915699401119], [1.4379860964478723, -0.5673820936488951, 0.006718147430873267, -0.9514486705937912, -1.9327472269129753], [-4.774379288948686, 3.385842328725408, 0.3072317838853295, -2.920872509152165, 1.3293125531358134], [3.659835406267195, -4.996801377812371, 0.0009777413302260011, -1.7003961933944387, 1.5306969336487084], [3.6217371485936276, -4.766543965715023, 0.36706965483767234, 2.8621115098566747, -2.9311215710759875], [-4.635220518556884, -9.53457063969094, 0.24883634580261124, -2.909885639776941, -0.9009006135331266]], "Final Predicted Pose 0": [0.1889604926109314, 0.2026398628950119, 0.43977105617523193, -0.6171881556510925, -0.5031720995903015, -0.6048938632011414], "Predicted Translation Error 0": "1.0143416960392608cm", "Predicted Rotation Error 0": "tensor([0.9668], grad_fn=<DivBackward0>)"}