{"num_updates": "1378", "penalty": "tensor(0., dtype=torch.float64, grad_fn=<AddBackward0>)", "Starting Pose": [-0.10065051168203354, 0.13445906341075897, -0.3156271278858185, -0.13842204213142395, -0.1332085281610489, -0.9743409752845764, -0.11727927625179291], "Starting Soft Arm States": [-2.9000000953674316, 35.400001525878906, 10.0, 17.738740921020508, 35.222312927246094, 28.807144165039062], "Number of Trajectories": 1, "Final Desired Pose": [-0.14662599563598633, 0.11462484300136566, -0.33699333667755127, -0.9932923913002014, 0.027783233672380447, 0.1122421845793724], "Predicted Trajectory 0": [[0.43388050484492885, 0.4817235806751177, 0.33755196281752275, -0.9341698288917542, -0.1916620284318924, 0.30098575353622437], [0.4309658110141754, 0.48249760270118713, 0.32575350999832153, -0.937589168548584, -0.22401657700538635, 0.2659759819507599], [0.404811829328537, 0.4481362998485565, 0.3292236924171448, -0.9074991941452026, -0.3207840919494629, 0.27118751406669617], [0.3892315626144409, 0.44059181213378906, 0.31565624475479126, -0.9192726016044617, -0.3519764840602875, 0.1762113720178604], [0.38908955454826355, 0.43127235770225525, 0.300727516412735, -0.9218900203704834, -0.384932279586792, 0.044112492352724075], [0.3879357576370239, 0.42743539810180664, 0.29382023215293884, -0.9147440791130066, -0.39954936504364014, -0.060030266642570496], [0.38643643260002136, 0.4264959990978241, 0.2882341146469116, -0.9065412878990173, -0.39464667439460754, -0.149789497256279], [0.3849475681781769, 0.42764991521835327, 0.28390663862228394, -0.9027397632598877, -0.3708198368549347, -0.21806804835796356], [0.3820960819721222, 0.42391881346702576, 0.28063148260116577, -0.9024808406829834, -0.34990230202674866, -0.25119030475616455], [0.38095659017562866, 0.4231690466403961, 0.27994322776794434, -0.9033993482589722, -0.33330801129341125, -0.2697693109512329], [0.3805418610572815, 0.4207318127155304, 0.27748632431030273, -0.9029483199119568, -0.31778600811958313, -0.28930309414863586], [0.37942278385162354, 0.4193124771118164, 0.2786874771118164, -0.9083563685417175, -0.30524927377700806, -0.2858525812625885], [0.3808753490447998, 0.42022284865379333, 0.278730183839798, -0.9106432795524597, -0.29570895433425903, -0.2885912358760834], [0.38319849967956543, 0.42195743322372437, 0.2736872732639313, -0.9096219539642334, -0.270614892244339, -0.3152067959308624], [0.3790755271911621, 0.41981998085975647, 0.27133679389953613, -0.9171152710914612, -0.23644252121448517, -0.3209276497364044], [0.3700331151485443, 0.4151793420314789, 0.28395363688468933, -0.9451636672019958, -0.23362760245800018, -0.22821883857250214], [0.3765525817871094, 0.4181353449821472, 0.29259538650512695, -0.953955352306366, -0.26163485646247864, -0.1466849446296692], [0.38377609848976135, 0.42529362440109253, 0.27445074915885925, -0.9466128945350647, -0.22665762901306152, -0.22923873364925385], [0.38529497385025024, 0.4358011782169342, 0.2733457684516907, -0.9735462665557861, -0.14983093738555908, -0.17250590026378632], [0.37441909313201904, 0.427042692899704, 0.2695934474468231, -0.9754460453987122, -0.12684544920921326, -0.18004263937473297], [0.3760069012641907, 0.4281083345413208, 0.2915195822715759, -0.991018533706665, -0.13128063082695007, -0.025449879467487335]], "Control Inputs 0": [[0.09287261334012697, -5.751252234050169, 0.00046845634845256554, 0.9372256223173698, -2.9494660231577243], [4.713158839996014, -9.343424657184121, 0.006050740748409493, -2.8410192506955667, -2.924064061112653], [-0.43245652327302153, -4.4863418250356535, 0.005675937043801208, -1.864161785289289, -2.976102855782616], [0.281661872602081, -2.0097852113494437, 0.022741315365857436, -0.9646325582987703, -2.9583894876750794], [0.45902356293377267, 0.9488452351133301, 0.00978995002486998, -0.6496212198904998, -2.8760827710066565], [0.28349152407259837, 2.8749542065337117, 0.007089016289585666, -0.48810795150713604, -2.1988632593007527], [0.25242859834091025, 3.4501313173511843, 0.0032638993676495547, -0.37650340291008977, -0.9577606969405914], [0.08976793095567093, 2.134331419639569, 0.15898378122560933, 0.2305343218634932, 0.06843542821251836], [0.04480370933814548, 3.5271724813094405, 0.028132800067952574, 0.03773664573708757, -0.5170083070519045], [-0.03012224784147577, 2.728512216254467, 0.08046869302656975, 0.2590877839946564, 0.4242207006732759], [0.01592586932613571, 2.4334406838837808, 0.1040550096450708, 0.45414091422001146, 0.2608099332811622], [-0.3593289083389495, 4.073317739656888, 0.0012763593976105492, -0.281939089100117, -0.5257397090947995], [-0.047371543517235715, 3.286899419865936, 0.007944673836746055, -0.95306637930388, 0.7126218486972964], [0.9376491759366443, -0.8741388482883448, 0.19407892320929457, 0.7343428034020709, 2.828134021234007], [0.13770145983255233, -0.58217399712888, 0.3093652344720525, 2.940052404238913, 1.8452710043494154], [-2.3663608547225965, 5.408666124897904, 0.0005517567095252266, -0.6831278080600285, -2.275219968427609], [0.8139640208902685, 2.5577234299749225, 0.018295622631939915, -2.931574243503206, 2.8955964830823007], [-0.9594384887813909, -5.413888828061176, 0.650731999281872, 0.10085716017948121, 2.8575566945225335], [3.898876866152241, -3.9377091951044694, 0.009055807049839083, 0.44411874096179904, 2.8484885131509596], [-4.902714646633449, -9.51242450889245, 0.2498518377696922, -2.9352275999400086, -1.436292108388932]], "Final Predicted Pose 0": [0.3760069012641907, 0.4281083345413208, 0.2915195822715759, -0.991018533706665, -0.13128063082695007, -0.025449879467487335], "Predicted Translation Error 0": "0.4760089774604662cm", "Predicted Rotation Error 0": "tensor([0.9779], grad_fn=<DivBackward0>)"}