{"num_updates": "1137", "penalty": "tensor(0., dtype=torch.float64, grad_fn=<AddBackward0>)", "Starting Pose": [0.1638195812702179, 0.13210009038448334, -0.2893091142177582, 0.2213234156370163, 0.49723321199417114, -0.7465227842330933, 0.38272538781166077], "Starting Soft Arm States": [-37.599998474121094, -57.0, 10.0, 10.57176685333252, 26.157615661621094, 35.40446853637695], "Number of Trajectories": 1, "Final Desired Pose": [-0.1192585676908493, 0.06958840042352676, -0.29757294058799744, -0.19433216750621796, -0.7406434416770935, 0.6431813836097717], "Predicted Trajectory 0": [[0.7553990723233093, 0.4742707506470368, 0.4051160506699122, -0.6090744137763977, 0.7915252447128296, 0.050161607563495636], [0.773045539855957, 0.430462121963501, 0.3593154847621918, -0.7800506949424744, 0.6256478428840637, 0.009259608574211597], [0.7574019432067871, 0.3956032693386078, 0.33677053451538086, -0.8796774744987488, 0.45802822709083557, 0.12797534465789795], [0.7250368595123291, 0.356827050447464, 0.3156884014606476, -0.9266285300254822, 0.2738308906555176, 0.25763583183288574], [0.6714863777160645, 0.31240740418434143, 0.30251526832580566, -0.90220707654953, 0.03673803061246872, 0.42973554134368896], [0.6059935688972473, 0.3165241479873657, 0.28651943802833557, -0.8259434103965759, -0.006444865837693214, 0.5637162327766418], [0.5374332666397095, 0.3094470500946045, 0.2999568283557892, -0.6928607225418091, -0.05284322798252106, 0.7191324830055237], [0.4835026264190674, 0.31894248723983765, 0.30836576223373413, -0.6392117142677307, -0.08288393914699554, 0.7645513415336609], [0.46130579710006714, 0.2894652783870697, 0.32906073331832886, -0.5641816258430481, -0.17822861671447754, 0.8061846494674683], [0.4512864351272583, 0.26028820872306824, 0.37030866742134094, -0.3901943266391754, -0.2447173297405243, 0.8876157402992249], [0.43821486830711365, 0.2533174157142639, 0.377663254737854, -0.37123817205429077, -0.38492947816848755, 0.8449919819831848], [0.4180903434753418, 0.26374053955078125, 0.3837270438671112, -0.2541227340698242, -0.44637084007263184, 0.8580061793327332], [0.3955422639846802, 0.3050921857357025, 0.3955235779285431, -0.37114372849464417, -0.3873150646686554, 0.8439427614212036], [0.408318430185318, 0.22366106510162354, 0.37184423208236694, -0.18925568461418152, -0.670950710773468, 0.7169430255889893], [0.3900506794452667, 0.2933462858200073, 0.3830578923225403, -0.3098786771297455, -0.4900236427783966, 0.8147711157798767], [0.41153961420059204, 0.27398228645324707, 0.39152899384498596, -0.3188510835170746, -0.48629891872406006, 0.813539981842041], [0.42408961057662964, 0.21212729811668396, 0.4250391721725464, -0.002421833109110594, -0.5781850814819336, 0.8159021139144897], [0.40129172801971436, 0.30451899766921997, 0.41993945837020874, -0.23012448847293854, -0.4105367958545685, 0.8823277354240417], [0.418346643447876, 0.250723659992218, 0.3849965035915375, -0.20869410037994385, -0.6168477535247803, 0.7589107751846313], [0.4077833592891693, 0.281719446182251, 0.38518089056015015, -0.27807366847991943, -0.5489011406898499, 0.7882782220840454], [0.41003894805908203, 0.2750244140625, 0.37914496660232544, -0.2534598708152771, -0.6421273946762085, 0.7234849333763123]], "Control Inputs 0": [[4.945428561795103, 2.162168761528765, 0.003624079160340716, 2.8689075680117417, -2.992074263049818], [4.886594055333612, -4.068542675368929, 0.5318486550109836, 2.8882252604553607, -2.9028971259535985], [4.809633594897253, -5.671635183128311, 0.0051008963787739555, 2.172284236838391, -2.160456823038494], [4.839759629344657, 0.50879445146807, 0.4164071286088065, 1.805345039175621, -0.4148591840225322], [4.9271183306675645, 4.6995345470888115, 0.1889854758174532, 2.973394055171828, 0.41631041063142415], [4.751431832963215, 5.2882101043202, 0.0052173573679088646, 0.8317763453444238, 1.296232345449261], [1.8655144579366087, 5.124007816003818, 0.031885319899467676, 0.8100944332488602, 0.39514392819285593], [-1.3324646459949374, -9.04318376702289, 0.5878305154396875, 2.6470172531477143, 1.5158725622005544], [2.1954069395524316, -8.999325215885676, 0.3289948607588965, -1.710121855297241, -0.19108675823789012], [-1.0480325626666107, 1.6510326770608081, 0.47960040103003615, -0.8236752638686169, -0.2962010774914612], [4.8538129986089125, 4.645295183409543, 0.39089684019043675, 0.18590788702592054, 2.9397372894115277], [-2.256508413450224, -3.397724845621026, 0.025470098666874236, -2.498102705374333, -2.924863951142258], [1.2182585519879128, -1.4637919491088383, 0.004147136429292978, -0.34318751223972654, 2.941265405494497], [-1.260751909846329, -4.914529163526088, 0.4045946441651575, 0.1721723003646316, 2.9376672501390217], [-4.053617895538863, -8.352273542108358, 0.5059953760354379, 2.9254152083883236, -2.9411244693449587], [4.886949489582774, -3.449289673883035, 0.004329330896742208, -1.3734384437825762, 2.935874432300107], [-4.778009407219304, 2.0508861530463616, 0.6281568590351523, -2.9234706451812666, -2.7566819010643826], [-1.7953127950786438, -5.41581590027067, 0.14472811602507982, -0.5326070161576486, 2.940983533894923], [1.187654231856234, -1.4517031920779875, 0.6885366141062504, -0.3238862777416265, -2.950140934387399], [-4.741803531284849, 3.0409208418157903, 0.460672722515214, -2.9135213475269217, 2.9404051247876755]], "Final Predicted Pose 0": [0.41003894805908203, 0.2750244140625, 0.37914496660232544, -0.2534598708152771, -0.6421273946762085, 0.7234849333763123], "Predicted Translation Error 0": "0.21783641908725138cm", "Predicted Rotation Error 0": "tensor([0.9902], grad_fn=<DivBackward0>)"}