{"num_updates": "107", "penalty": "tensor(2233.3643, dtype=torch.float64, grad_fn=<AddBackward0>)", "Starting Pose": [-0.07834897190332413, 0.18285390734672546, -0.34786659479141235, 0.08189290016889572, -0.26548540592193604, -0.9165101051330566, -0.28778502345085144], "Starting Soft Arm States": [-2.5, -1.899999976158142, 10.0, 8.839638710021973, 35.12627029418945, 19.47418212890625], "Number of Trajectories": 1, "Final Desired Pose": [0.11314895749092102, 0.18106447160243988, -0.28530585765838623, -0.9502633213996887, -0.084254689514637, -0.29983463883399963], "Predicted Trajectory 0": [[0.46099267863430066, 0.6346200072441425, 0.2547862115037274, -0.8209466338157654, -0.5709985494613647, 0.002694106660783291], [0.47199007868766785, 0.6820169687271118, 0.27161428332328796, -0.9383080005645752, -0.3432510197162628, 0.04191422462463379], [0.521960437297821, 0.7222234606742859, 0.2727952003479004, -0.9985426068305969, -0.05339349806308746, 0.007858848199248314], [0.5778025388717651, 0.7510175704956055, 0.29802247881889343, -0.9591363072395325, 0.2720012664794922, 0.07792812585830688], [0.6310078501701355, 0.7668346166610718, 0.3163916766643524, -0.8214014172554016, 0.5588792562484741, 0.11381357908248901], [0.6473649144172668, 0.7221010327339172, 0.35003432631492615, -0.8495355248451233, 0.49646294116973877, 0.1783643513917923], [0.6770757436752319, 0.6951050162315369, 0.3718990981578827, -0.8956868648529053, 0.4325866997241974, 0.10302305221557617], [0.7120304107666016, 0.7315930128097534, 0.4067055284976959, -0.7994250059127808, 0.5972159504890442, 0.06521312892436981], [0.7012317776679993, 0.6821881532669067, 0.39835649728775024, -0.8665631413459778, 0.4986497461795807, 0.020411217585206032], [0.6965809464454651, 0.7078841328620911, 0.40018948912620544, -0.8010058999061584, 0.5945357084274292, 0.0701202005147934], [0.69159996509552, 0.6813048124313354, 0.4047819972038269, -0.817216157913208, 0.5760603547096252, 0.017667515203356743], [0.6959235072135925, 0.6668269038200378, 0.4091954529285431, -0.8191882371902466, 0.5720453262329102, -0.04116726294159889], [0.7080010175704956, 0.6371135711669922, 0.41327571868896484, -0.8491180539131165, 0.5103863477706909, -0.136030912399292], [0.6983236074447632, 0.6266577243804932, 0.41466253995895386, -0.8634107112884521, 0.4850313663482666, -0.13880379498004913], [0.6850366592407227, 0.6269749999046326, 0.42130792140960693, -0.8531161546707153, 0.5182128548622131, -0.060399848967790604], [0.693912923336029, 0.612925112247467, 0.41826653480529785, -0.8678263425827026, 0.47618645429611206, -0.14185906946659088], [0.7066040635108948, 0.5951722860336304, 0.4294010102748871, -0.892102062702179, 0.41133397817611694, -0.1869710236787796], [0.715862512588501, 0.6411362290382385, 0.4155314266681671, -0.8254758715629578, 0.5011432766914368, -0.25970152020454407], [0.7008376121520996, 0.5922003388404846, 0.39245009422302246, -0.9016557335853577, 0.3016150891780853, -0.3099116086959839], [0.700038492679596, 0.6262586712837219, 0.3720066249370575, -0.878800630569458, 0.35057803988456726, -0.3237351179122925], [0.7157099843025208, 0.6026774048805237, 0.39564308524131775, -0.9287283420562744, 0.21214734017848969, -0.3040679395198822]], "Control Inputs 0": [[-4.897041228704794, 9.879176811467214, 0.010318447177455399, 2.147721110932733, 2.943324713614735], [-4.9813877566188935, 9.803944103148797, 0.005487419719830648, 2.5516617057178452, 2.2224624216493947], [-4.999870427845575, 9.773866755888964, 0.015674261603510462, 0.9686953608382125, 2.7584430567647162], [-4.823647615813598, 1.076532693997736, 0.05827421858848512, 2.94979872801897, -2.9215957843081664], [-4.97728135142256, -9.846124641063781, 0.02763374013427357, 0.8144876313581557, -2.9078692935741612], [-3.290495866204933, -1.6672670511174257, 0.024175553306635237, -1.4882594473843107, 2.901402036459313], [-2.088004848319746, -6.111014799650809, 0.540429646772822, -1.5572170763192226, -2.8357207499178005], [3.2181236676848126, 9.793037339372333, 0.0865648005428095, 0.8117033763140529, -2.968017379679988], [-2.0868786107701793, -9.822061533875637, 0.4612370728080471, -0.17051146341739987, 2.8811183701473295], [1.7549612863911408, -9.822578488281666, 0.05917127202064313, -0.29629041759267105, 2.6094352842416972], [-4.876996354695364, -9.817600429512844, 0.0619798050149443, -1.1338917945187859, -1.7327291903626094], [-0.06670454266039716, -9.809704883706477, 0.03304439161767202, 0.9024077652276872, -0.38291254372056116], [1.1601062884476319, -2.5382691181449912, 0.276729636979483, 2.839396682789083, -1.0724863727230372], [-0.0028098690778719515, -9.785803942952914, 0.4208502899796216, -1.6132683664890763, 1.3005777467076687], [-2.3925052503033424, -9.74289251755646, 0.1714670011333871, -0.41081160036082043, -0.9322892339171589], [-1.8325740528047314, -4.306218689606505, 0.3813283399099732, -1.8198645988074522, 1.885710278556318], [0.7351196396601161, -9.779043767085316, 0.695674337047801, -1.3265420646983692, -2.832437475633407], [1.1908060271696899, -0.6876002850241267, 0.6881059323244882, -1.0704102786192475, -2.8525863094884563], [-0.13512831927188085, -5.251475623331801, 0.6223413174603021, -0.23079727563486108, -2.947570817830061], [-4.744976106232733, 9.808588627323367, 0.6826810722921586, -2.4481006940816226, 2.9345223071143325]], "Final Predicted Pose 0": [0.7157099843025208, 0.6026774048805237, 0.39564308524131775, -0.9287283420562744, 0.21214734017848969, -0.3040679395198822], "Predicted Translation Error 0": "2.1290400310696924cm", "Predicted Rotation Error 0": "tensor([0.9558], grad_fn=<DivBackward0>)"}