{"num_updates": "464", "penalty": "tensor(305.8531, dtype=torch.float64, grad_fn=<AddBackward0>)", "Starting Pose": [0.08391028642654419, 0.13984112441539764, -0.2656410038471222, -0.20697921514511108, -0.19796794652938843, -0.9392991065979004, -0.18890610337257385], "Starting Soft Arm States": [-27.299999237060547, 41.0, 10.0, 26.68752098083496, 35.17594909667969, 26.432504653930664], "Number of Trajectories": 1, "Final Desired Pose": [0.11127285659313202, 0.18839366734027863, -0.3361615240573883, -0.7661800980567932, -0.20834346115589142, -0.6079153418540955], "Predicted Trajectory 0": [[0.65825265504964, 0.49872741472559146, 0.46587725812845204, -0.8429481983184814, -0.2729281485080719, 0.4636254906654358], [0.6429696679115295, 0.5577009916305542, 0.438347190618515, -0.9193881750106812, -0.12688425183296204, 0.372324675321579], [0.6204650402069092, 0.5803869962692261, 0.4225694239139557, -0.9424954652786255, -0.06777630001306534, 0.3272745907306671], [0.6115773916244507, 0.6099104881286621, 0.40527820587158203, -0.9589470028877258, 0.10023742914199829, 0.26527926325798035], [0.6151163578033447, 0.6082819104194641, 0.3946670889854431, -0.9533253908157349, 0.17858976125717163, 0.24346700310707092], [0.6182263493537903, 0.6264587640762329, 0.3671177327632904, -0.933977484703064, 0.3382216691970825, 0.11529160290956497], [0.6240959167480469, 0.6158163547515869, 0.38367223739624023, -0.8868290185928345, 0.4137645661830902, 0.2057502716779709], [0.6389510631561279, 0.6300606727600098, 0.3604348599910736, -0.8550205230712891, 0.5185714960098267, 0.004851008765399456], [0.6437242031097412, 0.609493613243103, 0.3516327738761902, -0.8503485918045044, 0.5228269100189209, -0.05965958908200264], [0.6527462601661682, 0.6507537364959717, 0.3568333387374878, -0.7816517353057861, 0.6188367009162903, -0.07785718142986298], [0.6476486325263977, 0.6210474371910095, 0.32277023792266846, -0.8253874182701111, 0.52103590965271, -0.21738702058792114], [0.650761067867279, 0.6478943228721619, 0.31120458245277405, -0.7968716025352478, 0.5438809990882874, -0.2630382776260376], [0.6607709527015686, 0.6127534508705139, 0.3226671516895294, -0.8589223623275757, 0.42764127254486084, -0.2817361652851105], [0.6851884126663208, 0.6559696197509766, 0.29478833079338074, -0.7458361983299255, 0.5039269328117371, -0.4356442391872406], [0.6379892826080322, 0.6179682612419128, 0.27908435463905334, -0.8417401909828186, 0.3523868918418884, -0.40901950001716614], [0.6317947506904602, 0.6128732562065125, 0.282206267118454, -0.8810535669326782, 0.28525054454803467, -0.3773282468318939], [0.6580865383148193, 0.6429533958435059, 0.2918471693992615, -0.8248943090438843, 0.3402082324028015, -0.4514506161212921], [0.672428548336029, 0.6169982552528381, 0.31542351841926575, -0.8522627949714661, 0.2497299164533615, -0.45965537428855896], [0.7245965003967285, 0.6303781867027283, 0.32442012429237366, -0.798577606678009, 0.22015175223350525, -0.5601847767829895], [0.7225024700164795, 0.6294245719909668, 0.30781227350234985, -0.7342814207077026, 0.2049134224653244, -0.6471794843673706], [0.6691348552703857, 0.6214699149131775, 0.30048760771751404, -0.8328234553337097, 0.07952067255973816, -0.547796905040741]], "Control Inputs 0": [[4.9406707523323306, 9.731514083827921, 0.2670684924667528, -2.92471470150666, -0.9127431554710657], [-0.07240938163268051, 9.489775899127089, 0.40518979923993537, -1.8830699074474113, -1.6681387425663203], [2.9860662522493193, -1.5322265570408398, 0.003727989460512277, -2.8966996445157593, 2.8308339791446473], [-3.6187062969822317, -1.8365615070446033, 0.42855048232501275, -2.9168111253622575, -0.05253452622216548], [2.732514010232391, 0.5941089721438537, 0.19250959302897228, 1.3511003761303106, 2.914900752897288], [-4.366801538338494, -9.424011800905532, 0.01419296094655851, -2.595479404792896, 2.825838627763872], [1.9120978137596278, -8.815680986330474, 0.23912498155377981, -1.9204620913304735, 2.8871904138056657], [-4.701616687395701, -9.599998406991705, 0.4635196360943466, 0.9133598124077222, 2.918421286251358], [1.4424129226752669, -9.526835677026375, 0.4311104140414145, -2.808058480450186, -0.08017654364434756], [-0.9112258605276509, -9.530717352112752, 0.4537833605157471, -1.4195714961979844, 0.3071334559817087], [0.19174535669082715, -9.52330281065283, 0.3898529467995682, 0.3974164583002886, -0.8370182429339903], [-4.722849429673132, -9.69914369792236, 0.14366549733935208, -1.9003676554146434, 1.4347475549896611], [2.97385088358224, -9.63890743588408, 0.2529882828610789, 0.10449722839057118, -0.7027087508199754], [4.324863621040166, -9.47501647880909, 0.3493534151254223, 0.7359023726307066, -1.6380351776663862], [-4.903620135510548, -9.978312691167229, 0.26068026199120253, 1.6513262182876085, 2.9376010747000354], [-1.4398591640157665, -9.769095733654336, 0.15532113653978852, 1.2115724184903387, 1.6132953280660045], [-4.746587618132862, -9.801107250000712, 0.41081265418688145, -2.818151315539702, -2.823525533131886], [-4.909813184073234, -9.503142576047338, 0.009179792248030672, -0.2280425375582653, 2.94774344441364], [4.870122421169439, -9.66659382477697, 0.68746960667954, 2.3344096692387764, -2.944289879806942], [4.895648683194388, 9.797938170707457, 0.3238035235443759, 2.8306950807680566, -2.943475413295506]], "Final Predicted Pose 0": [0.6691348552703857, 0.6214699149131775, 0.30048760771751404, -0.8328234553337097, 0.07952067255973816, -0.547796905040741], "Predicted Translation Error 0": "2.1685823686626304cm", "Predicted Rotation Error 0": "tensor([0.9545], grad_fn=<DivBackward0>)"}