{"num_updates": "503", "penalty": "tensor(0., dtype=torch.float64, grad_fn=<AddBackward0>)", "Starting Pose": [-0.35900288820266724, 0.13707193732261658, -0.156756192445755, -0.36152493953704834, 0.20507016777992249, -0.9077116250991821, 0.05749344825744629], "Starting Soft Arm States": [41.20000076293945, -36.0, 10.0, 21.193063735961914, 35.149452209472656, 35.407779693603516], "Number of Trajectories": 1, "Final Desired Pose": [-0.33142486214637756, 0.09839515388011932, -0.2755207121372223, -0.8719136118888855, -0.25807449221611023, 0.41613009572029114], "Predicted Trajectory 0": [[0.119799297868735, 0.4899785733914297, 0.745408344938433, -0.7319884300231934, -0.04390101879835129, 0.6799011826515198], [0.13039395213127136, 0.46563833951950073, 0.6808062195777893, -0.7665300369262695, -0.201288640499115, 0.6098479628562927], [0.1427963823080063, 0.4581052362918854, 0.6243277192115784, -0.7990534901618958, -0.2516813576221466, 0.5460494756698608], [0.16442173719406128, 0.39684098958969116, 0.5345392823219299, -0.8137128949165344, -0.48491600155830383, 0.3205115497112274], [0.17762842774391174, 0.370800256729126, 0.47669166326522827, -0.7734817266464233, -0.6144605278968811, 0.15544909238815308], [0.1775505244731903, 0.3762316405773163, 0.4421180486679077, -0.7705973386764526, -0.6371380686759949, -0.015319573692977428], [0.1707126945257187, 0.38349980115890503, 0.47320008277893066, -0.7661963105201721, -0.6424649357795715, 0.013490106910467148], [0.16544438898563385, 0.40197473764419556, 0.4687528610229492, -0.8074986934661865, -0.5865852236747742, -0.06215729936957359], [0.17656514048576355, 0.38283199071884155, 0.45109879970550537, -0.7924607396125793, -0.6079941391944885, -0.04846874997019768], [0.1844833940267563, 0.36704859137535095, 0.42351511120796204, -0.7739711403846741, -0.6256357431411743, -0.09771628677845001], [0.167876735329628, 0.3809508681297302, 0.43073052167892456, -0.8317808508872986, -0.5537278056144714, -0.039065852761268616], [0.15926900506019592, 0.3622027337551117, 0.42649146914482117, -0.8146873116493225, -0.5742023587226868, -0.08109410852193832], [0.1527850478887558, 0.383525550365448, 0.4620159864425659, -0.8486024141311646, -0.5275766253471375, 0.039200589060783386], [0.15591520071029663, 0.3732752203941345, 0.41813331842422485, -0.8529833555221558, -0.5075553059577942, -0.12168426811695099], [0.15122756361961365, 0.37150266766548157, 0.45705747604370117, -0.8606137633323669, -0.5081707835197449, 0.03326474130153656], [0.1625761240720749, 0.3643642067909241, 0.4316345155239105, -0.8406255841255188, -0.5394487977027893, 0.04840977117419243], [0.15982158482074738, 0.3632638454437256, 0.4388284981250763, -0.8326835632324219, -0.5468971729278564, 0.08684172481298447], [0.1524239331483841, 0.3536706864833832, 0.47111544013023376, -0.7924888134002686, -0.5612053275108337, 0.23876769840717316], [0.16561704874038696, 0.41701945662498474, 0.4201391041278839, -0.9039784073829651, -0.40125906467437744, 0.14769631624221802], [0.1545097529888153, 0.35571253299713135, 0.43569493293762207, -0.8279462456703186, -0.5164667367935181, 0.2185567021369934], [0.1543286144733429, 0.37861010432243347, 0.44369399547576904, -0.8365559577941895, -0.4487737715244293, 0.3142869472503662]], "Control Inputs 0": [[-4.934623974398329, 9.933472205083905, 0.005279701654061079, -2.9610842510433084, -2.8974960252342554], [-4.560582084426554, -9.674316381876935, 0.6100019333135384, -2.9608582198333235, -2.8466039268429766], [-4.734374746749203, -9.547185981273314, 0.005313284012702126, -2.865735775386905, -2.9386298397368558], [-1.271353809786719, -2.2845780788147225, 0.48884889939656617, -2.6943243720928747, -2.9422884193043988], [1.052624999146178, 9.794236618458477, 0.23596370872769137, 2.126788393139707, -2.790160726344558], [1.0887409356046218, 9.802313274331855, 0.007560289353831939, -0.5493080741544611, -2.1041958956326616], [0.46414157757522556, 9.803550701460502, 0.05962166656398558, 0.2253869205117187, -1.7532744285111268], [-4.7975983779130225, 9.096027302068116, 0.6229294087519746, 2.7098898250630503, 2.1310948873037274], [2.6323877051505864, 5.904297414341627, 0.3870161064259291, -2.8774421264354437, -1.2165948376780802], [-0.07044823141729761, 4.935051024482899, 0.4852747923353783, -0.22190730169392747, 0.7374379960222268], [2.767096092850493, 9.775300883861757, 0.4571950005655113, 0.5255988091934678, 1.5180159310135588], [-2.1771604009727277, 6.463413007139611, 0.0569902819646333, -1.3994872570527475, -0.7854911844986683], [0.8117192985516031, 3.090123471758524, 0.05859115360842244, 1.0155590029220933, 1.43922459171589], [-0.9676462766525527, -0.4183686868797807, 0.3576247498627863, 1.6027638300010283, 2.939579183768111], [-3.9465137333067264, -0.1205457269436696, 0.4204068181527101, 2.28874244823784, 2.4859114944197565], [4.8782443323092615, -5.723219383443153, 0.008469640403951697, 0.5012095650600314, -1.7900767363618504], [-4.332783021769817, 9.77653950311673, 0.5785978583382282, -1.9364664594487682, 2.8258733251562056], [-0.8118670787322069, -3.3452361194546816, 0.15435388937536665, 0.28897863308994953, 0.7157599953255485], [3.164099450910804, -8.170616438126432, 0.5682476605924583, 0.24660622122562925, 0.7067232920006274], [-4.516703696549232, -9.426086510509979, 0.36951485232552816, -2.8985575028262573, -0.2704811882930236]], "Final Predicted Pose 0": [0.1543286144733429, 0.37861010432243347, 0.44369399547576904, -0.8365559577941895, -0.4487737715244293, 0.3142869472503662], "Predicted Translation Error 0": "0.3735580049566108cm", "Predicted Rotation Error 0": "tensor([0.9760], grad_fn=<DivBackward0>)"}