{"num_updates": "553", "penalty": "tensor(286.5950, dtype=torch.float64, grad_fn=<AddBackward0>)", "Starting Pose": [-0.10065051168203354, 0.13445906341075897, -0.3156271278858185, -0.13842204213142395, -0.1332085281610489, -0.9743409752845764, -0.11727927625179291], "Starting Soft Arm States": [-2.9000000953674316, 35.400001525878906, 10.0, 17.738740921020508, 35.222312927246094, 28.807144165039062], "Number of Trajectories": 1, "Final Desired Pose": [-0.40207168459892273, 0.17059433460235596, -0.23827926814556122, -0.8027567863464355, -0.4352896809577942, 0.4075590968132019], "Predicted Trajectory 0": [[0.43388050484492885, 0.4817235806751177, 0.33755196281752275, -0.9341698288917542, -0.1916620284318924, 0.30098575353622437], [0.4172774851322174, 0.5536099076271057, 0.3530195653438568, -0.91742342710495, 0.09462575614452362, 0.38649728894233704], [0.37427520751953125, 0.570099949836731, 0.37185490131378174, -0.8339940309524536, 0.22383688390254974, 0.5043322443962097], [0.32272306084632874, 0.5563655495643616, 0.39398688077926636, -0.7767006754875183, 0.24472913146018982, 0.5803824067115784], [0.28062087297439575, 0.581824004650116, 0.41235819458961487, -0.7244265079498291, 0.370985209941864, 0.5810131430625916], [0.23861709237098694, 0.5772679448127747, 0.47024571895599365, -0.6328037977218628, 0.36331605911254883, 0.6837842464447021], [0.19737866520881653, 0.5621522068977356, 0.5047366619110107, -0.6501772999763489, 0.31343337893486023, 0.6921192407608032], [0.1659843623638153, 0.5361902713775635, 0.5316156148910522, -0.6973053812980652, 0.20338106155395508, 0.6873145699501038], [0.14604748785495758, 0.539341151714325, 0.5375871658325195, -0.7670634984970093, 0.09856559336185455, 0.633954644203186], [0.11932799220085144, 0.5687767267227173, 0.5842344760894775, -0.7426358461380005, 0.15932008624076843, 0.6504684090614319], [0.10995915532112122, 0.5632871389389038, 0.5929181575775146, -0.7627685070037842, 0.19662359356880188, 0.6160545349121094], [0.12228433042764664, 0.563581109046936, 0.5361036062240601, -0.8594423532485962, 0.18339067697525024, 0.47720712423324585], [0.12052304297685623, 0.542814314365387, 0.5263134241104126, -0.8965715765953064, 0.033720020204782486, 0.4416133165359497], [0.1144915223121643, 0.5998169779777527, 0.5573360919952393, -0.794011652469635, 0.20759810507297516, 0.5713565945625305], [0.12544383108615875, 0.5664271712303162, 0.5371453166007996, -0.8314338326454163, 0.05878681316971779, 0.5525050163269043], [0.1198027953505516, 0.5574650168418884, 0.5170344710350037, -0.8747026324272156, -0.005514038726687431, 0.48462873697280884], [0.09601977467536926, 0.5700621604919434, 0.5770358443260193, -0.8229833245277405, 0.012233369052410126, 0.5679337978363037], [0.09484869986772537, 0.5640956163406372, 0.5489409565925598, -0.8895924091339111, -0.024493172764778137, 0.4560980498790741], [0.09463634341955185, 0.5459855794906616, 0.5330882668495178, -0.9074809551239014, -0.1658996343612671, 0.38594767451286316], [0.0742926374077797, 0.5916467905044556, 0.5725624561309814, -0.8939986824989319, -0.08168971538543701, 0.44055992364883423], [0.08762683719396591, 0.5692623257637024, 0.5404059290885925, -0.9033802151679993, -0.18643230199813843, 0.3861956298351288]], "Control Inputs 0": [[4.942465814563834, 9.787436729882572, 0.18306468805408627, 2.010998159659474, 2.925887664294388], [4.954114038984349, -9.82267367211818, 0.4392306715951431, 0.0830900924288902, 2.9388573349255473], [4.993455720163793, -9.822784912406178, 0.37959006410058627, -1.4955258092216541, 2.9372945214502444], [4.859655001804866, -9.821581088338409, 0.24688640728526198, 2.14344812738201, 2.941330150113181], [4.811871757207831, -9.817491200938026, 0.1809343304848177, -1.8219814126044755, -1.5731632159755984], [4.916094501647843, -9.67119047762867, 0.4264989758020654, -2.969492290610508, -2.9389917813819464], [1.7991359191732803, -9.571125777894387, 0.45915923383920404, -2.9914168623667856, -2.943961763648063], [3.501529404800376, 9.804906149095636, 0.17338009512524888, 0.753743143354709, -2.9460853133642217], [4.8829353487587674, 9.801034122781726, 0.49133543464472507, -0.4435530729544288, 0.4458718734892839], [-3.3265102713195525, -9.765289646827954, 0.30894121939683067, -1.3985464707974828, 2.9412010185808883], [-4.902118997946652, -9.815129673189809, 0.3848813392169113, -1.224070781410798, -2.890758381856494], [4.959576753283546, 6.90076720103054, 0.009470775571475904, 1.5495048449573252, 2.8953167577131804], [-3.0415693385397202, -9.627708712919056, 0.3981153995611341, 2.6554723437673795, 2.697392100691504], [-3.715255597657204, -9.810232101575112, 0.2301488359133719, -2.636686187138102, -2.834620750918908], [4.777719058246435, -9.79804206968729, 0.3444108777270836, -0.04891497409249723, 2.942719118921741], [2.255583866307316, -9.788174653799253, 0.33359325816789714, -2.5808658225163117, 1.3676431559220443], [-4.2316510196545725, -9.798934115466293, 0.1697680777014777, -0.6576009978879487, -2.6353641455133783], [4.742670617267855, 6.054073781960774, 0.40206234061817975, -0.49812833585822647, -2.940737203298344], [-0.36698744294924257, 3.656751844676659, 0.20156964721721476, 0.6463779468544986, -2.9423471723630663], [-4.783788381963565, 9.80065860298835, 0.16038295364840507, -0.9623638662871206, -2.94568434833104]], "Final Predicted Pose 0": [0.08762683719396591, 0.5692623257637024, 0.5404059290885925, -0.9033802151679993, -0.18643230199813843, 0.3861956298351288], "Predicted Translation Error 0": "1.8695695790081328cm", "Predicted Rotation Error 0": "tensor([0.9637], grad_fn=<DivBackward0>)"}