{"num_updates": "10354", "penalty": "tensor(0., dtype=torch.float64, grad_fn=<AddBackward0>)", "Starting Pose": [-0.24638618528842926, 0.18036417663097382, -0.23905602097511292, -0.6035770177841187, -0.7447121739387512, -0.13216735422611237, -0.252250611782074], "Starting Soft Arm States": [25.799999237060547, 36.900001525878906, 10.0, 31.97001838684082, 35.0931510925293, 15.993364334106445], "Number of Trajectories": 1, "Final Desired Pose": [0.02187373861670494, 0.2209409475326538, -0.30595871806144714, -0.4342903196811676, -0.2579953670501709, 0.8630355000495911], "Predicted Trajectory 0": [[0.25670839254531663, 0.6267540674332558, 0.534126714222419, -0.14412884414196014, 0.8323037028312683, 0.5352545380592346], [0.26327794790267944, 0.6547152400016785, 0.5130546689033508, -0.17733736336231232, 0.8360773921012878, 0.5191589593887329], [0.2976624071598053, 0.6645903587341309, 0.4640370309352875, -0.22753578424453735, 0.8224279284477234, 0.5213826298713684], [0.3344208896160126, 0.6849865317344666, 0.42720484733581543, -0.24995121359825134, 0.7700821161270142, 0.5869395732879639], [0.3733743727207184, 0.7005243301391602, 0.3918514847755432, -0.23029543459415436, 0.7925131320953369, 0.564700722694397], [0.4086526036262512, 0.690741777420044, 0.3540354073047638, -0.3037511706352234, 0.7963728308677673, 0.522996723651886], [0.4462629556655884, 0.6888914108276367, 0.3338087797164917, -0.38092267513275146, 0.7750043272972107, 0.5042480826377869], [0.4805765151977539, 0.672838032245636, 0.30246928334236145, -0.4888122081756592, 0.7628430128097534, 0.4232410490512848], [0.5116099715232849, 0.6662190556526184, 0.2935156524181366, -0.5489856600761414, 0.7572254538536072, 0.35387083888053894], [0.539156436920166, 0.6459759473800659, 0.2763010561466217, -0.639778733253479, 0.7231120467185974, 0.26036933064460754], [0.5556674599647522, 0.6772881150245667, 0.26553627848625183, -0.5922998785972595, 0.788925051689148, 0.1636406034231186], [0.5195740461349487, 0.6610865592956543, 0.24948418140411377, -0.6363533735275269, 0.7668595314025879, 0.08355089277029037], [0.4957181513309479, 0.6471108794212341, 0.2550825774669647, -0.6965422034263611, 0.7104058861732483, 0.10075969249010086], [0.5009742379188538, 0.7125738263130188, 0.2335631400346756, -0.5916518568992615, 0.8061695694923401, -0.006217727903276682], [0.4841742217540741, 0.6382336020469666, 0.28664344549179077, -0.7768822908401489, 0.5729643106460571, 0.2610859274864197], [0.5196090340614319, 0.7318786978721619, 0.2567209005355835, -0.5904183387756348, 0.7914605736732483, 0.1581021249294281], [0.49806055426597595, 0.6122190356254578, 0.30614471435546875, -0.7703672647476196, 0.4761892557144165, 0.4240022301673889], [0.5395753979682922, 0.7066096067428589, 0.3179616332054138, -0.5991922616958618, 0.6840658187866211, 0.4159596860408783], [0.5354881286621094, 0.6012501120567322, 0.35705941915512085, -0.7156018018722534, 0.36370983719825745, 0.5963464379310608], [0.5629590153694153, 0.6583849787712097, 0.3685699999332428, -0.650834321975708, 0.4752832353115082, 0.5920478105545044], [0.5488625764846802, 0.5987197160720825, 0.40732094645500183, -0.616848886013031, 0.20346355438232422, 0.7603288292884827]], "Control Inputs 0": [[-4.858015192967781, -3.8789963773787273, 0.6998763266522372, -2.8411037765570635, 0.9743793341651386], [-4.938305063341737, 9.43481887539826, 0.5263575876861158, -2.5394143847608834, -2.9841236571308323], [-4.851263330648745, 9.034737703284026, 0.20615051056105146, -1.111186806440363, 0.10282376336054488], [-4.918519291805361, -4.720871221830014, 0.014774341121811715, -2.9047566585781843, 2.1037068404852226], [-4.840695712446051, -1.0709118160799367, 0.044568379038012855, -1.0924959470521625, -0.5733985448425667], [-4.765582347191264, -1.777587017589827, 0.013721900135410355, -2.968418666820793, -0.7224351126241717], [-4.8367486628184055, -9.093676352160603, 0.010834811289865923, -0.765957606714966, 1.5150180047749426], [-2.360311017909474, -4.338290464213375, 0.017743717554607553, -2.1701234003506644, -0.7671194518157747], [-4.771995687833555, -2.710592171008895, 0.07854002945360294, -1.0650954355608888, 0.8697083903527756], [3.005937770061932, -7.7547711835115845, 0.14038375357329042, -1.0718558944642356, 2.9501829930292427], [4.826371208382106, -9.464378427757785, 0.024709804150895798, 0.4364611451369558, 1.0973629893229209], [-4.741228913824467, -8.756763197384181, 0.6896052516367543, -0.33426587464274027, 2.8196649958640654], [4.768581535485266, -9.437663994361834, 0.4377526690247927, 2.8642456760527777, -2.864472334949648], [-4.942792537215175, 9.827411109918906, 0.5136155679023456, 0.4153845992113512, -2.9717054168194212], [2.93040799211507, -6.844700305409722, 0.00747747341963783, 2.8141451854230217, -2.93790671656996], [-4.208198993783762, 9.934396102988241, 0.28332246637989017, 2.5576953316576745, -2.9331201308139327], [-1.8247867030974265, -5.693430828786319, 0.0030828589039676316, 2.9936162190561424, -2.8881648300275615], [-0.45659772482199923, 9.637466045671932, 0.001835747539552876, -0.31234424899287827, -2.9310044058963025], [-4.156110879845161, -2.096385440270164, 0.004298910782719896, 2.599575078500698, -2.8964307459842633], [4.702477921535468, 9.593431283361834, 0.6997554063887825, -2.9129811982022153, -2.972919845113085]], "Final Predicted Pose 0": [0.5488625764846802, 0.5987197160720825, 0.40732094645500183, -0.616848886013031, 0.20346355438232422, 0.7603288292884827], "Predicted Translation Error 0": "5.943681791661055cm", "Predicted Rotation Error 0": "tensor([0.8716], grad_fn=<DivBackward0>)"}