{"num_updates": "1584", "penalty": "tensor(0.3743, dtype=torch.float64, grad_fn=<AddBackward0>)", "Starting Pose": [-0.3408721089363098, 0.09913362562656403, -0.2641664743423462, -0.32711130380630493, 0.8136994242668152, 0.4374617338180542, 0.19879302382469177], "Starting Soft Arm States": [34.79999923706055, -39.79999923706055, 10.0, 12.532418251037598, 3.914828062057495, 35.39784622192383], "Number of Trajectories": 1, "Final Desired Pose": [-0.3646414279937744, 0.1723511815071106, -0.1774245649576187, -0.6410044431686401, 0.5719937086105347, 0.511797308921814], "Predicted Trajectory 0": [[0.1418410422184011, 0.37011803006447186, 0.4696626973435145, -0.706959068775177, -0.7062692642211914, 0.03731818124651909], [0.1196376159787178, 0.37512314319610596, 0.5137300491333008, -0.6954829096794128, -0.7182289958000183, -0.021226517856121063], [0.09897137433290482, 0.3963540196418762, 0.562174916267395, -0.716966450214386, -0.6865019798278809, -0.12113751471042633], [0.09314321726560593, 0.3772718608379364, 0.610399067401886, -0.6612303853034973, -0.738611102104187, -0.13125519454479218], [0.09099079668521881, 0.3858838677406311, 0.6328074336051941, -0.6488494873046875, -0.7505767941474915, -0.12501558661460876], [0.09149981290102005, 0.3977075219154358, 0.6479756832122803, -0.6337928771972656, -0.7715278267860413, -0.05523955821990967], [0.09656304121017456, 0.4042815566062927, 0.664583146572113, -0.5792773365974426, -0.8128466010093689, 0.060977526009082794], [0.09599737077951431, 0.441305935382843, 0.6741313934326172, -0.5790172219276428, -0.7892966270446777, 0.20432782173156738], [0.10002729296684265, 0.467862069606781, 0.6810442805290222, -0.5420646071434021, -0.7632408142089844, 0.3516096770763397], [0.10623808950185776, 0.503242552280426, 0.6827395558357239, -0.49384599924087524, -0.7057386040687561, 0.5079853534698486], [0.10998424142599106, 0.5365828275680542, 0.685559868812561, -0.43690523505210876, -0.6087980270385742, 0.662177324295044], [0.11279134452342987, 0.5744355320930481, 0.6853644251823425, -0.40807080268859863, -0.45235615968704224, 0.7930019497871399], [0.11217836290597916, 0.6072044372558594, 0.6872912049293518, -0.4032774269580841, -0.2287129908800125, 0.8860348463058472], [0.10627169162034988, 0.5943632125854492, 0.6857603192329407, -0.44199055433273315, -0.14166374504566193, 0.8857627511024475], [0.11199261248111725, 0.610363781452179, 0.6898578405380249, -0.38921865820884705, 0.048104800283908844, 0.919888436794281], [0.11283950507640839, 0.5978485345840454, 0.6859213709831238, -0.3990834653377533, 0.13185298442840576, 0.9073848128318787], [0.11677736788988113, 0.6058753132820129, 0.6855276226997375, -0.4376142621040344, 0.22255507111549377, 0.8711848258972168], [0.11207807064056396, 0.6107800006866455, 0.6982194781303406, -0.47488537430763245, 0.20085740089416504, 0.8568198084831238], [0.10995938628911972, 0.6251853108406067, 0.6750312447547913, -0.5733778476715088, 0.36649686098098755, 0.7327468395233154], [0.09950359910726547, 0.6155155301094055, 0.6841878294944763, -0.6392610669136047, 0.38955560326576233, 0.6630170941352844], [0.1001695916056633, 0.6068455576896667, 0.6887205243110657, -0.6537536978721619, 0.4576561748981476, 0.6026249527931213]], "Control Inputs 0": [[4.939412419671706, -1.766875762531182, 0.003946031516974319, -2.8450935537490927, 2.9398993298107747], [3.5750118576174206, 6.4990444709624065, 0.0020051500025933594, 2.916500726419823, 2.976046500815534], [0.7310309530623762, 9.598079383915387, 0.0002527503822427359, 2.5244985822016117, 2.8967826331129958], [-0.46212902123303046, 9.94599906854036, 0.001187300283442711, 0.719152119688049, 2.9088834381155193], [-1.4199008749225275, 9.819862566008908, 0.0035326193003615463, 2.929798030836314, 2.8747036450265675], [-0.9627456374873073, 9.806762289788601, 0.0001712385800649494, -0.3249945057034753, 2.91768262527024], [-0.6358317068067834, 9.806088738413184, 0.006321414389253857, 0.24161016141634484, 2.972733794110389], [-1.1989656889280842, 9.539718839519619, 0.006987806828451853, 1.013990846939274, 2.948309333843242], [-1.2693664194589815, 9.530738551889485, 0.0036258369425363635, 0.9281687433419883, 2.858181962994685], [-0.40648567025352733, 9.789426388724294, 0.12234400095432074, 0.30128380961678447, 2.9067651086578072], [-0.7755027557556824, 9.806773018925558, 0.05589809152418926, -0.4618035034092842, 2.937403263793227], [0.9698463901614618, 5.898659848935692, 0.013999316893910324, -0.9097877070917426, -0.680452341016049], [-1.013760888650335, -0.7309072542108748, 0.010381855341444028, -0.5733184277595367, 2.934941179757862], [-1.214710054523711, -4.9448395714830795, 0.18230269812566868, -0.8612514368491384, 2.9423471056431163], [-1.6378172552638564, -7.19997660160586, 0.2631401304132003, -0.35371630399478393, 2.938937818567558], [0.33358449492299425, -4.443397858315835, 0.007438615428607244, -0.4605734508724524, -0.5659087371170846], [1.3817678484613358, 9.810131238792021, 0.008541044305418057, -2.9371050411931536, -0.7083626372449325], [0.26031077027240457, -5.1516213338944405, 0.01673909686466902, -1.623799483823392, 0.11053230773975775], [4.895644508631058, 9.81972427935484, 0.00652005455328852, 0.6993746781141716, -0.14340181001960373], [-4.900534862981927, -9.456988473903381, 0.013859899915855851, -2.937019123338303, -2.960954934504439]], "Final Predicted Pose 0": [0.1001695916056633, 0.6068455576896667, 0.6887205243110657, -0.6537536978721619, 0.4576561748981476, 0.6026249527931213], "Predicted Translation Error 0": "1.0740015398744616cm", "Predicted Rotation Error 0": "tensor([0.9893], grad_fn=<DivBackward0>)"}