{"num_updates": "1875", "penalty": "tensor(0., dtype=torch.float64, grad_fn=<AddBackward0>)", "Starting Pose": [-0.10065051168203354, 0.13445906341075897, -0.3156271278858185, -0.13842204213142395, -0.1332085281610489, -0.9743409752845764, -0.11727927625179291], "Starting Soft Arm States": [-2.9000000953674316, 35.400001525878906, 10.0, 17.738740921020508, 35.222312927246094, 28.807144165039062], "Number of Trajectories": 1, "Final Desired Pose": [-0.3061777949333191, 0.08939216285943985, -0.21599645912647247, -0.3769892454147339, -0.3576258718967438, 0.8543903231620789], "Predicted Trajectory 0": [[0.43388050484492885, 0.4817235806751177, 0.33755196281752275, -0.9341698288917542, -0.1916620284318924, 0.30098575353622437], [0.42107680439949036, 0.49787798523902893, 0.33075371384620667, -0.951992928981781, -0.17248311638832092, 0.25290122628211975], [0.3657793402671814, 0.459552139043808, 0.3369889259338379, -0.9179931282997131, -0.2561326324939728, 0.302794873714447], [0.31778982281684875, 0.4286063611507416, 0.3671336770057678, -0.8401527404785156, -0.3839486539363861, 0.3830491900444031], [0.27505090832710266, 0.4032398760318756, 0.3949835002422333, -0.7892833352088928, -0.4654851257801056, 0.4004441797733307], [0.23553656041622162, 0.40992242097854614, 0.42956021428108215, -0.7811374664306641, -0.46304771304130554, 0.41882115602493286], [0.20379503071308136, 0.3590448796749115, 0.49488863348960876, -0.6295842528343201, -0.6168397068977356, 0.47236892580986023], [0.169638529419899, 0.3598876893520355, 0.5418524146080017, -0.6412452459335327, -0.6324618458747864, 0.4345071613788605], [0.15715835988521576, 0.34728294610977173, 0.5691835284233093, -0.6305140852928162, -0.6587979197502136, 0.4104112684726715], [0.15607969462871552, 0.3451555669307709, 0.5852887034416199, -0.5767750144004822, -0.6882979869842529, 0.4399731755256653], [0.1460723578929901, 0.3386871814727783, 0.5697486996650696, -0.590833306312561, -0.7364984154701233, 0.3293720483779907], [0.14436717331409454, 0.3415690064430237, 0.5686739683151245, -0.5940570831298828, -0.7386741638183594, 0.31852251291275024], [0.1369205117225647, 0.3461589813232422, 0.5803187489509583, -0.5933261513710022, -0.7279295921325684, 0.3436315357685089], [0.13231970369815826, 0.33173227310180664, 0.5656412839889526, -0.5832229852676392, -0.7605469226837158, 0.2853405475616455], [0.13864879310131073, 0.3515935242176056, 0.5690149068832397, -0.5879455804824829, -0.7038996815681458, 0.3985537588596344], [0.14584189653396606, 0.35194921493530273, 0.5789765119552612, -0.5265346169471741, -0.660468339920044, 0.5352969169616699], [0.1557702124118805, 0.35663557052612305, 0.5995740294456482, -0.47279801964759827, -0.6252121925354004, 0.6209442615509033], [0.17255811393260956, 0.32768526673316956, 0.6081769466400146, -0.3237656056880951, -0.6526114344596863, 0.6850358843803406], [0.18666090071201324, 0.3723701238632202, 0.5788666605949402, -0.41820505261421204, -0.49619153141975403, 0.7608537077903748], [0.21412143111228943, 0.37352943420410156, 0.591566801071167, -0.37825316190719604, -0.43979865312576294, 0.8145560622215271], [0.21142631769180298, 0.34193155169487, 0.6092416048049927, -0.24084621667861938, -0.4414079487323761, 0.8643795847892761]], "Control Inputs 0": [[4.928544242227542, -1.9513352574790641, 0.038320071029433814, -0.05886415994014671, -2.9484520075163796], [4.950538227309897, -9.17963663276678, 0.6874721981265964, 1.1993874565220777, -2.9507038280369926], [4.803537539704417, -9.135203104199908, 0.007234062219802233, -0.8119217862980923, -2.942290694085114], [4.777484089967626, -7.365296508354906, 0.5200107158696352, -1.1094025504772504, -0.7045359083461475], [4.80656290538562, -5.062860674035487, 0.27943109514319125, 2.8518539164212564, -2.9388441218445664], [4.863284486436406, -5.121457557475813, 0.0030088406974189113, -1.3299204157975648, -2.9417038900868735], [4.753529252852982, -5.927972742907126, 0.008641367528231417, -0.9284458294796174, -0.3487127191473762], [-1.5004290960897744, -7.964981501242775, 0.23871643156583008, 1.7190549574753176, 2.939689714636472], [1.1547628473864089, -9.220183978519595, 0.17256149043815538, -2.4089785475665892, -0.719001501603473], [0.6941433187542421, -3.3270097000232264, 0.18647614001495122, -1.0157269657253032, -1.5309049220329938], [-1.6511388832131417, -4.98069455899241, 0.3888297431876178, 0.620446307000794, 2.9395362591590395], [2.4062844097547407, -5.336580925836992, 0.010224027856202005, -1.9110722072944009, -2.937941548101697], [-2.464959269625958, -4.178668921313002, 0.5190303129316488, 1.2125895910796967, 2.841906382054816], [-2.8125268523771076, -5.0256636503122145, 0.6654384613270007, 2.923787302907641, 2.939210389835166], [-2.6246837280753796, -8.404561842035779, 0.6738665159149778, 2.9282284437277966, 2.9307835736641463], [0.6144968249987164, -2.692493309094555, 0.0022057722840212197, 2.772009982643029, -2.940963356743251], [-4.892027988148325, -5.023814066314052, 0.6665354793825256, -0.8757922106058729, 2.9410944224683595], [-2.8256896978283406, -8.452957998517501, 0.6750708282381448, 2.9183239805581875, 2.870938799105862], [-2.451815358801253, 1.8449248715803677, 0.002834791850789004, 2.9281246871147424, -2.9411831553339245], [4.710893244840705, -9.136767844513532, 0.00840830121785488, 1.7244914462179466, 2.9452133964139104]], "Final Predicted Pose 0": [0.21142631769180298, 0.34193155169487, 0.6092416048049927, -0.24084621667861938, -0.4414079487323761, 0.8643795847892761], "Predicted Translation Error 0": "2.3395435238433167cm", "Predicted Rotation Error 0": "tensor([0.9872], grad_fn=<DivBackward0>)"}