{"num_updates": "353", "penalty": "tensor(0., dtype=torch.float64, grad_fn=<AddBackward0>)", "Starting Pose": [-0.10065051168203354, 0.13445906341075897, -0.3156271278858185, -0.13842204213142395, -0.1332085281610489, -0.9743409752845764, -0.11727927625179291], "Starting Soft Arm States": [-2.9000000953674316, 35.400001525878906, 10.0, 17.738740921020508, 35.222312927246094, 28.807144165039062], "Number of Trajectories": 1, "Final Desired Pose": [-0.3646414279937744, 0.1723511815071106, -0.1774245649576187, -0.6410044431686401, 0.5719937086105347, 0.511797308921814], "Predicted Trajectory 0": [[0.43388050484492885, 0.4817235806751177, 0.33755196281752275, -0.9341698288917542, -0.1916620284318924, 0.30098575353622437], [0.4109690487384796, 0.542239785194397, 0.34762096405029297, -0.9309427738189697, 0.0008872402831912041, 0.36516422033309937], [0.3589591085910797, 0.560684084892273, 0.37113943696022034, -0.8453342914581299, 0.08483895659446716, 0.5274584293365479], [0.3135582506656647, 0.5926949381828308, 0.41751113533973694, -0.6932739019393921, 0.18577386438846588, 0.6963184475898743], [0.2716982662677765, 0.5895745158195496, 0.4706818759441376, -0.5735958218574524, 0.18922722339630127, 0.7969823479652405], [0.23716138303279877, 0.5840224623680115, 0.5486546158790588, -0.41066646575927734, 0.17268574237823486, 0.8952836394309998], [0.20490530133247375, 0.5871051549911499, 0.6081627607345581, -0.34170299768447876, 0.21307894587516785, 0.9153341054916382], [0.17527315020561218, 0.6001120209693909, 0.6520238518714905, -0.3274867832660675, 0.2937329113483429, 0.8980386257171631], [0.15695668756961823, 0.5933226346969604, 0.6681641340255737, -0.3956173062324524, 0.32379379868507385, 0.859444260597229], [0.1431056559085846, 0.6050336956977844, 0.6910301446914673, -0.3414972424507141, 0.41043439507484436, 0.8455313444137573], [0.11895403265953064, 0.5963015556335449, 0.7255452871322632, -0.34607821702957153, 0.43102532625198364, 0.8333349227905273], [0.12170172482728958, 0.5953870415687561, 0.7021441459655762, -0.3794936537742615, 0.5093978643417358, 0.7723330855369568], [0.12135376036167145, 0.6045311093330383, 0.6840051412582397, -0.42778342962265015, 0.574152946472168, 0.6981043815612793], [0.11761807650327682, 0.5971426963806152, 0.7053315043449402, -0.3921019732952118, 0.5595455765724182, 0.7301813364028931], [0.1252032369375229, 0.6094435453414917, 0.6945383548736572, -0.3963232636451721, 0.5918744802474976, 0.7018635869026184], [0.12046018242835999, 0.5977516770362854, 0.6895923018455505, -0.4315304458141327, 0.5770959854125977, 0.6933553814888], [0.11335525661706924, 0.6067941784858704, 0.7088897228240967, -0.4078903794288635, 0.6041573882102966, 0.6845577955245972], [0.1081470251083374, 0.6067748665809631, 0.6977832317352295, -0.43720543384552, 0.6343361735343933, 0.6375492811203003], [0.11309496313333511, 0.6032363176345825, 0.6884990930557251, -0.47751641273498535, 0.6494620442390442, 0.5917576551437378], [0.10946564376354218, 0.5879262089729309, 0.6828689575195312, -0.558702826499939, 0.620296835899353, 0.5505297780036926], [0.11047451943159103, 0.5975906252861023, 0.6893795728683472, -0.5515384078025818, 0.6303268671035767, 0.5463455319404602]], "Control Inputs 0": [[4.983653845467112, 9.804006093717863, 0.41527098806223645, 2.942947929305981, 0.40614657861328274], [4.912178164878975, 9.581002174264292, 0.6666370473881236, 2.9338073294773075, 0.8837797926167879], [4.905745162788863, 7.391864834048217, 0.626859630795753, 2.0680757458450065, -0.4795825192544072], [4.925031645369215, 2.1259460030471917, 0.4940597560590762, 2.9402495418037162, -0.30069456865116706], [4.890271845626531, 2.2774354561999246, 0.3518483307789813, -0.3535066440801291, -0.8701261727639018], [4.8761546651799605, 0.23874684285208758, 0.31355970052051846, -2.9370910094529186, 0.6300177309987909], [4.855452409264862, 4.312650213427462, 0.3050997962122674, -2.9273805868026583, -0.9146763725521541], [-0.6809760310136488, 2.5245072140930063, 0.16238473155626587, -0.37599767886680535, -0.961989128639277], [4.9024120721536875, 1.2515892925321452, 0.3071341239490827, -1.5443515246365376, 0.4437832335528471], [1.5084998383717503, 0.7532614133340907, 0.14453659972810445, -1.733505644182966, 1.317720404750795], [-3.9420732652027386, -8.038517366748826, 0.21210550960531635, -0.44051532977119123, 2.941272559596009], [2.8542890043726166, -2.6531149922223056, 0.007658179176511182, 0.36484010183400706, 0.9317644976884281], [-2.7185805410293638, -0.177761234001224, 0.23181618130897294, 1.7483576139090191, -1.084924314759315], [-1.055126934861288, -2.9288591764974683, 0.10915229196058034, -1.1788334347911893, -0.11381602321660278], [1.2917726122130198, -3.3959235427391548, 0.20201865721727102, 0.6709478706072192, 0.9032790116979776], [2.0863381234535465, -0.6057178960471568, 0.20413380048446647, -1.705584381828586, 0.9480694104444964], [-1.2816441083929022, -3.618501873093569, 0.16748560845962782, 0.44727294199865497, 0.9963817733653877], [-0.8691391057762416, -9.800658265422364, 0.26160977643255706, 0.184182664997822, 1.1206385008872353], [1.1072098001386639, -1.8478139874562398, 0.181709946409048, 0.8517405488217991, -0.4249244682923452], [-1.3383498857396563, -1.0372729914146834, 0.06633116855353934, -2.911591765221516, -2.33072510972183]], "Final Predicted Pose 0": [0.11047451943159103, 0.5975906252861023, 0.6893795728683472, -0.5515384078025818, 0.6303268671035767, 0.5463455319404602], "Predicted Translation Error 0": "0.26359091023206754cm", "Predicted Rotation Error 0": "tensor([0.9937], grad_fn=<DivBackward0>)"}