{"num_updates": "777", "penalty": "tensor(0., dtype=torch.float64, grad_fn=<AddBackward0>)", "Starting Pose": [-0.2139708697795868, 0.18574365973472595, -0.2922041416168213, -0.20327027142047882, -0.4350650906562805, -0.8644406199455261, -0.1488017588853836], "Starting Soft Arm States": [11.699999809265137, -52.099998474121094, 10.0, 16.387481689453125, 35.212379455566406, 19.351640701293945], "Number of Trajectories": 1, "Final Desired Pose": [-0.22378191351890564, 0.20085817575454712, -0.29101288318634033, -0.7137497067451477, 0.3023896813392639, 0.6317608952522278], "Predicted Trajectory 0": [[0.2961159705078064, 0.6437497569831682, 0.39768388318218284, -0.873078465461731, -0.08038897067308426, 0.48090705275535583], [0.2982093393802643, 0.6707603931427002, 0.3848101794719696, -0.9140901565551758, -0.046048760414123535, 0.40288788080215454], [0.28925198316574097, 0.6709609031677246, 0.3838993012905121, -0.9242088794708252, -0.031237807124853134, 0.3806076645851135], [0.2825061082839966, 0.6832138895988464, 0.41300299763679504, -0.8787233233451843, 0.0994335487484932, 0.4668600261211395], [0.2810043394565582, 0.6779173612594604, 0.40088704228401184, -0.895536482334137, 0.12634706497192383, 0.4266740679740906], [0.2853105366230011, 0.6794252991676331, 0.4018920660018921, -0.8677114248275757, 0.19917380809783936, 0.4554191827774048], [0.2897128462791443, 0.6801511645317078, 0.4122454524040222, -0.8280513286590576, 0.2562527060508728, 0.4986638128757477], [0.28835657238960266, 0.67731112241745, 0.40516397356987, -0.8442006707191467, 0.2618468403816223, 0.4677194356918335], [0.291360467672348, 0.6825584769248962, 0.40930068492889404, -0.8153185844421387, 0.31034940481185913, 0.48881375789642334], [0.29428866505622864, 0.6805080771446228, 0.4138090908527374, -0.7993829846382141, 0.3306349515914917, 0.5016646981239319], [0.2917831540107727, 0.680517315864563, 0.4026108384132385, -0.8175387978553772, 0.35316377878189087, 0.4548688232898712], [0.2800314426422119, 0.6825480461120605, 0.41365405917167664, -0.7925947904586792, 0.39326709508895874, 0.4659770131111145], [0.287275105714798, 0.6728575825691223, 0.40947243571281433, -0.7783024907112122, 0.396232545375824, 0.48707789182662964], [0.29416802525520325, 0.6725725531578064, 0.3895663917064667, -0.8279960751533508, 0.3389030396938324, 0.44672954082489014], [0.28989189863204956, 0.6965984106063843, 0.4078591763973236, -0.7577255964279175, 0.4317094087600708, 0.489365816116333], [0.28586986660957336, 0.6785457730293274, 0.40902256965637207, -0.7495161890983582, 0.4220488369464874, 0.5100003480911255], [0.28660959005355835, 0.6735570430755615, 0.4111786484718323, -0.7524087429046631, 0.4098489284515381, 0.5156596302986145], [0.28976061940193176, 0.6640894412994385, 0.40649062395095825, -0.7727400660514832, 0.34255996346473694, 0.5343458652496338], [0.29780417680740356, 0.6880766153335571, 0.39411935210227966, -0.7763907313346863, 0.38239872455596924, 0.5009876489639282], [0.28453946113586426, 0.6906774640083313, 0.404858261346817, -0.7558857202529907, 0.40859586000442505, 0.5115526914596558], [0.28917795419692993, 0.6839003562927246, 0.4047742486000061, -0.7220754623413086, 0.42323803901672363, 0.5472444891929626]], "Control Inputs 0": [[-2.4072417570380913, 3.488647726888164, 0.00877035536867404, -0.08486163157592719, -2.871075134692191], [2.672883354907426, 4.541255934497126, 0.6888981209706196, 1.212408553678988, 0.5654866622450512], [-1.1436396047615909, 0.5342320430586511, 0.007952977831030899, -0.41880175401957453, -0.24606173589693503], [-0.5255498818777058, 3.3578619316768314, 0.6452436487966602, -0.3270719635438226, -0.38231642821207146], [-0.9626105605453024, 3.287565818483385, 0.5714753914962838, 2.376912671322976, 0.614665744564125], [-0.9348336125197907, -0.5408936427000288, 0.008306863829548011, -0.9880951485432026, -0.326621569088378], [0.8934143101693275, 1.343646479720082, 0.2792308640605504, -0.46852245966740913, 0.6271389205503497], [-0.8684992048545128, 0.9173337598807016, 0.32407460144573635, 1.525173919196054, 0.7173274589668344], [-0.4236863620848137, -0.0970280548046123, 0.1390181445696285, -1.5376170943318106, -0.2190988215607823], [1.301281671110475, 0.03818350940006532, 0.1504000830734982, -0.5479000253590276, 0.5246514085194587], [2.2209176960564427, -0.9540148886549993, 0.08313943522809127, 0.6163565075393267, 1.8068334477455794], [-4.856972241683919, -1.0447351061658896, 0.03005986749762154, -0.888200249292201, -2.9420362987066597], [3.0779328856014434, 9.792422202186994, 0.09098462844073356, 0.015991764110842688, -0.9074975893899073], [0.5638373062679456, -2.3770489338385365, 0.07719746656479148, 1.126475180058737, 2.940317844749228], [-1.125086056228588, -1.6918004148880854, 0.062842830030412, 1.1004887996471107, -0.5344373080080502], [-0.07352816460487421, -1.7954909668495116, 0.006377421777525943, -0.6875188594807784, -1.3107553332540438], [0.4058110005441744, 9.797145406699222, 0.14936315942128542, -1.6405382877604713, -2.7180061575933303], [0.06146379521831502, 9.806182916393109, 0.0700565199884953, -0.4216999624473252, -1.7095616163048575], [4.906222852106948, 9.817428244046777, 0.05079985831480017, -0.41324934409546366, 0.43505844905385027], [-4.986948682645428, 9.809536367754262, 0.023255850836191864, -2.45036053100302, -2.9447693108019424]], "Final Predicted Pose 0": [0.28917795419692993, 0.6839003562927246, 0.4047742486000061, -0.7220754623413086, 0.42323803901672363, 0.5472444891929626], "Predicted Translation Error 0": "0.5009915346480005cm", "Predicted Rotation Error 0": "tensor([0.9891], grad_fn=<DivBackward0>)"}