{"num_updates": "2095", "penalty": "tensor(0., dtype=torch.float64, grad_fn=<AddBackward0>)", "Starting Pose": [0.16755126416683197, 0.12764568626880646, -0.29099786281585693, 0.20105165243148804, 0.5200039744377136, -0.7186347842216492, 0.4156177043914795], "Starting Soft Arm States": [-37.599998474121094, -57.0, 10.0, 10.57176685333252, 26.157615661621094, 35.40446853637695], "Number of Trajectories": 1, "Final Desired Pose": [0.0771937295794487, 0.23496511578559875, -0.268842488527298, 0.04774600267410278, 0.025635752826929092, 0.9985305070877075], "Predicted Trajectory 0": [[0.759935711327779, 0.46019771276964433, 0.40078066426569375, -0.5736802816390991, 0.8064500689506531, 0.1432802975177765], [0.8214865922927856, 0.5035358667373657, 0.4791776239871979, -0.6287919282913208, 0.7604156136512756, 0.16244608163833618], [0.8522723317146301, 0.5034117102622986, 0.48500674962997437, -0.6556652784347534, 0.7532068490982056, 0.05274882912635803], [0.820127546787262, 0.4778624176979065, 0.4730781316757202, -0.7108829021453857, 0.7005264163017273, 0.06251561641693115], [0.8022139072418213, 0.5312648415565491, 0.4897077679634094, -0.6486425995826721, 0.7418552041053772, 0.17004017531871796], [0.73974609375, 0.5899168252944946, 0.4483523666858673, -0.5962816476821899, 0.7777835726737976, 0.19874833524227142], [0.6827020049095154, 0.6277039647102356, 0.43796682357788086, -0.5374016165733337, 0.7732213139533997, 0.33664247393608093], [0.6471930742263794, 0.6764937043190002, 0.4437495768070221, -0.4443262219429016, 0.7922312617301941, 0.4182629883289337], [0.6236196160316467, 0.7113818526268005, 0.45566442608833313, -0.3513347804546356, 0.8098772764205933, 0.4697473347187042], [0.6361269950866699, 0.7494502067565918, 0.4810446798801422, -0.2289072871208191, 0.8506829142570496, 0.47322311997413635], [0.6449795365333557, 0.780367910861969, 0.5006537437438965, -0.15706031024456024, 0.8610928654670715, 0.48358154296875], [0.6245299577713013, 0.7695513367652893, 0.49549999833106995, -0.11520775407552719, 0.8171611428260803, 0.5647785067558289], [0.6257976293563843, 0.8019490838050842, 0.4913816452026367, 0.027778007090091705, 0.8379778265953064, 0.544996976852417], [0.6122214794158936, 0.7758803963661194, 0.4897348880767822, -0.012140203267335892, 0.7807834148406982, 0.6246837973594666], [0.6155574321746826, 0.8082917928695679, 0.4666682481765747, 0.1553816795349121, 0.8326099514961243, 0.5316174626350403], [0.6149136424064636, 0.8124794363975525, 0.485613614320755, 0.26967567205429077, 0.7864362001419067, 0.5556915402412415], [0.618014931678772, 0.8277322053909302, 0.44536885619163513, 0.41744759678840637, 0.8000534176826477, 0.4308735728263855], [0.6239462494850159, 0.820186972618103, 0.44321930408477783, 0.4540230929851532, 0.7711881399154663, 0.4462418556213379], [0.6634156107902527, 0.8137040138244629, 0.47596126794815063, 0.4026808738708496, 0.6901665329933167, 0.6012638211250305], [0.6592515110969543, 0.811597466468811, 0.48899492621421814, 0.4116130471229553, 0.5561469197273254, 0.7219939231872559], [0.625394344329834, 0.7530447244644165, 0.4842524230480194, 0.23330770432949066, 0.3009902834892273, 0.9246471524238586]], "Control Inputs 0": [[-4.719372223420886, -9.577002103851488, 0.699875992271972, 2.873443520909343, 2.983253542678754], [4.9863500170115085, -8.87607522373421, 0.6996067325633042, 2.9132173662887864, 2.978313993289772], [-2.098349416249208, -9.075950923818564, 0.6210228142765204, 2.9248241534753374, 2.9235049907858066], [4.725955665698216, 9.648970064738812, 0.6851879629389702, 2.8952596010390295, 2.861152703647556], [4.736513732723651, 9.953164939899015, 0.21276858567149207, 2.902702170227853, 2.9495616593129226], [4.27986302108506, 9.980556426541472, 0.0005407386512019062, 2.8356904250144925, 2.9290848322601146], [2.1564624382554403, 9.923491723464434, 0.010224074878426819, 0.2224058856842368, 2.828312873771808], [2.983636656391795, 9.818684745196673, 0.019437281759061086, 2.8025623695919, 2.92296879087748], [-4.7179298931542455, 9.68763191368783, 0.00889378413720533, -2.898335521813802, 2.840668722493235], [1.970255444595617, 9.622589501222645, 0.009331474842810557, -2.8630127009663617, -2.820076194266144], [4.711311893905991, 9.940005057362303, 0.006649900549333996, 0.14230005590340333, 2.9619507746063816], [-0.8444895020504015, 9.45323841929488, 0.007785625079831781, -2.772035391909984, -2.869937476055808], [2.9101649381661687, 9.71666734253684, 0.0077923211752625714, -1.9281212077263705, 2.855890146575306], [1.249430612732346, 9.40583113160238, 0.00334615364749172, 2.8317097488874445, 2.916892097053161], [1.4681210763881243, 9.7749599357319, 0.005561198243650109, -2.873699475581598, 2.920217681141028], [4.7853060289139435, 9.899268908602263, 0.004241892743157539, 2.187819464064039, 2.848954960569544], [-4.834946966013039, 9.933664137422742, 0.27710428916803354, -2.156412858389078, -2.9447480385282274], [-4.587654947619152, 9.754301578590969, 0.6912730568052202, 0.052351659139369566, -2.969575523427312], [4.714305652179132, 9.871735558926751, 0.69631133145328, 2.789357015001462, -2.978968404594836], [-4.80599649978097, 6.083338099064793, 0.693898945028961, -2.84468731530311, -2.846016463326003]], "Final Predicted Pose 0": [0.625394344329834, 0.7530447244644165, 0.4842524230480194, 0.23330770432949066, 0.3009902834892273, 0.9246471524238586], "Predicted Translation Error 0": "2.70892994099343cm", "Predicted Rotation Error 0": "tensor([0.9421], grad_fn=<DivBackward0>)"}