{"num_updates": "544", "penalty": "tensor(336.8256, dtype=torch.float64, grad_fn=<AddBackward0>)", "Starting Pose": [-0.1171317771077156, 0.09510336071252823, -0.346181720495224, -0.30158770084381104, 0.8332537412643433, -0.24433507025241852, 0.39374271035194397], "Starting Soft Arm States": [0.5, -74.0, 10.0, 13.860493659973145, 13.804191589355469, 35.40115737915039], "Number of Trajectories": 1, "Final Desired Pose": [-0.40207168459892273, 0.17059433460235596, -0.23827926814556122, -0.8027567863464355, -0.4352896809577942, 0.4075590968132019], "Predicted Trajectory 0": [[0.413844088663637, 0.35738499791960265, 0.2591116517289544, -0.5080230236053467, -0.3101878762245178, 0.8035521507263184], [0.3765067458152771, 0.36085623502731323, 0.24303214251995087, -0.6619136929512024, -0.3813893795013428, 0.6453002691268921], [0.31460636854171753, 0.38899219036102295, 0.24909095466136932, -0.7192111611366272, -0.37123632431030273, 0.5872979164123535], [0.2571229040622711, 0.42004603147506714, 0.27955469489097595, -0.7363753318786621, -0.32117030024528503, 0.5954839587211609], [0.20879067480564117, 0.45001551508903503, 0.3073102831840515, -0.7809678912162781, -0.23728424310684204, 0.5777415037155151], [0.17412009835243225, 0.47721487283706665, 0.34572896361351013, -0.8185507655143738, -0.15264350175857544, 0.553782045841217], [0.1429591029882431, 0.4884558618068695, 0.43412312865257263, -0.7412980794906616, -0.1061445102095604, 0.6627295613288879], [0.11670137941837311, 0.5210367441177368, 0.48705947399139404, -0.7758975028991699, 0.0350017212331295, 0.6298872232437134], [0.1008068099617958, 0.5032872557640076, 0.5251322984695435, -0.7677716016769409, 0.0673069879412651, 0.6371785998344421], [0.09639805555343628, 0.48313069343566895, 0.5500162243843079, -0.7602961659431458, -0.00524807907640934, 0.6495553851127625], [0.09565282613039017, 0.5123662352561951, 0.5210113525390625, -0.8502501249313354, 0.026711642742156982, 0.5257007479667664], [0.08862575888633728, 0.5467532873153687, 0.5383123755455017, -0.8680270314216614, 0.06527962535619736, 0.4922068417072296], [0.08684689551591873, 0.578798770904541, 0.5545933246612549, -0.8345113396644592, 0.14520792663097382, 0.5315123200416565], [0.09331901371479034, 0.5533171892166138, 0.5294261574745178, -0.906622588634491, -0.007919641211628914, 0.4218681752681732], [0.07886536419391632, 0.5885562300682068, 0.5646573305130005, -0.844478189945221, 0.10799504816532135, 0.5245890617370605], [0.09011869877576828, 0.5666297078132629, 0.5245011448860168, -0.9127896428108215, 0.015515191480517387, 0.4081352651119232], [0.08820277452468872, 0.5603229403495789, 0.5310397744178772, -0.9230245351791382, -0.08879107981920242, 0.3743552267551422], [0.07926715165376663, 0.5944608449935913, 0.5763735175132751, -0.8582480549812317, 0.0019084258237853646, 0.5132314562797546], [0.09016235917806625, 0.5499793291091919, 0.5393419861793518, -0.8899280428886414, -0.1532396525144577, 0.42958787083625793], [0.08379742503166199, 0.5525201559066772, 0.5244595408439636, -0.8930822014808655, -0.21543221175670624, 0.39495962858200073], [0.0807318240404129, 0.5786723494529724, 0.5388402938842773, -0.8691842555999756, -0.1959989070892334, 0.45398589968681335]], "Control Inputs 0": [[4.951138768063094, 9.822627106963946, 0.0022160570895263486, -1.2982431640506134, 2.9968631476901644], [4.959540374945963, 9.787172077837717, 0.4679129748056255, 0.47199993179665434, 2.970639430892742], [4.949074744679958, 9.514613851174598, 0.005757971886594243, -1.3317050295421016, 2.9826375745385674], [4.879630287334516, 9.578880189400142, 0.44502013150929653, -1.4547830917451374, 2.9966274200453427], [4.843941349068016, 9.796197666268323, 0.20843599967467272, 2.722885519738834, 2.9848843201184208], [4.891132998404702, 9.537983103585798, 0.0008069058322299914, -1.3922026483627634, 2.880416910494075], [4.815769010258622, 9.81759633385905, 0.07996344444563608, -0.8710095674161984, 2.9265107865360855], [-0.02268466690452886, -9.79801344002844, 0.6409985241379947, 1.8561188744459578, 2.966539773021273], [-1.7763558048181944, -9.88289347722504, 0.4308110183113327, -2.253289424099112, 2.9438383781032984], [-1.7681894643972287, -5.915415480229303, 0.5603466311001954, -0.7272914526252356, 2.8740215014473955], [4.23559774064206, 9.797429132765327, 0.49181205191543875, 1.036475978332449, 2.855185467576371], [-4.902786182621568, -9.804441161666269, 0.05713515221459327, -1.438521747118821, -0.6050792314208282], [4.817492508547343, 6.497264626354443, 0.13036079916407553, 0.03453736424076714, -0.3372926269037224], [-2.5793282902373003, -9.805038808123134, 0.3912626522007223, -0.3833844341534345, 2.9378192747961522], [-2.897994476511941, -9.806967873418833, 0.38405169998106153, -0.47326771469824136, -1.4403365008262206], [4.920497473227643, 8.452302927380629, 0.021031712664223632, 2.8713318949429727, -0.33155754142660365], [-2.605947244213634, -9.891064646363875, 0.531696428395186, 0.28061012557497067, 0.4402823739779347], [-2.2058077454523524, -6.246466875342196, 0.12819581233857735, -2.8479467935240734, -2.7249580439548096], [3.3810234779121906, 9.816093062559222, 0.559121294617845, 0.7285964759459755, -2.9436690770590936], [-4.925928209892307, 9.798231433784188, 0.3067972149329828, 0.5345544360257648, -2.940469405157838]], "Final Predicted Pose 0": [0.0807318240404129, 0.5786723494529724, 0.5388402938842773, -0.8691842555999756, -0.1959989070892334, 0.45398589968681335], "Predicted Translation Error 0": "1.2261708794060198cm", "Predicted Rotation Error 0": "tensor([0.9681], grad_fn=<DivBackward0>)"}