{"num_updates": "437", "penalty": "tensor(0., dtype=torch.float64, grad_fn=<AddBackward0>)", "Starting Pose": [-0.075471431016922, 0.17641973495483398, -0.34808576107025146, 0.10178422927856445, -0.2799791693687439, -0.9125969409942627, -0.2800328731536865], "Starting Soft Arm States": [-2.5, -1.899999976158142, 10.0, 8.839638710021973, 35.12627029418945, 19.47418212890625], "Number of Trajectories": 1, "Final Desired Pose": [-0.27445000410079956, 0.1273813396692276, -0.2526431977748871, -0.7648117542266846, -0.48429951071739197, 0.42487281560897827], "Predicted Trajectory 0": [[0.46449092984799656, 0.6142921812478247, 0.25422356380909006, -0.8224431276321411, -0.5681092143058777, -0.028969211503863335], [0.4028165638446808, 0.6205452084541321, 0.23006805777549744, -0.9130368828773499, -0.40539464354515076, -0.044931232929229736], [0.31546086072921753, 0.5678715705871582, 0.23583984375, -0.9342759251594543, -0.352378249168396, 0.05438826605677605], [0.2570606470108032, 0.5191138982772827, 0.27885594964027405, -0.8740810751914978, -0.4167826473712921, 0.24954856932163239], [0.2156989872455597, 0.48306944966316223, 0.33222025632858276, -0.7912682294845581, -0.4674168527126312, 0.3942282795906067], [0.18008460104465485, 0.49175697565078735, 0.428632527589798, -0.6875705122947693, -0.40022265911102295, 0.6058618426322937], [0.165639728307724, 0.4766772985458374, 0.4727941155433655, -0.6668238639831543, -0.4100189208984375, 0.6222783327102661], [0.1752205640077591, 0.4576714038848877, 0.48300057649612427, -0.6394093036651611, -0.490646094083786, 0.591964602470398], [0.18558840453624725, 0.44932079315185547, 0.47988688945770264, -0.6341761350631714, -0.5136374831199646, 0.577924907207489], [0.1937372237443924, 0.45758727192878723, 0.4897538721561432, -0.634914755821228, -0.4766192138195038, 0.608043909072876], [0.20083415508270264, 0.45942041277885437, 0.48863545060157776, -0.660489022731781, -0.4496295154094696, 0.6013215184211731], [0.21178732812404633, 0.45820263028144836, 0.4861692786216736, -0.6707452535629272, -0.4386437237262726, 0.5980738401412964], [0.22479012608528137, 0.4559536576271057, 0.5030831694602966, -0.6097357869148254, -0.4498635530471802, 0.652567982673645], [0.21761447191238403, 0.4658769369125366, 0.5157951712608337, -0.6254816651344299, -0.4235404431819916, 0.6552756428718567], [0.22924479842185974, 0.46522006392478943, 0.5045124292373657, -0.6599642038345337, -0.4205590784549713, 0.6225570440292358], [0.23775222897529602, 0.4631146192550659, 0.492856502532959, -0.6685425043106079, -0.43787580728530884, 0.6010952591896057], [0.22468829154968262, 0.4817211925983429, 0.5103087425231934, -0.6900779008865356, -0.3629213571548462, 0.6261634230613708], [0.2203214317560196, 0.4530320167541504, 0.5058513283729553, -0.7110750675201416, -0.3745341897010803, 0.5950599908828735], [0.21787956357002258, 0.4439148008823395, 0.49569037556648254, -0.748785674571991, -0.40419450402259827, 0.5253065228462219], [0.21514129638671875, 0.4649520814418793, 0.48503223061561584, -0.8112478256225586, -0.36758846044540405, 0.45470407605171204], [0.22270727157592773, 0.45659196376800537, 0.4974507689476013, -0.7601737380027771, -0.39607998728752136, 0.5150306224822998]], "Control Inputs 0": [[4.90626042317691, -2.823667141425708, 0.6910834213972374, 0.6622645154388338, -2.9286920829156364], [4.964630956742681, -9.777792332472314, 0.19848977508697083, 2.9303071538031293, -2.539794515505217], [4.907473432007102, -9.793147031341041, 0.006559585223368526, 2.5478366645103785, -2.941787481291728], [4.896134721639131, -7.128900241730624, 0.08742542220012003, 2.94169390541372, 1.0211957744598648], [4.896613007323404, -6.810139669061207, 0.09177000408895856, -0.16076979079585918, -0.38802128761030197], [-0.25750415234839874, -5.991254384785595, 0.004593610168098339, 0.2724645158873469, -2.935738151905693], [-1.0324891724769696, -3.928057144288408, 0.00654527218060434, -0.3190964789234658, -2.9353518583697524], [-1.9012945215956738, -5.904994805963151, 0.0006472666851597211, 0.5040965033729154, 1.285779487730034], [-0.49236120886223134, -5.934137824213279, 0.0029136213452572246, -0.3308757167565419, 1.3129475459270443], [-1.6389864311790938, -6.839036513224567, 0.0032588180284806026, 0.28206128703203603, 1.3707759369741623], [-0.9607838909057342, -5.4331315351874, 0.005692053911356172, 2.9394960541240867, 0.3658443054503362], [-1.443202094693075, -0.1681419666591868, 0.2020543941081296, 0.5474914545479588, -1.3557855732537536], [3.2814016986270147, -1.016053142773183, 0.006609347145864288, -1.5020332272126464, -1.6993967111714894], [-4.897767975452923, -2.961347599256035, 0.007252001851655192, 0.5795583302660012, 0.17723571941762506], [2.0024335751023585, 2.2475440806472857, 0.003616318207443828, -0.9318848245302362, -0.8868356499604748], [1.3512166049205554, -3.3019529927944973, 0.22590053464218565, -0.548913083462006, 0.6430417728014417], [-0.48184995658270147, -9.76355784118562, 0.007103964132384838, -1.0070548806717838, 2.1177034823884338], [1.0249249823591589, -0.8705159763770229, 0.007132210774682421, -2.6934268773899537, -1.1657998226799766], [0.06635578707380763, 3.087434034762163, 0.007026324561438993, 2.935234161797519, -1.5363406083618345], [-2.5156375738917096, -1.2981257296614572, 0.183016328308211, -2.4506686255320425, -2.9390354214011696]], "Final Predicted Pose 0": [0.22270727157592773, 0.45659196376800537, 0.4974507689476013, -0.7601737380027771, -0.39607998728752136, 0.5150306224822998], "Predicted Translation Error 0": "0.11255679529362321cm", "Predicted Rotation Error 0": "tensor([0.9920], grad_fn=<DivBackward0>)"}