{"num_updates": "2809", "penalty": "tensor(0., dtype=torch.float64, grad_fn=<AddBackward0>)", "Starting Pose": [-0.033632323145866394, 0.06422430276870728, -0.3246546685695648, -0.595168948173523, 0.715156078338623, 0.20697219669818878, 0.30247023701667786], "Starting Soft Arm States": [-6.0, -26.100000381469727, 10.0, 29.737791061401367, 3.5968844890594482, 35.40115737915039], "Number of Trajectories": 1, "Final Desired Pose": [-0.3462235927581787, 0.0908350944519043, -0.2663823068141937, -0.8343507051467896, -0.5084440112113953, -0.2129402458667755], "Predicted Trajectory 0": [[0.5153550932666706, 0.25982713366292576, 0.31437629464056294, -0.1085713803768158, -0.9764832258224487, 0.18625999987125397], [0.48747992515563965, 0.25602981448173523, 0.3307313323020935, -0.28053367137908936, -0.9560844898223877, 0.08487207442522049], [0.43869444727897644, 0.2801745533943176, 0.33646368980407715, -0.4353121519088745, -0.8991706967353821, -0.044669948518276215], [0.3967690169811249, 0.27928295731544495, 0.3290282189846039, -0.45147061347961426, -0.8695263862609863, -0.20024529099464417], [0.3389759063720703, 0.29701587557792664, 0.37626829743385315, -0.5755828619003296, -0.8082762360572815, -0.12407243251800537], [0.3071306347846985, 0.3103538155555725, 0.40440645813941956, -0.6388859748840332, -0.7640814185142517, -0.08946627378463745], [0.27979305386543274, 0.3109322786331177, 0.41824108362197876, -0.6535682082176208, -0.7513749599456787, -0.09101802855730057], [0.25097447633743286, 0.3222469091415405, 0.4589545428752899, -0.7130170464515686, -0.7009531855583191, 0.016472989693284035], [0.23951032757759094, 0.32964813709259033, 0.443679541349411, -0.7306332588195801, -0.6821361184120178, -0.029417144134640694], [0.22538422048091888, 0.32417330145835876, 0.4500378370285034, -0.7600592374801636, -0.6498071551322937, -0.0077841682359576225], [0.21383139491081238, 0.33415231108665466, 0.44614893198013306, -0.7837052345275879, -0.6210091710090637, -0.012400786392390728], [0.1906217783689499, 0.3648477792739868, 0.47141820192337036, -0.843468189239502, -0.5309756398200989, 0.08140099793672562], [0.17313286662101746, 0.3629538416862488, 0.46517837047576904, -0.8603832721710205, -0.5084663033485413, 0.03467999026179314], [0.15404193103313446, 0.3603837490081787, 0.48280030488967896, -0.874932050704956, -0.4796035885810852, 0.06689058244228363], [0.1396300345659256, 0.33254408836364746, 0.4911835789680481, -0.8593858480453491, -0.5098684430122375, 0.03860156610608101], [0.14924021065235138, 0.35282543301582336, 0.4717950224876404, -0.8880394697189331, -0.4592773914337158, -0.021220292896032333], [0.1483955830335617, 0.3447054326534271, 0.4440658986568451, -0.8908014297485352, -0.43432074785232544, -0.13356000185012817], [0.13226841390132904, 0.34525397419929504, 0.48043936491012573, -0.9172825813293457, -0.38695305585861206, -0.0941275805234909], [0.1344195306301117, 0.3304063677787781, 0.4781399667263031, -0.9217272996902466, -0.3792191743850708, -0.08131200075149536], [0.1493854522705078, 0.32102546095848083, 0.43262234330177307, -0.8921111226081848, -0.4087647795677185, -0.19248150289058685], [0.12999388575553894, 0.34015440940856934, 0.4629416763782501, -0.9203218817710876, -0.3626469075679779, -0.14661169052124023]], "Control Inputs 0": [[4.974351725637542, 9.574047309265723, 0.35240820873576545, -2.9239728417233204, 2.973723564054578], [4.964051885172319, 9.646147109593695, 0.2018881862174874, -2.9468815471905536, -2.912739381108774], [4.975153241796724, 9.751881562144778, 0.2935291313967613, -0.507526896093839, 2.8598299102779814], [4.913719771479787, 9.857382357935535, 0.26131090317163996, 0.4327652630236707, 2.9340762488850576], [-0.1143324338649716, 8.009141886145162, 0.2834603355430445, -1.018288322942051, 2.903463133104929], [4.773744873957149, 8.161279856020421, 0.22376511957140377, 0.9093125889357494, 0.7500560425640703], [0.32252488393188017, 1.7170156771989191, 0.3691843174332364, -2.3981639331761735, 2.8477273167500803], [0.12560894260058575, 9.82857104883622, 0.18584242671582596, -0.7664495561734137, -2.8277171659209186], [1.577986041350484, -1.2860924065048671, 0.43146548408567587, -1.8948422579880688, 2.811573349348884], [0.3280704931314684, 9.839515960655188, 0.3146704072681559, -1.1506497397620665, 2.9021485669520937], [2.9879287038602795, 9.79123007585882, 0.6425732462000957, -1.1572330968603721, -2.945813770498706], [0.4405594693292505, 2.8533445325828986, 0.5151449396409594, -1.268915284026497, 2.939670756267465], [4.883698697481799, -4.0381529910111125, 0.49541449770411444, -1.8091037857987196, -1.7119467043226995], [-1.6440665765674898, 6.460721185890591, 0.11284862545813447, 0.44662535762062516, -2.0791273873768947], [-3.49113298346946, 9.80150739693401, 0.1930983948787086, 1.1206937900230578, -2.9412036115929356], [1.6065191817047486, 4.5049568799305515, 0.07120478704437573, -0.7047252837394513, -1.499768841432336], [2.8581361626634596, 1.7029152069892763, 0.04792433954890578, -0.9582626178200746, -1.754494113392659], [-4.807511810360095, 2.3310572984412, 0.41724558712415477, 0.9269440575265215, 2.9357538856896293], [-0.25178500058755926, 1.59710565047952, 0.47329545213932295, -0.32680416414771507, 2.9356111613644638], [4.990981993208218, 2.621974270558198, 0.0164236156151822, -2.4989165686693178, 2.9347008019470584]], "Final Predicted Pose 0": [0.12999388575553894, 0.34015440940856934, 0.4629416763782501, -0.9203218817710876, -0.3626469075679779, -0.14661169052124023], "Predicted Translation Error 0": "0.4568463239993632cm", "Predicted Rotation Error 0": "tensor([0.9835], grad_fn=<DivBackward0>)"}