{"num_updates": "366", "penalty": "tensor(347.9243, dtype=torch.float64, grad_fn=<AddBackward0>)", "Starting Pose": [0.17535604536533356, 0.23437198996543884, -0.223899707198143, -0.3832337558269501, -0.6459658741950989, -0.4792258143424988, -0.45409542322158813], "Starting Soft Arm States": [-41.70000076293945, -48.29999923706055, 10.0, 22.3919734954834, 35.18257141113281, 2.8583285808563232], "Number of Trajectories": 1, "Final Desired Pose": [0.06812894344329834, 0.07370106875896454, -0.2856834828853607, -0.44556280970573425, 0.12279252707958221, 0.8867895603179932], "Predicted Trajectory 0": [[0.7694240509824162, 0.7973838493284645, 0.573036281200429, -0.29385849833488464, 0.05988335609436035, 0.953971266746521], [0.7718040943145752, 0.8085815906524658, 0.4969179928302765, -0.30224713683128357, 0.3334646224975586, 0.8929994106292725], [0.732306182384491, 0.7832543849945068, 0.43838632106781006, -0.3770139813423157, 0.4769041836261749, 0.79399174451828], [0.6874735355377197, 0.734592854976654, 0.38115793466567993, -0.49398544430732727, 0.5361504554748535, 0.6844859719276428], [0.6604191064834595, 0.6980718970298767, 0.33066850900650024, -0.6788869500160217, 0.5314964056015015, 0.5065808296203613], [0.6556798219680786, 0.7036296725273132, 0.32286062836647034, -0.7161871194839478, 0.5470752120018005, 0.43334129452705383], [0.6510528922080994, 0.6771197319030762, 0.3491160571575165, -0.7410537600517273, 0.4699682891368866, 0.47955095767974854], [0.6714681386947632, 0.6885154247283936, 0.36125046014785767, -0.7863331437110901, 0.4540483355522156, 0.41895148158073425], [0.6786437034606934, 0.6476229429244995, 0.3817107379436493, -0.8379261493682861, 0.34962591528892517, 0.4190960228443146], [0.680729329586029, 0.5311941504478455, 0.3955204486846924, -0.892006516456604, 0.11611724644899368, 0.43685382604599], [0.6711681485176086, 0.495039701461792, 0.3812093436717987, -0.9376838207244873, -0.03211148828268051, 0.3460029363632202], [0.6558627486228943, 0.5177882313728333, 0.39084959030151367, -0.9253655076026917, -0.03872917219996452, 0.3770924508571625], [0.6467987895011902, 0.4866641163825989, 0.40186938643455505, -0.901072084903717, -0.14859455823898315, 0.4074172079563141], [0.6281790733337402, 0.43745627999305725, 0.3702980875968933, -0.9020460844039917, -0.32121291756629944, 0.28833138942718506], [0.58769291639328, 0.45054155588150024, 0.36485013365745544, -0.9038254618644714, -0.209699809551239, 0.3729953467845917], [0.5848752856254578, 0.42244309186935425, 0.3847993016242981, -0.8594085574150085, -0.14250478148460388, 0.4910287857055664], [0.574943482875824, 0.40289416909217834, 0.39171916246414185, -0.8345962166786194, -0.1415453851222992, 0.5323664546012878], [0.5832740068435669, 0.3946685791015625, 0.41934603452682495, -0.7991785407066345, -0.21183034777641296, 0.5625313520431519], [0.5828410983085632, 0.3773752450942993, 0.4157074987888336, -0.7592681050300598, -0.2919572591781616, 0.5816124081611633], [0.5833832025527954, 0.41620072722435, 0.4457927644252777, -0.7316662669181824, -0.1307162344455719, 0.6690124869346619], [0.5819365382194519, 0.3581784665584564, 0.48471590876579285, -0.5466980934143066, -0.23663152754306793, 0.8031978607177734]], "Control Inputs 0": [[4.818706113743726, -5.854188468077442, 0.6657480138576422, -2.9960946937677204, -2.9914037546666012], [4.792710511527352, -8.046942868588987, 0.6987052433679388, -0.7673502709091538, -2.991790750338481], [4.844574093595467, -9.695658609736812, 0.1474702013910273, -1.9402896223037567, -2.999233339160047], [-2.6171465539847247, -2.083674989359171, 0.6493602878383675, -1.3557724492843568, -2.9849118826214873], [0.5882113888140665, 1.886924674248272, 0.34622271719484615, 2.8901229331299847, -2.992261287611582], [-3.0696210622872133, 3.2849491011930425, 0.07337587630971641, -0.8306684595884875, -2.9862659346638987], [-2.427850085278287, 4.262590444654773, 0.15456166491274434, 0.013228260389350766, -2.979637858027537], [-3.486612825933351, -9.059551661508722, 0.6464124332166344, 2.9136592263478285, -2.936854588570638], [0.13512098332899036, -8.644653998308982, 0.2777454215292961, -1.3578835385785908, -2.9978295812202758], [1.5868778612414252, 3.3013313011948124, 0.41633047193297656, -0.39649104107075894, -2.9341765959872963], [0.7000950533291315, 6.113651487337606, 0.3027735963013406, 0.6811585946760514, -2.9261334576338514], [0.2816046214478538, -0.9916181294245963, 0.00872104930052439, -2.603572107552398, -2.9206400466484355], [4.704708331085577, -0.01687961357197132, 0.006324072451128753, 0.6789170940526508, 1.2399066734247448], [2.576568426145071, -5.010049477697371, 0.2675617660544339, 2.9871686400083686, 2.8167024824279343], [-4.8531990141641765, -7.394232692687095, 0.3394287371660684, 2.938840598554722, 2.788671639588573], [4.910359247999876, -2.285352364864872, 0.004594858216315274, 0.623484586856168, -2.94746783789228], [-4.780674959087138, 2.3440562439236103, 0.3767542268677431, -1.188195859102945, -2.8886034882330853], [4.712424116850096, -3.080467246219854, 0.005556251766834269, 2.8704134700267288, 2.9357975257088524], [-4.777403163714415, 0.312979357181165, 0.44846993270684304, 2.945823418613287, -2.759292276210152], [4.840856346767826, -0.01732010425023134, 0.16334294000414018, 2.953115004041045, 2.941971157608659]], "Final Predicted Pose 0": [0.5819365382194519, 0.3581784665584564, 0.48471590876579285, -0.5466980934143066, -0.23663152754306793, 0.8031978607177734], "Predicted Translation Error 0": "5.854037268216351cm", "Predicted Rotation Error 0": "tensor([0.9268], grad_fn=<DivBackward0>)"}