{"num_updates": "1126", "penalty": "tensor(0., dtype=torch.float64, grad_fn=<AddBackward0>)", "Starting Pose": [-0.12012113630771637, 0.11994194984436035, -0.27858486771583557, -0.400464802980423, 0.3103904724121094, -0.8395199775695801, 0.19619348645210266], "Starting Soft Arm States": [-0.800000011920929, -54.29999923706055, 10.0, 26.637842178344727, 28.012285232543945, 35.387908935546875], "Number of Trajectories": 1, "Final Desired Pose": [-0.31357795000076294, 0.16488762199878693, -0.23959825932979584, -0.9176611304283142, -0.1487228274345398, 0.3684828579425812], "Predicted Trajectory 0": [[0.4102098989640247, 0.4358588850200199, 0.4326475331725574, -0.602272093296051, 0.08081578463315964, 0.7941895723342896], [0.39607900381088257, 0.45247724652290344, 0.4421961009502411, -0.5788026452064514, 0.11591175198554993, 0.8071876764297485], [0.3523654341697693, 0.4865852892398834, 0.45897555351257324, -0.5044166445732117, 0.19498291611671448, 0.8411572575569153], [0.31038030982017517, 0.5107067227363586, 0.47417396306991577, -0.497126042842865, 0.2476814240217209, 0.8315765857696533], [0.2753130793571472, 0.5497236251831055, 0.4911276698112488, -0.5077994465827942, 0.3192122280597687, 0.8001520037651062], [0.2417946755886078, 0.5551980137825012, 0.5122507214546204, -0.5130779147148132, 0.37311020493507385, 0.7730070352554321], [0.20035840570926666, 0.5462431311607361, 0.5367637872695923, -0.5800824761390686, 0.3690026104450226, 0.7261828184127808], [0.19055406749248505, 0.5630576610565186, 0.5243719220161438, -0.649954617023468, 0.4172341525554657, 0.6351965665817261], [0.18212080001831055, 0.5515199303627014, 0.5296863317489624, -0.688862681388855, 0.3502911329269409, 0.6346372365951538], [0.1758238673210144, 0.5756263732910156, 0.5265876650810242, -0.6868300437927246, 0.4054565131664276, 0.6032159328460693], [0.17248375713825226, 0.5443339347839355, 0.523964524269104, -0.7623305320739746, 0.23809948563575745, 0.601797878742218], [0.16386237740516663, 0.5877991318702698, 0.5337110161781311, -0.7307699918746948, 0.34620365500450134, 0.5883182287216187], [0.17341101169586182, 0.5463424921035767, 0.5186336636543274, -0.7902992963790894, 0.22395005822181702, 0.5703275203704834], [0.17468659579753876, 0.5697710514068604, 0.5241312384605408, -0.7810656428337097, 0.2081199288368225, 0.5887466669082642], [0.1768781542778015, 0.5830212235450745, 0.5422247648239136, -0.7219548225402832, 0.24173882603645325, 0.6483391523361206], [0.184127077460289, 0.551838219165802, 0.5271823406219482, -0.765149712562561, 0.1227225512266159, 0.6320483684539795], [0.173007532954216, 0.5841332674026489, 0.5452673435211182, -0.7571548223495483, 0.1456950306892395, 0.6367805004119873], [0.1739697903394699, 0.57774418592453, 0.54045170545578, -0.7745002508163452, 0.1354057639837265, 0.6179115772247314], [0.1760823279619217, 0.5353777408599854, 0.5204499959945679, -0.8357221484184265, 0.0024621468037366867, 0.5491470694541931], [0.164780855178833, 0.5508763194084167, 0.5330453515052795, -0.8468360900878906, -0.032274775207042694, 0.5308738350868225], [0.16745837032794952, 0.5732170939445496, 0.5248365998268127, -0.871940553188324, -0.029131954535841942, 0.48874443769454956]], "Control Inputs 0": [[4.987956627527014, 9.810470994795551, 0.6877252821899281, 0.47328866048707585, 2.891083318143437], [4.905162513021361, 9.797328994153759, 0.6831514199328971, -0.9830854930397939, 2.9454015492836776], [4.980033306328419, 9.810755912987986, 0.01570815417821799, -2.95070076885954, 2.909506560357217], [4.864911969768558, 9.796948705855073, 0.012448544818314571, -2.262323807567439, 2.936876006511791], [4.762679299304137, -9.805520911461038, 0.01476744452883901, -2.8577000157772185, 2.867129597755781], [4.756604116927946, -1.8715498187133512, 0.014867690687450594, -2.9516222460985606, 2.9384391776921692], [-4.107268936169563, -3.1534909444521633, 0.016253191398381696, -0.19821000683513734, -1.8958312582744792], [4.834862270193456, 5.377443144236693, 0.014418598398500909, -0.5772196764103845, 1.5016441274083538], [-4.748570684805723, -8.963193878591897, 0.01435111628120132, -0.1641391973594466, -1.0896869789884114], [4.798090330926156, 9.577579579576103, 0.015544997507497058, -0.21154004825195294, -0.5138656891102071], [-2.489477076423837, -9.805426100164, 0.013407057604477258, 1.153037230782104, 2.9415333265961223], [-2.6618111015918413, -5.1659396651905585, 0.0063726509809667, -0.032999067431366935, -1.4439604109471393], [2.8630973329969764, 9.70605622608976, 0.014759739414834086, 2.9326048261101487, -0.8959830630062946], [-3.274428419225945, -6.333408648455938, 0.008736733824845647, 0.21749068447685005, 0.09590825113394086], [-0.5513090248997967, -2.0493405589814264, 0.011038516792451372, -1.155560110920225, -1.1077197861121726], [4.899560249033735, 9.821157215201307, 0.013645346647240418, -0.8304511073732095, -1.0484718424725297], [-4.9070751084857775, -9.814699129315597, 0.010194795706442699, -0.41804218405573135, 0.20624023547277348], [1.606192969398891, -9.79962489679255, 0.014730009613195502, -2.0901281250299477, 1.13987301821248], [2.5359224921083845, 8.302563515677654, 0.013988318917995518, -0.5529790904587557, -2.8528532804359745], [-2.039403687493307, 9.8155208419217, 0.007079758135988974, -2.835780760429293, -2.944278366174821]], "Final Predicted Pose 0": [0.16745837032794952, 0.5732170939445496, 0.5248365998268127, -0.871940553188324, -0.029131954535841942, 0.48874443769454956], "Predicted Translation Error 0": "0.7094995494657885cm", "Predicted Rotation Error 0": "tensor([0.9846], grad_fn=<DivBackward0>)"}