{"num_updates": "806", "penalty": "tensor(313.8344, dtype=torch.float64, grad_fn=<AddBackward0>)", "Starting Pose": [-0.37482932209968567, 0.19442741572856903, -0.22405391931533813, -0.2533268332481384, -0.9362085461616516, -0.05047546699643135, -0.23830924928188324], "Starting Soft Arm States": [44.099998474121094, -26.5, 10.0, 7.461883544921875, 35.16270065307617, 3.5902607440948486], "Number of Trajectories": 1, "Final Desired Pose": [-0.325888067483902, 0.07222741842269897, -0.23017922043800354, -0.43015190958976746, -0.4572282135486603, 0.7784032821655273], "Predicted Trajectory 0": [[0.10055896601094969, 0.6711848131311479, 0.5726403850220362, -0.7580684423446655, 0.4502759575843811, 0.4717878997325897], [0.10989390313625336, 0.6669327616691589, 0.5345997214317322, -0.7612006664276123, 0.6094608306884766, 0.2216552048921585], [0.11533655971288681, 0.6858646273612976, 0.5251944661140442, -0.6577292084693909, 0.7532021999359131, 0.008865782991051674], [0.1243852972984314, 0.6687002778053284, 0.5117008090019226, -0.5550446510314941, 0.8057740926742554, -0.20652718842029572], [0.13484035432338715, 0.6552785038948059, 0.481489360332489, -0.4206351637840271, 0.7932868599891663, -0.44018396735191345], [0.1363014578819275, 0.6277800798416138, 0.47054123878479004, -0.31409886479377747, 0.7137860059738159, -0.6259803771972656], [0.1387953758239746, 0.5956677198410034, 0.45625582337379456, -0.23216544091701508, 0.6033273935317993, -0.762951672077179], [0.13178904354572296, 0.5303500294685364, 0.4327293038368225, -0.2026762217283249, 0.3589550852775574, -0.9110837578773499], [0.13294434547424316, 0.480490118265152, 0.41937097907066345, -0.22807343304157257, 0.12672878801822662, -0.9653612375259399], [0.13225528597831726, 0.42786359786987305, 0.40845373272895813, -0.22056879103183746, -0.09845303744077682, -0.9703899025917053], [0.12436173856258392, 0.39182978868484497, 0.4173114597797394, -0.3193286657333374, -0.27035844326019287, -0.9082595705986023], [0.12284312397241592, 0.3241030275821686, 0.4318948984146118, -0.3151508569717407, -0.47874513268470764, -0.8194406032562256], [0.10935453325510025, 0.30026593804359436, 0.4777833819389343, -0.47542858123779297, -0.5898776054382324, -0.6526959538459778], [0.11497696489095688, 0.2745082974433899, 0.4988216459751129, -0.5640456676483154, -0.6627475619316101, -0.49256274104118347], [0.10330215096473694, 0.26955753564834595, 0.5116814374923706, -0.6801456809043884, -0.6329621076583862, -0.3698119819164276], [0.09857229888439178, 0.2817041873931885, 0.5537246465682983, -0.761306643486023, -0.6449037194252014, -0.06716663390398026], [0.12471434473991394, 0.2962074875831604, 0.515206515789032, -0.7599465250968933, -0.6497563123703003, -0.017257601022720337], [0.137959286570549, 0.31039002537727356, 0.5136276483535767, -0.7900258898735046, -0.58452969789505, 0.18488915264606476], [0.1420191377401352, 0.3035360276699066, 0.5000670552253723, -0.7597939968109131, -0.5920175313949585, 0.2687533497810364], [0.14673686027526855, 0.26616016030311584, 0.5594682097434998, -0.6224431991577148, -0.6327606439590454, 0.4606284201145172], [0.17103062570095062, 0.2927853763103485, 0.5660732388496399, -0.5030637979507446, -0.6139250993728638, 0.6082950234413147]], "Control Inputs 0": [[0.257721944642185, 9.97929158050728, 0.004265516839521332, -0.4055420166526389, 1.6186705622370683], [0.43256279508930184, 9.813427468089426, 0.00135150434156705, 0.9072235031991118, 1.5741745547677697], [-1.2033430167617198, 9.722678043483494, 0.0012948859909156106, -0.5081431745972402, -0.1068144829193165], [-0.20653392683270688, 9.88529241953075, 0.0023833144901029253, -0.3766404331956066, -0.06846438520646547], [1.085918930794164, 9.960073311970785, 0.00125789843949429, 2.8269093955172666, -0.11482725546532846], [-0.030656293764502962, 9.943627929273621, 0.0015610263953990098, -1.7943619388815144, -0.06510642880925621], [0.03938631886937838, 9.912754241626569, 0.008747496689636383, -1.067529780372001, -2.9178008185022666], [-1.5852404192326577, 7.924378127832995, 0.013372023434645082, -0.01346974727525918, -2.8467336508243], [1.4196245778280066, 6.586769471073762, 0.0022112376380261515, 0.10762602694630008, -2.8369055138413275], [-1.8160058073178007, 9.541994608680103, 0.01990370043168178, 2.9084034172244833, -2.9505218399906386], [1.7075573306908627, 9.710797312496911, 0.1274165913771113, 2.972731086192552, -2.8857827825028624], [-1.8861196857113716, 3.8361716255721845, 0.010271410584739476, 2.8458392528969165, -2.966644228142739], [-4.7690844517319375, 9.420624227208691, 0.005186864108203508, -0.5153025597887102, -2.9948682624632053], [2.1697226404871692, -2.6252955322280336, 0.681641902022538, 2.915869599987313, -2.888395080313413], [-4.890933022550839, 0.5274381151143857, 0.6790816777234041, 2.9359454312690785, -2.9276795707534373], [-4.536082243160145, 2.2260691169715567, 0.007629085481080494, 0.5014897079152782, -2.9439002327859174], [-4.788799199782389, -2.8233226169168653, 0.6909275583960544, 1.6994220595968672, -2.825874515293659], [4.807576131542207, -9.515928615218327, 0.12330391265167163, 2.763232173178622, -2.9443897018796017], [-2.6738770805283583, -9.52971108572993, 0.06571958182353485, 2.892509693011662, 2.942583906403164], [-4.908506927798322, -9.647206050778188, 0.6940265946952557, -2.882148852879144, -2.9425902385510794]], "Final Predicted Pose 0": [0.17103062570095062, 0.2927853763103485, 0.5660732388496399, -0.5030637979507446, -0.6139250993728638, 0.6082950234413147], "Predicted Translation Error 0": "1.0004924395795616cm", "Predicted Rotation Error 0": "tensor([0.9706], grad_fn=<DivBackward0>)"}