{"num_updates": "4336", "penalty": "tensor(51.1905, dtype=torch.float64, grad_fn=<AddBackward0>)", "Starting Pose": [-0.09154671430587769, 0.0727105438709259, -0.36222511529922485, -0.5720610022544861, 0.5869454741477966, 0.4968205988407135, 0.28532522916793823], "Starting Soft Arm States": [0.6000000238418579, -69.4000015258789, 10.0, 20.222673416137695, 1.7124077081680298, 35.394535064697266], "Number of Trajectories": 1, "Final Desired Pose": [0.00859703030437231, 0.1758635938167572, -0.3343011438846588, -0.8837463855743408, -0.38836556673049927, 0.2610833942890167], "Predicted Trajectory 0": [[0.44494806964335587, 0.2866381704181887, 0.2179247540527221, -0.1826714277267456, -0.955048143863678, -0.23348268866539001], [0.43944251537323, 0.3171004056930542, 0.22696761786937714, -0.20526385307312012, -0.8973619341850281, -0.39065131545066833], [0.43089550733566284, 0.33119314908981323, 0.22502148151397705, -0.3122101426124573, -0.8183789253234863, -0.4824735224246979], [0.44131702184677124, 0.3406345546245575, 0.20169489085674286, -0.1607057750225067, -0.7721514701843262, -0.6147810220718384], [0.40875256061553955, 0.4074186384677887, 0.22404946386814117, -0.465270459651947, -0.6916868686676025, -0.5523519515991211], [0.4258229434490204, 0.40792316198349, 0.1797133833169937, -0.2134544998407364, -0.658806562423706, -0.7213952541351318], [0.39801132678985596, 0.4594283103942871, 0.24289251863956451, -0.5152443647384644, -0.6588810086250305, -0.5480867028236389], [0.44955605268478394, 0.45800715684890747, 0.2070852518081665, -0.3841369152069092, -0.6337539553642273, -0.6714125871658325], [0.48122045397758484, 0.48752620816230774, 0.21950513124465942, -0.47518861293792725, -0.5555113554000854, -0.6823509931564331], [0.5281089544296265, 0.48350274562835693, 0.22838984429836273, -0.45547738671302795, -0.5538419485092163, -0.6969930529594421], [0.5714362263679504, 0.5055187344551086, 0.23618704080581665, -0.5031318068504333, -0.4588623642921448, -0.7323276400566101], [0.581301212310791, 0.5015832185745239, 0.22987793385982513, -0.46747320890426636, -0.4218938648700714, -0.7768361568450928], [0.57137531042099, 0.48445120453834534, 0.2530841529369354, -0.5831066966056824, -0.4517677128314972, -0.6751980781555176], [0.5835826992988586, 0.4850217401981354, 0.23797620832920074, -0.4905763566493988, -0.4624347686767578, -0.7385721206665039], [0.5665676593780518, 0.5160916447639465, 0.2731478810310364, -0.6873076558113098, -0.4371631443500519, -0.5800832509994507], [0.5695881247520447, 0.5051406025886536, 0.2620846629142761, -0.6466647982597351, -0.4510999321937561, -0.615088164806366], [0.5486830472946167, 0.5507164597511292, 0.30827757716178894, -0.8323630690574646, -0.39327937364578247, -0.3905164897441864], [0.5467227101325989, 0.574035108089447, 0.2862672507762909, -0.8398921489715576, -0.32656553387641907, -0.43351611495018005], [0.5388430953025818, 0.5946152210235596, 0.31625035405158997, -0.9295769929885864, -0.2836690843105316, -0.23541094362735748], [0.5355135798454285, 0.609863817691803, 0.3100850582122803, -0.9606648683547974, -0.17180252075195312, -0.21818995475769043], [0.5299083590507507, 0.6292973756790161, 0.3514893352985382, -0.9865108728408813, -0.1456906646490097, 0.07463632524013519]], "Control Inputs 0": [[4.7372407031091, 1.7406686556762239, 0.0028075855752154304, -2.9586947491024342, -1.2793304058048378], [-4.943725132799247, -5.756638856864024, 0.36354311336922956, -2.9494493053405964, 2.8782248937907893], [4.746724118260392, 3.8153213360924187, 0.006923198291557558, -2.9157970162763456, 1.5199597003943772], [-4.92772304382738, -3.25990312082081, 0.01235981649243657, -2.6036258642114025, 2.8868684792376236], [4.396139518954696, 9.649110735645536, 0.007732273794175225, 1.316254969870955, 2.264409065044881], [-4.997624667107576, 9.392506735632377, 0.004875164229295474, 0.15962454803210413, 2.827969834604306], [-4.853554308640012, 9.54425607232465, 0.008354567223535253, -0.06409885995945652, 0.900669195466389], [-4.8726639686450675, 9.99857303173917, 0.004512991869827823, 1.7444391917498034, 2.843108628813913], [-4.758016454341279, 9.641923406012975, 0.009993605892884793, -0.6565686195880569, 0.20843404070143734], [-4.831277785756985, 9.578452216048326, 0.0133333189189316, -0.5403061146277137, 1.6777405476015996], [4.895234208692429, 9.8116154360706, 0.004339952694858503, 0.396221826124465, 2.9140469108818268], [-4.8950503813168, -4.815118345082808, 0.14682778375561983, -0.23699834328127478, 2.6991344821147587], [4.919431766846348, 9.318112092122668, 0.05122469889130208, 0.42633628860996176, 2.7460235365398313], [-4.675868092600593, 9.027404934239428, 0.32420436188745616, 2.9080349023574277, 2.8535489668554943], [4.88673181592347, 8.899219166549841, 0.26017720778076014, 2.6593006050076653, 2.8703027994814425], [-2.609985686959877, 9.155938802816838, 0.22761847595168647, 0.2806029699464845, 2.22447558581488], [4.984466096217712, 9.698784255487897, 0.1865494946856609, -1.0929705441115307, 2.562290470687569], [-4.873555023596727, 6.786667598034661, 0.693404104033786, 2.8137899084686664, 1.9991961485467291], [4.926217817720863, 9.662565073385313, 0.15003672666828627, 2.5224839150012333, 2.4463117540252908], [-4.907663032366771, 9.779314773208721, 0.6999597963259736, -0.2509709601361796, 1.815745311999116]], "Final Predicted Pose 0": [0.5299083590507507, 0.6292973756790161, 0.3514893352985382, -0.9865108728408813, -0.1456906646490097, 0.07463632524013519], "Predicted Translation Error 0": "3.9047031731375097cm", "Predicted Rotation Error 0": "tensor([0.9479], grad_fn=<DivBackward0>)"}