{"num_updates": "1258", "penalty": "tensor(344.0828, dtype=torch.float64, grad_fn=<AddBackward0>)", "Starting Pose": [0.18961374461650848, 0.15425632894039154, -0.17913532257080078, -0.27899521589279175, -0.29419857263565063, -0.8972629308700562, -0.174722820520401], "Starting Soft Arm States": [-44.900001525878906, 1.7999999523162842, 10.0, 31.360626220703125, 35.24549865722656, 27.101511001586914], "Number of Trajectories": 1, "Final Desired Pose": [-0.325888067483902, 0.07222741842269897, -0.23017922043800354, -0.43015190958976746, -0.4572282135486603, 0.7784032821655273], "Predicted Trajectory 0": [[0.7867572586340011, 0.5442701436793094, 0.6879562312303361, -0.7832671999931335, -0.14938463270664215, 0.6034705638885498], [0.7723086476325989, 0.5497573018074036, 0.632841944694519, -0.7377195954322815, -0.1618453711271286, 0.6554203629493713], [0.725760281085968, 0.5031211376190186, 0.5900697112083435, -0.6585022807121277, -0.2799038887023926, 0.6985903978347778], [0.6768124103546143, 0.4710129499435425, 0.5555406212806702, -0.5850122570991516, -0.3171640932559967, 0.746436595916748], [0.6413467526435852, 0.5071762204170227, 0.4947124719619751, -0.668919026851654, -0.21723946928977966, 0.7108827829360962], [0.5924387574195862, 0.44404858350753784, 0.4510596990585327, -0.5785092711448669, -0.3931032717227936, 0.7147005200386047], [0.5339934229850769, 0.4342460036277771, 0.45099586248397827, -0.49812158942222595, -0.3726560175418854, 0.7829446792602539], [0.4878527820110321, 0.4852304756641388, 0.4127325415611267, -0.6258717775344849, -0.24837984144687653, 0.7393186092376709], [0.4443553686141968, 0.4121294319629669, 0.4152935743331909, -0.4786781668663025, -0.43166694045066833, 0.7645461559295654], [0.3904684782028198, 0.38455525040626526, 0.43782782554626465, -0.3544628620147705, -0.458564430475235, 0.8149077892303467], [0.3491836488246918, 0.3806900680065155, 0.43923327326774597, -0.27964410185813904, -0.5407321453094482, 0.7933523058891296], [0.3055227994918823, 0.377900630235672, 0.4879176914691925, -0.0977310761809349, -0.5432518720626831, 0.8338621258735657], [0.26025938987731934, 0.43904298543930054, 0.5164077877998352, -0.21708717942237854, -0.4020170569419861, 0.8895253539085388], [0.22820788621902466, 0.3615870475769043, 0.5227112174034119, -0.11086991429328918, -0.6127612590789795, 0.7824522256851196], [0.217296302318573, 0.3994531035423279, 0.5839714407920837, -0.026012448593974113, -0.4467836320400238, 0.8942638039588928], [0.2391197830438614, 0.3185107409954071, 0.5708486437797546, 0.09297021478414536, -0.5632859468460083, 0.821014940738678], [0.2234116792678833, 0.352482408285141, 0.5634941458702087, 0.008944179862737656, -0.454668790102005, 0.890615701675415], [0.20147956907749176, 0.381585031747818, 0.582750678062439, -0.12785206735134125, -0.5019314289093018, 0.8554055690765381], [0.20263466238975525, 0.3605390787124634, 0.5426777005195618, -0.2278439998626709, -0.6496464014053345, 0.7252907752990723], [0.18601882457733154, 0.34799742698669434, 0.5234957933425903, -0.33496543765068054, -0.7108086943626404, 0.6185055375099182], [0.18075844645500183, 0.3223634958267212, 0.5660205483436584, -0.27575305104255676, -0.7091261148452759, 0.6489223837852478]], "Control Inputs 0": [[4.920476004044808, -9.887582659569476, 0.6990131239972536, -2.3567544005700696, -2.974496729252885], [4.95442534213546, -9.893777907259825, 0.6986297152255043, 0.06274485173460764, -2.9923493906511602], [4.992163394630348, -9.82647350028134, 0.2589984546491254, -2.9135415062740484, 2.6984015444148515], [4.9039960207539774, -9.454894131468466, 0.6975772533403364, -1.9869537117982203, -2.971428488815775], [4.980144826805924, -6.682888528412912, 0.4664367277316681, 2.381056495779516, -2.86788070540595], [4.915185639574483, -2.8153902083291946, 0.006646464661490303, -2.556408152685473, 2.9224705077071667], [4.857800899320564, -1.0660866847666526, 0.0033417613145335836, -0.13611382061058785, -2.9566367132426357], [4.962761348737443, -9.517338304601392, 0.6903631663056881, 1.5364948390245683, -1.6849522225136249], [4.868682196820908, -9.603733189762085, 0.4976850650983948, -2.1579211754286796, -1.0626237283785525], [4.824271403027579, 1.8906178816129557, 0.6197196089898782, 1.1375191770648234, -2.8699680374832046], [4.885817586554403, 6.270131181300076, 0.2801882992540611, -0.5137342249151784, 2.9596811359016897], [4.785481956939954, -0.5734369032696929, 0.006850061751724099, -2.9930238844531982, -2.695394434866496], [4.893830959047667, -2.1548955965201158, 0.010907572958073783, 2.5356559959192095, 2.974838173070152], [-1.9954580593280768, -6.567136340294602, 0.20425854522220607, 2.67370416958817, -1.9153145594798044], [-4.909345390706612, -7.5676484783465625, 0.16905814660062077, -0.9155077376131504, 2.924269764237442], [4.846475905374959, 1.5207594961705908, 0.017314554851941492, -2.9453861102822283, -1.0487190166797704], [-0.3668127076556109, 5.503721509801199, 0.16865469591171753, -2.924651776698657, -2.7124560056402975], [-2.445366254824014, -7.394596589248771, 0.10519522545112478, -2.9834938290622683, 2.961320498263171], [4.918959444823972, -0.06626285065342152, 0.38170681657280864, 2.885913276891368, -2.7311209894154826], [-4.957740479059787, -8.724447781958991, 0.004608452863978136, -2.9637582311440323, 2.942264475770652]], "Final Predicted Pose 0": [0.18075844645500183, 0.3223634958267212, 0.5660205483436584, -0.27575305104255676, -0.7091261148452759, 0.6489223837852478], "Predicted Translation Error 0": "2.101333372813755cm", "Predicted Rotation Error 0": "tensor([0.9480], grad_fn=<DivBackward0>)"}