{"num_updates": "1776", "penalty": "tensor(236.4638, dtype=torch.float64, grad_fn=<AddBackward0>)", "Starting Pose": [-0.026372287422418594, 0.06597724556922913, -0.33062130212783813, -0.5676891803741455, 0.6972618103027344, 0.3120002746582031, 0.3069379925727844], "Starting Soft Arm States": [-6.0, -26.100000381469727, 10.0, 29.737791061401367, 3.5968844890594482, 35.40115737915039], "Number of Trajectories": 1, "Final Desired Pose": [0.12083182483911514, 0.09385081380605698, -0.33521735668182373, -0.4783864915370941, -0.1988532692193985, 0.8553383946418762], "Predicted Trajectory 0": [[0.524181181160345, 0.26536529988853275, 0.2990586434303033, -0.1670362502336502, -0.9831852912902832, 0.0737939104437828], [0.5495787262916565, 0.24235470592975616, 0.30157139897346497, 0.01577552780508995, -0.9975285530090332, -0.06846803426742554], [0.5733702778816223, 0.24164487421512604, 0.29614779353141785, 0.005988419987261295, -0.967761218547821, -0.2517983317375183], [0.6114885807037354, 0.23318465054035187, 0.32137563824653625, -0.01136527769267559, -0.9675222635269165, -0.2525300979614258], [0.6442722678184509, 0.2388773411512375, 0.32576194405555725, -0.04099240526556969, -0.9547426104545593, -0.29459482431411743], [0.6657599806785583, 0.25567111372947693, 0.3376052677631378, -0.0677926167845726, -0.9420955777168274, -0.32842057943344116], [0.6618053913116455, 0.2822742760181427, 0.36343884468078613, -0.20938430726528168, -0.9308311343193054, -0.299518883228302], [0.6597115397453308, 0.320911169052124, 0.32453498244285583, -0.3173810541629791, -0.8296229243278503, -0.45934203267097473], [0.665568470954895, 0.3446994125843048, 0.3407743573188782, -0.47903627157211304, -0.7606126666069031, -0.4381694793701172], [0.6907922625541687, 0.2680637240409851, 0.33850863575935364, -0.3043143153190613, -0.8737603425979614, -0.3793884813785553], [0.6834355592727661, 0.2783551514148712, 0.3184022009372711, -0.3820567727088928, -0.795077919960022, -0.47104546427726746], [0.6978282928466797, 0.22772718966007233, 0.31260162591934204, -0.17882530391216278, -0.9154981970787048, -0.3603949248790741], [0.6609073877334595, 0.3070611357688904, 0.3196934461593628, -0.5469326972961426, -0.763130247592926, -0.3442334830760956], [0.7239301204681396, 0.18825045228004456, 0.3022768795490265, -0.0998702272772789, -0.9291545748710632, -0.3559461832046509], [0.6721081733703613, 0.23888029158115387, 0.3252338469028473, -0.4343235492706299, -0.8764729499816895, -0.20774561166763306], [0.7036571502685547, 0.18023964762687683, 0.34273064136505127, -0.11817266047000885, -0.9902379512786865, 0.07391886413097382], [0.6512264609336853, 0.26169300079345703, 0.36501631140708923, -0.4966115653514862, -0.8218450546264648, 0.2791912853717804], [0.6743093729019165, 0.2028031051158905, 0.3620038330554962, -0.23628710210323334, -0.9063663482666016, 0.3502407371997833], [0.6266500353813171, 0.35147449374198914, 0.3683561682701111, -0.718255877494812, -0.5632357001304626, 0.40850210189819336], [0.6510409712791443, 0.2337714582681656, 0.3507096767425537, -0.5080464482307434, -0.7683073878288269, 0.38934892416000366], [0.6108654141426086, 0.36038315296173096, 0.37595388293266296, -0.7330842018127441, -0.3135550022125244, 0.603548526763916]], "Control Inputs 0": [[-0.11891520985101689, -5.041760634089968, 0.00898514570767291, -2.9083792793545036, -2.9605238635589175], [-4.770357712183751, -5.664702968529978, 0.004248183271899309, -1.8827947735321047, 2.8496775248222592], [-4.728862701784238, -3.882818930450018, 0.004686009492944103, -2.8861754480158703, 2.8346549847622224], [-3.656881933168935, -5.125193681388311, 0.008122470746545502, -2.817226584725854, 2.8465722870609627], [-3.5570281674359, 9.640461859134636, 0.002868714140930269, 1.4333861681295605, 2.843964617059828], [-1.0222045393495902, 9.69737277791534, 0.009084689145258108, -2.7561839753505883, -0.1062512762777823], [1.6735895052483247, 9.668666375932908, 0.008671477426187249, -1.7769287706451748, 2.9694411188894767], [-4.868705606696258, -8.930282847049991, 0.0046534557454708594, 0.6635704176376227, 2.8960446875420294], [3.7682517977543633, -8.801256257759567, 0.007364699103545621, -2.5087897259642986, -2.8229893220452755], [-3.132907293264526, -9.348116046824964, 0.6967390874077204, -1.1474713884790688, -2.9084233955036933], [4.5690397938199805, 9.618409906316067, 0.008393259983692534, 1.2356782997357092, 2.9422508829777794], [-4.771137572795665, -9.78976822866844, 0.0449752048777194, -1.5626541017339886, -2.8722888727268416], [4.834193147328424, -8.783844507657628, 0.001780687779728081, 1.9993645388660992, 2.9822669920802447], [-4.879381791500173, -9.895660190910629, 0.6819830534882545, 2.5938677492198545, 2.8516692266832084], [4.935373231467727, 0.5082329599675006, 0.01882027702381971, 2.944711791727907, 2.993234229698187], [-4.898452314974019, -9.597418645617537, 0.0575958602992449, 0.4674883080359069, 2.933580111945198], [4.814546459569392, 9.651634467082282, 0.004730592439845779, -1.3596636800553235, 2.8745405315120935], [-4.8890445265101805, -9.90129576323036, 0.0556656084200177, -1.322515234767583, 2.8721142179842882], [4.7184253498187445, -9.269162265188944, 0.3791842936485922, 2.9925435903460134, 2.968034980237287], [-4.930603981731085, -5.200944964659483, 0.004198498413605325, 2.3372225467968253, 2.858054262282695]], "Final Predicted Pose 0": [0.6108654141426086, 0.36038315296173096, 0.37595388293266296, -0.7330842018127441, -0.3135550022125244, 0.603548526763916], "Predicted Translation Error 0": "8.342286825890463cm", "Predicted Rotation Error 0": "tensor([0.9293], grad_fn=<DivBackward0>)"}