{"num_updates": "298", "penalty": "tensor(743.1552, dtype=torch.float64, grad_fn=<AddBackward0>)", "Starting Pose": [-0.07013212889432907, 0.17511649429798126, -0.3455810844898224, 0.15777641534805298, -0.15505962073802948, -0.9454886317253113, -0.2389860898256302], "Starting Soft Arm States": [-2.5, -1.899999976158142, 10.0, 8.839638710021973, 35.12627029418945, 19.47418212890625], "Number of Trajectories": 1, "Final Desired Pose": [0.17686127126216888, 0.20751884579658508, -0.2558620870113373, -0.7469717264175415, -0.3892343044281006, -0.5390082597732544], "Predicted Trajectory 0": [[0.47098196537729664, 0.6101747831288039, 0.2606536155089, -0.8359845280647278, -0.5008467435836792, -0.22423742711544037], [0.47725000977516174, 0.6525306701660156, 0.27626675367355347, -0.9154680371284485, -0.3492114245891571, -0.1999242901802063], [0.508975088596344, 0.6950387954711914, 0.2822909951210022, -0.9569997191429138, -0.164077028632164, -0.23922844231128693], [0.5348259210586548, 0.7017236351966858, 0.2928219139575958, -0.9818170070648193, 0.012917781248688698, -0.18938973546028137], [0.5473710894584656, 0.6646309494972229, 0.29110217094421387, -0.9812781810760498, -0.048455797135829926, -0.18640051782131195], [0.5618942975997925, 0.6800139546394348, 0.32405370473861694, -0.9982837438583374, -0.040608394891023636, -0.042195599526166916], [0.5725096464157104, 0.6928523182868958, 0.33977892994880676, -0.9971074461936951, 0.0625220313668251, -0.043217625468969345], [0.5876678824424744, 0.6407602429389954, 0.3659738302230835, -0.9977999329566956, -0.06624766439199448, 0.0025523987133055925], [0.6259830594062805, 0.625691831111908, 0.38697534799575806, -0.9946084022521973, -0.09967142343521118, -0.028628913685679436], [0.6473325490951538, 0.6079487204551697, 0.42946723103523254, -0.990871012210846, -0.09711313992738724, 0.09350776672363281], [0.6696311235427856, 0.6106076240539551, 0.44158852100372314, -0.9975324869155884, -0.06679970026016235, 0.021605508401989937], [0.6844949126243591, 0.6204182505607605, 0.4622000753879547, -0.9950492978096008, -0.09589698910713196, 0.02609098330140114], [0.6912731528282166, 0.654923141002655, 0.49336719512939453, -0.997368574142456, 0.029126353561878204, 0.06638886034488678], [0.698180615901947, 0.5706116557121277, 0.4801604151725769, -0.9801369309425354, -0.1880366951227188, -0.06303874403238297], [0.6949552297592163, 0.576204776763916, 0.48170363903045654, -0.9870828986167908, -0.1351226270198822, -0.08607710152864456], [0.7178617715835571, 0.5728193521499634, 0.4836234748363495, -0.9724650979042053, -0.12429933995008469, -0.19713309407234192], [0.720299243927002, 0.5840123891830444, 0.4955863654613495, -0.9759981632232666, -0.12920929491519928, -0.1753072887659073], [0.7337633967399597, 0.6752781867980957, 0.5098596215248108, -0.9808635711669922, 0.012645227834582329, -0.19428549706935883], [0.7596604824066162, 0.6801859140396118, 0.5198507905006409, -0.9579846262931824, -0.027087431401014328, -0.2855377793312073], [0.7559877634048462, 0.6705423593521118, 0.5044243931770325, -0.9432161450386047, -0.06672926992177963, -0.3254082202911377], [0.7627983093261719, 0.6582855582237244, 0.48578235507011414, -0.9223423004150391, -0.0890333354473114, -0.375975638628006]], "Control Inputs 0": [[-3.9574254454827527, 9.856860206603795, 0.002139993416198223, 2.885912919109944, 2.962568888977021], [-2.0123447643603973, 9.8450510031969, 0.013509789410139422, 2.9969722088163175, 2.843241337396961], [-4.7504045853853425, -9.8097293968041, 0.0031984254912013925, 2.9403651052037736, -2.316574833488648], [-2.832207980283605, -9.81001204250572, 0.16129714929385358, 2.982468465437001, -0.9633441154656555], [-0.8129357669444515, 9.823021700778568, 0.01627988304182814, 2.984036263638397, -2.9029069963780283], [-1.9371951698595757, -9.468595909929231, 0.0013154645818646345, 1.9227628203551115, -1.1058502405345414], [-4.183193657625665, -9.481421885332214, 0.022001457231252283, -0.7488769426269433, -2.9127060530561835], [-4.901944225380134, -9.815626491837074, 0.6190940671084872, 2.8357498167309307, 0.6552334348931681], [-1.5310668127280858, -9.80480783364705, 0.4201824907921979, -1.998627225220408, 0.8432256950806178], [-4.061606891564117, -9.80438684541044, 0.55970202954368, -1.4867344040631223, 0.3282824108715725], [1.9446313785155311, 9.838493116265614, 0.25269822887966015, 2.06537807390559, -1.8300179956772462], [-4.127796084062162, -9.767356141936922, 0.0910715777591061, -2.149538893328864, -1.427384715448841], [1.243007748867461, -9.701958717976604, 0.1267041628736476, -0.5313676613037841, -0.40446516878824124], [-1.4906850689135105, -9.801436705287687, 0.326383580772998, -2.8249871545168865, 2.897342799261388], [-4.558923739144077, -9.803553735376786, 0.4005159990810998, 2.8905347395493832, 2.91648717490758], [3.8507894747983737, 9.46508815499693, 0.0004137980735264418, -2.841168389646163, -2.8921494633606577], [-4.729237573843901, 9.770681394340084, 0.2999470172220942, -2.951850739851005, -2.9621313734012453], [-1.333728942317459, 2.512705163444082, 0.012914848547719054, -2.8671720441921824, -2.955029583461951], [1.8092013877258832, 9.460806037226131, 0.6645612564984058, -2.909731486296069, -2.9476948855998764], [-2.9854579891927178, 9.810773794882909, 0.3527495691891478, 2.901293226978858, -2.9486986507551487]], "Final Predicted Pose 0": [0.7627983093261719, 0.6582855582237244, 0.48578235507011414, -0.9223423004150391, -0.0890333354473114, -0.375975638628006], "Predicted Translation Error 0": "1.8639623103603824cm", "Predicted Rotation Error 0": "tensor([0.9263], grad_fn=<DivBackward0>)"}