{"num_updates": "702", "penalty": "tensor(13.7902, dtype=torch.float64, grad_fn=<AddBackward0>)", "Starting Pose": [-0.026372287422418594, 0.06597724556922913, -0.33062130212783813, -0.5676891803741455, 0.6972618103027344, 0.3120002746582031, 0.3069379925727844], "Starting Soft Arm States": [-6.0, -26.100000381469727, 10.0, 29.737791061401367, 3.5968844890594482, 35.40115737915039], "Number of Trajectories": 1, "Final Desired Pose": [0.0771937295794487, 0.23496511578559875, -0.268842488527298, 0.04774600267410278, 0.025635752826929092, 0.9985305070877075], "Predicted Trajectory 0": [[0.524181181160345, 0.26536529988853275, 0.2990586434303033, -0.1670362502336502, -0.9831852912902832, 0.0737939104437828], [0.511232852935791, 0.2665223479270935, 0.3416862189769745, -0.28800296783447266, -0.9513881206512451, 0.10915620625019073], [0.5461539626121521, 0.29995548725128174, 0.33983105421066284, -0.36410292983055115, -0.9307112097740173, -0.03472231328487396], [0.582356333732605, 0.29481014609336853, 0.3614443242549896, -0.4022800326347351, -0.9147096276283264, -0.03843162581324577], [0.6161702871322632, 0.3293944299221039, 0.3723491430282593, -0.5031216740608215, -0.8598223328590393, -0.08703012764453888], [0.6522549390792847, 0.358364075422287, 0.39466550946235657, -0.5780153274536133, -0.8046507239341736, -0.13577738404273987], [0.6728939414024353, 0.38094934821128845, 0.42541056871414185, -0.6340302228927612, -0.7679185271263123, -0.09114190936088562], [0.6985759139060974, 0.43683159351348877, 0.4475889503955841, -0.7365134358406067, -0.6676422357559204, -0.10863645374774933], [0.7345358729362488, 0.4522061049938202, 0.49659788608551025, -0.7661698460578918, -0.634181559085846, -0.10391156375408173], [0.743331253528595, 0.4543193578720093, 0.5217970609664917, -0.7941381931304932, -0.6062026619911194, -0.04316062852740288], [0.7324429750442505, 0.5232663750648499, 0.5038796663284302, -0.8802388310432434, -0.4707498848438263, -0.059782903641462326], [0.7179416418075562, 0.5763773322105408, 0.4972527325153351, -0.9331746101379395, -0.3593604564666748, -0.006733485497534275], [0.7030254006385803, 0.6270289421081543, 0.4967982769012451, -0.97010737657547, -0.22373035550117493, 0.09400162100791931], [0.6816037893295288, 0.6692821979522705, 0.47678855061531067, -0.9873746037483215, -0.06606423109769821, 0.14396825432777405], [0.6492626070976257, 0.6933348178863525, 0.4700603187084198, -0.9308194518089294, 0.09603162109851837, 0.35263732075691223], [0.6088123917579651, 0.6879450678825378, 0.46563875675201416, -0.7936874032020569, 0.20100028812885284, 0.574159562587738], [0.5886235237121582, 0.6612087488174438, 0.4778619706630707, -0.6582459807395935, 0.17562317848205566, 0.7320305705070496], [0.5678085684776306, 0.6614634394645691, 0.48447248339653015, -0.5594610571861267, 0.19539377093315125, 0.8054963946342468], [0.5778378248214722, 0.679260790348053, 0.5043667554855347, -0.5172950029373169, 0.3276326060295105, 0.7906090021133423], [0.5640824437141418, 0.6311156749725342, 0.5051363110542297, -0.4598243832588196, 0.26634931564331055, 0.8471243381500244], [0.5840330719947815, 0.6883867383003235, 0.5534423589706421, -0.24313420057296753, 0.40203556418418884, 0.8827531933784485]], "Control Inputs 0": [[-4.734697977224112, 9.495000988823477, 0.009103268148751243, -2.9888309915321365, 2.9474529878922517], [-4.862392595347191, 5.935978171512856, 0.0032272537069878184, -0.2830197678922932, 2.963258186657705], [-4.924314191390536, 4.2750946577109925, 0.001886506071980111, -1.5351576153756394, 2.994857137626191], [-4.978111796001063, 9.781229328091769, 0.0019584833833546167, -1.624529984046509, 2.9462189053814267], [-4.760434104238563, 9.876725799736487, 0.0014968523242694018, 2.67836069482577, 2.98899292061678], [-1.2727081574039105, 9.94027924641778, 0.0021585916857418033, -1.021947174677918, 2.9223259948566236], [-4.995082087811737, 9.960408299469002, -7.378932866146468e-06, -0.5556472454306647, 2.9298943188462], [-4.8954009328177825, -0.056653120322010864, 0.0064318036336096715, 1.835301004490141, 2.961065812249343], [1.8470587134587442, 0.04857765885541632, 0.000684468938753369, -1.7610967637280492, 2.941691432239538], [2.066888236537171, 9.941421303440173, 0.011347852498389596, -0.5575064566021735, 2.930536757161981], [1.900360730776823, 9.858439773988625, 0.008806957599086469, 1.1851080420958136, 2.96520624849943], [2.4883479756778044, 6.29898183056822, 0.005124105112151893, -1.1843096372719188, 2.9833694391232486], [4.824061482128746, 7.833821827692226, 0.0018334819826378841, 1.2520629000627057, 2.954829581961306], [4.883156600615209, 3.008169555201862, 0.0008550451614264467, 2.6291478599097653, 2.9481934373987473], [4.883404092584005, -2.4502651604728456, 0.004881644806195867, 2.9414878233133077, 2.9520648794319824], [-2.0818097963393907, 2.1721254006216757, 0.6978577565854263, 1.9361323966193158, -2.9391806049487297], [4.90121755067538, 9.876866470643211, 0.6839580287279714, -2.1348557225652485, 2.9369257275172993], [-4.903284912484289, -5.0167408827774125, 0.698985579422896, 1.381315375196043, -2.9995193028847265], [4.905494688989117, 7.292812249566552, 0.43537589409873273, 2.9500752930599745, 2.9313297893145895], [-4.895854152485639, 7.04753821817636, 0.6998679671456036, -2.9415824017921874, 2.204191204092745]], "Final Predicted Pose 0": [0.5840330719947815, 0.6883867383003235, 0.5534423589706421, -0.24313420057296753, 0.40203556418418884, 0.8827531933784485], "Predicted Translation Error 0": "7.46709885144922cm", "Predicted Rotation Error 0": "tensor([0.8802], grad_fn=<DivBackward0>)"}