{"num_updates": "2629", "penalty": "tensor(0., dtype=torch.float64, grad_fn=<AddBackward0>)", "Starting Pose": [0.16755126416683197, 0.12764568626880646, -0.29099786281585693, 0.20105165243148804, 0.5200039744377136, -0.7186347842216492, 0.4156177043914795], "Starting Soft Arm States": [-37.599998474121094, -57.0, 10.0, 10.57176685333252, 26.157615661621094, 35.40446853637695], "Number of Trajectories": 1, "Final Desired Pose": [-0.35605961084365845, 0.1382606476545334, -0.11452412605285645, -0.23692172765731812, 0.6601347327232361, 0.7128044366836548], "Predicted Trajectory 0": [[0.759935711327779, 0.46019771276964433, 0.40078066426569375, -0.5736802816390991, 0.8064500689506531, 0.1432802975177765], [0.7819263935089111, 0.4624147117137909, 0.389463871717453, -0.6361938118934631, 0.7714955806732178, -0.007210427895188332], [0.7799087166786194, 0.5000759959220886, 0.3721615672111511, -0.5779284834861755, 0.8156645894050598, -0.02626899629831314], [0.7322393655776978, 0.5167402625083923, 0.34063154458999634, -0.5920239090919495, 0.8053284287452698, 0.03088259883224964], [0.6722972393035889, 0.5374412536621094, 0.321553498506546, -0.567868709564209, 0.8066836595535278, 0.16366612911224365], [0.6002447605133057, 0.5192339420318604, 0.3272092938423157, -0.6029548645019531, 0.7056366801261902, 0.3721858263015747], [0.5474821925163269, 0.552162230014801, 0.3290655314922333, -0.4858689606189728, 0.7413612604141235, 0.4629414975643158], [0.48911774158477783, 0.5324941277503967, 0.35656416416168213, -0.4676485061645508, 0.6105228066444397, 0.6391922235488892], [0.44133731722831726, 0.4983414113521576, 0.38768139481544495, -0.42128562927246094, 0.4646907150745392, 0.7788331508636475], [0.3920662999153137, 0.4659915268421173, 0.4356611669063568, -0.3701426684856415, 0.4161243736743927, 0.830562949180603], [0.3541584014892578, 0.475274920463562, 0.4559643566608429, -0.32468631863594055, 0.45914703607559204, 0.8268994688987732], [0.3212529122829437, 0.46432238817214966, 0.5066161155700684, -0.2391420155763626, 0.3698800504207611, 0.897774875164032], [0.2882494032382965, 0.44966256618499756, 0.5638691782951355, -0.15373699367046356, 0.28988441824913025, 0.9446331858634949], [0.2556076943874359, 0.4465537667274475, 0.5963577628135681, -0.1061759665608406, 0.2952563464641571, 0.9495000243186951], [0.2286207675933838, 0.4377196729183197, 0.655428946018219, 0.012682957574725151, 0.3079063594341278, 0.951332151889801], [0.21329349279403687, 0.42833778262138367, 0.7036000490188599, 0.13018561899662018, 0.38172173500061035, 0.9150629639625549], [0.19671927392482758, 0.4277937710285187, 0.7543939352035522, 0.30394691228866577, 0.47886377573013306, 0.8235931992530823], [0.18304947018623352, 0.443331778049469, 0.7905203104019165, 0.27074575424194336, 0.5555233359336853, 0.7861874103546143], [0.15570825338363647, 0.4730847477912903, 0.7866723537445068, 0.13991425931453705, 0.6576980948448181, 0.7401738166809082], [0.133519247174263, 0.4833666682243347, 0.8436012268066406, 0.21296954154968262, 0.6566261053085327, 0.7235233783721924], [0.1118650734424591, 0.4883613884449005, 0.8562155365943909, 0.07698160409927368, 0.6260602474212646, 0.7759653925895691]], "Control Inputs 0": [[-0.022520666202314743, 9.986328702222494, 0.6983762549843742, 2.9903099609139483, 2.9903933359877595], [4.90049177302231, 9.656762994546089, 0.6982850109694686, 2.9945378640052054, 2.9762439540172663], [4.966994952319322, 7.834155623064117, 0.6959956346852627, 2.9415837087350276, 2.9568649238414793], [4.968912269619748, 9.55754947301012, 0.6973956012611887, 2.3739019406372748, -2.760197113555453], [4.993663255597866, 9.914623495709144, 0.6883771565172149, 2.955379044894179, 2.9843427546339605], [4.926267316114622, 9.84893614290042, 0.031037770420655406, 1.0091121394371685, 0.09889830786089426], [4.980246209058203, 9.832921117807729, 0.004292065130490739, 1.0523514556926301, -1.9691684000056455], [4.997412013467381, -2.2094365681604122, 0.6824603395194988, 2.9405683250527908, -0.610132173318775], [4.967071287191624, -1.2832295151277577, 0.23337355739480922, -1.1036678509174456, 1.3166530128052], [4.866616384339203, 9.47713578366946, 6.074794403688002e-05, 0.021290864786531305, -1.221997078582352], [4.979219862845438, 9.843610914592468, 0.00973680511453344, 1.3462570889892138, -2.079952612986307], [4.8166552104167675, 6.18265533559131, 0.0031008471907615423, -1.3315739026500861, -0.24374595323749082], [4.961791060946528, 8.651163904436018, 0.003026990949653847, 1.2345115745109831, -0.869791718518214], [4.962375499812598, 5.968854631391244, 0.012768858907573928, 1.6733233358180026, -0.3539779590076928], [2.1027387900411245, 2.0341928080729392, 0.0013624164366129248, 2.493288950776254, -0.5162533704898475], [4.906864542127247, 6.713403090284061, 0.013585667606914114, -0.017010710031811094, 0.18961303044358857], [0.8714674380159719, 9.743689270017562, 0.6818574101035517, -2.9020883023542243, 0.9057024635851776], [4.581818132170296, 0.5682171804222396, 0.05842596453265121, 0.6985084892858788, 0.8513828016246348], [4.8716795332911875, 7.959961906602665, 0.6813528302831487, 1.48788128799431, -1.8124058497223925], [-0.07889874032773658, 8.244062300375163, 0.009749309760901659, -2.8624138195847184, 2.9398653478285928]], "Final Predicted Pose 0": [0.1118650734424591, 0.4883613884449005, 0.8562155365943909, 0.07698160409927368, 0.6260602474212646, 0.7759653925895691], "Predicted Translation Error 0": "0.966605289179886cm", "Predicted Rotation Error 0": "tensor([0.9482], grad_fn=<DivBackward0>)"}