{"num_updates": "8442", "penalty": "tensor(5.4607e-05, dtype=torch.float64, grad_fn=<AddBackward0>)", "Starting Pose": [-0.37482932209968567, 0.19442741572856903, -0.22405391931533813, -0.2533268332481384, -0.9362085461616516, -0.05047546699643135, -0.23830924928188324], "Starting Soft Arm States": [44.099998474121094, -26.5, 10.0, 7.461883544921875, 35.16270065307617, 3.5902607440948486], "Number of Trajectories": 1, "Final Desired Pose": [0.06440899521112442, 0.17705078423023224, -0.2977691888809204, -0.8864974975585938, -0.42398780584335327, -0.1853550225496292], "Predicted Trajectory 0": [[0.10055896601094969, 0.6711848131311479, 0.5726403850220362, -0.7580684423446655, 0.4502759575843811, 0.4717878997325897], [0.1358654648065567, 0.6739693284034729, 0.4791598916053772, -0.7433478236198425, 0.6327868700027466, 0.21682876348495483], [0.17540369927883148, 0.6988967061042786, 0.42618829011917114, -0.5987098217010498, 0.7967995405197144, 0.08159125596284866], [0.22090467810630798, 0.6965503692626953, 0.3636626601219177, -0.4358147978782654, 0.8941290974617004, -0.10294900089502335], [0.27137282490730286, 0.7010872960090637, 0.3140275776386261, -0.2542780041694641, 0.9300917983055115, -0.2650884985923767], [0.32670459151268005, 0.697458028793335, 0.2721059024333954, -0.045975349843502045, 0.8998404145240784, -0.43378958106040955], [0.3875836730003357, 0.6961394548416138, 0.2457943707704544, 0.1497317999601364, 0.8052583336830139, -0.573706865310669], [0.44271472096443176, 0.6797574758529663, 0.22783681750297546, 0.25199785828590393, 0.6763758659362793, -0.6921074390411377], [0.4960443377494812, 0.6551315188407898, 0.21517306566238403, 0.3337673842906952, 0.5314744114875793, -0.7785463333129883], [0.5445826649665833, 0.6401419043540955, 0.2164374589920044, 0.3679594099521637, 0.45306840538978577, -0.8119944334030151], [0.5881938934326172, 0.6112388968467712, 0.2148493230342865, 0.4386313259601593, 0.3540787398815155, -0.8259726166725159], [0.6314781308174133, 0.5815523862838745, 0.22913263738155365, 0.4948108196258545, 0.2172948718070984, -0.8413947820663452], [0.6681777834892273, 0.563198447227478, 0.25786808133125305, 0.5176589488983154, 0.11824943870306015, -0.8473761081695557], [0.6666958928108215, 0.5349528789520264, 0.25771141052246094, 0.5377286672592163, 0.0027313916943967342, -0.8431134819984436], [0.609889030456543, 0.5529137849807739, 0.25382059812545776, 0.18822263181209564, -0.21670712530612946, -0.957919716835022], [0.6200717687606812, 0.5269008278846741, 0.3170206546783447, 0.06378542631864548, -0.551017701625824, -0.8320522308349609], [0.6257869005203247, 0.5236332416534424, 0.32926079630851746, 0.08312338590621948, -0.6270909309387207, -0.7744982242584229], [0.6058865189552307, 0.5805155038833618, 0.34257572889328003, -0.2312416285276413, -0.6866303086280823, -0.6892504692077637], [0.6427015066146851, 0.5523957014083862, 0.3748090863227844, -0.2914453446865082, -0.7560850381851196, -0.5859991908073425], [0.6348444819450378, 0.5605828166007996, 0.3582575023174286, -0.4383143484592438, -0.7028794884681702, -0.5602151155471802], [0.6159021258354187, 0.6436893939971924, 0.39184945821762085, -0.7229580283164978, -0.5803658962249756, -0.3748427629470825]], "Control Inputs 0": [[-4.935634139519082, 9.765444383380412, 0.00317491339916476, 2.0400707626373347, 1.6119872006045295], [-4.929822779295244, 9.752984278998337, 0.0028720935367955395, 1.1839463258110277, 1.7837893713651791], [-4.8471663415154564, 9.431782529640401, 0.0011113719622825398, 0.512086478140958, 0.026322094251800987], [-4.83147121340338, 9.583935997157926, 0.0004181200364189719, 0.9341111350186146, -0.013098793604863435], [-4.944015782111924, 9.860235116238854, 0.0012016979009029161, 2.951405882177042, -0.5211328254261276], [-4.795770291903754, 9.61669205227717, 0.0007738067575661976, 0.537988064355019, -2.9715034056725464], [-4.989160576888986, 9.752019848798845, 0.002062411969946939, -0.6965957742159219, -2.864239569549984], [-4.919720047173996, 8.084796607183751, 0.0027519112610357756, 0.7134608905712998, -2.7573014015421897], [-4.866772755920229, 5.88442109207198, 0.0029887746160660363, -2.7255639900738586, -2.8758281297059627], [-4.893947206365982, 9.948721885073912, 0.0014117460158749818, -0.20223916234518136, -2.947761793216439], [-4.942998600370218, 9.504687015239892, 0.007306147943528395, 1.670184161600969, -2.852654485840209], [-4.864839616279326, 5.990986456673797, 0.016549516315948497, 0.34818537653164405, -2.9851443280427827], [3.425984717698766, 1.443537129010453, 0.6947581769182937, 2.7870464625631666, -2.903972834542201], [-4.878097479637405, -2.5660683119916845, 0.6918191833735922, 2.8416997218174673, -2.5405182422994272], [-4.8152168428967554, -3.8929192207654735, 0.685623284246914, 2.693262648930361, -0.8328220046921091], [3.801848683426803, -3.6758610313736693, 0.4815420636358182, 0.5382785828715715, -0.5307609940935558], [-4.842063254665193, 4.540007778231528, 0.6775199964916515, 0.37349340336274883, -0.3560226012198311], [-4.790587161528945, -4.190454878256496, 0.6872142237518841, -0.4795986570016848, -2.9654184399183543], [4.842029995429488, 8.309923703627803, 0.6908801181959088, 2.3550937289418954, 2.9371024338246468], [-4.904378424439187, 8.873786343464573, 0.6826432037271084, -2.9339251581584334, -2.5731830649669374]], "Final Predicted Pose 0": [0.6159021258354187, 0.6436893939971924, 0.39184945821762085, -0.7229580283164978, -0.5803658962249756, -0.3748427629470825], "Predicted Translation Error 0": "1.7922890024001068cm", "Predicted Rotation Error 0": "tensor([0.9564], grad_fn=<DivBackward0>)"}