{"num_updates": "127", "penalty": "tensor(521.5258, dtype=torch.float64, grad_fn=<AddBackward0>)", "Starting Pose": [0.1978272646665573, 0.23204341530799866, -0.209058478474617, -0.2575685679912567, -0.48345398902893066, -0.6375085711479187, -0.5417689085006714], "Starting Soft Arm States": [-41.70000076293945, -48.29999923706055, 10.0, 22.3919734954834, 35.18257141113281, 2.8583285808563232], "Number of Trajectories": 1, "Final Desired Pose": [-0.14662599563598633, 0.11462484300136566, -0.33699333667755127, -0.9932923913002014, 0.027783233672380447, 0.1122421845793724], "Predicted Trajectory 0": [[0.7967425056272157, 0.7900270584977538, 0.6111369560446951, -0.28028979897499084, -0.44171953201293945, 0.8522449731826782], [0.7972908616065979, 0.8141773343086243, 0.5386574268341064, -0.4020291864871979, -0.2237177938222885, 0.8878754377365112], [0.763251006603241, 0.7916872501373291, 0.4738893508911133, -0.558922290802002, -0.030162066221237183, 0.8286713361740112], [0.7119293212890625, 0.7586615681648254, 0.39244818687438965, -0.7257677316665649, 0.11878892034292221, 0.6776063442230225], [0.6511649489402771, 0.7173158526420593, 0.3207816779613495, -0.8570495843887329, 0.12397179752588272, 0.5000970959663391], [0.5839895606040955, 0.7096095681190491, 0.26285290718078613, -0.9325295090675354, 0.20296700298786163, 0.29865217208862305], [0.5175442695617676, 0.6887706518173218, 0.2494938224554062, -0.9389306902885437, 0.21849796175956726, 0.2658345103263855], [0.4588603675365448, 0.6786970496177673, 0.2317437082529068, -0.9440798759460449, 0.23056815564632416, 0.23569394648075104], [0.40413689613342285, 0.6205854415893555, 0.25455135107040405, -0.9163064956665039, 0.1594776213169098, 0.36735451221466064], [0.39372533559799194, 0.5877476930618286, 0.2624551057815552, -0.8986230492591858, 0.14437821507453918, 0.4142843186855316], [0.4059782028198242, 0.5313863754272461, 0.2352987676858902, -0.9414656758308411, -0.09513617306947708, 0.3234061896800995], [0.38063350319862366, 0.5635002255439758, 0.27851077914237976, -0.8718287944793701, -0.05548592656850815, 0.4866577684879303], [0.3671146035194397, 0.5407938957214355, 0.3171858787536621, -0.8204134106636047, -0.09431581944227219, 0.5639382004737854], [0.38817235827445984, 0.5115028619766235, 0.27930310368537903, -0.8712847828865051, -0.21594639122486115, 0.44071534276008606], [0.3811945915222168, 0.4813217222690582, 0.26252397894859314, -0.8691428303718567, -0.33657413721084595, 0.3623652756214142], [0.38109493255615234, 0.418455570936203, 0.299825519323349, -0.7953739762306213, -0.4007839262485504, 0.4547003507614136], [0.37246328592300415, 0.42928341031074524, 0.2491423785686493, -0.9001399874687195, -0.3433380424976349, 0.26808005571365356], [0.37989524006843567, 0.4388048052787781, 0.26121750473976135, -0.8975502848625183, -0.35670220851898193, 0.25916600227355957], [0.3728654384613037, 0.4462537169456482, 0.25611403584480286, -0.9163126349449158, -0.28504446148872375, 0.28128403425216675], [0.36984047293663025, 0.38850536942481995, 0.2588082551956177, -0.8797587156295776, -0.4025438129901886, 0.25294846296310425], [0.3762676417827606, 0.44754964113235474, 0.2519476115703583, -0.9428123831748962, -0.20774602890014648, 0.2606656551361084]], "Control Inputs 0": [[4.936098412754607, -7.732866011247175, 0.6981088343671659, -2.9887016451617407, -2.942900458277895], [4.9191729439199445, -7.842910596537768, 0.6991643892697883, -2.0569707315305608, -2.9964044223691984], [4.821032538250403, -9.773712410502956, 0.4166536086618977, -1.7937130128231435, -2.9874514531215692], [4.87416041664104, -2.767707539454884, 0.6840201398622588, -2.9335201775377704, -2.985255061517534], [4.792693216907846, 1.8587094283130448, 0.2965905708148782, 0.047818210711738196, -2.983592954143472], [4.744212820234855, 2.8247108503064826, 0.009402251781279396, -1.1079243765226487, -2.9933790992054115], [4.780247650891477, 3.6078007533891725, 0.10302523337102976, 2.947759373900314, -2.9740739945123678], [0.9771554541844916, -9.396224230290537, 0.6055558461154016, 2.927075671978619, 2.73709342932744], [-2.7377486449210267, -9.186701322403332, 0.18788977438422305, -2.9402327664046095, -2.8964488771602825], [0.6375845456732909, 3.126705060264875, 0.408538575799815, 2.946316441416008, -2.911371198318591], [4.953493818146885, 6.422229811006506, 0.36322612087768413, 2.9159823011359753, -2.889534516296891], [-2.244936822085108, -1.0429689710106995, 0.0019373008507056401, -2.945957241242147, -2.9343712378507], [-3.219455085660759, 1.5814327656430152, 0.0016175523343169606, -2.950052597496361, -2.9530561748621333], [3.7993862874288364, -1.3846824459711993, 0.23072549557972297, 2.2474122536625805, -2.941222419055114], [-4.836805112605565, -5.2686246585941685, 0.2659651211861863, -1.8693932652757799, 2.9394235820602246], [4.898800478507843, 0.44814860090119346, 0.006141130526230918, -2.948070549899279, -2.941205154196074], [-4.850494651902891, 5.543284606254314, 0.458412437314093, 2.939418773336432, 1.4926385444250094], [4.730352077249927, -4.505892100754545, 0.0021111798948570517, -1.9400155617327233, -2.832918823704047], [-2.2936003031783887, 1.1033138119601702, 0.4237561380805209, 1.0363786617850321, 2.9202359240998845], [-1.4137997506170765, -1.9336613886007168, 0.12039232783934499, -2.9445836065474658, -2.9447748664088977]], "Final Predicted Pose 0": [0.3762676417827606, 0.44754964113235474, 0.2519476115703583, -0.9428123831748962, -0.20774602890014648, 0.2606656551361084], "Predicted Translation Error 0": "1.5060289317425217cm", "Predicted Rotation Error 0": "tensor([0.9600], grad_fn=<DivBackward0>)"}