{"num_updates": "38", "penalty": "tensor(348.1750, dtype=torch.float64, grad_fn=<AddBackward0>)", "Starting Pose": [-0.2139708697795868, 0.18574365973472595, -0.2922041416168213, -0.20327027142047882, -0.4350650906562805, -0.8644406199455261, -0.1488017588853836], "Starting Soft Arm States": [11.699999809265137, -52.099998474121094, 10.0, 16.387481689453125, 35.212379455566406, 19.351640701293945], "Number of Trajectories": 1, "Final Desired Pose": [-0.17830392718315125, 0.06653394550085068, -0.32303810119628906, -0.6512428522109985, -0.5316036343574524, 0.5415536165237427], "Predicted Trajectory 0": [[0.2961159705078064, 0.6437497569831682, 0.39768388318218284, -0.873078465461731, -0.08038897067308426, 0.48090705275535583], [0.2965150475502014, 0.6380178332328796, 0.376223087310791, -0.8848662376403809, -0.14440880715847015, 0.4428970217704773], [0.3153448700904846, 0.609053373336792, 0.3633575737476349, -0.8584583401679993, -0.25097233057022095, 0.4472830891609192], [0.3407627046108246, 0.5687519907951355, 0.3391895592212677, -0.8528028726577759, -0.3578841984272003, 0.38032352924346924], [0.3535304069519043, 0.531833291053772, 0.3236495852470398, -0.8350868225097656, -0.4518734812736511, 0.31375208497047424], [0.3309156894683838, 0.4808471202850342, 0.3443973660469055, -0.7524983882904053, -0.5308193564414978, 0.3898423910140991], [0.32390058040618896, 0.4836445748806, 0.38711318373680115, -0.7148136496543884, -0.4915366768836975, 0.4974266290664673], [0.34017929434776306, 0.49828240275382996, 0.3575500547885895, -0.7759352326393127, -0.5128800868988037, 0.367258220911026], [0.3470251262187958, 0.48485004901885986, 0.33506444096565247, -0.8082094788551331, -0.5412652492523193, 0.232011616230011], [0.3395937383174896, 0.3424087166786194, 0.3282560408115387, -0.6099279522895813, -0.7747112512588501, 0.1667647659778595], [0.3391067087650299, 0.3367987275123596, 0.36776888370513916, -0.5672286748886108, -0.7833291292190552, 0.25425806641578674], [0.3691989481449127, 0.32215121388435364, 0.3484794795513153, -0.49934545159339905, -0.8498379588127136, 0.16861101984977722], [0.3801611661911011, 0.3133847117424011, 0.30888670682907104, -0.5330461859703064, -0.8460565805435181, 0.007067480124533176], [0.3713398277759552, 0.2768211364746094, 0.28445878624916077, -0.4611158072948456, -0.8813087940216064, -0.10328134894371033], [0.32069098949432373, 0.30904704332351685, 0.29959842562675476, -0.6007983684539795, -0.798125147819519, -0.04513978585600853], [0.3037334978580475, 0.2781387269496918, 0.34616854786872864, -0.5475858449935913, -0.8262410759925842, 0.13219472765922546], [0.3244474232196808, 0.2718500792980194, 0.35151323676109314, -0.5228842496871948, -0.8236098885536194, 0.21967890858650208], [0.3671492040157318, 0.27003738284111023, 0.32418566942214966, -0.5005683898925781, -0.8424229025840759, 0.19938631355762482], [0.3746379315853119, 0.2880898714065552, 0.31064966320991516, -0.5593953728675842, -0.7995294332504272, 0.21869973838329315], [0.3722614347934723, 0.3006749153137207, 0.3123031556606293, -0.605976939201355, -0.7579491138458252, 0.24146492779254913], [0.3482177257537842, 0.29471808671951294, 0.3376825451850891, -0.5775851607322693, -0.7189530730247498, 0.38665473461151123]], "Control Inputs 0": [[-4.95902557365318, -1.7656788676976944, 0.20106120112499373, 2.8545208191581803, -2.9932077626660547], [-4.90670710395552, -7.602546933493324, 0.6948223361317064, -0.467304035026868, -2.9853391222103007], [-3.6703276052857134, -7.775029433253621, 0.08388976886944663, -1.582658734512313, -2.989616945155128], [-0.7847795300221838, -3.462809578570859, 0.6288842615048733, 2.1339501039104354, -2.9906307456145136], [4.905513176341005, 1.156858165990112, 0.29452230348113057, 2.9806462846429103, -2.97450578086804], [-2.130125297760883, 3.8789773056379353, 0.011189319679775364, -2.6686918151485672, -2.9941752340303656], [-1.2788191217514946, 9.843380834211128, 0.0963249320634646, -2.834170721658488, -2.983536007774893], [-1.6735533064593544, -8.073116896218798, 0.652879765523705, 0.668341075149582, -2.9995736255005485], [4.886585109840764, -8.123710439554927, 0.3033748329171944, 2.6405306759246887, -2.8758430080014508], [-4.0086756649245885, 4.628200091863524, 0.4340838905509795, 1.609354879399957, -2.9443048251721318], [-2.409876502864931, 2.9051340766577685, 0.39032864452455224, -2.831730551718561, -2.2643084880883264], [0.2868949859181784, -1.6345163605666606, 0.0023937197900591395, -2.9480888023422542, -2.8552206285177233], [4.848361615267324, -2.34420466137101, 0.025370550004597394, -2.8300336503263317, 2.9335454145528654], [4.9033847454093635, -5.2798839937321915, 0.3445866154552881, 2.928243470547618, 2.9417683388307925], [-1.0231572343379054, -7.909913609765425, 0.3903024792687891, 2.938306073106779, 2.940753171826236], [-4.906088262214871, -0.9996792876557112, 0.002054035483065508, -0.3645052028453266, -0.9764851268280279], [-4.903157830576517, 4.9582664925977635, 0.4842528844469561, 0.23509603502364618, -1.3365966633256483], [0.7523170514773581, -3.579332178328751, 0.05904846041881252, -2.3446431415752196, 2.912156797262348], [-0.671807497210609, 0.9364924221007893, 0.4526734688200065, 2.532432385286034, 0.945652397248657], [4.906326619823984, -2.5864912241828, 0.26815717191441074, -2.9479437443360292, 2.943820492849518]], "Final Predicted Pose 0": [0.3482177257537842, 0.29471808671951294, 0.3376825451850891, -0.5775851607322693, -0.7189530730247498, 0.38665473461151123], "Predicted Translation Error 0": "1.3552168456512308cm", "Predicted Rotation Error 0": "tensor([0.9677], grad_fn=<DivBackward0>)"}