{"num_updates": "2362", "penalty": "tensor(53.0383, dtype=torch.float64, grad_fn=<AddBackward0>)", "Starting Pose": [-0.3737664520740509, 0.08014781028032303, -0.20873697102069855, -0.10561268776655197, 0.8927318453788757, -0.43155860900878906, 0.0750526413321495], "Starting Soft Arm States": [39.20000076293945, 66.9000015258789, 10.0, 7.822881698608398, 12.499299049377441, 35.411094665527344], "Number of Trajectories": 1, "Final Desired Pose": [-0.3274284303188324, 0.05500609800219536, -0.24238839745521545, -0.38207387924194336, -0.5458472967147827, 0.7457011938095093], "Predicted Trajectory 0": [[0.1018511062459497, 0.3101351251545911, 0.611962335882844, -0.9664261341094971, -0.12378840148448944, 0.2251599133014679], [0.1304771602153778, 0.26405003666877747, 0.5414294600486755, -0.9487656950950623, -0.3158455491065979, -0.00922298151999712], [0.14936625957489014, 0.22886532545089722, 0.5115976929664612, -0.8507432341575623, -0.49798452854156494, -0.1680697798728943], [0.15047875046730042, 0.2405853271484375, 0.5215246677398682, -0.8363069891929626, -0.5166674256324768, -0.18342670798301697], [0.1507757604122162, 0.23292627930641174, 0.5167373418807983, -0.8063112497329712, -0.5446987748146057, -0.23057635128498077], [0.15160603821277618, 0.23753081262111664, 0.517401933670044, -0.8009511232376099, -0.5479152202606201, -0.24138379096984863], [0.15613514184951782, 0.23489776253700256, 0.522862434387207, -0.7744513154029846, -0.5845915675163269, -0.24182197451591492], [0.15896259248256683, 0.2466929405927658, 0.5172955393791199, -0.7808725833892822, -0.572681188583374, -0.2495480477809906], [0.15503603219985962, 0.23667939007282257, 0.5183374881744385, -0.7619162201881409, -0.6090744733810425, -0.22025452554225922], [0.15647970139980316, 0.23746518790721893, 0.5069897770881653, -0.7642853260040283, -0.612829864025116, -0.20076724886894226], [0.15010380744934082, 0.23220057785511017, 0.47895699739456177, -0.7624631524085999, -0.6135632991790771, -0.2054016888141632], [0.1265600174665451, 0.2299353927373886, 0.5182029008865356, -0.7920354604721069, -0.605890154838562, -0.07467959076166153], [0.1297217160463333, 0.2455415278673172, 0.5444014072418213, -0.7755873799324036, -0.6311056613922119, 0.01303140539675951], [0.15120555460453033, 0.24343355000019073, 0.48306554555892944, -0.7518271207809448, -0.6568216681480408, -0.05780384689569473], [0.1538519710302353, 0.25716426968574524, 0.47500815987586975, -0.7596955299377441, -0.6463077664375305, 0.07175617665052414], [0.15184158086776733, 0.27327805757522583, 0.4872046709060669, -0.7484347224235535, -0.6260681748390198, 0.21882423758506775], [0.14749693870544434, 0.2777869701385498, 0.5193479657173157, -0.6845688819885254, -0.6532359719276428, 0.32349368929862976], [0.1461333930492401, 0.264300137758255, 0.5479431748390198, -0.5837485790252686, -0.685886800289154, 0.43450745940208435], [0.16225168108940125, 0.3284526467323303, 0.4992104172706604, -0.693544864654541, -0.5637485384941101, 0.4485342502593994], [0.1806175708770752, 0.23201920092105865, 0.500527024269104, -0.4469253420829773, -0.799232006072998, 0.4018530547618866], [0.17876431345939636, 0.2517770230770111, 0.5388199090957642, -0.38838109374046326, -0.7428359985351562, 0.5453024506568909]], "Control Inputs 0": [[-4.920902967466266, -9.55405292695518, 0.013040134041044036, 1.820054506873925, -2.918771658023158], [-1.7121826282250003, 0.8339635972461696, 0.06426515306189112, 1.1915112562469705, -0.7385894315434114], [-0.05512907491504748, 1.9695926744755088, 0.005459278877538897, 0.6122448834109755, -0.36172692406044815], [-0.7304926139415366, 1.5986506462008343, 0.151471364297975, 0.466352709795097, 0.07052263732865294], [-0.5926017180693961, 1.6902154852152353, 0.20535621113949512, 2.926609125001298, 0.4654179519353776], [-1.3202895320456745, 1.9394759870468459, 0.005383377822738254, -0.3165832433082896, 0.5020279933079652], [-0.5673143007034911, -0.49020443122606316, 0.00536880027995949, -0.7260050495140726, 2.3583738959444913], [1.3313134796998796, -6.2381771268876545, 0.3214308865740996, -1.067896506331935, 2.944006141783756], [-2.640915921214319, -4.137123914839297, 0.332403574981339, -1.0797941698164626, 2.8480739329683376], [3.054582167437138, -9.447830373180608, 0.6739903202082211, -0.06965377435353792, 2.9011727475058526], [4.691172607674128, -9.522281121135636, 0.38641539227923993, 2.5383271920332255, 2.949451843854713], [-4.890516908041858, 1.0647628307596726, 0.002121460455300218, -0.240089753678161, -2.9200951947485927], [-4.372414686009085, -4.494907848766749, 0.2321270086643761, 0.24379191254188282, 2.9603292974986797], [0.5524979995337826, -9.715084997452443, 0.669246927156661, 1.1104458566860957, 2.9489381793661495], [-1.0284696643572548, -9.538574172440427, 0.6790488666598673, 2.9387683267070077, 2.9738902546198087], [4.856608166940827, -9.778775426899633, 0.0014727431479406013, 2.1071157815231567, -2.927702452699992], [-4.693865716025978, -3.683772577750598, 0.6454798466565921, -1.9702832441131874, 2.944932240224488], [-4.875865523262491, -9.408414914122446, 0.6850458513261993, 2.888635277967638, -2.930740151271702], [4.915913206326124, -9.44340214542671, 0.013326755400051326, 2.79085719251366, -2.924614334480048], [-4.68765404033808, -9.75902641999644, 0.6888860832810673, -2.974051767636759, 2.941376651773009]], "Final Predicted Pose 0": [0.17876431345939636, 0.2517770230770111, 0.5388199090957642, -0.38838109374046326, -0.7428359985351562, 0.5453024506568909], "Predicted Translation Error 0": "1.8912528159315465cm", "Predicted Rotation Error 0": "tensor([0.9605], grad_fn=<DivBackward0>)"}