{"num_updates": "190", "penalty": "tensor(0., dtype=torch.float64, grad_fn=<AddBackward0>)", "Starting Pose": [-0.12572814524173737, 0.11829423904418945, -0.27690136432647705, -0.4197060465812683, 0.3090168237686157, -0.8321382403373718, 0.18947671353816986], "Starting Soft Arm States": [-0.800000011920929, -54.29999923706055, 10.0, 26.637842178344727, 28.012285232543945, 35.387908935546875], "Number of Trajectories": 1, "Final Desired Pose": [0.08400364220142365, 0.15506841242313385, -0.2876117527484894, -0.9890780448913574, 0.12237398326396942, -0.08215362578630447], "Predicted Trajectory 0": [[0.4033934099607468, 0.43065318389825047, 0.43696945398060283, -0.575890839099884, 0.05594917759299278, 0.815609872341156], [0.4144836962223053, 0.42608708143234253, 0.42750120162963867, -0.6344432830810547, -0.015458812937140465, 0.7728148102760315], [0.45032814145088196, 0.4606879651546478, 0.41497448086738586, -0.6659113764762878, 0.022583961486816406, 0.7456889152526855], [0.49195754528045654, 0.48772382736206055, 0.4048558473587036, -0.685237467288971, 0.08277146518230438, 0.7236010432243347], [0.527176558971405, 0.49945759773254395, 0.4033193290233612, -0.7352738380432129, 0.048904694616794586, 0.6760035753250122], [0.5541187524795532, 0.5172125101089478, 0.4015962779521942, -0.7932780385017395, 0.0645415410399437, 0.6054289937019348], [0.5783863663673401, 0.5395402908325195, 0.41988134384155273, -0.7755069136619568, 0.08775683492422104, 0.625210165977478], [0.607424259185791, 0.5511541962623596, 0.4207114577293396, -0.8511530756950378, 0.05767267942428589, 0.521739661693573], [0.643940806388855, 0.5418378710746765, 0.4305382966995239, -0.9061493277549744, 0.023601731285452843, 0.42229893803596497], [0.6588844060897827, 0.5366454124450684, 0.4389296770095825, -0.9205830097198486, 0.057065606117248535, 0.38635528087615967], [0.6673017740249634, 0.5222989320755005, 0.41689532995224, -0.9673473238945007, -0.016592007130384445, 0.2529107332229614], [0.6646571755409241, 0.554300844669342, 0.4073232114315033, -0.9815635681152344, 0.0676763653755188, 0.1787533015012741], [0.6674544811248779, 0.5505658984184265, 0.41095951199531555, -0.9786959290504456, 0.08051134645938873, 0.1888708770275116], [0.6705530285835266, 0.5457350611686707, 0.39232227206230164, -0.9953909516334534, 0.07064400613307953, 0.06485603749752045], [0.6622591018676758, 0.5461474657058716, 0.3949512839317322, -0.9849425554275513, 0.12227415293455124, 0.12221720069646835], [0.6732637286186218, 0.5429867506027222, 0.4156823456287384, -0.9720328450202942, 0.16815851628780365, 0.16393566131591797], [0.6622880697250366, 0.5474460124969482, 0.4155491590499878, -0.9667794108390808, 0.20529457926750183, 0.15228834748268127], [0.6540753841400146, 0.5228561758995056, 0.41098615527153015, -0.9748778343200684, 0.13361354172229767, 0.17821532487869263], [0.6826208829879761, 0.5701212882995605, 0.4059816598892212, -0.9565263390541077, 0.289997398853302, 0.030966922640800476], [0.6657428741455078, 0.5277071595191956, 0.40187475085258484, -0.9862402677536011, 0.1620224416255951, 0.032844945788383484], [0.6667883992195129, 0.5430312156677246, 0.4033971428871155, -0.9782501459121704, 0.20324300229549408, 0.04145899415016174]], "Control Inputs 0": [[-4.423887238221081, 9.797764120263544, 0.0036776825373691924, -0.866210108499581, 1.1854879271582606], [-3.140892040180677, 9.787948152077359, 0.46610899327409855, 0.8972145678535992, 2.6016823844331096], [-4.913080888746624, 8.836026934145984, 0.007336686919285653, -0.9075190150800934, 0.6203568323169453], [-3.7598479104095732, 9.8638758700451, 0.4105426839201499, -1.526999215002096, 0.4376503800316591], [-1.760474871365088, 9.808973684127366, 0.1438437638183132, 1.7537057306398403, 0.9954549595145039], [-2.5844953559978694, 9.979161638737509, 0.0072127702951719184, -2.128982472148873, 0.3723284253557648], [-4.059403989404515, 9.812366475657349, 0.03699169056609539, -2.2811193180222546, -0.617957687257709], [-4.901251872188362, 0.6380984336534823, 0.5227488304699318, 0.42719746849831397, 1.347461793261683], [0.282008361358395, 1.4339524333319318, 0.28789060237487724, -2.962139088513079, -1.2029576893758482], [-2.2902782453177255, 9.86859549817834, 0.4188619813268242, -0.9869810171878526, -0.2368522610204984], [3.0483739954006044, 9.813036450653783, 0.339380586407859, 0.2886909768247916, 1.6996861116948274], [-2.8116467649724086, 1.5961960580911239, 0.05420288284804015, -1.864339692102535, -1.4897445143936792], [2.353959836621857, 3.5657699554367355, 0.11903334374469018, 0.4111194868519643, 1.3078963925544755], [-0.2508269383035353, 0.2565631708266505, 0.283647024224939, 0.9952030287850815, 2.9367765645007733], [-3.0701012861616053, -4.887909578681122, 0.34214001775007113, 1.6478296204276726, 2.122760001337137], [4.775254873149896, -0.07071961493130097, 0.006348051826524474, -0.3890085792531228, -1.5222456869891015], [-3.8339767496306605, 6.899093455665785, 0.444531100371232, -2.9409334477821427, 0.2628599410694341], [-0.5785385087630086, -1.8758885624847412, 0.020757048012048186, 0.3371102525416414, -0.9064031907111043], [2.17961456647852, 7.472960419648594, 0.42921067436139987, 0.6460552280097569, -2.0343130223903105], [-2.4933161837711166, 3.3440487639122782, 0.24420099937429016, -2.957950572125339, -2.1687546865297604]], "Final Predicted Pose 0": [0.6667883992195129, 0.5430312156677246, 0.4033971428871155, -0.9782501459121704, 0.20324300229549408, 0.04145899415016174], "Predicted Translation Error 0": "0.7419409545011911cm", "Predicted Rotation Error 0": "tensor([0.9890], grad_fn=<DivBackward0>)"}