{"num_updates": "2880", "penalty": "tensor(0., dtype=torch.float64, grad_fn=<AddBackward0>)", "Starting Pose": [-0.08721320331096649, 0.07462102174758911, -0.36480480432510376, -0.5741033554077148, 0.5489280223846436, 0.5473909974098206, 0.2635270953178406], "Starting Soft Arm States": [0.6000000238418579, -69.4000015258789, 10.0, 20.222673416137695, 1.7124077081680298, 35.394535064697266], "Number of Trajectories": 1, "Final Desired Pose": [-0.2612594664096832, 0.12590336799621582, -0.20852799713611603, -0.35603755712509155, -0.5594889521598816, 0.7484713792800903], "Predicted Trajectory 0": [[0.450216356244999, 0.29267404566075544, 0.2113021290258246, -0.20191767811775208, -0.9187874794006348, -0.3392031788825989], [0.4191776216030121, 0.3108982443809509, 0.26182281970977783, -0.36344051361083984, -0.8692301511764526, -0.3351864218711853], [0.3713923692703247, 0.33949410915374756, 0.30224815011024475, -0.4370706081390381, -0.8383185863494873, -0.32586991786956787], [0.32110166549682617, 0.3510225713253021, 0.3614135980606079, -0.49082595109939575, -0.84324711561203, -0.21914410591125488], [0.27540305256843567, 0.3820139169692993, 0.41320496797561646, -0.569015383720398, -0.8117585778236389, -0.1314140111207962], [0.23606331646442413, 0.3976556062698364, 0.46942606568336487, -0.6049091815948486, -0.7949579954147339, -0.04611484706401825], [0.19940266013145447, 0.40968257188796997, 0.5403159260749817, -0.5989686846733093, -0.7971906661987305, 0.07565461099147797], [0.18294495344161987, 0.4472832679748535, 0.5764074921607971, -0.6459811329841614, -0.7411907911300659, 0.18260523676872253], [0.18896466493606567, 0.4379529058933258, 0.5731241703033447, -0.5820318460464478, -0.7687247395515442, 0.26514366269111633], [0.20193278789520264, 0.43345123529434204, 0.5854902267456055, -0.42773592472076416, -0.8323977589607239, 0.3523578345775604], [0.20022501051425934, 0.45258820056915283, 0.5791534781455994, -0.41708675026893616, -0.8036525249481201, 0.42447778582572937], [0.20126396417617798, 0.44805335998535156, 0.5841231942176819, -0.36412978172302246, -0.7913112044334412, 0.4911579489707947], [0.20067594945430756, 0.4498969614505768, 0.5899531841278076, -0.33574917912483215, -0.757238507270813, 0.5602342486381531], [0.19115954637527466, 0.4512577950954437, 0.580855131149292, -0.3616340756416321, -0.7509730458259583, 0.5525035858154297], [0.20748968422412872, 0.45302119851112366, 0.605012059211731, -0.2264612913131714, -0.6945315599441528, 0.6828917860984802], [0.23239010572433472, 0.4569888412952423, 0.5835195779800415, -0.1180063933134079, -0.6273887157440186, 0.7697128653526306], [0.23302054405212402, 0.43954771757125854, 0.6017186045646667, -0.03770654648542404, -0.5667943954467773, 0.8229959607124329], [0.22849377989768982, 0.44275733828544617, 0.611801266670227, -0.04832889884710312, -0.6366225481033325, 0.7696597576141357], [0.222820445895195, 0.4842122793197632, 0.5856006145477295, -0.2839904725551605, -0.6106977462768555, 0.7391871809959412], [0.2063458263874054, 0.45582473278045654, 0.5713475942611694, -0.3563940227031708, -0.6508233547210693, 0.6703821420669556], [0.22692878544330597, 0.45895248651504517, 0.6068768501281738, -0.20795825123786926, -0.6445791721343994, 0.7357112765312195]], "Control Inputs 0": [[4.975084659684889, 9.901482687193681, 0.007342720785050315, 1.4213893991904945, 2.916888520002405], [4.996807894517044, 9.64398340030806, 0.06416215871547375, 2.5814001399263757, 2.9341574479372197], [4.851129947120693, 9.947998264392709, 0.002172562184659949, 0.413361345256789, 2.858579015628603], [4.737837665665159, 9.971936161062448, 0.009428537858036821, -0.04856434829665801, 2.9158304283887757], [4.979980229737521, 9.794618098883493, 0.008475740231448389, 2.9386724412852887, 2.863905244204309], [4.742936000222345, 9.78892569566646, 0.0026664098353356277, -0.9569848014630953, 2.987127130942442], [-0.982954400380291, 9.79723123979485, 0.0028387773108852097, -0.9789064271129573, 2.95334188655188], [-0.7851400333839598, -6.512985491995201, 0.04962297562277465, 1.781169390552507, 2.965091067465087], [-2.7818994230555716, -4.74488481852159, 0.004288865006857571, -2.8633756814020095, 2.905567154359617], [-0.5294277530273259, -8.496280614362306, 0.08399704223832206, -1.2562641328623392, 2.896465706416013], [-1.259689483479078, -9.529966051748369, 0.21526504783377834, 0.04819817458437203, 2.9354616406428624], [0.015504238429898898, -5.986173244343335, 0.008990414156111433, -2.3809115787271526, -0.28249685948755365], [1.0214761966831487, -9.427807754658124, 0.011779197815990768, 2.951551499216742, 2.9269994116693576], [-4.757704573460421, -9.167999542598517, 0.26216595530765585, 2.9472667088790168, 2.934489040542302], [-4.900847973868052, -9.66189327066498, 0.36859965353928364, 2.941604460057638, 2.9344718706986734], [4.8930294428884835, -9.507004208509823, 0.007386967392427281, -2.9005112465584744, -2.8803962918002006], [-1.5549971988289442, 9.808195225635068, 0.025008996118003335, -2.9415411730733685, -2.9175660130658434], [-1.358892911882061, -5.348137696493894, 0.0975961204397002, -2.9402312346528863, 1.459246060207458], [4.899681311370278, -7.432137839449303, 0.03733197734534445, 2.941948288006415, -0.5448053896243601], [-4.903994513704459, 9.804639112798125, 0.009463628193304192, 1.3727375655478333, -2.938860732774015]], "Final Predicted Pose 0": [0.22692878544330597, 0.45895248651504517, 0.6068768501281738, -0.20795825123786926, -0.6445791721343994, 0.7357112765312195], "Predicted Translation Error 0": "0.9960110746800852cm", "Predicted Rotation Error 0": "tensor([0.9853], grad_fn=<DivBackward0>)"}