{"num_updates": "225", "penalty": "tensor(0., dtype=torch.float64, grad_fn=<AddBackward0>)", "Starting Pose": [-0.11294344067573547, 0.07300999760627747, -0.2930687963962555, -0.56661057472229, 0.7441525459289551, -0.2079533338546753, 0.2862602472305298], "Starting Soft Arm States": [2.700000047683716, -15.0, 10.0, 31.132104873657227, 13.58891773223877, 35.40446853637695], "Number of Trajectories": 1, "Final Desired Pose": [-0.3462235927581787, 0.0908350944519043, -0.2663823068141937, -0.8343507051467896, -0.5084440112113953, -0.2129402458667755], "Predicted Trajectory 0": [[0.4189358853000562, 0.28758425066836124, 0.395464125558507, -0.19401511549949646, -0.7242317795753479, 0.661699652671814], [0.3990703225135803, 0.27818912267684937, 0.4091953635215759, -0.29180267453193665, -0.7927248477935791, 0.5351994633674622], [0.35605788230895996, 0.29072633385658264, 0.42519545555114746, -0.39236366748809814, -0.7942677736282349, 0.4638853669166565], [0.31908127665519714, 0.305298775434494, 0.4298189580440521, -0.5258991718292236, -0.7627962231636047, 0.3762604594230652], [0.28677958250045776, 0.3054382801055908, 0.4334556460380554, -0.5682586431503296, -0.7617743015289307, 0.3110981583595276], [0.24531900882720947, 0.3374973237514496, 0.44773849844932556, -0.6975370645523071, -0.6756476759910583, 0.23862576484680176], [0.20836110413074493, 0.34647470712661743, 0.4952438771724701, -0.7295836806297302, -0.6339839100837708, 0.2564604878425598], [0.18818727135658264, 0.37423864006996155, 0.5024805068969727, -0.8308666348457336, -0.5269973874092102, 0.17870227992534637], [0.18758222460746765, 0.356232225894928, 0.48978108167648315, -0.8434643745422363, -0.5191057324409485, 0.13819211721420288], [0.18303361535072327, 0.32757869362831116, 0.4766228497028351, -0.8098198175430298, -0.5797924399375916, 0.08962443470954895], [0.16741809248924255, 0.3301331102848053, 0.4678398370742798, -0.8362419009208679, -0.5469350814819336, 0.03951412811875343], [0.15388187766075134, 0.33742406964302063, 0.4656374752521515, -0.8614331483840942, -0.5077678561210632, -0.010230354964733124], [0.14669214189052582, 0.36308789253234863, 0.5009952783584595, -0.8915088772773743, -0.4475507140159607, 0.07007324695587158], [0.14595748484134674, 0.3292907476425171, 0.4465174078941345, -0.8656445145606995, -0.4777812659740448, -0.1496148556470871], [0.1392112672328949, 0.34831058979034424, 0.49759596586227417, -0.9027701020240784, -0.4298058748245239, 0.016527697443962097], [0.14937588572502136, 0.32702186703681946, 0.4578065872192383, -0.8732529282569885, -0.48505955934524536, -0.046330757439136505], [0.14523036777973175, 0.3260628283023834, 0.46457409858703613, -0.8642452359199524, -0.5013364553451538, -0.041735220700502396], [0.12927481532096863, 0.33720293641090393, 0.5010145902633667, -0.884097695350647, -0.45698004961013794, 0.09767597168684006], [0.1349852830171585, 0.36304187774658203, 0.43650490045547485, -0.9166967868804932, -0.3872587978839874, -0.09847544878721237], [0.12492701411247253, 0.3312617242336273, 0.467899352312088, -0.8887272477149963, -0.4583207070827484, -0.0102948397397995], [0.12412285804748535, 0.33725705742836, 0.4560840427875519, -0.8970495462417603, -0.4394746422767639, -0.04652129113674164]], "Control Inputs 0": [[3.7963817945642777, 9.809044019580728, 0.019770614473729336, -2.941113288851214, 0.8297080202736367], [4.904785013223174, 5.94779333555139, 0.5905889854386368, -2.6462000871603815, 2.463547057682999], [2.0307633545858783, 3.9631688433125802, 0.007472576577392627, -2.9642865848624056, 0.27570226869367964], [3.49724570645855, 8.613532052634543, 0.522582852465722, -2.94432374542671, -0.07907749479956205], [4.862960063229117, 9.795849565380497, 0.2402658243228313, 0.7986919392555993, 0.5183343368843358], [3.3083371739586216, 9.802251283762793, 0.007233510361747126, -2.9268128100435926, 0.055624220929849866], [0.7582180949261081, 9.798021619550429, 0.0850064892371686, -1.6035658709334992, -1.0789966050989848], [-2.043966187028897, -1.3620403906201872, 0.5910205449685955, 0.4806231796857534, 1.5234441055358117], [2.485515236275928, -1.4977437069352373, 0.3690491024134382, -2.959675374878331, -1.6942242957782916], [-0.6121992056177641, 7.443542318248241, 0.515129892529019, -1.3394933944775362, -0.4812522865473152], [3.2331884740070844, 9.799306731732202, 0.4502342901769268, 0.21648853870731388, 1.3342145434918562], [-2.1643435970031657, 0.22020927844897997, 0.03965683712286405, -1.8859447706372245, -1.6610926679871216], [1.429484896411295, 2.2660446891342207, 0.10374724395897221, 0.5825533185690319, 1.0742130322401424], [-0.9616829129369613, -0.43603301874750144, 0.39037717146056017, 1.4118967424402848, 2.2801001558912173], [-3.473790803759628, -2.5803857491930566, 0.42715707796179414, 1.6620711100229588, 2.0068549719204327], [4.90040291446002, 0.1447929826760248, 0.006658867426371425, 0.17122847296726018, -2.3242643747857192], [-2.82999322534598, 7.070974229661935, 0.5552125147085817, -2.9354759729228426, 0.07028762509398279], [0.09558369403926914, 2.4632819901306373, 0.1291372913238012, 0.7305352934843965, -1.7664470967726902], [1.5794250729666368, 4.780966312313732, 0.5610146810728182, 1.9516017920628874, -2.960401629027614], [-3.1709292160657903, 2.8939268970466028, 0.35290200479261113, -2.0047967186561246, -2.6480052863891648]], "Final Predicted Pose 0": [0.12412285804748535, 0.33725705742836, 0.4560840427875519, -0.8970495462417603, -0.4394746422767639, -0.04652129113674164], "Predicted Translation Error 0": "0.9946283586056398cm", "Predicted Rotation Error 0": "tensor([0.9818], grad_fn=<DivBackward0>)"}