{"num_updates": "1602", "penalty": "tensor(35.5606, dtype=torch.float64, grad_fn=<AddBackward0>)", "Starting Pose": [-0.3408721089363098, 0.09913362562656403, -0.2641664743423462, -0.32711130380630493, 0.8136994242668152, 0.4374617338180542, 0.19879302382469177], "Starting Soft Arm States": [34.79999923706055, -39.79999923706055, 10.0, 12.532418251037598, 3.914828062057495, 35.39784622192383], "Number of Trajectories": 1, "Final Desired Pose": [-0.325888067483902, 0.07222741842269897, -0.23017922043800354, -0.43015190958976746, -0.4572282135486603, 0.7784032821655273], "Predicted Trajectory 0": [[0.1418410422184011, 0.37011803006447186, 0.4696626973435145, -0.706959068775177, -0.7062692642211914, 0.03731818124651909], [0.12286819517612457, 0.3120109438896179, 0.5019535422325134, -0.662521243095398, -0.7467843890190125, -0.05812613293528557], [0.11392930895090103, 0.3121107816696167, 0.5473619103431702, -0.6718189716339111, -0.7406133413314819, 0.012290265411138535], [0.1249324306845665, 0.29507580399513245, 0.5395957231521606, -0.5964426398277283, -0.801903486251831, -0.03473928943276405], [0.13256342709064484, 0.2908908426761627, 0.546310544013977, -0.5585163235664368, -0.829367995262146, 0.014431394636631012], [0.13840360939502716, 0.2893120348453522, 0.5458016395568848, -0.520099401473999, -0.853826642036438, 0.02183118276298046], [0.14711856842041016, 0.2914332449436188, 0.5554112195968628, -0.5305063128471375, -0.8468136191368103, 0.03833583742380142], [0.15306945145130157, 0.3013254702091217, 0.5473936200141907, -0.5845069289207458, -0.810727059841156, 0.032761573791503906], [0.15620461106300354, 0.2992408871650696, 0.5517253875732422, -0.6179075241088867, -0.7813935875892639, 0.08726046234369278], [0.15980106592178345, 0.2953859269618988, 0.5501357913017273, -0.5792399048805237, -0.8116117119789124, 0.07594417780637741], [0.16512992978096008, 0.29541006684303284, 0.5447996854782104, -0.5826030373573303, -0.8075599074363708, 0.0917644053697586], [0.15303611755371094, 0.2801911234855652, 0.5537444353103638, -0.5754396319389343, -0.8021838665008545, 0.15928053855895996], [0.1489688903093338, 0.2624378502368927, 0.5710299611091614, -0.5056904554367065, -0.8540064692497253, 0.12227051705121994], [0.1562434285879135, 0.2991028130054474, 0.5316052436828613, -0.6256051063537598, -0.7729206085205078, 0.1058865338563919], [0.14825859665870667, 0.2993288040161133, 0.5197235345840454, -0.6693195104598999, -0.7142067551612854, 0.20474408566951752], [0.15080225467681885, 0.29650089144706726, 0.5422985553741455, -0.6184976696968079, -0.7327535152435303, 0.2837832272052765], [0.15054841339588165, 0.3103207051753998, 0.5631893873214722, -0.6319852471351624, -0.7066956162452698, 0.31808164715766907], [0.15324766933918, 0.26118823885917664, 0.582489013671875, -0.47902899980545044, -0.8187701106071472, 0.31645962595939636], [0.17287415266036987, 0.35342836380004883, 0.5413061380386353, -0.6470797061920166, -0.6537308692932129, 0.39233118295669556], [0.17099879682064056, 0.2937806248664856, 0.517591118812561, -0.5655595660209656, -0.7174831032752991, 0.4066453278064728], [0.17275041341781616, 0.3107009828090668, 0.5690895915031433, -0.4687443971633911, -0.6471508741378784, 0.6012274026870728]], "Control Inputs 0": [[3.6092307532258925, 9.802021203381454, 0.36311690392351637, 2.8833275905377658, 2.8569135407966026], [-1.3276969964900327, 5.800286776461087, 0.46708688836009493, 2.888535099168827, 2.470722621499565], [-2.5342704391279653, 5.020720798804479, 0.007786255961348035, 2.2332394581007655, 1.1275568747544442], [-1.544976159557487, 2.697150948939189, 0.33239437952404205, 1.7574008971902764, 1.4433982945380084], [-1.7495914865830802, 9.79286924956006, 0.25401894733269975, 2.930424863891732, -0.29416180085545696], [-1.816903040250458, 9.791321869586092, 0.0068783110063675035, -0.06096916695016752, -0.8366211903000726], [-1.068833219003039, 9.79314224648921, 0.006605341766631183, -1.04968829408515, -0.05692249438456898], [0.27113123842138087, -1.6202269383340013, 0.2732581010646892, -0.20450159318190497, 2.9197437219158564], [-0.446083192528425, 1.8959037697520795, 0.008450377618939393, -0.6980963095095443, -0.43996507245869987], [-1.246216974883756, 1.13846723312537, 0.12119569732559878, -1.518130707946622, 2.841725740991638], [4.723501618826907, -9.49728014581275, 0.6515632268239822, 1.116230466754594, 0.6230700253153825], [-1.54705032116585, 5.855502491603129, 0.005222686553387773, -2.885135410957364, -2.2513337648729737], [-3.9994304235203764, 9.76649107029655, 0.0061922685018889435, -2.8442548022837784, 2.9390229523755513], [4.879491334012275, -9.817096011060237, 0.6957904505949415, 1.6365974303923911, 2.9408347285834724], [-4.607834451295945, 9.794894672191628, 0.011217327945516596, 2.9299686925757165, 2.943953916842718], [4.892982329959484, -9.512909518038278, 0.007978640863309537, 2.9041926876415936, -2.8770825566929625], [-4.720571161736286, 9.808141579950298, 0.6909497110886333, -2.4235427560066167, 2.8461752344270446], [-4.904459986833873, -1.7894146989548076, 0.0098781010223211, -1.7319452699461253, 2.9188126156040655], [4.907714960313999, -9.812354961907035, 0.6910008294716976, 2.9477933631356246, 0.3086057700728846], [-4.923533333728899, -9.530409522742449, 0.6931621381142771, -2.871360882024171, 2.885795721715895]], "Final Predicted Pose 0": [0.17275041341781616, 0.3107009828090668, 0.5690895915031433, -0.4687443971633911, -0.6471508741378784, 0.6012274026870728], "Predicted Translation Error 0": "1.403934925061734cm", "Predicted Rotation Error 0": "tensor([0.9655], grad_fn=<DivBackward0>)"}