{"num_updates": "2062", "penalty": "tensor(142.1392, dtype=torch.float64, grad_fn=<AddBackward0>)", "Starting Pose": [0.16755126416683197, 0.12764568626880646, -0.29099786281585693, 0.20105165243148804, 0.5200039744377136, -0.7186347842216492, 0.4156177043914795], "Starting Soft Arm States": [-37.599998474121094, -57.0, 10.0, 10.57176685333252, 26.157615661621094, 35.40446853637695], "Number of Trajectories": 1, "Final Desired Pose": [0.02187373861670494, 0.2209409475326538, -0.30595871806144714, -0.4342903196811676, -0.2579953670501709, 0.8630355000495911], "Predicted Trajectory 0": [[0.759935711327779, 0.46019771276964433, 0.40078066426569375, -0.5736802816390991, 0.8064500689506531, 0.1432802975177765], [0.7721853852272034, 0.46752673387527466, 0.3392588496208191, -0.6870304942131042, 0.7258000373840332, -0.034688953310251236], [0.7506955862045288, 0.46055057644844055, 0.32879993319511414, -0.7726527452468872, 0.632911741733551, 0.049299366772174835], [0.7045004367828369, 0.4772094488143921, 0.2842317521572113, -0.7536813616752625, 0.6493188738822937, 0.10173173993825912], [0.6494095325469971, 0.5023145079612732, 0.2731526792049408, -0.7569871544837952, 0.6292282342910767, 0.17618818581104279], [0.6255991458892822, 0.55338054895401, 0.2623271942138672, -0.7094409465789795, 0.672100841999054, 0.21207104623317719], [0.5996463298797607, 0.5964046716690063, 0.2826150357723236, -0.6461485624313354, 0.6795372366905212, 0.34744948148727417], [0.5653747916221619, 0.6384192705154419, 0.26602351665496826, -0.6303542256355286, 0.6931084990501404, 0.34964877367019653], [0.5206338763237, 0.655336856842041, 0.260684609413147, -0.6124265193939209, 0.6905162334442139, 0.38486504554748535], [0.5033808946609497, 0.60764479637146, 0.282828152179718, -0.6505417227745056, 0.6054426431655884, 0.4585134983062744], [0.5441315770149231, 0.6424448490142822, 0.3028973340988159, -0.5594817996025085, 0.6724086999893188, 0.48460984230041504], [0.5637872815132141, 0.6633017659187317, 0.3576546311378479, -0.5011379718780518, 0.6056370735168457, 0.6181136965751648], [0.5709934830665588, 0.6665710210800171, 0.3695295453071594, -0.5230239033699036, 0.5484406352043152, 0.6524252891540527], [0.5658931732177734, 0.6550449728965759, 0.36997875571250916, -0.580244243144989, 0.4325464367866516, 0.690087080001831], [0.5419188141822815, 0.6582908630371094, 0.3462029993534088, -0.6385294198989868, 0.39071494340896606, 0.6630399227142334], [0.5411826968193054, 0.6622213125228882, 0.33649739623069763, -0.6644092798233032, 0.38942384719848633, 0.6378946304321289], [0.5261098742485046, 0.6264337301254272, 0.36750996112823486, -0.63423091173172, 0.23586146533489227, 0.7362884283065796], [0.53581702709198, 0.6732457280158997, 0.3966280221939087, -0.5282172560691833, 0.3603302836418152, 0.7688618898391724], [0.5665730237960815, 0.6561901569366455, 0.4058748185634613, -0.5872789025306702, 0.30563148856163025, 0.7494617104530334], [0.5710748434066772, 0.6857320070266724, 0.4512481689453125, -0.5457403659820557, 0.26967376470565796, 0.7933748364448547], [0.5455451011657715, 0.6477839946746826, 0.41217610239982605, -0.5785382390022278, 0.11592481285333633, 0.8073753714561462]], "Control Inputs 0": [[4.875116391643401, -9.463849980508874, 0.6867373138984383, 2.9158814067743153, 2.9869261006899546], [4.701348403971856, -1.831674981225417, 0.6901252965444294, 2.8736453096326633, 2.998497144475512], [4.505860163299108, -2.2820156032723125, 0.6837316950858672, 1.0389328633732937, 2.954173550852653], [0.08844280528178228, 5.473879011428014, 0.689502346110095, 0.07222033497644986, 2.9540551504726293], [0.17871833363933742, 9.49306735991918, 0.2950580015649771, 2.779339492901766, 2.897713024014635], [1.3871256023111158, 9.008285612188168, 0.009607076020963543, -1.6723379901998983, 2.888787924673302], [4.86903405287293, 9.438955553757026, 0.00436602651851781, -0.8459680877462166, 2.9581637509709884], [4.474291519038411, -9.28092214436901, 0.011173985209794388, 2.4890896701989424, 2.9434051972567454], [-4.984440329177954, -5.456265342648783, 0.1677810438734419, 2.9842906462310923, 2.766792608639406], [-4.858517659437411, 7.747865943051885, 0.15091519587225952, 2.878875000712032, -2.9256398246295214], [0.7347433325943085, 9.399866923582522, 0.006871014071397424, -0.7309145262186703, -2.6019576213716085], [-0.5380118479642952, 4.39206728515777, 0.0008090766916088994, -2.410742588879227, -2.936797897905297], [1.8389952462055303, 9.891439022878814, 0.006336430806130884, -2.86525220024992, -2.828004045391551], [4.474859259651167, 5.0087768851225025, 0.005987318216518837, -1.7576245844503242, 2.9734542121326504], [-4.793665361527283, -0.10986844748537727, 0.010432558361522525, 2.8594285069556564, -2.978279949477279], [4.8376711549477385, 9.975140596632578, 0.004784777716906327, 2.806087589965782, 2.8086122667330544], [-4.74687761982913, -3.5065945904152036, 0.07687704145083464, -0.8221419915746688, 2.8193012098021786], [-3.701709437837433, 9.944135775089425, 0.005543756263676432, 2.8661741179298934, -2.9685937822853274], [3.437371733728119, 9.871478059639866, 0.008700518221615022, -2.8484298208082524, -2.8903801087390457], [4.217376368076813, 9.861628711916492, 0.6933505195962648, 2.8711676732692073, 2.912533460706957]], "Final Predicted Pose 0": [0.5455451011657715, 0.6477839946746826, 0.41217610239982605, -0.5785382390022278, 0.11592481285333633, 0.8073753714561462], "Predicted Translation Error 0": "4.967655258737032cm", "Predicted Rotation Error 0": "tensor([0.9181], grad_fn=<DivBackward0>)"}