{"num_updates": "2152", "penalty": "tensor(0., dtype=torch.float64, grad_fn=<AddBackward0>)", "Starting Pose": [-0.11145883798599243, 0.09820762276649475, -0.3463197350502014, -0.2795861065387726, 0.8266373872756958, -0.2629236578941345, 0.41154998540878296], "Starting Soft Arm States": [0.5, -74.0, 10.0, 13.860493659973145, 13.804191589355469, 35.40115737915039], "Number of Trajectories": 1, "Final Desired Pose": [-0.23680557310581207, 0.17158126831054688, -0.2802642583847046, -0.6548610329627991, -0.04543400928378105, 0.7543824315071106], "Predicted Trajectory 0": [[0.42074072956336167, 0.3671924595536004, 0.2587573382296526, -0.5049164295196533, -0.24582019448280334, 0.8274248242378235], [0.3857550621032715, 0.3584071099758148, 0.2584587633609772, -0.5713058114051819, -0.33435383439064026, 0.7495445609092712], [0.32663869857788086, 0.3881016671657562, 0.2827448844909668, -0.5536873936653137, -0.3160941004753113, 0.7703990936279297], [0.26644912362098694, 0.4042615294456482, 0.3214434087276459, -0.5476697087287903, -0.30584025382995605, 0.7787936925888062], [0.23191028833389282, 0.4370000660419464, 0.3577858507633209, -0.581481397151947, -0.26602667570114136, 0.768836259841919], [0.23178556561470032, 0.4576888978481293, 0.37519505620002747, -0.5871613025665283, -0.24894994497299194, 0.7702373266220093], [0.24154865741729736, 0.4825073182582855, 0.40294742584228516, -0.5222563147544861, -0.19865138828754425, 0.8293285369873047], [0.24885843694210052, 0.5173680186271667, 0.41012054681777954, -0.5540638566017151, -0.09492868930101395, 0.8270440101623535], [0.25839048624038696, 0.5491388440132141, 0.41981106996536255, -0.556117594242096, 0.023967424407601357, 0.8307579159736633], [0.2659241259098053, 0.5753805041313171, 0.42546752095222473, -0.5592091083526611, 0.1514209657907486, 0.815081000328064], [0.26930099725723267, 0.5890693068504333, 0.4275893568992615, -0.577750563621521, 0.26010146737098694, 0.7736610174179077], [0.2700345814228058, 0.6008524298667908, 0.43110570311546326, -0.5851883292198181, 0.35560473799705505, 0.7287660241127014], [0.27128714323043823, 0.5965384244918823, 0.42788758873939514, -0.6098235845565796, 0.39978963136672974, 0.6843124628067017], [0.2651868760585785, 0.5912817120552063, 0.42234721779823303, -0.669392466545105, 0.38904064893722534, 0.6328989863395691], [0.2564428448677063, 0.6122274994850159, 0.428570955991745, -0.6415176391601562, 0.4901891052722931, 0.5900591611862183], [0.2602563500404358, 0.5892487168312073, 0.42364439368247986, -0.6499090790748596, 0.4532506763935089, 0.6100673079490662], [0.27284345030784607, 0.5816143751144409, 0.4273395240306854, -0.6482250094413757, 0.3637027144432068, 0.6689728498458862], [0.2724611759185791, 0.5939919948577881, 0.43343839049339294, -0.6464994549751282, 0.2972330152988434, 0.702631413936615], [0.2771536409854889, 0.601076602935791, 0.42778730392456055, -0.687218964099884, 0.25455769896507263, 0.680389940738678], [0.2673030495643616, 0.5835015177726746, 0.43597859144210815, -0.7093722820281982, 0.08160090446472168, 0.70009446144104], [0.27074626088142395, 0.5975175499916077, 0.42952004075050354, -0.7370907068252563, 0.0008908788440749049, 0.6757931709289551]], "Control Inputs 0": [[4.91897196851396, 9.977409213035095, 0.006222876704810512, 1.6567730826915428, 2.994948710125545], [4.944782697211474, 9.929694356749923, 0.005868833312457564, 1.3815014215366928, 2.9686062352430227], [4.776700464794139, 9.683997120513226, 0.0013804958289674125, 0.2885500109436072, 2.9783662182308097], [0.7439911831006016, 9.986247637632179, 0.010372785276746593, 0.577844915024905, 2.991895697305286], [-1.1947291035152574, 9.638977661856057, 0.0006566605174675947, 2.9334720882827146, 2.985905210404187], [-0.9143955468268024, 9.532153605841025, 0.0025715611097375784, 0.021896230956490292, 2.9326003577431257], [-0.29854517898587396, 9.680138207588925, 0.005310472475510129, -0.0759070780879032, 2.997660114598604], [-0.04804007001607857, 9.42666473131355, 0.005262748835842757, -0.0892144003842743, 2.9501965858221153], [-0.15602707784654157, 2.16951106758399, 0.007553623953464568, -1.1710463220907399, 2.8820330220256425], [0.028129907035608248, -2.28680318260626, 0.01788799872058444, -0.8756442679869139, 2.8896392627532332], [0.5653353781368953, -4.172800679462565, 0.017359215516131402, -0.39590284840916734, 2.895228404559507], [-0.8021937209494432, -9.606290449751809, 0.008157629655890727, -1.0032013958410837, 0.9206069609702658], [2.0747048081877795, -2.91995876133132, 0.02165959781981778, -0.5028140202819085, 2.8408665334000425], [1.0553796145771805, -9.616543145967533, 0.18155170094847428, 0.787266189469757, 2.88470722517084], [-4.73921356883158, -9.81211145147753, 0.21808176269519713, 2.930814130081399, -1.4275394228940386], [0.8754923134313959, 0.5541059810756419, 0.009371795747502017, -0.31628145467687085, -2.8702300564510828], [1.043588262271098, 9.52793943927093, 0.12965848566363844, -0.23800800246072162, -2.942267756247141], [-1.6743792736323226, -3.039911108535369, 0.015246427278695395, -0.8623185199471899, -2.8912291664491203], [4.891261813501714, 9.606899926617547, 0.018612014283946047, -0.07114536511155212, -2.941151191031935], [-4.906161112072252, 9.801632570198468, 0.06556329562232839, -2.9187155064385877, -2.943194704237428]], "Final Predicted Pose 0": [0.27074626088142395, 0.5975175499916077, 0.42952004075050354, -0.7370907068252563, 0.0008908788440749049, 0.6757931709289551], "Predicted Translation Error 0": "0.20740026562610792cm", "Predicted Rotation Error 0": "tensor([0.9925], grad_fn=<DivBackward0>)"}