{"num_updates": "1602", "penalty": "tensor(427.9115, dtype=torch.float64, grad_fn=<AddBackward0>)", "Starting Pose": [0.1691049039363861, 0.22522155940532684, -0.2240484058856964, -0.3273702561855316, -0.3039345443248749, -0.7891036868095398, -0.42162537574768066], "Starting Soft Arm States": [-40.599998474121094, 86.0999984741211, 15.600000381469727, 18.059995651245117, 35.066654205322266, 13.678339004516602], "Number of Trajectories": 1, "Final Desired Pose": [0.14918473362922668, 0.08417315781116486, -0.2881869375705719, -0.621100902557373, 0.6745349764823914, 0.39904409646987915], "Predicted Trajectory 0": [[0.7618244845629994, 0.7684744031887002, 0.5726545391998317, -0.4301215708255768, -0.4664139747619629, 0.7729511260986328], [0.7572495937347412, 0.7519727945327759, 0.5362201929092407, -0.4503028988838196, -0.26231563091278076, 0.8534740209579468], [0.7295482754707336, 0.7122960686683655, 0.4857656955718994, -0.5066537261009216, -0.06617828458547592, 0.8596060276031494], [0.7187609076499939, 0.6524481177330017, 0.4592989385128021, -0.5332346558570862, 0.010817226022481918, 0.8458982110023499], [0.733025848865509, 0.608013927936554, 0.4939058721065521, -0.5304319858551025, 0.0029465057887136936, 0.8477224707603455], [0.7184166312217712, 0.5393394827842712, 0.48773065209388733, -0.522720992565155, -0.0931805819272995, 0.8473961353302002], [0.6974378824234009, 0.46632465720176697, 0.4929983913898468, -0.5239789485931396, -0.1637471467256546, 0.8358426690101624], [0.7012612819671631, 0.5408929586410522, 0.47947439551353455, -0.5827076435089111, 0.14831620454788208, 0.7990332245826721], [0.6605526804924011, 0.4223204553127289, 0.47261616587638855, -0.5447131991386414, -0.03216711804270744, 0.8380052447319031], [0.6667383313179016, 0.4859980344772339, 0.4927162230014801, -0.5250729918479919, 0.24775822460651398, 0.814195454120636], [0.6825152039527893, 0.43271276354789734, 0.5051582455635071, -0.5468493103981018, 0.19051408767700195, 0.8152669668197632], [0.6848843693733215, 0.4268282651901245, 0.48501914739608765, -0.6318109631538391, 0.2601369321346283, 0.7301669120788574], [0.7047052979469299, 0.44195443391799927, 0.49462461471557617, -0.6426490545272827, 0.38377875089645386, 0.6631109118461609], [0.7080970406532288, 0.39574500918388367, 0.48521849513053894, -0.7006800770759583, 0.26841849088668823, 0.6610590219497681], [0.6770334243774414, 0.3663756847381592, 0.4356626570224762, -0.7624189853668213, 0.2012154906988144, 0.615003764629364], [0.674121618270874, 0.3945787250995636, 0.43943727016448975, -0.7181692123413086, 0.31290945410728455, 0.6215469241142273], [0.6779246926307678, 0.35091498494148254, 0.49383026361465454, -0.632568359375, 0.17186565697193146, 0.7551950216293335], [0.6529073715209961, 0.4201946556568146, 0.47138622403144836, -0.6264991164207458, 0.37187981605529785, 0.6849848031997681], [0.6649063229560852, 0.408846914768219, 0.4666266143321991, -0.6240910291671753, 0.2781117856502533, 0.7301809191703796], [0.6812475323677063, 0.4118764102458954, 0.45314159989356995, -0.7049549221992493, 0.3725329041481018, 0.6035376191139221], [0.702897846698761, 0.4024181663990021, 0.4375095069408417, -0.7623493671417236, 0.41400256752967834, 0.4974185824394226]], "Control Inputs 0": [[2.479813975500784, -9.62171362137651, 0.002655821997715032, -2.983613161745534, -2.9425322120808466], [2.7999994046441152, -9.551402830127648, 0.004427980258969487, 0.4179738633791965, -2.975093113040182], [-3.441639807914525, -9.479612349327889, 0.0024442654163018005, 2.8275877490977877, -2.9897530009354756], [-0.45457425433977505, -9.4290795299266, 0.004516045049008447, 2.969806938611538, -2.983685186161559], [4.971924515244776, -9.372034422426077, 0.0016720380311471526, 2.8898567437502862, -2.9978318308498526], [-3.4791384193841797, -8.946126354967218, 0.00047542396457733315, -1.8021715023663403, 2.9764850472382216], [4.791748572863094, -9.290470927241893, 0.00368134504621303, 2.582967938127771, -2.9544763534385403], [2.2044263818080054, -9.269550749356139, 0.07009150452375683, 2.9639954949362153, 2.9399697977106687], [-4.947595968691472, -8.570066826397273, 0.009059259917930626, -2.196101641234887, -1.701350406868156], [-0.017357327730432637, -8.809715213644814, 0.025573064277487557, -2.1320354210426444, -1.3073133161640684], [-2.3964839073390514, -8.950282554394605, 0.0017775023505401672, -0.2267643634198615, 2.969956929608494], [-4.487544632605813, -7.5080151900796785, 0.015594386517626591, -2.865792215406592, -2.5571494267975785], [4.5731714187833905, -8.718884128385403, 0.006261815025475154, -0.9630391787255355, -2.292445524622007], [4.168695592364026, -9.104214599885871, 0.005532434356879574, 2.942093905046116, 2.9491388519135615], [-4.907572971753879, -8.842811024767585, 0.00023677686716480932, 2.886653168876874, -2.8788721104730626], [4.552806109765566, -9.333791158834043, 0.006378980694895815, 2.79071908888387, 2.972540275664488], [2.925377643303528, 5.7622221828024855, 0.09525714093300731, -2.822419927448646, -2.9486170157499263], [-4.831054372073106, -9.357858624734073, 0.006212365931391694, -2.957634086503849, 2.9845115914296443], [-4.895687962001322, -9.068934515298302, 0.0005085875315286317, -2.879848038803992, 2.9784842609057582], [-2.209454524703399, -9.048604737976575, 0.0022170439031609845, -2.9486328145882763, -2.9421759490038313]], "Final Predicted Pose 0": [0.702897846698761, 0.4024181663990021, 0.4375095069408417, -0.7623493671417236, 0.41400256752967834, 0.4974185824394226], "Predicted Translation Error 0": "3.976867682757578cm", "Predicted Rotation Error 0": "tensor([0.9512], grad_fn=<DivBackward0>)"}