{"num_updates": "1793", "penalty": "tensor(0., dtype=torch.float64, grad_fn=<AddBackward0>)", "Starting Pose": [0.17535604536533356, 0.23437198996543884, -0.223899707198143, -0.3832337558269501, -0.6459658741950989, -0.4792258143424988, -0.45409542322158813], "Starting Soft Arm States": [-41.70000076293945, -48.29999923706055, 10.0, 22.3919734954834, 35.18257141113281, 2.8583285808563232], "Number of Trajectories": 1, "Final Desired Pose": [-0.0866614282131195, 0.1431894451379776, -0.29078760743141174, -0.7856394648551941, -0.05227482318878174, 0.6164721846580505], "Predicted Trajectory 0": [[0.7694240509824162, 0.7973838493284645, 0.573036281200429, -0.29385849833488464, 0.05988335609436035, 0.953971266746521], [0.7695016264915466, 0.803731381893158, 0.4920378029346466, -0.31128591299057007, 0.3447490930557251, 0.8855783939361572], [0.7272068858146667, 0.773411214351654, 0.43227213621139526, -0.39858514070510864, 0.48332479596138, 0.7794402241706848], [0.6811953186988831, 0.7242298722267151, 0.3641398847103119, -0.5400746464729309, 0.5574275255203247, 0.6305505633354187], [0.6289510130882263, 0.6923114657402039, 0.32928168773651123, -0.5929285287857056, 0.5528565049171448, 0.5854789018630981], [0.5721877813339233, 0.6735224723815918, 0.3256777822971344, -0.5673981308937073, 0.5441461801528931, 0.6180326342582703], [0.5228191614151001, 0.6645573973655701, 0.3342239260673523, -0.5257765650749207, 0.5291468501091003, 0.6660048961639404], [0.4849312901496887, 0.6510480642318726, 0.35385599732398987, -0.4909946918487549, 0.478318989276886, 0.7281038761138916], [0.46028783917427063, 0.6241878867149353, 0.37651005387306213, -0.44584381580352783, 0.43329477310180664, 0.7832489013671875], [0.4512225091457367, 0.5509579181671143, 0.3991837203502655, -0.42482107877731323, 0.328634649515152, 0.8435202836990356], [0.4576738178730011, 0.5236548185348511, 0.38864192366600037, -0.492540180683136, 0.24345490336418152, 0.8355441093444824], [0.4576200842857361, 0.5263776779174805, 0.4064314365386963, -0.4411109685897827, 0.18192875385284424, 0.8788191080093384], [0.45911863446235657, 0.5201631784439087, 0.41386422514915466, -0.44329312443733215, 0.14765964448451996, 0.884131133556366], [0.4636836349964142, 0.5024403929710388, 0.4033121168613434, -0.4905015528202057, 0.11194426566362381, 0.8642203211784363], [0.47157520055770874, 0.5050637722015381, 0.4016879200935364, -0.5034455060958862, 0.14450134336948395, 0.8518579602241516], [0.47434794902801514, 0.505815327167511, 0.41430237889289856, -0.4756039083003998, 0.2950616478919983, 0.8286975622177124], [0.4495815932750702, 0.4896722137928009, 0.3893202245235443, -0.5558390021324158, 0.3404921591281891, 0.7583587765693665], [0.4443148672580719, 0.5078474283218384, 0.37991002202033997, -0.601112425327301, 0.2702513039112091, 0.7520825862884521], [0.45355868339538574, 0.5337092280387878, 0.37809479236602783, -0.6214867830276489, 0.2144325226545334, 0.7535070180892944], [0.4549277722835541, 0.5047875046730042, 0.3487623631954193, -0.7069600224494934, -0.004558446351438761, 0.7072387933731079], [0.4572726786136627, 0.5070323348045349, 0.3910500109195709, -0.6318356990814209, -0.019064072519540787, 0.7748678922653198]], "Control Inputs 0": [[4.95292548116794, -7.682905934038679, 0.6965910823427728, -2.9547313750614532, -2.9745739125066586], [4.990232360907553, -9.494245923529913, 0.697378506070123, -2.178453446362528, -2.975880058617363], [4.850092269950322, -9.794383247716384, 0.172111832576335, 1.0022012334448922, -2.988060345408228], [4.762549887840935, -3.4902445778242948, 0.5806277555365277, 2.8361347895435056, -2.9660899445660984], [4.757558302831734, 0.5182587423874452, 0.2842991702361913, 2.9369522281971303, -2.9673326567118723], [4.820619256480825, 1.5573327397926455, 0.002574406933968503, 2.023909060137693, -2.9746924386423736], [3.6169012151599826, 2.721996053744668, 0.07859868706671246, 1.4130391385281564, -2.9554517928231383], [-0.037863975535255, -7.2683420662108285, 0.6174538901094453, 2.9303143094316155, -2.90712427773881], [0.4563440896426929, -6.414342700938846, 0.29776366038076874, -2.9289446227087637, -2.884705441884852], [-2.2354838216095003, 2.5664080702756724, 0.45769774129445495, -0.8297591580985637, -2.907143359068937], [0.4078273146321205, 5.235595608826234, 0.3687707308425399, -0.38921018908573, -1.9235497351565713], [-2.370708364246739, -1.0197588674643114, 0.0009402958019275869, -1.000743437455966, 0.029106112855207478], [-2.0289911338182005, 2.1636624958179667, 0.0011622642141615894, -1.1088578282587147, -0.20662689754232222], [-2.9491445064338793, -1.6240632008580658, 0.29805406964121933, 2.933341498062836, 2.939414639433335], [-2.99403895320719, -5.9280925516031076, 0.34622689694816294, -0.8537859696491581, 2.936914638659956], [4.892815347426321, -0.17659056594695777, 0.0035894012491701505, -2.9390225930981666, -1.0443795175551107], [-2.2866380260947676, 9.028755613369249, 0.4347316269224826, -1.6300084226611409, -2.7781799761080332], [-0.9625923713765108, 1.9163201252483901, 0.007625293008031962, -2.940420428352003, -1.417399914821038], [-0.6586382408228344, 9.518652775174452, 0.385951899433941, 2.9374538377540356, -2.936072309926865], [-2.309479745716021, -0.8667941579804648, 0.1689193996892699, -2.943214354675232, 2.940194436498146]], "Final Predicted Pose 0": [0.4572726786136627, 0.5070323348045349, 0.3910500109195709, -0.6318356990814209, -0.019064072519540787, 0.7748678922653198], "Predicted Translation Error 0": "0.6641657138302784cm", "Predicted Rotation Error 0": "tensor([0.9751], grad_fn=<DivBackward0>)"}