{"num_updates": "57", "penalty": "tensor(0., dtype=torch.float64, grad_fn=<AddBackward0>)", "Starting Pose": [-0.2828800082206726, 0.1541762351989746, -0.17404966056346893, -0.7230448722839355, -0.35494464635849, -0.5906647443771362, -0.04832875356078148], "Starting Soft Arm States": [29.399999618530273, 4.199999809265137, 10.0, 34.175750732421875, 35.17926025390625, 29.63180923461914], "Number of Trajectories": 1, "Final Desired Pose": [-0.27445000410079956, 0.1273813396692276, -0.2526431977748871, -0.7648117542266846, -0.48429951071739197, 0.42487281560897827], "Predicted Trajectory 0": [[0.21234253801709613, 0.544017099225454, 0.7010122361015523, 0.05025900900363922, 0.4561895728111267, 0.8884621858596802], [0.22185161709785461, 0.524015486240387, 0.6673241257667542, -0.0744403526186943, 0.25293654203414917, 0.9646148085594177], [0.2401098906993866, 0.5086514949798584, 0.633611798286438, -0.1873183250427246, 0.12218106538057327, 0.9746710062026978], [0.2623286545276642, 0.4895983636379242, 0.5855564475059509, -0.3567262589931488, -0.02464989572763443, 0.9338836669921875], [0.27021175622940063, 0.4742930233478546, 0.549982488155365, -0.45501530170440674, -0.18544237315654755, 0.870960533618927], [0.26173001527786255, 0.47153231501579285, 0.528107762336731, -0.5239207148551941, -0.28996962308883667, 0.8008899092674255], [0.2521275579929352, 0.4816841185092926, 0.5451733469963074, -0.49739179015159607, -0.32913950085639954, 0.8026634454727173], [0.24550272524356842, 0.4886552691459656, 0.5309440493583679, -0.5803143382072449, -0.3733351528644562, 0.7237790822982788], [0.252360075712204, 0.4625861644744873, 0.5011338591575623, -0.6176707744598389, -0.4507163465023041, 0.6444668769836426], [0.2505909204483032, 0.43934816122055054, 0.5098811984062195, -0.5684388279914856, -0.4699556827545166, 0.6752917766571045], [0.24004289507865906, 0.428379625082016, 0.48930925130844116, -0.6085537672042847, -0.5405889749526978, 0.5808837413787842], [0.22624778747558594, 0.45354899764060974, 0.49358317255973816, -0.6767672896385193, -0.4693382978439331, 0.5671927332878113], [0.22295653820037842, 0.4657801389694214, 0.5058492422103882, -0.6956275105476379, -0.4273015558719635, 0.5775082111358643], [0.21659217774868011, 0.4459107518196106, 0.478996604681015, -0.7547140121459961, -0.47771188616752625, 0.44966450333595276], [0.2123347669839859, 0.4605655372142792, 0.5090970993041992, -0.7252922058105469, -0.4035390615463257, 0.5577701330184937], [0.2249654233455658, 0.44920408725738525, 0.49372604489326477, -0.6897246241569519, -0.39507153630256653, 0.6067936420440674], [0.22027677297592163, 0.4539465010166168, 0.5098474621772766, -0.6363621354103088, -0.3845166563987732, 0.6687227487564087], [0.21430689096450806, 0.45504188537597656, 0.5224987864494324, -0.6290779113769531, -0.390513151884079, 0.6721311807632446], [0.2230978161096573, 0.47657135128974915, 0.48339641094207764, -0.7390478849411011, -0.3335534930229187, 0.5852779746055603], [0.21381261944770813, 0.4362033009529114, 0.4958479106426239, -0.6658065915107727, -0.4677492082118988, 0.5813022255897522], [0.2179604321718216, 0.45562323927879333, 0.4925810396671295, -0.6907504200935364, -0.4793151617050171, 0.541406512260437]], "Control Inputs 0": [[-4.952780384980878, 6.630171214303598, 0.00363786875431062, -2.955517258730989, -2.345905040015132], [-2.6306098189041043, -9.854136922115439, 0.5408620004559109, -1.5875316280662735, -0.337441253362635], [-4.489968898440516, -3.7400415365035826, 0.005246677684339697, -2.9750542096940373, -2.260257925238484], [-0.6274554454869836, 0.35565747972980155, 0.47385374178984674, -2.9072236956669446, -2.247685530806914], [1.7084471090461468, 9.835232650758059, 0.1902926100722132, 1.6867769907169228, -1.286165792094507], [1.1949173756826443, 7.175038513227243, 0.006778793039154079, -1.8062065612698859, -1.16259049274168], [-0.5902037296199341, 9.973112789748356, 0.036855182435114826, -1.083625829980279, -2.12942778568171], [-3.007336130142691, -3.5869868214819567, 0.5653436097854853, 1.6229201621032674, 1.4433221033569055], [1.8727078269188038, -2.8503528892818863, 0.3236523000693744, -2.411775816910002, -2.1170929521334743], [-1.052688989877105, 9.846288430325544, 0.47036256103446394, -0.9602159255061813, -0.18047400634986888], [3.5262344705818744, 8.696555306507577, 0.40444856178673566, 0.7862000008252661, 1.2633596067065582], [-2.741731327428517, 2.7972251856840984, 0.002210834683682955, -1.7164618315816491, -1.5435404961235417], [2.1766649393034303, 4.340717635697995, 0.059373791518224944, 1.0077926415442553, 0.9292301572277917], [-0.7859779278807251, 1.4238539312059686, 0.34688253305343475, 1.5451767630672562, 2.2394315927308543], [-3.9057901225738094, -3.7340940182523212, 0.40344968433908895, 2.008922669616961, 1.9291532022830458], [4.198618265940684, 5.992868824145983, 0.003638971490791151, 0.15923027290249703, -1.9313917035289834], [-3.06591464641718, 6.950090235732418, 0.5317806086269862, -2.937303162656874, -0.16101538679476013], [-0.26399082739560065, 0.37115273774340807, 0.10631010150269571, 0.6144971174771059, -1.541173919343362], [1.7627319378451292, 9.313450878179506, 0.5164718441289079, 0.3609667601342563, -2.6778108382479884], [-3.7126965903364777, 3.726079951291629, 0.32922094361580173, -2.898635342647387, -2.8938164807957967]], "Final Predicted Pose 0": [0.2179604321718216, 0.45562323927879333, 0.4925810396671295, -0.6907504200935364, -0.4793151617050171, 0.541406512260437], "Predicted Translation Error 0": "0.47589657753529135cm", "Predicted Rotation Error 0": "tensor([0.9905], grad_fn=<DivBackward0>)"}