{"num_updates": "2704", "penalty": "tensor(0., dtype=torch.float64, grad_fn=<AddBackward0>)", "Starting Pose": [-0.36163002252578735, 0.10063739866018295, -0.19181297719478607, -0.27463382482528687, 0.5345258712768555, -0.7691920399665833, 0.21726012229919434], "Starting Soft Arm States": [35.900001525878906, -86.80000305175781, 10.0, 15.17201042175293, 30.708181381225586, 35.407779693603516], "Number of Trajectories": 1, "Final Desired Pose": [0.06812894344329834, 0.07370106875896454, -0.2856834828853607, -0.44556280970573425, 0.12279252707958221, 0.8867895603179932], "Predicted Trajectory 0": [[0.11660546806849606, 0.37486898087888954, 0.6554099235347552, -0.7547485828399658, 0.040631745010614395, 0.654754638671875], [0.13580256700515747, 0.36136797070503235, 0.6094517707824707, -0.7673198580741882, -0.1214224174618721, 0.6296641230583191], [0.16526049375534058, 0.368507981300354, 0.576113760471344, -0.7143346667289734, -0.23780009150505066, 0.6581619381904602], [0.20048664510250092, 0.33887526392936707, 0.5354552268981934, -0.6067364811897278, -0.4349835515022278, 0.6653271317481995], [0.2397351711988449, 0.32819363474845886, 0.5008883476257324, -0.48373082280158997, -0.5492807030677795, 0.6813920736312866], [0.28454649448394775, 0.28978070616722107, 0.4679718613624573, -0.29864296317100525, -0.6914731860160828, 0.6577821969985962], [0.33623194694519043, 0.27854636311531067, 0.4438084065914154, -0.11441981792449951, -0.7726578116416931, 0.6244260668754578], [0.378908634185791, 0.28129374980926514, 0.42250683903694153, -0.13069050014019012, -0.8481807112693787, 0.5133316516876221], [0.4314498007297516, 0.2589820623397827, 0.3930571973323822, -0.09133947640657425, -0.9353594183921814, 0.34170135855674744], [0.4805659353733063, 0.2566857635974884, 0.40966513752937317, -0.054135460406541824, -0.9117910265922546, 0.40707066655158997], [0.5149911046028137, 0.26226121187210083, 0.39403092861175537, -0.1546667367219925, -0.9205347895622253, 0.35873937606811523], [0.5243752598762512, 0.24287214875221252, 0.3910366892814636, -0.13399873673915863, -0.9236833453178406, 0.3589615523815155], [0.5242353081703186, 0.25596916675567627, 0.4150778651237488, -0.18753747642040253, -0.878602147102356, 0.43919023871421814], [0.5649369955062866, 0.22678862512111664, 0.39815402030944824, -0.14768357574939728, -0.9397559762001038, 0.3082989454269409], [0.5851415395736694, 0.25836896896362305, 0.4133215844631195, -0.3593238890171051, -0.8577486276626587, 0.36763232946395874], [0.626444399356842, 0.24700401723384857, 0.41707679629325867, -0.4035932719707489, -0.8482903838157654, 0.3428058624267578], [0.6281163096427917, 0.2555617392063141, 0.4376041889190674, -0.40547987818717957, -0.7456472516059875, 0.5287685990333557], [0.6181774139404297, 0.3075977563858032, 0.44368693232536316, -0.5869627594947815, -0.5531426072120667, 0.5911919474601746], [0.6212188601493835, 0.26812756061553955, 0.4376327693462372, -0.5764777064323425, -0.5668726563453674, 0.5884972214698792], [0.613571286201477, 0.35019636154174805, 0.4496070444583893, -0.6649389863014221, -0.18192307651042938, 0.7244033217430115], [0.6085948348045349, 0.3137494921684265, 0.46513843536376953, -0.6191753149032593, -0.060335513204336166, 0.7829314470291138]], "Control Inputs 0": [[-4.993671409214713, 9.812356938646722, 0.004028647933256198, 2.904907534927397, -2.8477650822315135], [-4.989756841743193, 4.927333198634301, 0.004121487111829908, 2.877184483482093, -2.9554382866619635], [-4.978062747211501, 5.915732290081474, 9.659634940776098e-05, 2.920911098037487, -2.947781819111531], [-4.983941221927253, 2.2937222860954414, 0.00471817857249491, 2.883672134049392, -2.869552574216177], [-4.935825293519379, 0.35556926238151654, 0.01022495785131499, 2.9623157111490057, -2.94187224062722], [-4.927287370371015, 9.459616295150614, 0.004141978025922248, 1.5454372279441655, -2.936665798538706], [-4.9805078672264065, 5.405585670465902, 0.003319021497230874, -1.6020864447439123, -2.859173985013271], [-4.952563037459336, -3.4236327310480705, 0.005427014447365551, 2.9137930366005262, 2.9391513684976918], [-4.990269270556616, -0.6135692400445123, 0.005960796375550887, -2.5146091302763125, 0.9868550140868924], [-4.882771220103848, -1.7649641879639546, 0.0029764456499544144, -2.890642304375899, 2.9150703051031224], [4.884023120689088, -9.628864591156063, 0.010796191675391685, 2.3832046154511675, 2.8964406670607206], [-4.929880724656989, -1.1897048204298368, 0.003664742608878218, -2.895723739777563, -2.9423831217231644], [-4.835238067259469, -2.0977855926426043, 0.012055889648524856, -1.7240161180202187, 2.8693080216661944], [-4.716458732309613, -4.2946586406022, 0.010048142530458534, -2.203430883157556, 2.944617459757959], [-4.854770187482494, -4.452860361045717, 0.00102568424367089, 2.9398627800840202, 2.8530828771419854], [4.903614346392462, -0.62227712680866, 0.0005460422030374266, 1.5898167935989536, 2.876749718059008], [-4.911277207160031, -2.9736527272154483, 0.012851019796052921, -1.4246103108874757, 1.6197347348369826], [4.903970973374005, -3.274196715495618, 0.00888569174293215, 2.9576448746544335, 2.943841597448979], [-4.979834516218269, -0.922162465292514, 0.004752210907703968, 2.950243092547983, 2.9233096838145283], [4.712235665134099, -5.348502487150315, 0.016666290786582168, 2.843768414012919, 2.941237146793524]], "Final Predicted Pose 0": [0.6085948348045349, 0.3137494921684265, 0.46513843536376953, -0.6191753149032593, -0.060335513204336166, 0.7829314470291138], "Predicted Translation Error 0": "3.2804650334878174cm", "Predicted Rotation Error 0": "tensor([0.9628], grad_fn=<DivBackward0>)"}