{"num_updates": "4689", "penalty": "tensor(113.5685, dtype=torch.float64, grad_fn=<AddBackward0>)", "Starting Pose": [-0.3408721089363098, 0.09913362562656403, -0.2641664743423462, -0.32711130380630493, 0.8136994242668152, 0.4374617338180542, 0.19879302382469177], "Starting Soft Arm States": [34.79999923706055, -39.79999923706055, 10.0, 12.532418251037598, 3.914828062057495, 35.39784622192383], "Number of Trajectories": 1, "Final Desired Pose": [-0.22368526458740234, 0.19082970917224884, -0.26782476902008057, -0.20359177887439728, 0.9456460475921631, 0.2535822093486786], "Predicted Trajectory 0": [[0.1418410422184011, 0.37011803006447186, 0.4696626973435145, -0.706959068775177, -0.7062692642211914, 0.03731818124651909], [0.15044036507606506, 0.39035558700561523, 0.4226172864437103, -0.6550752520561218, -0.7127453088760376, -0.2507399618625641], [0.15520568192005157, 0.37354734539985657, 0.3991101086139679, -0.5685180425643921, -0.7082897424697876, -0.4184648096561432], [0.15087834000587463, 0.38039401173591614, 0.39177247881889343, -0.49160802364349365, -0.6343040466308594, -0.5966406464576721], [0.14016704261302948, 0.4100631773471832, 0.40922796726226807, -0.5959416031837463, -0.564371645450592, -0.571260392665863], [0.15395621955394745, 0.42252424359321594, 0.35620084404945374, -0.41055023670196533, -0.415101021528244, -0.8118742108345032], [0.13740919530391693, 0.40877726674079895, 0.4219919741153717, -0.6207731366157532, -0.46786603331565857, -0.6290802955627441], [0.15058252215385437, 0.41962528228759766, 0.3622269332408905, -0.4701840281486511, -0.3285968601703644, -0.8191160559654236], [0.12944094836711884, 0.3912121057510376, 0.4324781000614166, -0.6922135949134827, -0.3891347646713257, -0.6077947020530701], [0.15728716552257538, 0.4515376091003418, 0.3596421182155609, -0.4877459406852722, -0.05365929380059242, -0.8713349103927612], [0.13228806853294373, 0.46967342495918274, 0.4131444990634918, -0.7440616488456726, -0.03722045198082924, -0.6670734286308289], [0.16417880356311798, 0.42372927069664, 0.364406943321228, -0.5399251580238342, -0.08501943200826645, -0.8374082446098328], [0.14681445062160492, 0.38633599877357483, 0.4319576919078827, -0.759526252746582, -0.12622298300266266, -0.638112485408783], [0.17961710691452026, 0.43609753251075745, 0.36356788873672485, -0.5119844079017639, 0.1595832258462906, -0.8440409898757935], [0.14158211648464203, 0.41063588857650757, 0.4469715356826782, -0.6645187735557556, 0.19950146973133087, -0.7201486229896545], [0.14717988669872284, 0.4610025882720947, 0.42326778173446655, -0.6289533376693726, 0.3521531820297241, -0.6931131482124329], [0.166763037443161, 0.48588329553604126, 0.38230404257774353, -0.44529062509536743, 0.47555485367774963, -0.7586592435836792], [0.14554168283939362, 0.5375030040740967, 0.425803542137146, -0.600532591342926, 0.6115984320640564, -0.515080451965332], [0.1727253496646881, 0.557097852230072, 0.39309075474739075, -0.33725932240486145, 0.6794930696487427, -0.6515714526176453], [0.1455507129430771, 0.627898633480072, 0.48289725184440613, -0.5617125034332275, 0.8078618049621582, -0.17843297123908997], [0.17713114619255066, 0.6777603030204773, 0.46925222873687744, -0.45024168491363525, 0.8689680099487305, -0.2053704708814621]], "Control Inputs 0": [[-0.4195595080509227, -9.774548575360326, 0.0016086024375273824, -2.944651255188337, -2.365469987403963], [-1.8283860712363786, -4.412762595934415, 0.004109812211803719, -0.4355219533225889, 1.3625848484479635], [4.497639851737958, -5.1845901835632615, 0.0010738820241051347, -1.3035207978408423, -0.8563632911275958], [-4.443945791379992, -0.9548118251053825, 0.0004919176630172634, -0.6675804162659542, -0.6413600052713249], [4.8946300897420905, 5.558854968226598, 0.0037615878197714905, 1.8608004443832602, 0.24776979475010874], [-4.615170351797519, 6.352004033266422, 0.0027760212537226454, -1.4594829085350802, -0.01336421077095995], [4.966266789201491, 7.583459801133387, 0.003642031853922789, -0.2791242437442345, -1.075727180707987], [-3.8183901228922537, -8.173475157061393, 0.001296640834222207, 1.7829132172146709, 2.3580297836617623], [4.6362097105172655, -5.6552547713160335, 0.004958053962259083, -0.9119878839606339, -2.2623697712917004], [-4.577809761827932, 7.692888653175476, 0.00012958178702825434, 2.9260051899570367, -0.009729927202848376], [4.759789905114223, 9.774200551260854, 0.0030278713101961965, 2.9060452798567527, 1.1150107269327973], [-4.803511740050882, -3.5461690120684377, 0.001404750153761003, 2.92479374205427, -0.9703347457581355], [4.440005234050483, -6.105657681963576, 0.015467553209401482, 2.9299121631106733, -0.07262360097302167], [4.760105979194854, -8.443724235026837, 0.0701983494679173, 2.958491385504388, 2.006514794393536], [-4.880432150770301, -8.988668053559172, 0.36002961273113515, 2.9604502388025713, 2.9534012655944295], [4.784514054613798, -8.318500901262766, 0.6991135216719229, 2.940196590152916, -0.49140771249618], [-4.999997815798691, -3.3541812393581356, 0.6969737805564582, 2.9053071767783685, 2.1802564420740964], [4.734768168885905, -7.488317090696093, 0.6953023390026066, 2.9207983968888236, -2.9680017412612143], [-4.9449059238778545, -5.686951920224274, 0.004247823094718964, -2.974334694478714, -2.157031439234534], [1.753159067765358, 9.83163481349963, 0.0030625139546981515, -2.6989157811112467, -1.7046615933267302]], "Final Predicted Pose 0": [0.17713114619255066, 0.6777603030204773, 0.46925222873687744, -0.45024168491363525, 0.8689680099487305, -0.2053704708814621], "Predicted Translation Error 0": "8.841038909484736cm", "Predicted Rotation Error 0": "tensor([0.8613], grad_fn=<DivBackward0>)"}