{"num_updates": "4772", "penalty": "tensor(0., dtype=torch.float64, grad_fn=<AddBackward0>)", "Starting Pose": [-0.033632323145866394, 0.06422430276870728, -0.3246546685695648, -0.595168948173523, 0.715156078338623, 0.20697219669818878, 0.30247023701667786], "Starting Soft Arm States": [-6.0, -26.100000381469727, 10.0, 29.737791061401367, 3.5968844890594482, 35.40115737915039], "Number of Trajectories": 1, "Final Desired Pose": [0.00859703030437231, 0.1758635938167572, -0.3343011438846588, -0.8837463855743408, -0.38836556673049927, 0.2610833942890167], "Predicted Trajectory 0": [[0.5153550932666706, 0.25982713366292576, 0.31437629464056294, -0.1085713803768158, -0.9764832258224487, 0.18625999987125397], [0.502142071723938, 0.2574281692504883, 0.32493487000465393, -0.16390998661518097, -0.9796223044395447, 0.11607567965984344], [0.48200201988220215, 0.2886320650577545, 0.3351534903049469, -0.3686313331127167, -0.9271950721740723, 0.06648551672697067], [0.503284215927124, 0.29378679394721985, 0.3198769688606262, -0.4087243378162384, -0.910971999168396, -0.055446501821279526], [0.5190215706825256, 0.34043189883232117, 0.31570640206336975, -0.5720959901809692, -0.8154451847076416, -0.08806484937667847], [0.5488458871841431, 0.366247296333313, 0.2981615364551544, -0.6355280876159668, -0.7429446578025818, -0.21008892357349396], [0.5603704452514648, 0.39924561977386475, 0.31138044595718384, -0.7181969285011292, -0.6716556549072266, -0.18185634911060333], [0.5789396166801453, 0.4412119686603546, 0.3059515058994293, -0.7878788113594055, -0.5689526200294495, -0.23566903173923492], [0.6037965416908264, 0.46159884333610535, 0.3223322629928589, -0.8311721682548523, -0.5062698125839233, -0.22987735271453857], [0.5952879190444946, 0.46417978405952454, 0.316264271736145, -0.8558598160743713, -0.4693414866924286, -0.2173072099685669], [0.5578354001045227, 0.5166260600090027, 0.29931163787841797, -0.9340370297431946, -0.3058943450450897, -0.1843998283147812], [0.5504665970802307, 0.535375714302063, 0.3117261826992035, -0.9677320122718811, -0.24783240258693695, -0.04553991183638573], [0.538756787776947, 0.5656446814537048, 0.3000386357307434, -0.9914924502372742, -0.12260277569293976, -0.04371816664934158], [0.5333552956581116, 0.5056540966033936, 0.2864128053188324, -0.9735453128814697, -0.20160037279129028, -0.1075492724776268], [0.5384290814399719, 0.5616574287414551, 0.3161761164665222, -0.9993607401847839, -0.014513085596263409, 0.03267086297273636], [0.5563808083534241, 0.5416483879089355, 0.3248624801635742, -0.9898615479469299, -0.051978740841150284, 0.13218289613723755], [0.5801247954368591, 0.5645902752876282, 0.35189980268478394, -0.9711731672286987, 0.01177060417830944, 0.23808448016643524], [0.5644647479057312, 0.5686763525009155, 0.32980474829673767, -0.9723623991012573, -0.0005665179924108088, 0.2334759682416916], [0.5723320841789246, 0.5644761919975281, 0.32482558488845825, -0.970184862613678, 0.019240371882915497, 0.24160106480121613], [0.5599936842918396, 0.5889081358909607, 0.31617236137390137, -0.9587964415550232, 0.06944481283426285, 0.27547550201416016], [0.5527578592300415, 0.5503618717193604, 0.30129432678222656, -0.9591132402420044, -0.06274393200874329, 0.2759800851345062]], "Control Inputs 0": [[4.9179563568926135, 1.3272237474231545, 0.008817895491047346, -2.9590753810200714, 2.885921633902507], [-4.9120587636882975, 5.425560939220787, 0.4354044836114196, -2.9531323520452832, 2.9603750837483567], [-2.502170730775191, 6.177837953099161, 0.009044430283779943, -2.9023881343684788, 2.9487253448461663], [-4.882506629198203, 9.553599958484881, 0.07900569577062662, -2.986717674489503, 2.9143463100301057], [-3.102277180295135, 9.30398777938646, 0.03271417020687895, 0.9452760621461231, 2.989451140818625], [-1.2402041127744052, 9.187162975604373, 0.010584284713094945, -1.2945859223311558, 2.9403875972389706], [-2.848641894286267, 9.118162703729652, 0.025245985518719555, -0.14589001913957622, 2.9972355186738655], [-3.2646235626983144, -0.5044121928052441, 0.05989379462836689, 1.5163202600696888, 2.9298843031040835], [4.41065089745277, -0.6592139689608079, 0.044007362098449895, -2.7675533745620995, 2.953077900206086], [4.503782423493606, 9.393829995856649, 0.17164022056021822, -0.18337173782407623, 2.8095397959940893], [-4.908120762053938, 9.388101828849774, 0.5971512399435317, 1.6349129954466655, 2.67241927854346], [4.891565363892356, 6.461958613019238, 0.6859965362181034, -2.0191516249629218, -2.7988798322754795], [-2.133770586096455, -0.05963284007928138, 0.08108147621096118, 1.380153301129833, 2.5548104998516656], [-0.39512727980128926, 3.653347131883395, 0.23215624603882706, 1.9406297091230895, 2.8685146318085106], [-3.9863357874521097, -2.628786674180092, 0.6156777457350082, 1.956827547546589, 2.745535626816711], [-2.130835271709922, 4.414393427031815, 0.18752214418124472, -0.45772282737413716, -2.8200317717670678], [4.85732142090391, 9.27143796212199, 0.5946572647344689, -2.9145056824899283, -0.21138222881736857], [-4.903752528804699, -0.87217958866799, 0.4524713359496064, 0.7121063300988024, 0.735650543759446], [4.8742784971466335, 9.113290483426407, 0.6841278939027657, -1.5919626615611915, -2.9696292322854996], [-4.911673455220312, 8.658811394831254, 0.682189784087303, -1.6189538711030367, -2.82507919159291]], "Final Predicted Pose 0": [0.5527578592300415, 0.5503618717193604, 0.30129432678222656, -0.9591132402420044, -0.06274393200874329, 0.2759800851345062], "Predicted Translation Error 0": "2.322454445757188cm", "Predicted Rotation Error 0": "tensor([0.9440], grad_fn=<DivBackward0>)"}