{"num_updates": "1437", "penalty": "tensor(0., dtype=torch.float64, grad_fn=<AddBackward0>)", "Starting Pose": [-0.26969295740127563, 0.19635967910289764, -0.26395025849342346, -0.5572501420974731, -0.6159751415252686, 0.5047194957733154, -0.23517033457756042], "Starting Soft Arm States": [28.600000381469727, 71.4000015258789, 10.0, 28.585247039794922, 34.963985443115234, 11.883283615112305], "Number of Trajectories": 1, "Final Desired Pose": [-0.3750501275062561, 0.13870669901371002, -0.1352561116218567, -0.8182772994041443, -0.5730754137039185, -0.0447981059551239], "Predicted Trajectory 0": [[0.22837414915840806, 0.6772895164651633, 0.4702177706403045, -0.26833435893058777, 0.9238946437835693, -0.27279186248779297], [0.21365757286548615, 0.6827428340911865, 0.5117595791816711, -0.28961867094039917, 0.9351378083229065, -0.20405493676662445], [0.18422378599643707, 0.6719158887863159, 0.5404797196388245, -0.3150786757469177, 0.926190197467804, -0.2071162611246109], [0.1688847839832306, 0.6547656059265137, 0.6085143685340881, -0.33474916219711304, 0.9421570897102356, -0.016826432198286057], [0.16130132973194122, 0.6494482755661011, 0.6457808613777161, -0.28611189126968384, 0.9463292360305786, 0.15033644437789917], [0.1464761644601822, 0.6602046489715576, 0.6936816573143005, -0.26684701442718506, 0.9116988182067871, 0.3124067187309265], [0.13882990181446075, 0.6660177111625671, 0.7377312779426575, -0.2413657307624817, 0.8719212412834167, 0.4260233938694], [0.12672695517539978, 0.6685385704040527, 0.7460216283798218, -0.33420562744140625, 0.7505642771720886, 0.5700525641441345], [0.12206314504146576, 0.6446096301078796, 0.7535157799720764, -0.3792703449726105, 0.578599750995636, 0.7220638990402222], [0.11953619122505188, 0.5658491849899292, 0.7756231427192688, -0.26381006836891174, 0.2590258717536926, 0.9291446805000305], [0.11760632693767548, 0.5554819703102112, 0.7904630303382874, -0.19417302310466766, 0.039455242455005646, 0.9801734685897827], [0.11443676054477692, 0.5363126397132874, 0.7984262704849243, -0.18935038149356842, -0.17704139649868011, 0.9658171534538269], [0.11180365085601807, 0.510388970375061, 0.7981104254722595, -0.2817334830760956, -0.3639238476753235, 0.8877982497215271], [0.11326547712087631, 0.4968900978565216, 0.781033456325531, -0.28425732254981995, -0.4598652124404907, 0.8412619829177856], [0.1179249957203865, 0.5035882592201233, 0.7902999520301819, -0.20442816615104675, -0.4100668132305145, 0.8888499736785889], [0.12602442502975464, 0.4956558346748352, 0.779158890247345, -0.14955897629261017, -0.37771162390708923, 0.9137647747993469], [0.12358736246824265, 0.48681640625, 0.7712831497192383, -0.21995356678962708, -0.40584954619407654, 0.8870775103569031], [0.10908447951078415, 0.47316595911979675, 0.7616114020347595, -0.4054912328720093, -0.5489121675491333, 0.7309392690658569], [0.10276506841182709, 0.4689037799835205, 0.7507171630859375, -0.6002563238143921, -0.6250530481338501, 0.49900010228157043], [0.08894842118024826, 0.4241988956928253, 0.7520732879638672, -0.6047918796539307, -0.7632923722267151, 0.22718171775341034], [0.07954538613557816, 0.48274463415145874, 0.7669833302497864, -0.7560921311378479, -0.6393216252326965, 0.13997335731983185]], "Control Inputs 0": [[3.0588760040041922, 1.3739801341404743, 0.002852884304872607, -2.9614076602943924, -2.985748656795157], [4.441347057977689, -3.779077117056482, 0.011922912102924064, 2.856973410821933, -2.9846190800578256], [1.134160184625017, -5.284948146374275, 0.0006743260162807518, 2.6398991917107537, -2.9893455434154426], [2.309324212774949, 0.7962852525178974, 0.006083111631675127, 0.8885215525867571, -2.9968020370611885], [3.2636920082526757, 5.712936104016782, 0.010717634517975513, 2.9180792580639485, -2.9434668060171245], [1.101771536853252, 6.707821554815549, 0.0020243115592050226, -2.9226370647756004, -2.9199681367879107], [-0.10384891261327045, 6.286383439532074, 0.015105226068443818, -2.886507435635636, -2.922975028009984], [-0.46634533019540214, -8.013613549721684, 0.38981557980491616, 2.863051759439803, -2.9744595251304515], [0.3464594445960678, -7.211249348165075, 0.03288479818665365, 0.9551075379051701, -2.9818492103669016], [-1.5115772674600838, 4.245361834960001, 0.09806438865316358, -1.021205672676003, -2.9210516031053406], [1.0524496674863562, 7.849665186593661, 0.09428074010882168, -1.155324154070882, -2.8520443415857852], [-2.8060571737663174, -0.20740583940393087, 0.012873966641762104, -2.925924047443559, -0.3923275201629308], [-0.09620707625629343, 1.9718791727729474, 0.006695150297506992, -0.0019012427011113608, 1.9178268287691997], [-1.8338574328453285, -1.6091818879034676, 0.013461615140817583, 0.1951465189648598, 2.8862342681385824], [-2.910440489802952, -5.617629476209364, 0.0003855968207375348, -1.3017295651399554, 1.533379364010644], [0.46444393523348904, 0.002506744776797021, 0.015429321528281961, -2.9325847076908578, -2.8865698901651564], [1.0157892486965618, 6.844547715520175, 0.010928250981435694, -2.9400358859952047, -2.4239510560746504], [0.9857520728114482, -3.7104803799438475, 0.006377677787416596, -1.9009409107017692, -2.9595169992245136], [3.50219375673589, 3.1112479502937695, 0.005717944217721413, -2.892232016689534, 0.6275495659771404], [0.47546001149274275, 2.2025901889381654, 0.007534303043757703, -2.9402736205709994, -2.944681868678383]], "Final Predicted Pose 0": [0.07954538613557816, 0.48274463415145874, 0.7669833302497864, -0.7560921311378479, -0.6393216252326965, 0.13997335731983185], "Predicted Translation Error 0": "2.1865409663726183cm", "Predicted Rotation Error 0": "tensor([0.9788], grad_fn=<DivBackward0>)"}