{"num_updates": "379", "penalty": "tensor(0., dtype=torch.float64, grad_fn=<AddBackward0>)", "Starting Pose": [-0.06852667033672333, 0.2065879851579666, -0.3281627893447876, -0.4131228029727936, -0.5712162256240845, -0.5311992764472961, -0.4699670374393463], "Starting Soft Arm States": [-2.9000000953674316, 86.0, 10.0, 16.811405181884766, 35.05340576171875, 10.57176685333252], "Number of Trajectories": 1, "Final Desired Pose": [0.008752481080591679, 0.0956374853849411, -0.31997963786125183, -0.5412841439247131, -0.6375139355659485, 0.5482586026191711], "Predicted Trajectory 0": [[0.47293373515899556, 0.7096043524783469, 0.3053701825819771, -0.2169211506843567, -0.0273274015635252, 0.9758065342903137], [0.43246784806251526, 0.7099116444587708, 0.3010883033275604, -0.38856759667396545, 0.03275695815682411, 0.9208377599716187], [0.4033369719982147, 0.6501023769378662, 0.3092823922634125, -0.48022565245628357, -0.08448409289121628, 0.8730669021606445], [0.4228667914867401, 0.6348890662193298, 0.3206366300582886, -0.5589199066162109, -0.16075585782527924, 0.8134900331497192], [0.45664337277412415, 0.5921309590339661, 0.3278156816959381, -0.5628622770309448, -0.26698341965675354, 0.7822442054748535], [0.48174142837524414, 0.5542515516281128, 0.3547305166721344, -0.5394828915596008, -0.33910438418388367, 0.7706921100616455], [0.5103098750114441, 0.5256257653236389, 0.3645278513431549, -0.6023817658424377, -0.3653669059276581, 0.7096781730651855], [0.5400307774543762, 0.49335211515426636, 0.38379672169685364, -0.6262626647949219, -0.39600294828414917, 0.6715478897094727], [0.5556942224502563, 0.4676170349121094, 0.3768315613269806, -0.6988050937652588, -0.44900134205818176, 0.5568385720252991], [0.5604414939880371, 0.44021719694137573, 0.36452150344848633, -0.722226619720459, -0.5127728581428528, 0.4641689360141754], [0.562932550907135, 0.40573349595069885, 0.3459239900112152, -0.7447687983512878, -0.5705690979957581, 0.34607863426208496], [0.5645595788955688, 0.38235947489738464, 0.327078640460968, -0.7589588165283203, -0.6050198078155518, 0.24069181084632874], [0.5533429980278015, 0.38256630301475525, 0.35349032282829285, -0.7433221936225891, -0.5381730198860168, 0.39729323983192444], [0.5565416812896729, 0.3347284495830536, 0.3274954855442047, -0.6870760917663574, -0.6695444583892822, 0.2821998596191406], [0.5573835372924805, 0.34755760431289673, 0.3187626898288727, -0.7626224160194397, -0.6144008040428162, 0.20228363573551178], [0.5590378046035767, 0.3399265706539154, 0.325510710477829, -0.7727192640304565, -0.5873551964759827, 0.24066320061683655], [0.5482441782951355, 0.35711735486984253, 0.311996191740036, -0.8277549743652344, -0.5034670829772949, 0.24767421185970306], [0.5454168915748596, 0.35733363032341003, 0.312235027551651, -0.8447021245956421, -0.4460766017436981, 0.2957937717437744], [0.5495495200157166, 0.33431506156921387, 0.3225126564502716, -0.8023433685302734, -0.508795976638794, 0.31204453110694885], [0.5639936923980713, 0.37593570351600647, 0.32993030548095703, -0.8285688161849976, -0.48067253828048706, 0.2871023416519165], [0.5567668676376343, 0.3519730567932129, 0.350462406873703, -0.6984201073646545, -0.6024489402770996, 0.3863479197025299]], "Control Inputs 0": [[1.2233896866855423, -9.856088414287687, 0.35355141306544097, 2.8377752173740385, -2.920605215116699], [-4.929304057187831, -9.607048083287312, 0.5399198840583063, 2.8629812764992106, -2.934887233011397], [-4.9219795388940835, -9.973042174938298, 0.0931859895694711, 2.8589887935851594, -2.9990370248332883], [-4.7994022551822715, -9.838361737938397, 0.6811180953368778, 2.9287704825856498, -2.920832894397319], [-3.0316089795280816, -9.842567540997221, 0.626819546961445, -0.8795122429652995, -2.9714107600579656], [-4.945818573808342, -9.846590520307435, 0.43287472971396507, -0.5834016027505964, -2.9731732931320027], [-1.3359190971497519, -9.759867874914391, 0.10928435126662434, -2.8448666644227227, -2.9641585048321044], [-0.8329835109661703, -9.516479824629316, 0.00586143253674102, -2.856347445463894, -2.8654644523333963], [1.0405617038575148, -9.86088963788, 0.3372410124825269, -2.32378309813401, -2.8724996839774906], [-1.5093912871911201, -9.815902115169543, 0.2737245824336096, -2.46851749106077, -1.8376934523369657], [1.6540048395730391, -9.88158380537821, 0.3115671076205713, 2.9379386315839966, 1.9279305663346396], [-1.005874542155512, -9.801067146125952, 0.6333085303906965, -1.662122704417906, -2.900174710871181], [2.2466646135716406, -1.8401605364293605, 0.06524583813322647, -2.066483513485889, -2.93191576018095], [-2.5028183844573886, -6.744958969941956, 0.07145453775443728, 0.4499344780142138, 2.856606272136661], [1.2242365266751563, -5.014387029342433, 0.20549922139922913, -0.08684713959022305, 1.2658996704484045], [0.1102209058034056, -9.522142685465777, 0.6080938759244233, 0.3407041669489934, 2.259542845196399], [-0.6689055793307075, -9.808666914214115, 0.007327869599046593, 0.3111063408402228, 0.996490158003295], [0.37167917439942233, 1.8486395372189577, 0.02466042297780374, -0.549397698401255, -2.895401416094369], [-2.501793529160099, 6.365136496897588, 0.07651926501630064, 2.939949720970132, -2.7117456033601526], [4.456290801963416, 5.387870673229234, 0.48620261397663955, 2.9338463276525593, -2.938439529458352]], "Final Predicted Pose 0": [0.5567668676376343, 0.3519730567932129, 0.350462406873703, -0.6984201073646545, -0.6024489402770996, 0.3863479197025299], "Predicted Translation Error 0": "1.2739663180044225cm", "Predicted Rotation Error 0": "tensor([0.9739], grad_fn=<DivBackward0>)"}