{"num_updates": "1100", "penalty": "tensor(0., dtype=torch.float64, grad_fn=<AddBackward0>)", "Starting Pose": [-0.19970695674419403, 0.0974322259426117, -0.24843467772006989, -0.5645666122436523, 0.4751583933830261, -0.6385074257850647, 0.21862617135047913], "Starting Soft Arm States": [12.600000381469727, -59.70000076293945, 10.0, 27.94273567199707, 26.462312698364258, 35.39122009277344], "Number of Trajectories": 1, "Final Desired Pose": [-0.2516893446445465, 0.09067089855670929, -0.2661706209182739, -0.925401508808136, -0.3755968511104584, 0.050587356090545654], "Predicted Trajectory 0": [[0.3134567323103278, 0.36474270677205295, 0.5100496544470952, -0.266934335231781, -0.25732824206352234, 0.9287239909172058], [0.31194648146629333, 0.3455349802970886, 0.4967852234840393, -0.3286117613315582, -0.4579055607318878, 0.8260367512702942], [0.2961420714855194, 0.350799560546875, 0.48887157440185547, -0.37926185131073, -0.5902549624443054, 0.7125725150108337], [0.2708577513694763, 0.34515127539634705, 0.48208463191986084, -0.4430254101753235, -0.6989284753799438, 0.5614513158798218], [0.2562420070171356, 0.34483250975608826, 0.4675002098083496, -0.5071784853935242, -0.7594993710517883, 0.40734589099884033], [0.2502267360687256, 0.34973692893981934, 0.45912033319473267, -0.5375860333442688, -0.7931788563728333, 0.2861268222332001], [0.25096455216407776, 0.3481035530567169, 0.4678952693939209, -0.50736403465271, -0.8328283429145813, 0.2213113009929657], [0.2478182464838028, 0.3535192906856537, 0.46229347586631775, -0.5458136796951294, -0.8239454627037048, 0.1523195207118988], [0.24508799612522125, 0.34803545475006104, 0.46231985092163086, -0.5675593614578247, -0.8144867420196533, 0.1203649714589119], [0.24263502657413483, 0.34171003103256226, 0.46281689405441284, -0.5684693455696106, -0.8164098262786865, 0.10157590359449387], [0.2421947568655014, 0.3395949602127075, 0.4623522162437439, -0.5647590756416321, -0.8218392133712769, 0.07501640170812607], [0.2428615838289261, 0.3456476032733917, 0.4623238444328308, -0.5995997190475464, -0.7992008328437805, 0.04193291813135147], [0.2436426281929016, 0.3484390676021576, 0.46274659037590027, -0.6324400901794434, -0.7745943069458008, 0.004815968219190836], [0.24372924864292145, 0.3454716205596924, 0.46204274892807007, -0.6452981233596802, -0.7633278369903564, -0.030348118394613266], [0.24431300163269043, 0.34324637055397034, 0.4589148461818695, -0.6588537096977234, -0.7492788434028625, -0.06702874600887299], [0.24336761236190796, 0.33516478538513184, 0.4568178355693817, -0.6707710027694702, -0.7376153469085693, -0.07739512622356415], [0.2391948699951172, 0.33788034319877625, 0.4662119150161743, -0.6728750467300415, -0.7372075319290161, -0.06135399639606476], [0.2324327528476715, 0.3312133848667145, 0.4598970115184784, -0.6868178248405457, -0.7140315175056458, -0.13579507172107697], [0.24328891932964325, 0.36129769682884216, 0.4556632936000824, -0.767697811126709, -0.6255713105201721, -0.13892598450183868], [0.23848196864128113, 0.3327063322067261, 0.42745378613471985, -0.7439120411872864, -0.6269281506538391, -0.23142145574092865], [0.23710109293460846, 0.35670045018196106, 0.45993489027023315, -0.8377768397331238, -0.5430059432983398, -0.05722480267286301]], "Control Inputs 0": [[-1.1536484185261564, 9.783718487864995, 0.0046454698042899655, -2.946211377860114, -2.1644568600464082], [3.984730935578108, 5.834742803724305, 0.20425612096528234, -2.9175829940625624, -1.8074385781900522], [1.7471095291353302, 5.9688045620854595, 0.0072675531463394765, -2.6854030475546344, -1.8426705607588851], [0.6367329347541579, 4.066045769055025, 0.28630873293460457, -0.9516179012074972, -0.9722524026684356], [0.19528777185864765, 9.801674294619954, 0.2901359867554239, 2.9386155540388206, -2.1427657136882017], [-0.5090317311507242, 9.79227557064863, 0.00815775962009542, 0.2898222816885099, -2.005410005150364], [-0.26317320934929, 9.793104098446712, 0.3556384892891141, 0.6059990930865209, -0.10480543236220097], [0.2259982451721223, 5.645662031065257, 0.39635171085158105, 0.6116981933946057, 0.6156476449966513], [0.1460696702087887, 4.892608942947243, 0.32719681447707943, 1.0148284132536203, -0.2388940415920322], [-0.5662992854483342, 9.796535038019197, 0.2647707775746799, 1.0628069022557005, -0.782335152616636], [-0.593590493212198, 9.796570801809043, 0.15501905531820076, 0.5305819888714765, -0.03902311125400715], [0.055605690135235974, 5.702844754648787, 0.005959352401397227, 0.25258081323044435, -0.1809322265517146], [-0.3648241245954944, 5.165419900391933, 0.00937945449236858, 0.22257905189361038, -0.5098141425714067], [-0.40448426532032844, 5.205068829940677, 0.05400363923212038, -0.1082891592407762, -0.7822764889842375], [0.09450546396798742, 2.2040755783430708, 0.3121863380744539, 0.10692441757319715, 2.9358493929448146], [1.1366374897777316, 2.1369147573927236, 0.0031236013759662782, 0.31809774765297183, -2.129328164818155], [-0.26547577920837284, 9.80041064071209, 0.036871297996496875, -0.7053848537951954, -0.8049303091271569], [-3.741565783038734, 6.335392945009641, 0.011756220928304622, -1.0611423086035139, -1.4207331895680309], [4.8019291400903406, 2.59999622957198, 0.003049850934864415, -2.812548838577525, 1.820268134975021], [-4.896976700019406, -9.67634284761904, 0.5325882623603897, -1.638887126487208, -2.254975962665883]], "Final Predicted Pose 0": [0.23710109293460846, 0.35670045018196106, 0.45993489027023315, -0.8377768397331238, -0.5430059432983398, -0.05722480267286301], "Predicted Translation Error 0": "1.1753419278987667cm", "Predicted Rotation Error 0": "tensor([0.9763], grad_fn=<DivBackward0>)"}