{"num_updates": "528", "penalty": "tensor(0., dtype=torch.float64, grad_fn=<AddBackward0>)", "Starting Pose": [-0.075471431016922, 0.17641973495483398, -0.34808576107025146, 0.10178422927856445, -0.2799791693687439, -0.9125969409942627, -0.2800328731536865], "Starting Soft Arm States": [-2.5, -1.899999976158142, 10.0, 8.839638710021973, 35.12627029418945, 19.47418212890625], "Number of Trajectories": 1, "Final Desired Pose": [-0.27683788537979126, 0.0913364589214325, -0.28704148530960083, -0.5156992077827454, -0.591512143611908, 0.6198126673698425], "Predicted Trajectory 0": [[0.46449092984799656, 0.6142921812478247, 0.25422356380909006, -0.8224431276321411, -0.5681092143058777, -0.028969211503863335], [0.40834760665893555, 0.6217359900474548, 0.2320849448442459, -0.8917842507362366, -0.4512454569339752, -0.033140525221824646], [0.3164339065551758, 0.5609521269798279, 0.23804230988025665, -0.8774978518486023, -0.46830207109451294, 0.10339576005935669], [0.25111445784568787, 0.5089679956436157, 0.280426949262619, -0.8127322793006897, -0.5029882192611694, 0.2940561771392822], [0.20975805819034576, 0.475740522146225, 0.3264997899532318, -0.7503163814544678, -0.5208553671836853, 0.4071057438850403], [0.1896422654390335, 0.44194647669792175, 0.37471723556518555, -0.6740015149116516, -0.5493541955947876, 0.49389463663101196], [0.19449566304683685, 0.4099245071411133, 0.4111515283584595, -0.5714482069015503, -0.5975245237350464, 0.5625045895576477], [0.20610655844211578, 0.4006284773349762, 0.409735769033432, -0.5618976950645447, -0.6200150847434998, 0.5475877523422241], [0.21793504059314728, 0.3684118390083313, 0.4061989188194275, -0.5031468272209167, -0.6758648157119751, 0.5385629534721375], [0.22506947815418243, 0.3393091559410095, 0.42369040846824646, -0.40826666355133057, -0.6978827118873596, 0.5884538888931274], [0.2251194417476654, 0.33786019682884216, 0.4138869643211365, -0.4392988681793213, -0.7111594080924988, 0.5488796830177307], [0.22531086206436157, 0.34472888708114624, 0.4120446741580963, -0.47742006182670593, -0.700157880783081, 0.5308945178985596], [0.22289113700389862, 0.3439289927482605, 0.41888317465782166, -0.493379682302475, -0.6917554140090942, 0.5273054242134094], [0.21944724023342133, 0.3476880192756653, 0.4006657898426056, -0.5601789355278015, -0.7004346251487732, 0.44225648045539856], [0.22130370140075684, 0.3527168333530426, 0.406187504529953, -0.5723718404769897, -0.6755791902542114, 0.46473997831344604], [0.22187933325767517, 0.3574451804161072, 0.4100060760974884, -0.5959604978561401, -0.6063460111618042, 0.52647465467453], [0.23266451060771942, 0.3231349587440491, 0.4292101263999939, -0.503932774066925, -0.6257214546203613, 0.5954195857048035], [0.23069730401039124, 0.3393270671367645, 0.42396342754364014, -0.5562909841537476, -0.5819053649902344, 0.5932340025901794], [0.23007279634475708, 0.3423151969909668, 0.39859557151794434, -0.6290798187255859, -0.6044814586639404, 0.4887336492538452], [0.2200816124677658, 0.341286301612854, 0.420606404542923, -0.6081712245941162, -0.611318051815033, 0.5063773393630981], [0.2268994301557541, 0.3456912040710449, 0.41652196645736694, -0.6239840388298035, -0.6091221570968628, 0.4895038902759552]], "Control Inputs 0": [[4.985324863531124, -8.22089615420667, 0.46196886401875087, 1.450983647485022, -2.945541618416733], [4.904864329926427, -9.688256399333596, 0.687132049801676, 2.88582740934953, -2.947474326885917], [4.8635063346590375, -9.763666399189379, 0.0070138316706269774, 1.250523366593832, -2.9459054156569033], [4.8112408017789505, -8.604214241957285, 0.31782716596066224, 0.8560922442858732, -2.9450178264032165], [0.6634978493554629, -6.311106051076874, 0.05161103349037306, 2.9400738711243726, -2.971791282804991], [-0.960121626251885, -4.156144886468479, 0.006929422205480842, -0.019531280166185994, -2.9539512926898337], [-1.7047465382035285, -2.3732383020305283, 0.007435242890149759, 0.019592118583832807, -2.9373335165428758], [-1.6169319149284669, -7.65827362378278, 0.3889465672928221, 1.8193661354135218, -0.4633994050765815], [0.35662092810523927, -6.393044171959687, 0.17154869441196377, -1.9056095110624396, -1.3223058089977544], [-0.7926581237565387, -0.1358979297978955, 0.28030652357662655, -0.98850516605548, -0.8823460935566003], [0.27278317276731734, -1.5382134154609304, 0.22352273567656308, 0.012825040724135928, 0.09650991107110274], [0.355721607890918, -0.8194905852785119, 0.0037269438690966236, -2.2136388344203493, -0.9637524358094547], [0.2796700095279201, -1.1750732579409924, 0.04011699400254703, -0.1422184661631456, 0.40215458996957], [-1.04926167338393, -2.737237386569916, 0.15477779995675559, 0.6748365969082157, 2.9349637151776253], [-1.076237701616448, -9.715578146585855, 0.3212067682012532, 2.951070283201024, 1.9264639755246735], [-0.42190441990948635, -2.458958145657892, 0.007395936228724075, -0.6994379898507654, -0.6505828940880964], [-0.40461993862852363, -1.689627764654988, 0.2881470093420958, -2.9230885905234345, -0.9634494596104202], [0.6708641645327198, 0.762732857011434, 0.0778995345047212, 0.028796761287460892, -0.9867555549586986], [2.054939443556963, -1.0276382264303798, 0.23061191078333917, 0.42235597026433824, -1.2914050983368424], [-4.89814178523531, -1.00186385915209, 0.17557994109340908, -2.9203350375978063, -1.4030632742434674]], "Final Predicted Pose 0": [0.2268994301557541, 0.3456912040710449, 0.41652196645736694, -0.6239840388298035, -0.6091221570968628, 0.4895038902759552], "Predicted Translation Error 0": "0.6318487261286165cm", "Predicted Rotation Error 0": "tensor([0.9855], grad_fn=<DivBackward0>)"}