{"num_updates": "2456", "penalty": "tensor(0., dtype=torch.float64, grad_fn=<AddBackward0>)", "Starting Pose": [-0.075471431016922, 0.17641973495483398, -0.34808576107025146, 0.10178422927856445, -0.2799791693687439, -0.9125969409942627, -0.2800328731536865], "Starting Soft Arm States": [-2.5, -1.899999976158142, 10.0, 8.839638710021973, 35.12627029418945, 19.47418212890625], "Number of Trajectories": 1, "Final Desired Pose": [-0.2612594664096832, 0.12590336799621582, -0.20852799713611603, -0.35603755712509155, -0.5594889521598816, 0.7484713792800903], "Predicted Trajectory 0": [[0.46449092984799656, 0.6142921812478247, 0.25422356380909006, -0.8224431276321411, -0.5681092143058777, -0.028969211503863335], [0.4204972982406616, 0.621061384677887, 0.23631739616394043, -0.872747004032135, -0.4847292900085449, -0.05788126215338707], [0.3467499017715454, 0.5672237277030945, 0.2578451633453369, -0.8418759703636169, -0.533019483089447, 0.08446986228227615], [0.28564539551734924, 0.5629379749298096, 0.2954164445400238, -0.8498134613037109, -0.4759521484375, 0.22646570205688477], [0.24223372340202332, 0.5154431462287903, 0.34884804487228394, -0.7698186635971069, -0.5348395705223083, 0.34831854701042175], [0.20515158772468567, 0.4953584372997284, 0.42579156160354614, -0.6916853189468384, -0.5243215560913086, 0.4966469407081604], [0.1792202889919281, 0.48197343945503235, 0.5236853957176208, -0.5679418444633484, -0.4975365698337555, 0.6556671857833862], [0.1797584742307663, 0.4427710771560669, 0.5697458386421204, -0.43272653222084045, -0.5698291063308716, 0.6986004114151001], [0.19950681924819946, 0.45857536792755127, 0.5887044072151184, -0.3143552839756012, -0.525524377822876, 0.790572464466095], [0.21927469968795776, 0.4484117329120636, 0.6025506854057312, -0.1819012314081192, -0.5406799912452698, 0.8213264346122742], [0.22879134118556976, 0.45932599902153015, 0.6057078838348389, -0.14325492084026337, -0.5173419117927551, 0.8437033295631409], [0.2318728268146515, 0.46096694469451904, 0.6092581748962402, -0.14022672176361084, -0.5154337286949158, 0.8453783988952637], [0.23492304980754852, 0.45875757932662964, 0.6110632419586182, -0.13005530834197998, -0.5589295029640198, 0.8189526200294495], [0.2300644963979721, 0.44724854826927185, 0.6066041588783264, -0.13292758166790009, -0.6472394466400146, 0.7506073117256165], [0.23235328495502472, 0.45607662200927734, 0.6015432476997375, -0.11470967531204224, -0.6440135836601257, 0.7563650608062744], [0.2475316822528839, 0.46209055185317993, 0.6164353489875793, 0.002667560474947095, -0.5690146088600159, 0.8223230838775635], [0.25323188304901123, 0.45052674412727356, 0.6222400069236755, 0.0942738726735115, -0.5834512114524841, 0.8066580295562744], [0.246848002076149, 0.4519600570201874, 0.6205511689186096, 0.060327328741550446, -0.616958737373352, 0.7846798896789551], [0.24292704463005066, 0.4523240327835083, 0.6039302945137024, -0.03799282759428024, -0.6494127511978149, 0.7594864368438721], [0.22475002706050873, 0.4498518109321594, 0.6046730279922485, -0.16392841935157776, -0.5629764795303345, 0.8100524544715881], [0.2298164963722229, 0.45550641417503357, 0.6051401495933533, -0.2077944278717041, -0.571779727935791, 0.7936557531356812]], "Control Inputs 0": [[4.985662406794589, -9.82351251925979, 0.04343761992383813, 2.90731218388029, -2.9586378328075287], [4.945384430697052, -4.064209296166015, 0.056566768459809465, 2.9641039027077856, -2.8243127861118666], [4.879861081049995, -4.982182928713136, 0.007000820882255555, 2.8940338418792892, -2.9357879958723214], [4.9409385207515815, -3.63387493815854, 0.0026472949744055507, 2.9504649170310646, -2.9383299990463745], [4.750383421201425, -4.467922281139034, 0.008240261419704315, 2.9533300306770656, 0.5032170049792648], [4.703763687040825, -4.513452565927826, 0.005498246587094048, 2.829894365940416, -2.93026647150362], [-2.182623413455019, -2.5321201305442687, 0.006480438981969268, 2.551304997637793, -0.3571425758115394], [-1.3534606122585475, -3.5887380550580446, 0.017694773949440846, 2.9131289942769776, -0.1293906810608303], [-1.771279237626938, -0.7823063769132688, 0.008436340831745989, 0.14431007194526568, -1.2376345136673477], [-0.47225174093986055, 0.935835560493965, 0.06347890489016124, -0.36044205809997143, -0.9260785795420277], [-0.40258722447035566, -2.8627778259372816, 0.01969890427471523, -0.6581441100900749, -0.6157286480790982], [0.37273474255549033, 2.481119776379108, 0.0072063915997586225, -1.3858915629283697, -2.9334218047429266], [0.21644744064137633, 0.3438566212072054, 0.007591295286405059, -1.727513968115139, -0.2865151394543233], [-1.130602443484873, -4.410550605532488, 0.1384183708674356, 2.883732241328678, 2.9394507676459707], [-0.647805845350061, -1.163563874305634, 0.027026576105747407, 2.9295497305278317, -0.7531616209132661], [-0.4404728775972355, -1.737572701321497, 0.008568649616816092, -1.6592926533514896, -1.0807355883240215], [0.2938366883682493, -0.18153669808255124, 0.19364826232629903, -2.893338332756897, -0.778510212243229], [-2.398650803889939, -2.2915591705925102, 0.38041326651632823, -2.1396946268838977, 2.9282824997755403], [4.902022645031703, -9.798558912331474, 0.1723097125477352, -1.2747387133795347, 0.9455297044077255], [-4.908492903874638, 9.813928161147256, 0.09497871711519258, -2.9386775855887564, -2.9954223098986046]], "Final Predicted Pose 0": [0.2298164963722229, 0.45550641417503357, 0.6051401495933533, -0.2077944278717041, -0.571779727935791, 0.7936557531356812], "Predicted Translation Error 0": "0.7797593601132348cm", "Predicted Rotation Error 0": "tensor([0.9879], grad_fn=<DivBackward0>)"}