{"num_updates": "684", "penalty": "tensor(102.8231, dtype=torch.float64, grad_fn=<AddBackward0>)", "Starting Pose": [-0.35900288820266724, 0.13707193732261658, -0.156756192445755, -0.36152493953704834, 0.20507016777992249, -0.9077116250991821, 0.05749344825744629], "Starting Soft Arm States": [41.20000076293945, -36.0, 10.0, 21.193063735961914, 35.149452209472656, 35.407779693603516], "Number of Trajectories": 1, "Final Desired Pose": [0.10802865028381348, 0.07023769617080688, -0.29750871658325195, -0.6294369697570801, 0.11074813455343246, 0.7691189646720886], "Predicted Trajectory 0": [[0.119799297868735, 0.4899785733914297, 0.745408344938433, -0.7319884300231934, -0.04390101879835129, 0.6799011826515198], [0.13651013374328613, 0.46904781460762024, 0.6874087452888489, -0.7423583269119263, -0.16671495139598846, 0.6489300727844238], [0.15765197575092316, 0.45282310247421265, 0.6589624881744385, -0.676950216293335, -0.22727766633033752, 0.7000594735145569], [0.18973995745182037, 0.3998512923717499, 0.6188552975654602, -0.5236987471580505, -0.45018142461776733, 0.7232401371002197], [0.22354689240455627, 0.3813375234603882, 0.5936115980148315, -0.3536103069782257, -0.5671479105949402, 0.7438434362411499], [0.2635650634765625, 0.35902345180511475, 0.5533493757247925, -0.19528035819530487, -0.6819344162940979, 0.7048624753952026], [0.3008456826210022, 0.35358965396881104, 0.5074822306632996, -0.2046440839767456, -0.7647112607955933, 0.6110134720802307], [0.3310834467411041, 0.34536752104759216, 0.44808268547058105, -0.3034480810165405, -0.8117234706878662, 0.4990234076976776], [0.36547350883483887, 0.35835525393486023, 0.4211970269680023, -0.3922538459300995, -0.749232828617096, 0.5336544513702393], [0.41375434398651123, 0.3034481406211853, 0.4188332259654999, -0.27025699615478516, -0.7783809304237366, 0.5666428804397583], [0.45838016271591187, 0.2736263871192932, 0.4050597846508026, -0.13555368781089783, -0.8439624905586243, 0.5189917087554932], [0.48648157715797424, 0.2980608642101288, 0.4046003818511963, -0.2442595511674881, -0.799238383769989, 0.5491405725479126], [0.5171200037002563, 0.30053162574768066, 0.4066999554634094, -0.36293864250183105, -0.7602314352989197, 0.5388169288635254], [0.5574416518211365, 0.2546970844268799, 0.3894677758216858, -0.30621862411499023, -0.8511567115783691, 0.426335871219635], [0.5802512168884277, 0.29256901144981384, 0.4175996482372284, -0.4429742693901062, -0.7295834422111511, 0.5210390090942383], [0.6213759779930115, 0.2694687843322754, 0.4748852252960205, -0.33981984853744507, -0.6499926447868347, 0.6797294616699219], [0.6184156537055969, 0.27919983863830566, 0.5094953775405884, -0.2936388850212097, -0.4852188527584076, 0.8236132264137268], [0.6090569496154785, 0.34498175978660583, 0.496385782957077, -0.4437482953071594, -0.29001501202583313, 0.847926139831543], [0.6266081929206848, 0.36259859800338745, 0.4908319115638733, -0.6135273575782776, -0.10559506714344025, 0.7825814485549927], [0.6319073438644409, 0.35670557618141174, 0.47151705622673035, -0.6953105330467224, -0.043540969491004944, 0.7173892855644226], [0.6407237648963928, 0.33543187379837036, 0.4458208680152893, -0.7550671696662903, -0.1350858062505722, 0.64158034324646]], "Control Inputs 0": [[-4.996958248274009, 9.867439135640012, 0.0037703937109975763, 2.9625049775224745, -2.945090736758079], [-4.977589253422744, -8.918151844042386, 0.49673011685810753, 2.9507493532634035, -2.977920711579537], [-4.982795043383213, -2.1182472489393858, 0.0011471837948118992, 2.953678867565783, -2.95624854734419], [-4.958257244340641, 1.6431992149583756, 0.4778235460975352, 1.989734136267523, -2.9571571014687925], [-4.949139080185089, 6.258261179450447, 0.237765746673926, 0.2623539706173261, -2.9848707325649384], [-4.9529777961670565, 8.25819376586934, 0.01486459244530452, -2.9440030279218106, -2.900188806686816], [-4.950246797768995, 5.3750195514115156, 0.09864443391970124, -2.945708443393872, 2.931329431609514], [-4.969127578953134, -7.791260531243295, 0.599333698137894, 2.8601576654984315, 2.9445466341529896], [-4.932616386825021, -9.618470702478348, 0.37956297929909344, 0.18221522494545495, -2.9773230422896253], [-4.8170893395507255, -0.2065421438791688, 0.495489064503286, -1.1407563678166115, 0.6000191525385459], [-4.848284323120582, 0.874025002504462, 0.4550876525382517, -0.5589211243539571, 2.946317631982293], [-4.927652034318788, -4.237716726536961, 0.04853133377495344, -2.86145350069982, -2.929475211108964], [-4.193220287830153, -4.00706531668815, 0.1067486412206934, -1.418730888741531, 2.9468820905915916], [-4.8630048118322, -6.647769380879646, 0.3356027999675439, 2.9263429356215998, 2.9615301134374734], [-4.888724604003981, -7.304896235811633, 0.42304110768061753, 2.916896790456552, 2.949163175858703], [4.860665842496692, -5.272572980993082, 0.0018283118237109504, -1.4293301634371807, 1.8008722926606806], [-4.90345801708912, -0.19229146575217548, 0.49923675671972023, -2.948196086456539, 2.9116091507916027], [-4.746856057464077, -9.340922905576553, 0.11767103674614854, -2.945041382289556, 2.9599630075012637], [2.326668330674898, -6.763394905575588, 0.5222796113625888, -2.9807839590124168, -2.941149285134579], [-4.800205914532449, -9.417768709832778, 0.33423957342327254, 2.9388452497132382, 2.5857165760887115]], "Final Predicted Pose 0": [0.6407237648963928, 0.33543187379837036, 0.4458208680152893, -0.7550671696662903, -0.1350858062505722, 0.64158034324646], "Predicted Translation Error 0": "4.883417201759946cm", "Predicted Rotation Error 0": "tensor([0.9538], grad_fn=<DivBackward0>)"}