{"num_updates": "491", "penalty": "tensor(0., dtype=torch.float64, grad_fn=<AddBackward0>)", "Starting Pose": [-0.35900288820266724, 0.13707193732261658, -0.156756192445755, -0.36152493953704834, 0.20507016777992249, -0.9077116250991821, 0.05749344825744629], "Starting Soft Arm States": [41.20000076293945, -36.0, 10.0, 21.193063735961914, 35.149452209472656, 35.407779693603516], "Number of Trajectories": 1, "Final Desired Pose": [-0.09131211042404175, 0.13086968660354614, -0.31610754132270813, -0.9591644406318665, -0.19364379346370697, 0.20616905391216278], "Predicted Trajectory 0": [[0.119799297868735, 0.4899785733914297, 0.745408344938433, -0.7319884300231934, -0.04390101879835129, 0.6799011826515198], [0.13235847651958466, 0.49525895714759827, 0.6763827800750732, -0.7749369740486145, -0.03660820052027702, 0.6309773921966553], [0.15324026346206665, 0.5294811725616455, 0.611238420009613, -0.8167337775230408, 0.014311734586954117, 0.5768370032310486], [0.1785845160484314, 0.5074089169502258, 0.532520592212677, -0.8803216814994812, -0.1256549060344696, 0.4574326276779175], [0.21048800647258759, 0.5213884115219116, 0.46577882766723633, -0.9102628827095032, -0.15299995243549347, 0.38472381234169006], [0.246590718626976, 0.5027464628219604, 0.40292930603027344, -0.9244607090950012, -0.2473759651184082, 0.2901337146759033], [0.28300124406814575, 0.5038814544677734, 0.3738001585006714, -0.9017689824104309, -0.3086816668510437, 0.3025367856025696], [0.31812480092048645, 0.49061673879623413, 0.33442461490631104, -0.9023478031158447, -0.36997658014297485, 0.22110100090503693], [0.35309043526649475, 0.49818894267082214, 0.31973254680633545, -0.9106100797653198, -0.33441025018692017, 0.2428152859210968], [0.38891488313674927, 0.46476542949676514, 0.3105875551700592, -0.8828862905502319, -0.3942032754421234, 0.2551775574684143], [0.4191206991672516, 0.454450398683548, 0.2996690571308136, -0.864233136177063, -0.4530050456523895, 0.2188321202993393], [0.42758867144584656, 0.49349361658096313, 0.30571049451828003, -0.9109241962432861, -0.36029598116874695, 0.20100761950016022], [0.43745696544647217, 0.4800477623939514, 0.3042249381542206, -0.9159955978393555, -0.37113815546035767, 0.15234345197677612], [0.4420965909957886, 0.4790003299713135, 0.28753462433815, -0.9342865943908691, -0.3543792963027954, 0.03903456777334213], [0.43829241394996643, 0.48184093832969666, 0.314500629901886, -0.9272369742393494, -0.34719741344451904, 0.1403053104877472], [0.4475329518318176, 0.4702894687652588, 0.3243955969810486, -0.9045718908309937, -0.3719995617866516, 0.2082449048757553], [0.44081252813339233, 0.46246621012687683, 0.34306326508522034, -0.8659035563468933, -0.3959026038646698, 0.30573219060897827], [0.44015631079673767, 0.460206538438797, 0.34593871235847473, -0.8604223132133484, -0.40112635493278503, 0.3142787218093872], [0.45111632347106934, 0.4773414731025696, 0.3325144350528717, -0.9123290777206421, -0.3284447491168976, 0.24449889361858368], [0.4442145526409149, 0.4637824296951294, 0.33703771233558655, -0.8917763233184814, -0.35842129588127136, 0.2761686146259308], [0.4475594758987427, 0.47277364134788513, 0.33506014943122864, -0.9048947691917419, -0.33164533972740173, 0.26678982377052307]], "Control Inputs 0": [[-4.920596640245551, 9.979627760131827, 0.010161927171297784, -2.9441122742435946, 1.123443266385027], [-4.953946434632729, 9.814381169151964, 0.27299057595364795, -2.782803226379169, -2.9406188364531705], [-4.910921679728652, 9.787465340914448, 0.0051647127217974275, -1.3779085648981018, -1.631728479478456], [-4.897288264080726, 9.801139029898604, 0.20606484651682386, -0.5713894492102845, -2.035887997838184], [-4.902172577721523, 9.804602156881952, 0.00917591813917517, 2.9297872973935837, -1.6680124726746328], [-4.907497028246888, 9.79817063534145, 0.006521108634828098, 0.2716065560318137, -2.637207131489146], [-4.937384730537444, 9.859959735057046, 0.0035044768253536572, 0.7351016578030656, 0.38249798065511564], [-4.900441065762127, 6.029177415723183, 0.3461546290133156, 2.887086084400308, 0.6799558634882907], [-4.803582036715513, -9.793289378675414, 0.10208533224268299, -0.6986530174057948, 1.2282333259875653], [-3.9362764367456675, 9.789133125647563, 0.25771715126986317, 0.1444617712691798, -0.13313084533132002], [1.274874576223092, 9.81177160461959, 0.1807642145248243, -0.06624322292615314, -0.5039719244241452], [-1.7813092223912435, -5.339624126321238, 0.002424656168924722, -2.8881025370319753, 0.7185529565558451], [0.13917985161723667, 4.862351584611854, 0.007417542941026062, 2.9340931968353434, -0.19323155787119672], [-0.7989372633696652, 3.7545598492717094, 0.12237077227431478, 2.9386753035366837, 0.5047297397439836], [-2.4876086611509787, -0.9423934451447931, 0.17936257604757166, 2.940820203175516, 0.9385998839780973], [3.071001917742791, 0.5242765960920686, 0.005517886856077774, -0.7652597540468187, -0.23833548511648006], [-2.9322525831973976, 2.146679464146798, 0.29073879077877146, -2.914506023500348, 0.9217247893315204], [1.0727768090680287, -0.27809773853833164, 0.009145986533821758, -0.14235102418085832, 0.3073842072397057], [0.3395022366250604, 3.391922172999097, 0.2779833539868544, -0.22005703505802687, 0.07739880199694094], [-1.0813977600742861, -5.841744457400796, 0.12669108024576606, -2.942961425569573, -1.9765011752029387]], "Final Predicted Pose 0": [0.4475594758987427, 0.47277364134788513, 0.33506014943122864, -0.9048947691917419, -0.33164533972740173, 0.26678982377052307], "Predicted Translation Error 0": "0.21151706009004803cm", "Predicted Rotation Error 0": "tensor([0.9872], grad_fn=<DivBackward0>)"}