{"num_updates": "73", "penalty": "tensor(695.3662, dtype=torch.float64, grad_fn=<AddBackward0>)", "Starting Pose": [-0.2828800082206726, 0.1541762351989746, -0.17404966056346893, -0.7230448722839355, -0.35494464635849, -0.5906647443771362, -0.04832875356078148], "Starting Soft Arm States": [29.399999618530273, 4.199999809265137, 10.0, 34.175750732421875, 35.17926025390625, 29.63180923461914], "Number of Trajectories": 1, "Final Desired Pose": [-0.10722073912620544, 0.19076471030712128, -0.33972713351249695, -0.7237952351570129, -0.40605342388153076, 0.5578898787498474], "Predicted Trajectory 0": [[0.21234253801709613, 0.544017099225454, 0.7010122361015523, 0.05025900900363922, 0.4561895728111267, 0.8884621858596802], [0.22714489698410034, 0.5515668392181396, 0.6460831761360168, 0.07578202337026596, 0.46091628074645996, 0.8842020630836487], [0.25568073987960815, 0.588542640209198, 0.5935050845146179, 0.010951554402709007, 0.5564616918563843, 0.8308010697364807], [0.28450286388397217, 0.611288845539093, 0.5248165726661682, -0.09930111467838287, 0.6116586327552795, 0.7848649621009827], [0.3193753957748413, 0.6348231434822083, 0.46935272216796875, -0.15919511020183563, 0.6636480689048767, 0.7309091687202454], [0.34525367617607117, 0.5769672989845276, 0.41769760847091675, -0.4413236379623413, 0.36682209372520447, 0.8189475536346436], [0.38417989015579224, 0.6110806465148926, 0.3630189001560211, -0.5976645350456238, 0.31788259744644165, 0.7360351085662842], [0.40069544315338135, 0.609704315662384, 0.3257843255996704, -0.7366258502006531, 0.24940389394760132, 0.628633439540863], [0.4307365119457245, 0.6508915424346924, 0.2910187542438507, -0.7475581169128418, 0.45996007323265076, 0.47915926575660706], [0.4250548481941223, 0.6156864166259766, 0.28748205304145813, -0.788619875907898, 0.43153053522109985, 0.4380183815956116], [0.42286327481269836, 0.6043105125427246, 0.28033187985420227, -0.7983473539352417, 0.40626412630081177, 0.4445120692253113], [0.41772758960723877, 0.5925948023796082, 0.26241084933280945, -0.8710092306137085, 0.31973060965538025, 0.37298154830932617], [0.4276385009288788, 0.6352309584617615, 0.29311811923980713, -0.7540048360824585, 0.43019506335258484, 0.49639585614204407], [0.42312708497047424, 0.5767780542373657, 0.26219940185546875, -0.8957012891769409, 0.21215496957302094, 0.390780508518219], [0.3867700695991516, 0.601939857006073, 0.261950820684433, -0.8890042304992676, 0.24311457574367523, 0.38802942633628845], [0.38097083568573, 0.6229347586631775, 0.2919822931289673, -0.7858557105064392, 0.3187946081161499, 0.5299063324928284], [0.41378602385520935, 0.6195757985115051, 0.28326040506362915, -0.7610411047935486, 0.22932589054107666, 0.6068162322044373], [0.4167158603668213, 0.6600598692893982, 0.3073165714740753, -0.6548076868057251, 0.2837711572647095, 0.7005004286766052], [0.3897819519042969, 0.6026924848556519, 0.3445928394794464, -0.6625683903694153, 0.1064632311463356, 0.7413963675498962], [0.4099004864692688, 0.5864834189414978, 0.31445446610450745, -0.7622796893119812, -0.08220378309488297, 0.6420063376426697], [0.4422157108783722, 0.6046472191810608, 0.2895413935184479, -0.8233742117881775, -0.12584665417671204, 0.5533692240715027]], "Control Inputs 0": [[-4.988592845594453, 9.769407011295264, 0.007338533194696054, -2.9823850923799564, 2.9845552314488675], [-4.987444337494983, -6.881959617733642, 0.023920914897538868, -2.993526036971366, 2.9821256985753823], [-4.98055521777006, 9.686102415608783, 0.007177924867325453, -2.98552003052083, 2.971508296521378], [-4.773636757132969, -9.458414517769512, 0.6976378179658967, -2.9991534312784327, -2.8906028695748764], [-4.833190145763459, 9.76346306942299, 0.06637801313883726, -2.949044906114748, -2.880836313756325], [-4.975047070151327, 9.750453394803625, 0.01993043126031557, -2.916692979227544, -2.9020804181962987], [0.10239538865994913, 9.74048006594212, 0.04379032318278388, -2.8733625349252394, 2.9283400902927124], [-3.3738870923581916, -9.599798912101475, 0.0643971183234855, 0.7264751898811479, 2.9841174004363316], [2.1863040060302765, -9.634249239510687, 0.03254409081972708, 1.0324455705874191, 2.955287444458076], [-4.8299784715572525, -9.520087496929953, 0.48408126377576866, -1.2575889974766175, -2.630013816558203], [4.763421178844334, 9.827054664146782, 0.03679029176487165, 2.8582642862009005, 2.8636895480437214], [-4.841211010106984, -9.629737190374339, 0.05587144559679472, -1.6442486600214412, -2.648027106398777], [4.745302977629935, -3.81010458899987, 0.028011942500797568, -2.894277576079769, -2.6694084801615126], [4.858260697652952, 9.808325167404838, 0.012727983532481536, 2.9120638789767597, 2.949673621001586], [-4.757899715659612, -9.50099898389349, 0.004242645751841017, 2.9417761951413146, 2.969221845678133], [-4.629495924954561, 9.492088624203749, 0.6603967592812212, 2.8308356888678166, -2.943795816438693], [4.747939512555343, 9.54425011169301, 0.16779187988391567, 2.795992787078432, -2.9438303517459135], [-0.36781490103768544, -9.5104070586057, 0.006196245798404452, -2.8755312605707983, -2.8612830476738687], [-4.484124882508672, 9.538217952472447, 0.007236131850780501, -2.9411870253666335, -2.9435906837561188], [-4.60263022446717, 9.457903209617026, 0.6846944594648567, -2.9448740020766535, -2.9444320172722174]], "Final Predicted Pose 0": [0.4422157108783722, 0.6046472191810608, 0.2895413935184479, -0.8233742117881775, -0.12584665417671204, 0.5533692240715027], "Predicted Translation Error 0": "2.2629602475285355cm", "Predicted Rotation Error 0": "tensor([0.9558], grad_fn=<DivBackward0>)"}