{"num_updates": "866", "penalty": "tensor(0., dtype=torch.float64, grad_fn=<AddBackward0>)", "Starting Pose": [-0.10644806921482086, 0.0708770826458931, -0.2976919412612915, -0.5462543368339539, 0.7617703676223755, -0.1666744351387024, 0.30582955479621887], "Starting Soft Arm States": [2.700000047683716, -15.0, 10.0, 31.132104873657227, 13.58891773223877, 35.40446853637695], "Number of Trajectories": 1, "Final Desired Pose": [-0.3061777949333191, 0.08939216285943985, -0.21599645912647247, -0.3769892454147339, -0.3576258718967438, 0.8543903231620789], "Predicted Trajectory 0": [[0.42683236427066806, 0.2808456180146454, 0.3835955031861926, -0.21614894270896912, -0.730292797088623, 0.6480370759963989], [0.39479488134384155, 0.27195748686790466, 0.41671228408813477, -0.3565211892127991, -0.7595234513282776, 0.5440742373466492], [0.346682608127594, 0.2983553409576416, 0.4354969263076782, -0.48700159788131714, -0.7271611094474792, 0.48380377888679504], [0.306726336479187, 0.3088969886302948, 0.4718504250049591, -0.5135831236839294, -0.7007452845573425, 0.4951649606227875], [0.2632741630077362, 0.3202096223831177, 0.5217235088348389, -0.5265803933143616, -0.6329877376556396, 0.5674852132797241], [0.2227947860956192, 0.32983261346817017, 0.5614683032035828, -0.5699893832206726, -0.5812291502952576, 0.5807620882987976], [0.1981034278869629, 0.33699533343315125, 0.5922559499740601, -0.6100631952285767, -0.5528962016105652, 0.5675638318061829], [0.1923261284828186, 0.3417648673057556, 0.5958408713340759, -0.6331703662872314, -0.5474227070808411, 0.547196090221405], [0.1905035823583603, 0.34266361594200134, 0.5936948657035828, -0.6384932994842529, -0.5262917280197144, 0.5615543127059937], [0.18982459604740143, 0.3416637182235718, 0.5947628021240234, -0.6254706382751465, -0.5437853932380676, 0.5595390200614929], [0.1888282746076584, 0.335790753364563, 0.595035970211029, -0.6032125353813171, -0.5806304812431335, 0.546811580657959], [0.19035644829273224, 0.33970576524734497, 0.592921793460846, -0.5934374332427979, -0.5771207213401794, 0.5610380172729492], [0.19293487071990967, 0.35437554121017456, 0.5953816175460815, -0.5784481763839722, -0.5634028315544128, 0.5898939967155457], [0.18785373866558075, 0.3334318995475769, 0.5934914946556091, -0.5461563467979431, -0.6161461472511292, 0.5675182938575745], [0.18791130185127258, 0.3342703878879547, 0.5928351283073425, -0.5098137259483337, -0.6379616856575012, 0.577143669128418], [0.19660672545433044, 0.35384824872016907, 0.5815168023109436, -0.521314799785614, -0.5849000215530396, 0.6213878989219666], [0.19323979318141937, 0.3402548134326935, 0.6098769307136536, -0.4125155806541443, -0.5872719883918762, 0.6963781714439392], [0.18949870765209198, 0.33928290009498596, 0.6098537445068359, -0.386345237493515, -0.5858123898506165, 0.7124333381652832], [0.18424242734909058, 0.3445642292499542, 0.571265459060669, -0.49202626943588257, -0.5505743622779846, 0.6743723154067993], [0.18011146783828735, 0.3356584310531616, 0.5894047617912292, -0.4552605152130127, -0.5411767959594727, 0.7070116400718689], [0.19069088995456696, 0.3407469391822815, 0.5973941683769226, -0.4230002760887146, -0.47690579295158386, 0.770474910736084]], "Control Inputs 0": [[4.9074114099233554, 9.968575556943325, 0.6850150883417878, -2.7636385525784664, 2.950811480847075], [4.90675779257926, 9.863092643047487, 0.6862413443698678, 0.7170079356120649, 2.9372827171827494], [4.953688829890972, 5.421803357034383, 0.008060347856701787, -0.18571860507694105, 2.863141901572976], [4.894753537543394, 1.6438966088603575, 0.2682175275523052, -1.6927136423152485, 2.219320697970387], [4.8234239666717755, 0.9449517505255134, 0.1713028831194033, -1.5344811401475955, 1.0903691396847606], [1.2242687304494089, -0.29059479883658135, 0.007366576727105898, -1.5748374536858405, 1.053878929512499], [-0.8108586235051396, -0.20193457562077555, 0.006877285660631978, -1.2148407362260427, 0.9707936984873089], [-0.2886517620790485, -7.140286836354179, 0.26550549461270545, -0.2290981716507381, 1.6764989532841863], [0.1415182034477116, -5.888199832220251, 0.11870363435367842, -0.32112527849010464, -0.08994904630978118], [-0.19976636331007747, -5.132687983550379, 0.17292079248265002, -0.1976865726113486, 0.3198241166538991], [-0.9359446427315161, -8.591348367576256, 0.13270086540663076, 0.20787852873091506, 2.935883732632072], [-0.24617707112112885, -4.812809792448298, 0.0067642488037845585, -0.5679856956299618, -0.8943857309911962], [1.192943403594179, -9.388362715965446, 0.15358816901711386, -0.334591813520301, -0.7137221323926703], [-1.1166370382336241, -9.431814752024753, 0.015150266828950975, -0.4120251949521334, 2.9433182749233744], [-3.3633033815865927, -9.697352062439931, 0.2384947583486741, 2.9373611723651347, 2.9410293201446], [4.928886556420526, -9.781331811421586, 0.010941976246389706, -1.2417936631554851, -2.443736305076918], [-4.896214450846537, -5.179704253807239, 0.14090497926127754, -2.938996581270551, 1.1125883481608234], [1.6585109825036861, -9.81597511428017, 0.27061018554096894, -0.5325717746873524, -0.18621946527418043], [-0.5136222598972378, -6.955130245535898, 0.33661985934211863, 2.940433083674396, 0.4378889693170853], [-4.904495778123487, -9.419583014342416, 0.1910588842477805, -2.936891043178729, -0.46922820928350806]], "Final Predicted Pose 0": [0.19069088995456696, 0.3407469391822815, 0.5973941683769226, -0.4230002760887146, -0.47690579295158386, 0.770474910736084], "Predicted Translation Error 0": "0.5729436181560841cm", "Predicted Rotation Error 0": "tensor([0.9883], grad_fn=<DivBackward0>)"}