{"num_updates": "916", "penalty": "tensor(265.2593, dtype=torch.float64, grad_fn=<AddBackward0>)", "Starting Pose": [-0.033632323145866394, 0.06422430276870728, -0.3246546685695648, -0.595168948173523, 0.715156078338623, 0.20697219669818878, 0.30247023701667786], "Starting Soft Arm States": [-6.0, -26.100000381469727, 10.0, 29.737791061401367, 3.5968844890594482, 35.40115737915039], "Number of Trajectories": 1, "Final Desired Pose": [-0.325888067483902, 0.07222741842269897, -0.23017922043800354, -0.43015190958976746, -0.4572282135486603, 0.7784032821655273], "Predicted Trajectory 0": [[0.5153550932666706, 0.25982713366292576, 0.31437629464056294, -0.1085713803768158, -0.9764832258224487, 0.18625999987125397], [0.49401476979255676, 0.26207008957862854, 0.3353908956050873, -0.2578291893005371, -0.9620612263679504, 0.08923188596963882], [0.44745221734046936, 0.27431583404541016, 0.36305317282676697, -0.35852697491645813, -0.9306144118309021, 0.07358761876821518], [0.40211567282676697, 0.2821347117424011, 0.38141945004463196, -0.4243733882904053, -0.9041856527328491, 0.048534221947193146], [0.34871339797973633, 0.3020049035549164, 0.42114174365997314, -0.5292279124259949, -0.8352347612380981, 0.14933368563652039], [0.3015119731426239, 0.31503838300704956, 0.4483143985271454, -0.6032445430755615, -0.7832316756248474, 0.1504800021648407], [0.2575048506259918, 0.3092281222343445, 0.49295225739479065, -0.6051835417747498, -0.7858361005783081, 0.1273365169763565], [0.21184132993221283, 0.3198138475418091, 0.5312222838401794, -0.6988499164581299, -0.7087640166282654, 0.09624142944812775], [0.18064476549625397, 0.3080545663833618, 0.5737947225570679, -0.7446199059486389, -0.6550819277763367, 0.1280973255634308], [0.17705586552619934, 0.26086926460266113, 0.5811574459075928, -0.627890944480896, -0.7762596011161804, 0.05633813515305519], [0.17263352870941162, 0.2744222581386566, 0.571692705154419, -0.6488010287284851, -0.7583974599838257, 0.06237516924738884], [0.16542795300483704, 0.27344733476638794, 0.5581912398338318, -0.6607236266136169, -0.7501896619796753, 0.025688303634524345], [0.16730676591396332, 0.30749091506004333, 0.5526898503303528, -0.7436177730560303, -0.6639053821563721, 0.0791344940662384], [0.1745828241109848, 0.30915987491607666, 0.518565833568573, -0.747624397277832, -0.6579145193099976, 0.09058766812086105], [0.17114126682281494, 0.2895863950252533, 0.526721179485321, -0.7031065821647644, -0.6835460066795349, 0.19597455859184265], [0.16694189608097076, 0.2731350362300873, 0.5549514889717102, -0.6200512647628784, -0.7104440331459045, 0.3328750729560852], [0.16157710552215576, 0.2656511664390564, 0.5859583616256714, -0.5081365704536438, -0.7705167531967163, 0.3848392069339752], [0.15935420989990234, 0.2638337314128876, 0.5943222641944885, -0.46897998452186584, -0.8056319952011108, 0.36195987462997437], [0.17189288139343262, 0.35618165135383606, 0.5560724139213562, -0.613995373249054, -0.6121615171432495, 0.49826493859291077], [0.16560402512550354, 0.31676629185676575, 0.5119652152061462, -0.618643581867218, -0.650046706199646, 0.44127026200294495], [0.17025460302829742, 0.3098668158054352, 0.5649584531784058, -0.4816223084926605, -0.6403886675834656, 0.5982827544212341]], "Control Inputs 0": [[4.97957887529174, 9.931558842327188, 0.017873154065445276, -0.32644101600202413, 2.939263330186355], [4.9625925771057116, 9.424448568469476, 0.690664610114895, 1.012731098544223, 2.9351379175494428], [4.8494303034795685, 9.733476323764094, 0.014423173922209882, -1.0606178010354523, 2.93510322015711], [4.901818687794767, 9.733320155215104, 0.38828971905908843, -1.208145214651211, 2.0813370381723306], [4.996399383676984, 9.788401160082064, 0.2424435175984125, 1.8907836010860297, -0.5220825324018494], [4.827645046563667, 9.774558189159304, 0.008812057551219409, -2.393196674771547, -2.0372763406628622], [4.825125399411471, 9.76684513181602, 0.006233982439990516, -2.838843324698843, -0.290866442846478], [3.96202906382838, -9.444826252087557, 0.3471965161225921, 1.0654458980415278, 2.028778716004049], [-2.7244745771753833, -1.4850839213931923, 0.12268577938303472, -2.924737985250915, 0.9183265911133063], [0.5281161642271934, -2.711262146005329, 0.2375415865035465, -2.0846049637372754, 0.3325047615839729], [-1.3808788460208534, 9.751657442395079, 0.2541996380685846, -0.9643558143670541, -0.5303424791551019], [-1.875720550275537, 2.7589245510125195, 0.0017094556399995838, -2.91492130151763, 2.6239309247253724], [-1.9745798753869659, -2.310309529545198, 0.22405768140481255, 1.4978734076128788, 2.873054266922969], [2.095376053061006, -9.465445865122822, 0.5990948670333726, 2.6074655900327777, 2.943558295029103], [-0.3609364134037403, -9.689700865276892, 0.6826962865942316, 2.9530255586849643, 2.938400187838929], [4.901255121745342, -9.61615082464372, 0.0010669054280416006, -0.18771860323892176, -2.8546506478363196], [-4.726890705158777, 9.796391982859816, 0.2497063196579681, -2.9376145387123977, 2.9496847098589294], [-4.873839098903982, -4.760665590790796, 0.38804144171207106, -2.8838853562027786, 2.9055535615667445], [4.919249278792249, -9.946609788852431, 0.6910262423718637, 2.9441973020397265, -1.2910917486906155], [-4.9055142504389, -9.494251064574703, 0.6365748404176359, 2.943629860700746, 2.8597075751421253]], "Final Predicted Pose 0": [0.17025460302829742, 0.3098668158054352, 0.5649584531784058, -0.4816223084926605, -0.6403886675834656, 0.5982827544212341], "Predicted Translation Error 0": "1.1898245152156113cm", "Predicted Rotation Error 0": "tensor([0.9657], grad_fn=<DivBackward0>)"}