{"num_updates": "487", "penalty": "tensor(0., dtype=torch.float64, grad_fn=<AddBackward0>)", "Starting Pose": [-0.1065516471862793, 0.054163575172424316, -0.29338595271110535, -0.6062766313552856, 0.7370169162750244, -0.11853702366352081, 0.2741966247558594], "Starting Soft Arm States": [2.700000047683716, -15.0, 10.0, 31.132104873657227, 13.58891773223877, 35.40446853637695], "Number of Trajectories": 1, "Final Desired Pose": [-0.18659545481204987, 0.08817330002784729, -0.24366188049316406, -0.24503971636295319, -0.3354467451572418, 0.9096323251724243], "Predicted Trajectory 0": [[0.42670644363959076, 0.2280417372642646, 0.39464991604445615, -0.11448980867862701, -0.8286672830581665, 0.5479074716567993], [0.400577187538147, 0.24660898745059967, 0.42399606108665466, -0.28398463129997253, -0.8312732577323914, 0.4778467118740082], [0.35717836022377014, 0.2755250930786133, 0.4499962031841278, -0.3792662024497986, -0.8065812587738037, 0.45341360569000244], [0.32724544405937195, 0.3048286736011505, 0.48118114471435547, -0.44550228118896484, -0.7605048418045044, 0.4723982810974121], [0.3194292187690735, 0.32016924023628235, 0.4981171786785126, -0.46747177839279175, -0.7265921831130981, 0.5035215020179749], [0.3187432587146759, 0.32802581787109375, 0.5028194785118103, -0.46602413058280945, -0.7046700119972229, 0.5350342988967896], [0.3230327069759369, 0.3294767737388611, 0.5172261595726013, -0.392264723777771, -0.7019538879394531, 0.594465434551239], [0.3240973949432373, 0.3353946805000305, 0.5194572806358337, -0.3939959704875946, -0.6793816089630127, 0.6190378069877625], [0.32799509167671204, 0.3352743983268738, 0.5221750140190125, -0.3930729031562805, -0.6605365872383118, 0.6396758556365967], [0.33218705654144287, 0.33220377564430237, 0.5232216119766235, -0.37145230174064636, -0.6585268378257751, 0.654496431350708], [0.33137497305870056, 0.32556620240211487, 0.5235379934310913, -0.35386741161346436, -0.6776376962661743, 0.6446588635444641], [0.32980599999427795, 0.32997363805770874, 0.519479513168335, -0.3701326549053192, -0.661458432674408, 0.6522840857505798], [0.32625579833984375, 0.3414019048213959, 0.5265731811523438, -0.4004618227481842, -0.5921431183815002, 0.6992831230163574], [0.3203110992908478, 0.31994736194610596, 0.509641170501709, -0.4127137064933777, -0.6412281394004822, 0.6469109654426575], [0.32117071747779846, 0.3294222950935364, 0.5141231417655945, -0.4104495048522949, -0.5822215676307678, 0.701818585395813], [0.3374411165714264, 0.34428656101226807, 0.5074623227119446, -0.4004119336605072, -0.46951431035995483, 0.7869095206260681], [0.33636781573295593, 0.343973308801651, 0.5321216583251953, -0.27501145005226135, -0.36884573101997375, 0.8878746628761292], [0.3289591073989868, 0.33485841751098633, 0.5414955615997314, -0.23435580730438232, -0.3698562681674957, 0.899046003818512], [0.3273650109767914, 0.3389503061771393, 0.5135558843612671, -0.3134506940841675, -0.3365691602230072, 0.887958288192749], [0.32480311393737793, 0.3301467001438141, 0.5217342376708984, -0.2546011507511139, -0.33102303743362427, 0.9086264371871948], [0.32971063256263733, 0.3343591094017029, 0.5207962989807129, -0.244633287191391, -0.30378809571266174, 0.9207971692085266]], "Control Inputs 0": [[4.909581586488288, 9.972666934501618, 0.2505107131837845, -0.27806896743318577, 2.9006265318554094], [4.888404026719863, 9.817536727542642, 0.32376452644593023, 1.385348645192467, 2.934849249553433], [1.4159056382679864, 9.647050741350451, 0.0070298133492856015, -0.184308230702249, 2.1637036397006373], [-0.5010648752202691, 3.611449852079714, 0.25902453630982214, -0.3991781584581573, 1.911235039636015], [0.49177480134897866, 1.7420968230173752, 0.05928277216506018, 2.8689011279461045, 1.753356181238078], [-0.8088795823040602, 1.7065595371745044, 0.007183425814542224, -0.48616501948233504, 1.124799684031708], [-0.25518488423599983, 1.265369080759509, 0.006626604955457444, -0.6199003169717616, 0.7359771284934702], [-0.8812918559933847, -1.4481512516831927, 0.3156562438854542, 0.0711251660365888, 0.8297276940527949], [0.26638416355002636, -4.121938609671013, 0.13694713949745838, -0.8617884667670515, -0.00194984180851554], [-0.08902265276694621, -1.3306224973043221, 0.23628747241960998, -1.1191268706997117, 0.009833321086873958], [0.08929024163758559, -3.432639841520591, 0.15774539346352723, -0.3743123494675191, 2.9381083004972384], [0.499099370892945, -6.401760403608133, 0.004539099653982828, -2.414170582151048, -0.5770787935128929], [0.3912590691451898, -7.173781115702143, 0.00868286202928386, -0.4676609219976329, 0.5750166408692268], [-0.8909189953964338, -9.674247462073588, 0.07507822191465394, 0.5066414026441444, 2.9391231097967196], [-3.1667653873281276, -9.734367994723163, 0.09861669080706104, 2.9315862223950937, 2.9377387911541417], [4.900154826125034, -9.68201584152929, 0.005051300340237953, -0.9065054203049785, -2.1844959455129493], [-2.5800694243197593, -9.69938344570314, 0.3118848524677138, -2.959697459495781, -0.4979644465319555], [0.29508011187412553, -8.622847772529811, 0.011457552736534595, -0.45951119782362904, -0.6665290286533359], [0.6416010719620555, -5.590971147258734, 0.34607832761651763, 0.4139910405636025, -1.3282911091752567], [-3.0842332266713752, -8.290474458334764, 0.17842829668743598, -2.958953989696032, -1.4620456218644762]], "Final Predicted Pose 0": [0.32971063256263733, 0.3343591094017029, 0.5207962989807129, -0.244633287191391, -0.30378809571266174, 0.9207971692085266], "Predicted Translation Error 0": "0.07343126701526717cm", "Predicted Rotation Error 0": "tensor([0.9994], grad_fn=<DivBackward0>)"}