{"run": 3, "convergence": 0.0, "start_pos_var": 0.9351371227001237, "start_ori_var": 25.1405257850854, "avg_time": 12.75, "avg_pos_error": 3.198, "avg_ori_error": 9.3738, "best_pos": [[2.6978046312031947, 23, 15.084315783902552], [2.191054846401883, 50, 5.664247265297282], [4.0565168534246965, 50, 15.364662413004588], [2.4085851822789364, 45, 10.340227931032135], [3.3032585459416315, 50, 11.33788199701338]], "best_ori": [[2.237517034528452, 50, 3.1738878806501605], [5.664247265297282, 50, 2.191054846401883], [11.851363282967398, 4, 15.312302998181556], [4.850388955577862, 3, 16.976915633435922], [11.33788199701338, 50, 3.3032585459416315]], "avg_best_pos": [2.9314, 43.6, 11.5583], "avg_best_ori": [7.1883, 31.4, 8.1915]}