{"run": 8, "convergence": 0.0, "start_pos_var": 6.779355852055945, "start_ori_var": 63.33633617559906, "avg_time": 12.75, "avg_pos_error": 2.3257, "avg_ori_error": 10.4994, "best_pos": [[2.284851050908549, 48, 7.905689522179652], [1.710401084413128, 47, 8.391982037812548], [3.9555197682246384, 49, 4.166121538369389], [0.6029975499760579, 50, 17.89770200834838], [1.905036672084133, 49, 11.73539129077348]], "best_ori": [[2.3577468804394424, 40, 3.7702412359137405], [0.5911986625627631, 39, 3.004923602644104], [4.166121538369389, 49, 3.9555197682246384], [2.696484256000823, 31, 2.9429579981516354], [0.968105237085598, 38, 4.23715514857093]], "avg_best_pos": [2.0918, 48.6, 10.0194], "avg_best_ori": [2.1559, 39.4, 3.5822]}