{"freq": 2.0, "avg_convergence_percentage": 97.77777777777777, "avg_time": 25.7, "avg_pos_error": 3.1586085276595943, "avg_ori_error": 5.973395787406385}