{"freq": 8.0, "avg_convergence_percentage": 100.0, "avg_time": 2.575, "avg_pos_error": 3.0104403511427824, "avg_ori_error": 1.226813964283674}