{"num_updates": "2195", "penalty": "tensor(0., dtype=torch.float64, grad_fn=<AddBackward0>)", "Starting Pose": [0.04118812084197998, 0.14344409108161926, -0.3669871389865875, 0.7153168320655823, 0.047950711101293564, -0.6210981607437134, -0.3166380226612091], "Starting Soft Arm States": [-1.899999976158142, -56.400001525878906, 10.0, 20.580360412597656, 1.9144343137741089, 35.394535064697266], "Number of Trajectories": 1, "Final Desired Pose": [-0.3728078007698059, 0.23337866365909576, -0.21450695395469666, -0.9730545282363892, -0.2263774424791336, 0.04379641264677048], "Predicted Trajectory 0": [[0.6345032234805258, 0.5484349963335505, 0.17284125406969977, 0.22387561202049255, -0.3247266709804535, -0.9189299941062927], [0.5838419795036316, 0.6167510747909546, 0.15257404744625092, 0.037343524396419525, -0.02383238635957241, -0.9990183115005493], [0.5115019679069519, 0.6587196588516235, 0.1585918366909027, -0.12539710104465485, 0.16130244731903076, -0.9789060354232788], [0.43764179944992065, 0.6928113102912903, 0.1388339400291443, -0.333269864320755, 0.2603044807910919, -0.9061858654022217], [0.36659422516822815, 0.7211079001426697, 0.16159217059612274, -0.4864901602268219, 0.30667078495025635, -0.8180955052375793], [0.30428192019462585, 0.6799964904785156, 0.16222523152828217, -0.6318748593330383, 0.19192180037498474, -0.7509329319000244], [0.24705316126346588, 0.7329034805297852, 0.20593546330928802, -0.6994871497154236, 0.25874629616737366, -0.6661592125892639], [0.20327092707157135, 0.7334368228912354, 0.25142452120780945, -0.8055235743522644, 0.15931275486946106, -0.5707462430000305], [0.1825961172580719, 0.7755042910575867, 0.30123403668403625, -0.8771612644195557, 0.1533873975276947, -0.4550390839576721], [0.16332384943962097, 0.7499821186065674, 0.34911203384399414, -0.9167239665985107, -0.02655487135052681, -0.3986375629901886], [0.13651393353939056, 0.7959954738616943, 0.43633201718330383, -0.9803786277770996, -0.020138399675488472, -0.19609226286411285], [0.12186047434806824, 0.758411169052124, 0.47850102186203003, -0.9711667895317078, -0.16316471993923187, -0.17381717264652252], [0.10930080711841583, 0.7759231925010681, 0.5327640175819397, -0.9789239764213562, -0.18612191081047058, -0.08406245708465576], [0.10313977301120758, 0.7563447952270508, 0.5485855340957642, -0.9618713855743408, -0.26453328132629395, -0.06946660578250885], [0.09832172840833664, 0.7741991877555847, 0.5868425369262695, -0.966566801071167, -0.2564021348953247, 0.0025693438947200775], [0.10032087564468384, 0.7639410495758057, 0.5779809355735779, -0.9525472521781921, -0.3043908178806305, -9.452642188989557e-06], [0.12365058809518814, 0.7845178842544556, 0.5247995257377625, -0.9486140608787537, -0.25892558693885803, -0.18190352618694305], [0.11208073049783707, 0.7881290316581726, 0.5608465671539307, -0.9402942061424255, -0.32447749376296997, -0.1027674451470375], [0.10960672795772552, 0.8002430200576782, 0.5618320107460022, -0.9457864761352539, -0.3046349585056305, -0.11262992769479752], [0.11415122449398041, 0.7955217957496643, 0.5436232686042786, -0.9074347019195557, -0.38803473114967346, -0.1612180471420288], [0.10880641639232635, 0.8206484913825989, 0.560944139957428, -0.930984616279602, -0.3601149916648865, -0.05987285077571869]], "Control Inputs 0": [[4.96493935585022, -9.982485778164119, 0.6991220593452453, -2.9355635158717632, 0.4730290174484253], [4.9586087465286255, -4.467259645462036, 0.0013020870042964815, -2.955888711847365, -1.8798641860485077], [4.925481081008911, -1.9445747137069702, 0.6936971187591552, 2.9743001461029053, 0.06405329704284668], [4.952863454818726, 2.0452499389648438, 0.002607012819498777, -2.754668153822422, 2.7944798469543457], [3.2717275619506836, -2.3732340335845947, 0.6862283647060394, 2.881608724594116, -0.42389166355133057], [4.914107918739319, -1.7944175004959106, 0.002412237925454974, 2.8497694730758667, -1.3772805333137512], [1.9710808992385864, -6.774332821369171, 0.002742275688797235, 2.899808406829834, 0.5285561084747314], [3.628736734390259, 3.557020425796509, 0.003584253182634711, 2.9038546085357666, -1.0248085856437683], [3.2451480627059937, -8.557352423667908, 0.011407353356480597, 0.5216585397720337, 0.41742217540740967], [4.278463125228882, 4.148857593536377, 0.005308896163478493, 1.4487587213516235, 0.24931633472442627], [4.241008758544922, 6.841390132904053, 0.01188859324902296, 0.4643787145614624, -0.3347618579864502], [0.42562663555145264, -1.5082645416259766, 0.39274334311485287, -0.4788755178451538, 0.1820068359375], [-1.3832396268844604, -7.243804335594177, 0.35461530089378357, -0.5170195698738098, 1.7003960609436035], [-0.10636687278747559, -0.008091926574707031, 0.3431730538606643, 0.3490762710571289, 0.09525918960571289], [-4.756702836602926, 9.833801984786987, 0.003415732970461249, 0.29591095447540283, 1.3392112255096436], [0.16165614128112793, -0.7005518674850464, 0.2342147648334503, 0.24106299877166748, -2.86673254519701], [-0.14510035514831543, -0.09612739086151123, 0.007510350830852985, -0.35519957542419434, 2.8481969833374023], [-1.9922351837158203, -3.9192235469818115, 0.6924947381019592, -1.015051782131195, -2.8946756534278393], [0.29196202754974365, -2.3083490133285522, 0.013526189140975475, -0.5032762885093689, 2.942252039909363], [-4.829062670469284, -1.91936194896698, 0.006863516569137573, -2.941213443875313, -2.8494827672839165]], "Final Predicted Pose 0": [0.10880641639232635, 0.8206484913825989, 0.560944139957428, -0.930984616279602, -0.3601149916648865, -0.05987285077571869], "Predicted Translation Error 0": "0.5828986046290666cm", "Predicted Rotation Error 0": "tensor([0.9848], grad_fn=<DivBackward0>)"}