{"num_updates": "336", "penalty": "tensor(0., dtype=torch.float64, grad_fn=<AddBackward0>)", "Starting Pose": [-0.1306050717830658, 0.09527016431093216, -0.3409291207790375, 0.11754380911588669, -0.6091893911361694, 0.6816610097885132, -0.3878273069858551], "Starting Soft Arm States": [2.299999952316284, -70.9000015258789, 10.0, 9.531827926635742, 23.421977996826172, 35.39784622192383], "Number of Trajectories": 1, "Final Desired Pose": [-0.4223175048828125, 0.1329112946987152, -0.12750594317913055, -0.38554930686950684, -0.37488627433776855, 0.8430966734886169], "Predicted Trajectory 0": [[0.41937416943289485, 0.4032357263523352, 0.23899907176487287, -0.6715468764305115, 0.3855206072330475, 0.6327705979347229], [0.3925030827522278, 0.4967786371707916, 0.2219189703464508, -0.7107307314872742, 0.4502738416194916, 0.5404769778251648], [0.3326593041419983, 0.5554893612861633, 0.24208742380142212, -0.699794352054596, 0.40608662366867065, 0.5876916646957397], [0.27617335319519043, 0.5797698497772217, 0.2797272503376007, -0.6754929423332214, 0.3251045346260071, 0.6618281006813049], [0.224898099899292, 0.5832914113998413, 0.3156197965145111, -0.6785863041877747, 0.22835835814476013, 0.6981210708618164], [0.18366685509681702, 0.5633578300476074, 0.3888983130455017, -0.602185845375061, 0.001664674491621554, 0.7983541488647461], [0.14834076166152954, 0.5597410202026367, 0.47555509209632874, -0.48268812894821167, -0.12710048258304596, 0.866520345211029], [0.12466874718666077, 0.5473265647888184, 0.5517927408218384, -0.44262999296188354, -0.240441232919693, 0.8638672828674316], [0.12138364464044571, 0.5307843089103699, 0.5976506471633911, -0.31998980045318604, -0.3395787179470062, 0.8844732046127319], [0.1134938970208168, 0.5270268321037292, 0.6477052569389343, -0.28848379850387573, -0.374247282743454, 0.8813149333000183], [0.1004413291811943, 0.4868967533111572, 0.6922144889831543, -0.2560524046421051, -0.4656086266040802, 0.8471397161483765], [0.09718417376279831, 0.5254804491996765, 0.7207817435264587, -0.24253596365451813, -0.410918653011322, 0.8788186311721802], [0.08932104706764221, 0.5398131608963013, 0.7560768127441406, -0.24819695949554443, -0.41231921315193176, 0.876579225063324], [0.08788298815488815, 0.5135864615440369, 0.7522435784339905, -0.2334711104631424, -0.49465468525886536, 0.8371427655220032], [0.07990476489067078, 0.5257753729820251, 0.7894490957260132, -0.20480497181415558, -0.45879822969436646, 0.8646150231361389], [0.08127029240131378, 0.5328102111816406, 0.7954987287521362, -0.19146813452243805, -0.4285222887992859, 0.8830111026763916], [0.07972019910812378, 0.511799156665802, 0.8009602427482605, -0.1426057070493698, -0.4452035129070282, 0.8840007781982422], [0.07069208472967148, 0.5108199119567871, 0.8120407462120056, -0.1860542744398117, -0.4276779592037201, 0.8845763802528381], [0.07508087903261185, 0.5406959652900696, 0.7783440351486206, -0.2568686902523041, -0.3304595947265625, 0.9081932306289673], [0.06569824367761612, 0.5029349327087402, 0.7889934182167053, -0.251863956451416, -0.40267646312713623, 0.8800091743469238], [0.06400707364082336, 0.5127835869789124, 0.784932553768158, -0.3142610490322113, -0.35935690999031067, 0.8786937594413757]], "Control Inputs 0": [[4.956832528114319, 7.394237518310547, 0.0014607517281547187, 0.6538381576538086, 2.990740656852722], [4.926117658615112, -5.243556797504425, 0.6952026605606079, 2.4997622966766357, 2.9399614334106445], [3.2349276542663574, -6.64943128824234, 0.006711964029818773, 0.7243870496749878, 2.700761318206787], [4.72962498664856, -0.18179118633270264, 0.5788883745670318, 0.6039111614227295, -1.8857201635837555], [4.924870729446411, 4.117488861083984, 0.2987904459238052, 2.9605053663253784, -2.2009958624839783], [4.288579821586609, 4.677292108535767, 0.006534264050424099, 0.31239402294158936, -2.325074538588524], [1.6641706228256226, 4.1594719886779785, 0.14480928480625152, 0.6682659387588501, -2.0565739274024963], [-1.5420010685920715, -9.68405544757843, 0.4938863456249237, 2.9253727197647095, 2.9304767847061157], [3.1428080797195435, -9.178304746747017, 0.3484580546617508, -1.0583088397979736, 0.5228962898254395], [-0.15773653984069824, 2.2740399837493896, 0.48619412183761596, 0.055640459060668945, 1.080556869506836], [4.886249303817749, 6.598677635192871, 0.4449939966201782, 1.349189043045044, 0.3776904344558716], [-1.0897544026374817, -1.6892051696777344, 0.10880167037248611, -1.3746476769447327, -0.14730459451675415], [3.720519542694092, -0.003370046615600586, 0.18970437943935392, 0.7952814102172852, 0.2834826707839966], [0.5610013008117676, -2.8044885396957397, 0.36616888642311096, 1.2424156665802002, 2.9356842041015625], [-2.9175911843776703, -6.6086167097091675, 0.3912742674350738, 2.9606834650039673, 2.9569623470306396], [4.903436303138733, -1.9589060544967651, 0.0009579542791470885, -0.7238640189170837, -0.2047823667526245], [-3.3801808953285217, 3.795698881149292, 0.477630215883255, -2.9201687034219503, 0.8542910814285278], [0.8337265253067017, -3.9815986156463623, 0.14260391891002655, -0.0924941897392273, 0.64777672290802], [2.701398730278015, 0.13131022453308105, 0.43820161819458003, -0.3230677843093872, -0.866612434387207], [-4.842480625957251, -1.6178923845291138, 0.24809533953666685, -2.9106965605169535, -1.4240412712097168]], "Final Predicted Pose 0": [0.06400707364082336, 0.5127835869789124, 0.784932553768158, -0.3142610490322113, -0.35935690999031067, 0.8786937594413757], "Predicted Translation Error 0": "0.8195199307338702cm", "Predicted Rotation Error 0": "tensor([0.9967], grad_fn=<DivBackward0>)"}