{"num_updates": "1637", "penalty": "tensor(0., dtype=torch.float64, grad_fn=<AddBackward0>)", "Starting Pose": [-0.18206624686717987, 0.06808094680309296, -0.2208472639322281, 0.7406699657440186, -0.13146771490573883, 0.6568422913551331, -0.05179214850068092], "Starting Soft Arm States": [14.0, 16.399999618530273, 10.0, 34.3612174987793, 26.876300811767578, 35.40115737915039], "Number of Trajectories": 1, "Final Desired Pose": [-0.18219251930713654, 0.13986685872077942, -0.2688325047492981, -0.6802024245262146, 0.5517703294754028, 0.4825703501701355], "Predicted Trajectory 0": [[0.3549316048186614, 0.32128570072351464, 0.5438708210472987, 0.10254886746406555, -0.12670983374118805, 0.9866247177124023], [0.3409020006656647, 0.3705684244632721, 0.5674766898155212, 0.11287174373865128, -0.08860350400209427, 0.9896512031555176], [0.3220468759536743, 0.43186286091804504, 0.5541869401931763, -0.00958211813122034, -0.01190078817307949, 0.9998832941055298], [0.3306650221347809, 0.47076141834259033, 0.4976775646209717, -0.09940812736749649, 0.09537471830844879, 0.9904654026031494], [0.34685879945755005, 0.5096251964569092, 0.45719075202941895, -0.18290962278842926, 0.20619775354862213, 0.9612630009651184], [0.3530324697494507, 0.5275734066963196, 0.42068833112716675, -0.3181333541870117, 0.29289427399635315, 0.9016673564910889], [0.35562190413475037, 0.5327314734458923, 0.412690669298172, -0.3021290898323059, 0.27227529883384705, 0.9135557413101196], [0.3535497784614563, 0.5414330959320068, 0.41770243644714355, -0.29841455817222595, 0.25802138447761536, 0.9188981056213379], [0.3562486469745636, 0.5414300560951233, 0.42438173294067383, -0.29112696647644043, 0.2667354643344879, 0.9187476634979248], [0.3556220829486847, 0.5414612293243408, 0.42335525155067444, -0.3721197247505188, 0.28632575273513794, 0.8829181790351868], [0.3765774071216583, 0.5338071584701538, 0.4104132056236267, -0.41563746333122253, 0.308438241481781, 0.8556349873542786], [0.3763299882411957, 0.54231858253479, 0.4086361229419708, -0.4293081760406494, 0.3442304730415344, 0.8349849581718445], [0.3748449683189392, 0.5357927680015564, 0.4119810461997986, -0.4649816155433655, 0.34168577194213867, 0.8167269229888916], [0.38014981150627136, 0.5281115770339966, 0.4150453507900238, -0.4402879476547241, 0.36279356479644775, 0.8212960958480835], [0.34897372126579285, 0.5407795310020447, 0.430172324180603, -0.446075439453125, 0.4025534987449646, 0.7993543744087219], [0.3428605794906616, 0.5319526195526123, 0.4323071837425232, -0.5128085017204285, 0.4123114347457886, 0.7530118227005005], [0.3447839915752411, 0.5314874053001404, 0.4306616187095642, -0.49158281087875366, 0.45671194791793823, 0.7414583563804626], [0.3417087495326996, 0.5346707105636597, 0.43210747838020325, -0.5135923624038696, 0.4781545400619507, 0.7124543190002441], [0.3351123332977295, 0.5291324853897095, 0.41448068618774414, -0.5606478452682495, 0.5063073039054871, 0.6552304029464722], [0.3294552266597748, 0.5406424403190613, 0.4318386912345886, -0.531716525554657, 0.5346311926841736, 0.6568462252616882], [0.35019731521606445, 0.5361232161521912, 0.4120620787143707, -0.5657966732978821, 0.5695846676826477, 0.5961940884590149]], "Control Inputs 0": [[4.884726405143738, 9.887217283248901, 0.27440387308597564, -2.9407532326877117, 2.9544625282287598], [-4.912426117807627, 9.556924104690552, 0.6621544659137726, -2.979123964905739, 2.945193886756897], [-4.89677750505507, 1.5802991390228271, 0.08394509553909302, -2.965423540212214, 2.91855525970459], [-3.5318978130817413, -5.75625866651535, 0.5505246996879577, -2.9491182267665863, 2.4656020402908325], [-1.5498259663581848, -4.087079167366028, 0.2393443465232849, 0.4242807626724243, 0.5506049394607544], [0.650947093963623, 5.381302833557129, 0.0054924761876463885, 0.719536542892456, -1.2929304242134094], [-1.6896432638168335, -3.8763850927352905, 0.08711575493216514, 0.9178361892700195, 0.5548735857009888], [0.1880335807800293, -9.666337817907333, 0.557722795009613, -0.25263386964797974, 1.5338366031646729], [-1.88726007938385, -9.634668715298176, 0.37297636866569517, 0.013080239295959473, 1.063144326210022], [-4.89391028881073, -9.443947561085224, 0.4484800577163696, 0.3855278491973877, 1.3750405311584473], [4.901432991027832, -3.6564993858337402, 0.3828580617904663, -0.20164704322814941, 0.3488677740097046], [-4.906889200210571, -9.482998065650463, 0.019876525364816187, 0.7481786012649536, 0.839221715927124], [4.8879700899124146, -5.987596809864044, 0.05286933109164238, -0.5717838406562805, 0.8998582363128662], [4.8219603300094604, -9.472574517130852, 0.39313466548919673, -1.2330315113067627, 0.6799650192260742], [-4.902844550088048, -9.659156315028667, 0.3781474232673645, 1.0207335948944092, 1.012130856513977], [4.9869126081466675, -3.9299142360687256, 0.0046513817273080345, 0.02492988109588623, -0.002290964126586914], [-4.906355533748865, -8.337627202272415, 0.4994324505329132, -2.9433434810489416, 0.5800337791442871], [4.903122186660767, -5.333808660507202, 0.07064755111932754, 0.7410542964935303, 0.4845407009124756], [-2.924296259880066, -7.02219545841217, 0.4709680140018463, 0.313376784324646, 0.16966259479522705], [-4.786566328257322, -8.975211903452873, 0.275016912817955, -1.1094152927398682, 2.9406423568725586]], "Final Predicted Pose 0": [0.35019731521606445, 0.5361232161521912, 0.4120620787143707, -0.5657966732978821, 0.5695846676826477, 0.5961940884590149], "Predicted Translation Error 0": "0.5391257190202507cm", "Predicted Rotation Error 0": "tensor([0.9868], grad_fn=<DivBackward0>)"}