{"num_updates": "295", "penalty": "tensor(0., dtype=torch.float64, grad_fn=<AddBackward0>)", "Starting Pose": [0.11965111643075943, 0.1021370217204094, -0.3185345530509949, 0.06595801562070847, 0.8097113966941833, -0.39947664737701416, 0.4247768223285675], "Starting Soft Arm States": [-34.5, 71.0, 10.0, 10.14453125, 7.246609687805176, 35.407779693603516], "Number of Trajectories": 1, "Final Desired Pose": [-0.27564650774002075, 0.07298636436462402, -0.291840523481369, -0.8042564392089844, -0.5772489905357361, 0.1412627398967743], "Predicted Trajectory 0": [[0.7327589794905964, 0.42393287000988494, 0.29585587942052094, -0.6304283738136292, 0.4461907744407654, 0.6351959109306335], [0.7470529079437256, 0.4613061547279358, 0.2717360258102417, -0.7526180148124695, 0.325657457113266, 0.572287917137146], [0.7276427149772644, 0.4578309655189514, 0.2647569179534912, -0.8052031397819519, 0.1242167130112648, 0.5798432230949402], [0.6843708157539368, 0.45338088274002075, 0.26205408573150635, -0.7621870636940002, 0.03641543537378311, 0.6463318467140198], [0.6299321055412292, 0.4250050187110901, 0.24819371104240417, -0.7464854121208191, -0.11129219830036163, 0.6560286283493042], [0.5729778409004211, 0.4352160394191742, 0.24430496990680695, -0.7389761805534363, -0.18460781872272491, 0.6479460597038269], [0.5157619118690491, 0.4373078942298889, 0.25656864047050476, -0.6957568526268005, -0.25816425681114197, 0.6702787280082703], [0.46162697672843933, 0.45289772748947144, 0.24895906448364258, -0.7373230457305908, -0.2903333902359009, 0.6099681854248047], [0.4205991327762604, 0.4354359805583954, 0.2702738344669342, -0.7036280632019043, -0.3874812722206116, 0.5956222414970398], [0.37790927290916443, 0.37275174260139465, 0.30304715037345886, -0.5656186938285828, -0.5418661236763, 0.6216563582420349], [0.3337627351284027, 0.3454590141773224, 0.3079671561717987, -0.5772344470024109, -0.6187451481819153, 0.5328741073608398], [0.30002641677856445, 0.360599160194397, 0.32934415340423584, -0.5714852809906006, -0.6476542353630066, 0.5039331316947937], [0.2662336528301239, 0.38392606377601624, 0.36517930030822754, -0.6260440349578857, -0.6065066456794739, 0.4901209771633148], [0.263976514339447, 0.3355923891067505, 0.34786030650138855, -0.5791840553283691, -0.7477843165397644, 0.3245986998081207], [0.24676743149757385, 0.3701503574848175, 0.3993748426437378, -0.6104533076286316, -0.6757678389549255, 0.4131399691104889], [0.2502439320087433, 0.3362356126308441, 0.4051242470741272, -0.5275437235832214, -0.7569476366043091, 0.38565245270729065], [0.2506965100765228, 0.3000897169113159, 0.40666502714157104, -0.4539099335670471, -0.8269833922386169, 0.3317592442035675], [0.24186743795871735, 0.3267665207386017, 0.4080691933631897, -0.5671712756156921, -0.7654096484184265, 0.3040802478790283], [0.254668265581131, 0.33925285935401917, 0.36469748616218567, -0.6255457401275635, -0.7554529905319214, 0.1948929876089096], [0.2540723383426666, 0.2873785197734833, 0.3609960079193115, -0.5664195418357849, -0.8120181560516357, 0.14069627225399017], [0.24525035917758942, 0.3421393930912018, 0.3690983057022095, -0.6768253445625305, -0.7267318367958069, 0.11733868718147278]], "Control Inputs 0": [[4.908560514450073, -0.8627009391784668, 0.2731773972511291, 0.37364888191223145, -2.0162206292152405], [4.9868398904800415, -7.164853811264038, 0.6963791728019714, 2.1570249795913696, 2.0139774084091187], [4.96178925037384, -8.578428328037262, 0.04911899492144584, 0.3468496799468994, 0.8332135677337646], [4.904261231422424, -3.138251304626465, 0.5761760711669921, 0.22374951839447021, 0.5659993886947632], [4.904767870903015, 1.047825813293457, 0.2637051552534103, 2.992055654525757, 0.7785637378692627], [4.985607862472534, 1.9069623947143555, 0.0070303469896316525, -0.13990527391433716, 0.5836783647537231], [4.604660272598267, 1.8547594547271729, 0.06262208372354507, 0.24074149131774902, -0.7618117332458496], [1.6614586114883423, -9.78631354868412, 0.5952045440673828, 2.8403817415237427, 1.4101349115371704], [4.884223937988281, -9.725170899182558, 0.3516173183917999, -1.5226386487483978, -0.9059468507766724], [1.963810920715332, 1.157599687576294, 0.4800084829330444, -0.33478760719299316, 0.4727647304534912], [4.894310235977173, 4.698481559753418, 0.41336718797683714, 1.1150389909744263, 1.185723066329956], [-0.5402296781539917, -2.4742507934570312, 0.002637344971299171, -1.6770063042640686, -2.0594668686389923], [2.7237385511398315, -0.37798821926116943, 0.06841943562030792, 0.7417784929275513, 0.7063947916030884], [-0.2911531925201416, -3.392956852912903, 0.35702348351478574, 1.552490472793579, 1.9901965856552124], [-2.989092916250229, -7.209434509277344, 0.40893905758857724, 2.961051106452942, 1.9053497314453125], [4.897201061248779, -1.4713603258132935, 0.006441318336874246, -0.9501762986183167, -2.496433764696121], [-4.110972210764885, 6.358163356781006, 0.5180203258991242, -2.9359468705952168, -0.1614791750907898], [-0.3396478295326233, -4.916493892669678, 0.08273372873663902, -0.4584953784942627, -1.0794637799263], [3.735705614089966, 1.1394643783569336, 0.49434772133827204, -0.5553050637245178, -1.5157150626182556], [-3.8228661566972733, -1.689797043800354, 0.2624546468257904, -2.914363157004118, -1.563895583152771]], "Final Predicted Pose 0": [0.24525035917758942, 0.3421393930912018, 0.3690983057022095, -0.6768253445625305, -0.7267318367958069, 0.11733868718147278], "Predicted Translation Error 0": "0.6679482094683757cm", "Predicted Rotation Error 0": "tensor([0.9804], grad_fn=<DivBackward0>)"}