{"num_updates": "2262", "penalty": "tensor(51.5719, dtype=torch.float64, grad_fn=<AddBackward0>)", "Starting Pose": [0.11965111643075943, 0.1021370217204094, -0.3185345530509949, 0.06595801562070847, 0.8097113966941833, -0.39947664737701416, 0.4247768223285675], "Starting Soft Arm States": [-34.5, 71.0, 10.0, 10.14453125, 7.246609687805176, 35.407779693603516], "Number of Trajectories": 1, "Final Desired Pose": [0.09210500866174698, 0.222406268119812, -0.32429981231689453, -0.4023326635360718, -0.7439433336257935, 0.533551037311554], "Predicted Trajectory 0": [[0.7327589794905964, 0.42393287000988494, 0.29585587942052094, -0.6304283738136292, 0.4461907744407654, 0.6351959109306335], [0.752216637134552, 0.48377951979637146, 0.2756929099559784, -0.6731415390968323, 0.4599233567714691, 0.5790948867797852], [0.758273720741272, 0.505004346370697, 0.282388299703598, -0.7200552821159363, 0.3759806156158447, 0.583231508731842], [0.7927201986312866, 0.5516254305839539, 0.2798842787742615, -0.725084125995636, 0.47554969787597656, 0.49810194969177246], [0.787354588508606, 0.595091700553894, 0.2806449234485626, -0.7308017611503601, 0.4551360011100769, 0.5087042450904846], [0.780606746673584, 0.6127275824546814, 0.29737988114356995, -0.7755797505378723, 0.38231196999549866, 0.502308189868927], [0.7796076536178589, 0.631931722164154, 0.28797420859336853, -0.779897153377533, 0.385733962059021, 0.49291959404945374], [0.7695293426513672, 0.6643328666687012, 0.28398430347442627, -0.8256429433822632, 0.3211135268211365, 0.4638963043689728], [0.7566919922828674, 0.6717088222503662, 0.2858434319496155, -0.8909637928009033, 0.14354436099529266, 0.4307883083820343], [0.7379918098449707, 0.6941838264465332, 0.2970680296421051, -0.8914551734924316, -0.032186638563871384, 0.45196425914764404], [0.7046445608139038, 0.6688153147697449, 0.2863607108592987, -0.8714914321899414, -0.25174224376678467, 0.42086634039878845], [0.6978510618209839, 0.6860693097114563, 0.28730088472366333, -0.8557751178741455, -0.3744541108608246, 0.3569777309894562], [0.7036006450653076, 0.7149977087974548, 0.30970877408981323, -0.734719455242157, -0.5181822776794434, 0.4378064274787903], [0.66480952501297, 0.7522228360176086, 0.32334452867507935, -0.6337969899177551, -0.5570631623268127, 0.5366395711898804], [0.6628943085670471, 0.7812366485595703, 0.34734877943992615, -0.5865554213523865, -0.5996407866477966, 0.5444114208221436], [0.6777877807617188, 0.795097291469574, 0.338808536529541, -0.4740365147590637, -0.7454212307929993, 0.4686538279056549], [0.6443444490432739, 0.8066495656967163, 0.34272223711013794, -0.4673321843147278, -0.7111192345619202, 0.5252713561058044], [0.6695052981376648, 0.8056570291519165, 0.338416188955307, -0.39403074979782104, -0.8207893967628479, 0.4135752022266388], [0.6606889367103577, 0.8053165674209595, 0.3380993604660034, -0.4125080108642578, -0.7966368794441223, 0.44182220101356506], [0.6701772809028625, 0.7588820457458496, 0.3399215340614319, -0.35946911573410034, -0.8102379441261292, 0.462921679019928], [0.6616434454917908, 0.7412531971931458, 0.3249349594116211, -0.4139814078807831, -0.8078655004501343, 0.41949090361595154]], "Control Inputs 0": [[2.8350406885147095, -0.9517133235931396, 0.0004416526353452354, -0.07544034719467163, 2.9093313217163086], [-4.822733663022518, 0.12463688850402832, 0.002521010604687035, -0.2514159679412842, 1.4424580335617065], [1.0380375385284424, 1.612781286239624, 0.004201983194798231, -0.9429287910461426, 2.828002452850342], [0.5636227130889893, 1.9025444984436035, 0.0014971555909141898, 2.898617148399353, -0.46911174058914185], [-1.1145132780075073, -4.237527847290039, 0.0010713349329307675, -0.5046374201774597, 1.6603249311447144], [0.5519479513168335, 4.524062871932983, 0.0007004310376942158, 0.012724757194519043, -0.12234985828399658], [2.2633421421051025, 8.694169521331787, 0.005123470211401582, 0.013082385063171387, -2.182835429906845], [1.38938307762146, 7.154353857040405, 0.0020446301670745013, 2.808025360107422, -2.819826476275921], [4.848437309265137, -1.0239100456237793, 0.002701657614670694, 0.20981597900390625, -2.8120071664452553], [-2.3499518632888794, -3.3821719884872437, 0.0062177892774343485, -0.9072189331054688, -2.9095104038715363], [-4.478118568658829, -3.9669233560562134, 0.005493375193327665, -0.9296654462814331, 2.8962299823760986], [4.894576072692871, 0.2843296527862549, 0.007164264936000108, 1.852479100227356, 2.5686872005462646], [4.729127883911133, 7.309080362319946, 0.006377300526946783, 2.8625121116638184, 2.810115337371826], [-4.74866759032011, 0.19819259643554688, 0.008092432562261819, -2.5884472131729126, 2.42126727104187], [4.937804341316223, -3.069775104522705, 0.0020757829304784534, 0.10216176509857178, 2.95888888835907], [-4.735899921506643, 2.5678980350494385, 0.003981942916288971, -2.8844887129962444, 2.946165919303894], [0.37954211235046387, -1.8276333808898926, 0.008727745991200207, -0.9202936291694641, 2.9765385389328003], [-4.828346185386181, -9.785651694983244, 0.006973650306463241, -1.2616138458251953, 2.945254325866699], [-4.686030223965645, -9.585880115628242, 0.0012546192272566258, -0.47639644145965576, 2.9983402490615845], [4.806503653526306, 9.799768924713135, 0.4584872961044311, -1.7453885972499847, -2.929990891367197]], "Final Predicted Pose 0": [0.6616434454917908, 0.7412531971931458, 0.3249349594116211, -0.4139814078807831, -0.8078655004501343, 0.41949090361595154], "Predicted Translation Error 0": "3.7099455415831546cm", "Predicted Rotation Error 0": "tensor([0.9914], grad_fn=<DivBackward0>)"}