{"num_updates": "2637", "penalty": "tensor(216.7540, dtype=torch.float64, grad_fn=<AddBackward0>)", "Starting Pose": [0.010257423855364323, 0.06122927740216255, -0.3528884947299957, 0.05482672154903412, 0.29676634073257446, -0.7441645860671997, 0.5959386229515076], "Starting Soft Arm States": [-9.899999618530273, -42.29999923706055, 10.0, 13.337212562561035, 17.63275909423828, 35.39122009277344], "Number of Trajectories": 1, "Final Desired Pose": [0.07365071773529053, 0.23481731116771698, -0.26175346970558167, -0.2262817770242691, -0.4421612620353699, 0.8679227828979492], "Predicted Trajectory 0": [[0.5957700729866777, 0.3006343346867921, 0.20863582329010383, -0.28370237350463867, 0.9194942712783813, 0.27210885286331177], [0.5977197885513306, 0.3230862319469452, 0.21024923026561737, -0.32251957058906555, 0.7930126786231995, 0.5168288946151733], [0.5764296650886536, 0.3460819721221924, 0.20576967298984528, -0.4805135428905487, 0.6193167567253113, 0.6209295988082886], [0.592714250087738, 0.32788142561912537, 0.16018542647361755, -0.4927196800708771, 0.7260526418685913, 0.47966110706329346], [0.6126124858856201, 0.38195493817329407, 0.14846175909042358, -0.5756979584693909, 0.7516617178916931, 0.32183289527893066], [0.6599957942962646, 0.4250108003616333, 0.1491388976573944, -0.5526267886161804, 0.7997819185256958, 0.2344193011522293], [0.7069969773292542, 0.49284353852272034, 0.1761459857225418, -0.4709317088127136, 0.8453688025474548, 0.2521407902240753], [0.730887770652771, 0.5510203242301941, 0.19098421931266785, -0.3461945950984955, 0.8976961374282837, 0.2725633382797241], [0.712056577205658, 0.585848331451416, 0.22580765187740326, -0.41789740324020386, 0.8000926375389099, 0.4303644597530365], [0.7546018958091736, 0.5612432956695557, 0.251467227935791, -0.565571129322052, 0.695976734161377, 0.4424315094947815], [0.7956295013427734, 0.5881780385971069, 0.27935081720352173, -0.5997644066810608, 0.7114825248718262, 0.3661629259586334], [0.8210242986679077, 0.6507487297058105, 0.30986011028289795, -0.44656428694725037, 0.7978042960166931, 0.40507856011390686], [0.7842857241630554, 0.6436493992805481, 0.3287500739097595, -0.5527281761169434, 0.6223793625831604, 0.5541980862617493], [0.7607653737068176, 0.6355441808700562, 0.34807732701301575, -0.5239152312278748, 0.46655479073524475, 0.7126285433769226], [0.7379990220069885, 0.6568272113800049, 0.38192373514175415, -0.45252421498298645, 0.4105716645717621, 0.7916139960289001], [0.7166013121604919, 0.6605281829833984, 0.41224023699760437, -0.41066354513168335, 0.32890892028808594, 0.8503965735435486], [0.723508894443512, 0.6353832483291626, 0.418194055557251, -0.47425124049186707, 0.1680631935596466, 0.8641993403434753], [0.728246808052063, 0.6672836542129517, 0.41628363728523254, -0.5113392472267151, 0.12968380749225616, 0.84953773021698], [0.745118260383606, 0.6842753291130066, 0.4491223394870758, -0.39529189467430115, 0.06686271727085114, 0.9161188006401062], [0.7071579098701477, 0.6817346215248108, 0.4360550045967102, -0.3751457631587982, -0.13759325444698334, 0.9166972637176514], [0.683067262172699, 0.7275010943412781, 0.43723008036613464, -0.3026375472545624, -0.1695132702589035, 0.937910258769989]], "Control Inputs 0": [[4.9476248025894165, 5.664200782775879, 4.243067232891917e-05, 2.8523529767990112, -2.9873677524738014], [-4.905435563996434, 9.45202112197876, 0.001442376710474491, -2.9130816366523504, 2.9977455139160156], [-4.957608669064939, 6.9131457805633545, 0.002273879386484623, -2.981248067691922, 2.922433376312256], [-4.946091468445957, 9.039146900177002, 0.0019506056793034076, -0.8219831585884094, 2.9809967279434204], [-4.946329793892801, 9.292162656784058, 0.0020903823198750613, 2.4062122106552124, 2.944049119949341], [-4.925787365064025, 9.302420616149902, 0.0005799384438432753, 2.391548752784729, 2.8983289003372192], [4.32101845741272, 9.425761699676514, 8.029573509702458e-05, 2.978053092956543, 2.9614298343658447], [-4.941510395146906, -6.761043965816498, 0.003194769565016031, -1.1850029826164246, -2.948963228613138], [-4.863212667405605, 3.4915781021118164, 0.0006023741443641484, -2.5505523830652237, -2.9313789010047913], [-4.877224173396826, 9.272334575653076, 0.002076780213974416, 0.07291710376739502, 2.9530506134033203], [4.389015436172485, 9.608393907546997, 0.0005462246714159845, 2.8818737268447876, -1.2132888436317444], [3.7127435207366943, 6.023919582366943, 0.003185500483959913, 2.951756000518799, -2.927216414362192], [1.153169870376587, 9.415520429611206, 0.001762115187011659, 2.868042469024658, -2.572949856519699], [4.594056010246277, 2.5669896602630615, 0.001114432036411017, 2.7725433111190796, 2.9176701307296753], [-4.300061017274857, -0.5636674165725708, 0.006407156120985746, -2.8344403691589832, -2.7791561633348465], [0.6266641616821289, 4.216502904891968, 0.0034757091663777826, -0.7112551331520081, -2.7703763991594315], [-3.5494464635849, 9.30318832397461, 0.0023223634343594313, -2.5727209746837616, 2.931293249130249], [4.711205959320068, 6.967548131942749, 0.30728991031646724, 2.7056479454040527, -2.8653752580285072], [4.883254766464233, 9.166979789733887, 0.0022864433005452154, 0.008872747421264648, 2.932198405265808], [4.947854280471802, 1.3259124755859375, 0.6379590690135956, -2.9237077105790377, -2.9184190314263105]], "Final Predicted Pose 0": [0.683067262172699, 0.7275010943412781, 0.43723008036613464, -0.3026375472545624, -0.1695132702589035, 0.937910258769989], "Predicted Translation Error 0": "3.260005752144831cm", "Predicted Rotation Error 0": "tensor([0.9575], grad_fn=<DivBackward0>)"}