{"num_updates": "3427", "penalty": "tensor(114.8444, dtype=torch.float64, grad_fn=<AddBackward0>)", "Starting Pose": [0.1577257513999939, 0.05198083445429802, -0.18910814821720123, -0.30561184883117676, -0.14486321806907654, -0.934384286403656, 0.11199086904525757], "Starting Soft Arm States": [-39.5, 20.600000381469727, 10.0, 33.735267639160156, 23.41204261779785, 35.387908935546875], "Number of Trajectories": 1, "Final Desired Pose": [-0.3669714331626892, 0.20424354076385498, -0.23979929089546204, -0.7511926293373108, 0.10081179440021515, 0.6523393392562866], "Predicted Trajectory 0": [[0.780438169096309, 0.27275894120091254, 0.624452184317371, -0.788118839263916, 0.29782888293266296, 0.5386711359024048], [0.7612085938453674, 0.31185412406921387, 0.5684502720832825, -0.7080063819885254, 0.3515913486480713, 0.61246258020401], [0.7164517641067505, 0.3552398979663849, 0.5245961546897888, -0.646441638469696, 0.35910940170288086, 0.6731668710708618], [0.6652399301528931, 0.3988383114337921, 0.47232627868652344, -0.6297420859336853, 0.3667820394039154, 0.6847597360610962], [0.6086537837982178, 0.45866507291793823, 0.42764952778816223, -0.637528657913208, 0.3920389711856842, 0.6632213592529297], [0.5550670027732849, 0.5211859941482544, 0.40573227405548096, -0.6406646966934204, 0.4160540699958801, 0.6453276872634888], [0.5154101848602295, 0.5954588651657104, 0.40771812200546265, -0.5933341383934021, 0.4805891811847687, 0.6457465887069702], [0.47995948791503906, 0.643275260925293, 0.3902030289173126, -0.6471173763275146, 0.508151113986969, 0.5683498382568359], [0.44857728481292725, 0.7076453566551208, 0.4129452109336853, -0.6004785299301147, 0.5771481394767761, 0.5534667372703552], [0.4016791582107544, 0.6531990170478821, 0.44054871797561646, -0.6324005722999573, 0.449468731880188, 0.6309100389480591], [0.36048856377601624, 0.6999911665916443, 0.4304320812225342, -0.6395326256752014, 0.5616112351417542, 0.524967610836029], [0.33010008931159973, 0.743118941783905, 0.45469042658805847, -0.5945178270339966, 0.6295831799507141, 0.5001734495162964], [0.2996935248374939, 0.777439296245575, 0.46729975938796997, -0.5480020046234131, 0.7154289484024048, 0.4334227740764618], [0.2441321164369583, 0.7430351376533508, 0.46276408433914185, -0.6412361264228821, 0.648495614528656, 0.4102068543434143], [0.20406299829483032, 0.7353113889694214, 0.49438855051994324, -0.6179430484771729, 0.6355636715888977, 0.4628230035305023], [0.18470332026481628, 0.7172039151191711, 0.5348010063171387, -0.5835288166999817, 0.592287003993988, 0.5555989146232605], [0.1688087433576584, 0.7139939069747925, 0.5399070382118225, -0.5861301422119141, 0.5906116366386414, 0.554643452167511], [0.1520388126373291, 0.7067156434059143, 0.5501569509506226, -0.6187899708747864, 0.5669460892677307, 0.5437564849853516], [0.1584615260362625, 0.6883860230445862, 0.49373528361320496, -0.7028750777244568, 0.5471972227096558, 0.4544687271118164], [0.16440774500370026, 0.7242993712425232, 0.4468536376953125, -0.6802880167961121, 0.6329034566879272, 0.3696504831314087], [0.14510227739810944, 0.6737399697303772, 0.5128480792045593, -0.6726163625717163, 0.453872948884964, 0.5844542384147644]], "Control Inputs 0": [[4.921520948410034, 9.73362922668457, 0.6975659906864166, -1.7463866472244263, 2.965222120285034], [4.972752928733826, 9.947078227996826, 0.69564488530159, -2.9145113937556744, 2.969597339630127], [4.991512298583984, 9.675108194351196, 0.6996696770191192, -2.9091689195483923, 2.9542136192321777], [4.992697238922119, 9.56191897392273, 0.6991949081420898, -2.879429329186678, 2.9344489574432373], [4.887449145317078, 9.661062955856323, 0.6851623356342316, 2.601017475128174, 2.9364320039749146], [4.981432557106018, 9.917700290679932, 0.005092429742217064, -2.9570082630962133, 2.9485169649124146], [4.892675280570984, 9.659690856933594, 0.004789513070136309, -2.971701566129923, 2.9796202182769775], [4.966325759887695, -9.57469891756773, 0.3245576828718185, 2.6223957538604736, 2.8905043601989746], [4.838411808013916, -9.727767426520586, 0.3527970433235168, -2.958775076083839, 2.8940144777297974], [4.9913811683654785, 8.438061475753784, 0.005763668846338987, -1.3928609490394592, 2.7185676097869873], [4.969576597213745, 9.334006309509277, 0.004008982190862298, -0.3517833352088928, 2.977606415748596], [4.904457330703735, -8.851589784026146, 0.013074375875294208, -2.9531114995479584, 2.901259660720825], [4.919363856315613, -3.924955725669861, 0.020566681399941444, -1.7671670615673065, -2.5287589877843857], [1.866912841796875, -3.9717137813568115, 0.013134716823697089, 2.8383443355560303, -2.1857813000679016], [-1.1899501085281372, -4.973301887512207, 0.0316720575094223, 2.870904564857483, -2.650941252708435], [4.862430095672607, 6.436495780944824, 0.018131192214787005, -2.990415674401447, -2.843712531030178], [-4.789054282009602, -3.449994921684265, 0.059250031411647794, -2.957439573481679, -2.823581278324127], [-4.367295131087303, 4.6086883544921875, 0.6938191592693328, -2.967951332218945, 0.28406596183776855], [4.753094911575317, 3.957000970840454, 0.579135501384735, 2.9345834255218506, -2.8706878758966923], [-4.71374373883009, 8.558720350265503, 0.004498176230117678, -2.9500067979097366, 2.9393688440322876]], "Final Predicted Pose 0": [0.14510227739810944, 0.6737399697303772, 0.5128480792045593, -0.6726163625717163, 0.453872948884964, 0.5844542384147644], "Predicted Translation Error 0": "2.6754261939488178cm", "Predicted Rotation Error 0": "tensor([0.9323], grad_fn=<DivBackward0>)"}