{"num_updates": "4208", "penalty": "tensor(0., dtype=torch.float64, grad_fn=<AddBackward0>)", "Starting Pose": [0.24392195045948029, 0.04088573157787323, -0.23706331849098206, 0.12747010588645935, -0.012919716536998749, -0.7305063605308533, 0.6707793474197388], "Starting Soft Arm States": [-37.599998474121094, -57.0, 10.0, 10.57176685333252, 26.157615661621094, 35.40446853637695], "Number of Trajectories": 1, "Final Desired Pose": [-0.15744738280773163, 0.12996906042099, -0.3336130976676941, -0.9542900919914246, 0.00042747409315779805, 0.2988817095756531], "Predicted Trajectory 0": [[0.8883778754538307, 0.23931759759419574, 0.5027004307018738, -0.0676129013299942, 0.9767233729362488, -0.2035679966211319], [0.8382385969161987, 0.3634665608406067, 0.37440189719200134, -0.05634094029664993, 0.9400379061698914, -0.33638426661491394], [0.7869636416435242, 0.42871007323265076, 0.32539376616477966, -0.01778997667133808, 0.9871941208839417, -0.15852832794189453], [0.7429316639900208, 0.502604067325592, 0.27527084946632385, 0.057872384786605835, 0.9981455206871033, -0.018870586529374123], [0.6919839978218079, 0.5334884524345398, 0.25655272603034973, 0.16778947412967682, 0.9599617719650269, 0.2243213802576065], [0.6369149684906006, 0.5156400799751282, 0.25513386726379395, 0.24513940513134003, 0.8231453895568848, 0.5121896862983704], [0.5574285984039307, 0.520793080329895, 0.22841553390026093, 0.19581562280654907, 0.7463676333427429, 0.6360750794410706], [0.4742256700992584, 0.517313539981842, 0.21283230185508728, 0.14308176934719086, 0.6251819729804993, 0.7672516107559204], [0.41596412658691406, 0.4874573051929474, 0.23498617112636566, 0.14465242624282837, 0.4133172929286957, 0.8990241289138794], [0.39514803886413574, 0.49867337942123413, 0.2524429261684418, 0.166010320186615, 0.37997618317604065, 0.9099773168563843], [0.39468830823898315, 0.4848325550556183, 0.2734234929084778, 0.09936699271202087, 0.3634525239467621, 0.9262982606887817], [0.3998861312866211, 0.496980756521225, 0.25811275839805603, 0.019071782007813454, 0.45826438069343567, 0.8886113166809082], [0.40578946471214294, 0.516568660736084, 0.2449410855770111, -0.06971251219511032, 0.5507563352584839, 0.8317497372627258], [0.40519243478775024, 0.495858758687973, 0.236196830868721, -0.21387553215026855, 0.4875231981277466, 0.8465095162391663], [0.4102467894554138, 0.5012183785438538, 0.2520909011363983, -0.21026968955993652, 0.5144421458244324, 0.8313458561897278], [0.391314297914505, 0.5151810050010681, 0.23798592388629913, -0.4712068736553192, 0.44679561257362366, 0.7604852318763733], [0.396793007850647, 0.5034489035606384, 0.20820343494415283, -0.5685820579528809, 0.4407607913017273, 0.6945821046829224], [0.39576417207717896, 0.508579432964325, 0.2263067215681076, -0.6880342960357666, 0.3184933066368103, 0.6520512700080872], [0.4096244275569916, 0.5257258415222168, 0.19952020049095154, -0.7742019295692444, 0.35741570591926575, 0.5223650932312012], [0.38684868812561035, 0.49293962121009827, 0.21540676057338715, -0.8365100622177124, 0.17209447920322418, 0.5202252864837646], [0.382718950510025, 0.49942547082901, 0.2295912802219391, -0.8630011677742004, 0.08468116819858551, 0.4980543851852417]], "Control Inputs 0": [[4.967210292816162, 9.98375654220581, 0.6950383961200713, 2.922540307044983, 2.9769870042800903], [4.9431586265563965, 9.686661958694458, 0.6896249294281005, 2.9131808280944824, 2.9248695373535156], [4.949353337287903, 9.935762882232666, 0.6864756166934967, 2.910001516342163, 2.852389097213745], [4.841052889823914, 9.912567138671875, 0.025259702280163762, 2.926777482032776, 0.49053025245666504], [4.800832271575928, 7.537326812744141, 0.01352482009679079, -2.8843489810824394, 0.0008561611175537109], [4.859888553619385, 9.858705997467041, 0.004698451422154903, -2.8609120957553387, 0.002373218536376953], [1.3572382926940918, 9.836944341659546, 0.01187926810234785, 1.5286188125610352, -2.928939152508974], [-0.6129446625709534, 2.491501569747925, 0.0010394608951173722, 2.847552180290222, 0.22160732746124268], [-2.9328814148902893, -9.365745335817337, 0.003401292162016034, 2.59129536151886, -0.9785072207450867], [-2.98488512635231, -9.447232224047184, 0.01265550572425127, -1.7647049725055695, 0.9109371900558472], [-4.901012917980552, -9.777445457875729, 0.010763640515506268, -2.837055802345276, 2.8915282487869263], [-1.0103625059127808, -9.391971006989479, 0.0029582489281892773, -2.8547846786677837, 0.32785141468048096], [-4.785542618483305, -7.126859426498413, 0.007242906745523214, 2.9357775449752808, 0.07187819480895996], [4.729386568069458, -9.337709471583366, 0.011696874909102916, -2.8662605322897434, 1.4638656377792358], [-4.7571625001728535, -9.454703517258167, 0.010538756102323531, -2.685621589422226, 0.8788869380950928], [4.782698750495911, -8.303549587726593, 0.005405968893319368, -1.3315334916114807, -0.0051441192626953125], [-4.762625172734261, -9.538190215826035, 0.01673349980264902, 0.41055893898010254, 2.9093230962753296], [3.0162137746810913, -9.511905945837498, 0.017875136621296403, -1.066963791847229, 0.3372530937194824], [4.752210974693298, -6.238516271114349, 0.3296993017196655, 0.23558557033538818, -0.856233537197113], [-4.9010665994137526, -0.20346999168395996, 0.2529383659362793, -2.4319771975278854, -2.9411121793091297]], "Final Predicted Pose 0": [0.382718950510025, 0.49942547082901, 0.2295912802219391, -0.8630011677742004, 0.08468116819858551, 0.4980543851852417], "Predicted Translation Error 0": "1.162462995567472cm", "Predicted Rotation Error 0": "tensor([0.9724], grad_fn=<DivBackward0>)"}