{"num_updates": "2267", "penalty": "tensor(0., dtype=torch.float64, grad_fn=<AddBackward0>)", "Starting Pose": [0.11965111643075943, 0.1021370217204094, -0.3185345530509949, 0.06595801562070847, 0.8097113966941833, -0.39947664737701416, 0.4247768223285675], "Starting Soft Arm States": [-34.5, 71.0, 10.0, 10.14453125, 7.246609687805176, 35.407779693603516], "Number of Trajectories": 1, "Final Desired Pose": [-0.18219251930713654, 0.13986685872077942, -0.2688325047492981, -0.6802024245262146, 0.5517703294754028, 0.4825703501701355], "Predicted Trajectory 0": [[0.7327589794905964, 0.42393287000988494, 0.29585587942052094, -0.6304283738136292, 0.4461907744407654, 0.6351959109306335], [0.7252947688102722, 0.49248725175857544, 0.27695274353027344, -0.6826895475387573, 0.3921368718147278, 0.6165741682052612], [0.6963309645652771, 0.5296221375465393, 0.2890467643737793, -0.6650857329368591, 0.282238245010376, 0.6913772821426392], [0.6466122269630432, 0.5080792903900146, 0.30349966883659363, -0.6210187077522278, 0.15798474848270416, 0.7677086591720581], [0.5922993421554565, 0.5077427625656128, 0.3315853476524353, -0.5522738099098206, 0.10927453637123108, 0.8264700770378113], [0.543174147605896, 0.4923580288887024, 0.36593300104141235, -0.4735696017742157, 0.06892932206392288, 0.8780550360679626], [0.497573584318161, 0.5075596570968628, 0.3936748802661896, -0.37934619188308716, 0.132878839969635, 0.9156635403633118], [0.45218759775161743, 0.5197890400886536, 0.3901408910751343, -0.407082200050354, 0.17524787783622742, 0.8964219093322754], [0.4334985613822937, 0.5296745896339417, 0.39514926075935364, -0.46893423795700073, 0.1976320743560791, 0.8608380556106567], [0.42815935611724854, 0.5166181325912476, 0.4153009057044983, -0.41046884655952454, 0.23184296488761902, 0.8819093704223633], [0.38617512583732605, 0.52910315990448, 0.4182092249393463, -0.5063275694847107, 0.295144647359848, 0.8102604746818542], [0.3548144996166229, 0.5316106677055359, 0.4320884346961975, -0.5228950381278992, 0.3335622549057007, 0.784421443939209], [0.3541628122329712, 0.5408088564872742, 0.4273378551006317, -0.5725333094596863, 0.3751421272754669, 0.7290226221084595], [0.3640196919441223, 0.5295926928520203, 0.41752880811691284, -0.5949159264564514, 0.3988052010536194, 0.697874903678894], [0.3498983085155487, 0.5515866279602051, 0.42531877756118774, -0.5902175307273865, 0.44955578446388245, 0.6704795956611633], [0.3572612404823303, 0.5357717871665955, 0.42662525177001953, -0.6234566569328308, 0.4451501965522766, 0.6427621245384216], [0.3619915246963501, 0.5513668060302734, 0.4241222143173218, -0.6016728281974792, 0.4975501000881195, 0.624846875667572], [0.3604295253753662, 0.5262327194213867, 0.43353161215782166, -0.6134622097015381, 0.45266956090927124, 0.6471123099327087], [0.3600359559059143, 0.5410940647125244, 0.4060710370540619, -0.6314534544944763, 0.5127694606781006, 0.5816648006439209], [0.34406501054763794, 0.5271254181861877, 0.43664005398750305, -0.6052882075309753, 0.46304062008857727, 0.6474717259407043], [0.35370776057243347, 0.5365405082702637, 0.41634124517440796, -0.628451943397522, 0.5092419385910034, 0.5879801511764526]], "Control Inputs 0": [[4.987887144088745, 5.515925884246826, 0.7000181913375854, 2.952673316001892, 2.8785935640335083], [4.923262000083923, -6.4660316705703735, 0.6982277631759644, 2.9910407066345215, 2.9917792081832886], [4.902477264404297, -7.666865289211273, 0.6884744524955749, 2.9467896223068237, 2.9259896278381348], [4.8041218519210815, -6.156188547611237, 0.6817079424858092, 2.8540931940078735, 2.875149965286255], [4.93687629699707, -3.4696704149246216, 0.02918756306171417, 2.942732334136963, 2.9942911863327026], [4.837360978126526, -1.6071265935897827, 0.00780318547040224, -0.8926554322242737, 2.969878077507019], [4.7795170545578, 0.5267608165740967, 0.008676107600331306, -2.5840270668268204, 2.8398020267486572], [-4.794060252606869, -9.73216312006116, 0.395780336856842, 2.8896270990371704, 2.9414809942245483], [4.7110337018966675, -9.762853067368269, 0.36823272705078125, -2.850357659161091, 2.8288164138793945], [4.207597374916077, -9.434139840304852, 0.29179401993751525, -1.7439799904823303, 2.107595443725586], [2.8041470050811768, -9.427906088531017, 0.23199944794178007, -0.3300402760505676, 2.940887689590454], [-4.9005286116153, -9.528152458369732, 0.008820569142699242, 0.18577587604522705, 1.2124128341674805], [2.629178762435913, -9.49487779289484, 0.011284673959016799, 0.2849307060241699, 2.9320589303970337], [1.7295432090759277, -9.52436525374651, 0.2575736731290817, -0.2280564308166504, 0.6826393604278564], [-4.897118741646409, -9.71663722768426, 0.15811278522014616, 2.936108350753784, 2.939693570137024], [4.9010008573532104, -1.5405738353729248, 0.17914729118347167, 0.18356895446777344, -2.9384218342602253], [-4.906024793162942, -5.6790584325790405, 0.11371812969446181, -2.91793760843575, 0.7675716876983643], [4.786984324455261, -0.39365172386169434, 0.007853221427649259, -0.08070141077041626, -2.8947599306702614], [0.9142565727233887, -4.985722303390503, 0.14313096702098846, 0.008259415626525879, 0.6009260416030884], [-4.88843509927392, -9.426412619650364, 0.0436282280832529, -2.903085820376873, -1.2675477862358093]], "Final Predicted Pose 0": [0.35370776057243347, 0.5365405082702637, 0.41634124517440796, -0.628451943397522, 0.5092419385910034, 0.5879801511764526], "Predicted Translation Error 0": "0.2429726911928005cm", "Predicted Rotation Error 0": "tensor([0.9922], grad_fn=<DivBackward0>)"}