{"num_updates": "525", "penalty": "tensor(0., dtype=torch.float64, grad_fn=<AddBackward0>)", "Starting Pose": [-0.25681090354919434, 0.15558172762393951, -0.25972822308540344, 0.1868419200181961, 0.8612231016159058, -0.3959170877933502, 0.2581367790699005], "Starting Soft Arm States": [22.5, -12.100000381469727, 10.0, 33.15237045288086, 34.79176712036133, 1.6428576707839966], "Number of Trajectories": 1, "Final Desired Pose": [0.05249641463160515, 0.2556997537612915, -0.2790928781032562, -0.6533428430557251, 0.7567075490951538, 0.023170484229922295], "Predicted Trajectory 0": [[0.26133216096751755, 0.5850186025160259, 0.44515727395475907, -0.7969110012054443, 0.5262266397476196, 0.2966788709163666], [0.2627960741519928, 0.6091699600219727, 0.4547373354434967, -0.7952958345413208, 0.5325903296470642, 0.28957217931747437], [0.28565317392349243, 0.5842278599739075, 0.4493941068649292, -0.8304046988487244, 0.46920526027679443, 0.3004571497440338], [0.32618793845176697, 0.6882689595222473, 0.4028828740119934, -0.7068074345588684, 0.6710607409477234, 0.22383181750774384], [0.36062756180763245, 0.7000749111175537, 0.37425151467323303, -0.7011175751686096, 0.6712236404418945, 0.24060945212841034], [0.4133959710597992, 0.7850339412689209, 0.3541071116924286, -0.5770772099494934, 0.7840940356254578, 0.22842618823051453], [0.46166276931762695, 0.7929328680038452, 0.3244696259498596, -0.5850198864936829, 0.7838543653488159, 0.20814411342144012], [0.5274026989936829, 0.8698438405990601, 0.3091089427471161, -0.423279732465744, 0.8900712132453918, 0.16913725435733795], [0.5706221461296082, 0.868800163269043, 0.3065298795700073, -0.3869450092315674, 0.898099422454834, 0.20902399718761444], [0.6195477843284607, 0.9169092178344727, 0.33812394738197327, -0.148851215839386, 0.9523861408233643, 0.26609036326408386], [0.6058725118637085, 0.885966420173645, 0.34043702483177185, -0.27324050664901733, 0.9322264194488525, 0.23726262152194977], [0.6204110980033875, 0.8922591209411621, 0.34447571635246277, -0.28268104791641235, 0.9472922086715698, 0.15076075494289398], [0.6251546740531921, 0.8788515329360962, 0.3662204146385193, -0.33147457242012024, 0.9375834465026855, 0.1051759421825409], [0.605501115322113, 0.859419584274292, 0.37832385301589966, -0.43408289551734924, 0.8955336213111877, 0.09793712198734283], [0.6627594828605652, 0.9105514287948608, 0.4440774917602539, -0.108929842710495, 0.9556834101676941, 0.2735024094581604], [0.6303294897079468, 0.8693087697029114, 0.42370131611824036, -0.3124312460422516, 0.9264969825744629, 0.2097378820180893], [0.6080122590065002, 0.8865723013877869, 0.41366612911224365, -0.32027527689933777, 0.9362392425537109, 0.14449834823608398], [0.60838383436203, 0.8716686367988586, 0.4010498523712158, -0.3439560830593109, 0.9358240365982056, 0.07699144631624222], [0.6369051933288574, 0.8749404549598694, 0.4242124557495117, -0.3905789852142334, 0.9180746078491211, 0.0677282065153122], [0.6481291055679321, 0.8657463788986206, 0.4293562173843384, -0.47071072459220886, 0.8822655081748962, -0.006236746441572905], [0.6436991691589355, 0.8684223294258118, 0.4133075475692749, -0.5237715244293213, 0.8495022654533386, -0.06331856548786163]], "Control Inputs 0": [[-4.169759526848793, -9.753673616796732, 0.4053103446960449, 1.0275081396102905, -2.3002304434776306], [-3.806544542312622, 9.728518724441528, 0.5442886173725128, -0.005171298980712891, 0.10297250747680664], [-4.835036937147379, 9.790655374526978, 0.50879385471344, -1.6096371710300446, 0.2270958423614502], [-4.946326105855405, 9.818273782730103, 0.2930768638849258, 2.1707324981689453, 1.3494722843170166], [-4.960774881765246, 7.227855920791626, 0.23055002391338347, -1.3283082246780396, -0.529880940914154], [-4.830749724060297, 9.805229902267456, 0.12995988577604292, -2.594659835100174, 2.245525360107422], [-3.9347178488969803, 9.811514616012573, 0.16825437247753142, -2.403092086315155, -2.034199208021164], [-4.987188698723912, 9.815164804458618, 0.008631109725683928, 1.588565468788147, -0.5549477934837341], [0.4371368885040283, 1.815880537033081, 0.20231541991233826, 0.33964526653289795, -1.0121487379074097], [-1.289989948272705, -2.2520840167999268, 0.006013532448559999, -0.5749724507331848, 0.016481995582580566], [-4.897917667403817, -9.3303532153368, 0.1216994434595108, -0.4481627941131592, 2.8999253511428833], [3.003748655319214, -4.3707358837127686, 0.006656614225357771, 2.089595675468445, 0.22819340229034424], [-4.895481998100877, 9.801952838897705, 0.11742766052484511, 2.909589171409607, -1.7158882319927216], [0.5882388353347778, -2.5825434923171997, 0.013225110247731209, -1.2313531637191772, -1.8633158504962921], [3.891552686691284, -3.0477023124694824, 0.08254595324397086, 1.2590467929840088, 0.5072343349456787], [2.588719129562378, 2.2544074058532715, 0.06547868698835373, -1.6125305593013763, 0.8162752389907837], [-4.900089660659432, -4.869559407234192, 0.01296467762440443, 0.6446017026901245, 1.2592363357543945], [-4.91629496216774, -9.671467207372189, 0.2570847600698471, 0.698246955871582, 1.1263468265533447], [2.614222764968872, -2.7466416358947754, 0.37658801674842834, 0.2733128070831299, 0.9938267469406128], [-4.1189054399728775, -2.118733525276184, 0.10633898675441741, -2.9382974579930305, -0.3417205810546875]], "Final Predicted Pose 0": [0.6436991691589355, 0.8684223294258118, 0.4133075475692749, -0.5237715244293213, 0.8495022654533386, -0.06331856548786163], "Predicted Translation Error 0": "0.9966351746413334cm", "Predicted Rotation Error 0": "tensor([0.9836], grad_fn=<DivBackward0>)"}