{"num_updates": "406", "penalty": "tensor(0., dtype=torch.float64, grad_fn=<AddBackward0>)", "Starting Pose": [-0.12097804248332977, 0.16535307466983795, -0.3086368441581726, -0.17931751906871796, 0.033785849809646606, -0.9550715684890747, -0.23354239761829376], "Starting Soft Arm States": [-2.9000000953674316, 35.400001525878906, 10.0, 17.738740921020508, 35.222312927246094, 28.807144165039062], "Number of Trajectories": 1, "Final Desired Pose": [-0.2087605595588684, 0.2284982055425644, -0.2678280174732208, -0.477222204208374, 0.4941368103027344, 0.7266964912414551], "Predicted Trajectory 0": [[0.431429674513712, 0.6144700621105729, 0.320984836477643, -0.8266063332557678, -0.45821619033813477, 0.3267412781715393], [0.41836875677108765, 0.6548905968666077, 0.34456348419189453, -0.8670770525932312, -0.2855861485004425, 0.40818852186203003], [0.37420517206192017, 0.6838597655296326, 0.3565807044506073, -0.8770069479942322, -0.14977237582206726, 0.45653802156448364], [0.3349253237247467, 0.6853374242782593, 0.3894067108631134, -0.833672285079956, -0.05692477151751518, 0.5493179559707642], [0.3167043626308441, 0.7157451510429382, 0.3970447778701782, -0.8332642912864685, 0.07801420986652374, 0.5473430156707764], [0.3170488476753235, 0.7353689670562744, 0.4039681851863861, -0.7752439379692078, 0.25047892332077026, 0.5798768401145935], [0.321715384721756, 0.7739030718803406, 0.4205337464809418, -0.6553400158882141, 0.4041506052017212, 0.6381158232688904], [0.32372695207595825, 0.7976738810539246, 0.4125639796257019, -0.6297692060470581, 0.490305095911026, 0.6024879813194275], [0.32538530230522156, 0.8073347210884094, 0.41525378823280334, -0.5942395329475403, 0.5262799859046936, 0.608201265335083], [0.31367480754852295, 0.7883650064468384, 0.4097541272640228, -0.6655620336532593, 0.4573352336883545, 0.5898064374923706], [0.30337268114089966, 0.7851272225379944, 0.39179447293281555, -0.7385801672935486, 0.39821454882621765, 0.543989360332489], [0.30917444825172424, 0.8112626075744629, 0.40450578927993774, -0.656674325466156, 0.4751119911670685, 0.5857024192810059], [0.3183581233024597, 0.8287578225135803, 0.4104463756084442, -0.5965214967727661, 0.5464501976966858, 0.5878386497497559], [0.29766252636909485, 0.7970322370529175, 0.39385703206062317, -0.712530255317688, 0.4684099853038788, 0.5223913192749023], [0.3031015992164612, 0.8092745542526245, 0.40990501642227173, -0.6372191905975342, 0.5073687434196472, 0.5801109075546265], [0.3200696110725403, 0.819691002368927, 0.41762375831604004, -0.5849586129188538, 0.5466485023498535, 0.5991650819778442], [0.313821017742157, 0.8051499724388123, 0.4237014055252075, -0.6443555355072021, 0.48913708329200745, 0.5878358483314514], [0.3064734637737274, 0.7991456389427185, 0.42431843280792236, -0.6570094227790833, 0.4499088525772095, 0.6049137115478516], [0.33111336827278137, 0.8362317085266113, 0.4122416377067566, -0.620238721370697, 0.5533665418624878, 0.555958092212677], [0.3180941343307495, 0.7906696200370789, 0.42798173427581787, -0.6572450399398804, 0.42898422479629517, 0.6196785569190979], [0.3261791169643402, 0.803755521774292, 0.43302300572395325, -0.6413816809654236, 0.4599910080432892, 0.614034116268158]], "Control Inputs 0": [[4.915601015090942, 7.236250638961792, 0.0020088498713448644, -0.4556812047958374, 2.9332906007766724], [4.805579781532288, 2.404036521911621, 0.4888260662555694, 1.2548918724060059, 2.9405465126037598], [0.7571154832839966, 0.1577603816986084, 0.006397660169750452, -0.5055170059204102, 2.8652215003967285], [-0.2660474181175232, 5.853711366653442, 0.4108982980251312, -0.6029019355773926, 2.30933153629303], [0.01295626163482666, 9.58054780960083, 0.21425265073776245, 2.951111912727356, 2.2280842065811157], [0.16865074634552002, 9.636601209640503, 0.006110017467290163, -0.5681562423706055, 0.6373504400253296], [0.8665984869003296, 9.602696895599365, 0.2135350316762924, -0.12004941701889038, -2.1618788838386536], [-2.7929605543613434, -4.1935402154922485, 0.5217204272747039, 2.4856842756271362, 0.9454271793365479], [-1.6982650756835938, -3.507685661315918, 0.4410439729690551, -1.6339244842529297, -2.589339002966881], [1.1666089296340942, 5.582453012466431, 0.5334484159946441, -0.4891964793205261, -0.3042685389518738], [1.1434376239776611, 9.690582752227783, 0.427225399017334, 0.7550622224807739, 1.4428421258926392], [-0.87289959192276, -4.371588826179504, 0.16409415751695633, -1.7602939903736115, -2.4079025387763977], [1.5487271547317505, -1.0851174592971802, 0.21222717463970184, 0.2464524507522583, 1.067322850227356], [-2.5748689472675323, 0.3087437152862549, 0.40313631296157837, 2.944191813468933, 2.0455892086029053], [-2.4742794036865234, -6.936376094818115, 0.4651139914989471, 2.944313406944275, 1.4944489002227783], [2.6958543062210083, -2.633766531944275, 0.001655221846885979, 1.0572445392608643, -2.2900328636169434], [-1.7789289355278015, 5.964548587799072, 0.5009235560894012, -2.3721423894166946, 0.02767932415008545], [-0.4847818613052368, -3.3253568410873413, 0.20989267528057098, 2.938764452934265, -2.129405200481415], [1.7618834972381592, 3.659539222717285, 0.3853113055229187, 2.9396660327911377, -2.9601074382662773], [-4.9877591105178, -1.3798099756240845, 0.23965120017528532, -1.2077314853668213, -2.1275970339775085]], "Final Predicted Pose 0": [0.3261791169643402, 0.803755521774292, 0.43302300572395325, -0.6413816809654236, 0.4599910080432892, 0.614034116268158], "Predicted Translation Error 0": "0.5008448487270156cm", "Predicted Rotation Error 0": "tensor([0.9796], grad_fn=<DivBackward0>)"}