{"num_updates": "1194", "penalty": "tensor(0., dtype=torch.float64, grad_fn=<AddBackward0>)", "Starting Pose": [-0.004668569657951593, 0.19818484783172607, -0.34490296244621277, -0.390919953584671, -0.45409151911735535, -0.22420701384544373, -0.7685790657997131], "Starting Soft Arm States": [-2.9000000953674316, 86.0, 10.0, 16.811405181884766, 35.05340576171875, 10.57176685333252], "Number of Trajectories": 1, "Final Desired Pose": [-0.2865540385246277, 0.06326935440301895, -0.2699086666107178, -0.5279637575149536, -0.725439190864563, 0.44157925248146057], "Predicted Trajectory 0": [[0.577078908242746, 0.7134271082734721, 0.22891002007750036, 0.4870642423629761, 0.010385235771536827, 0.8733043670654297], [0.4862745702266693, 0.7459757328033447, 0.19602926075458527, 0.09649472683668137, -0.11600051075220108, 0.9885507822036743], [0.3788614571094513, 0.7356498837471008, 0.17752256989479065, -0.23325428366661072, -0.3418407738208771, 0.9103501439094543], [0.2821759283542633, 0.6977893114089966, 0.2326197326183319, -0.32611197233200073, -0.4435691833496094, 0.8348038196563721], [0.2403823584318161, 0.7014946937561035, 0.24189743399620056, -0.28193050622940063, -0.5011049509048462, 0.8181741237640381], [0.17792293429374695, 0.6155174970626831, 0.33125123381614685, -0.24105921387672424, -0.6076295375823975, 0.7567541003227234], [0.15044455230236053, 0.5933745503425598, 0.4297677278518677, -0.1571783572435379, -0.6101202368736267, 0.7765617966651917], [0.15120336413383484, 0.532843828201294, 0.5039158463478088, -0.09008646011352539, -0.6445903182029724, 0.7592020034790039], [0.1836964339017868, 0.4843290448188782, 0.4846152067184448, -0.000682576559484005, -0.6933878064155579, 0.7205642461776733], [0.18899628520011902, 0.4258543848991394, 0.4547956883907318, -0.00854945182800293, -0.744491696357727, 0.6675769090652466], [0.1799691766500473, 0.405789315700531, 0.4663131535053253, -0.10920796543359756, -0.7147253155708313, 0.6908266544342041], [0.21275107562541962, 0.3725484013557434, 0.3895297050476074, -0.08317455649375916, -0.807309627532959, 0.5842372179031372], [0.219025120139122, 0.41744399070739746, 0.33578383922576904, -0.29173243045806885, -0.8091450333595276, 0.5100749135017395], [0.20310014486312866, 0.34820783138275146, 0.3473082482814789, -0.22490303218364716, -0.8399987816810608, 0.4937819838523865], [0.19361399114131927, 0.3643991947174072, 0.360804945230484, -0.3055354654788971, -0.8101977109909058, 0.5002277493476868], [0.22229929268360138, 0.3503572642803192, 0.3637377917766571, -0.17921079695224762, -0.8037371039390564, 0.5673537850379944], [0.23082289099693298, 0.33098092675209045, 0.37308767437934875, -0.10564058274030685, -0.8029112219810486, 0.5866631269454956], [0.23060086369514465, 0.3042287230491638, 0.39911898970603943, -0.03539412096142769, -0.7739180326461792, 0.6322958469390869], [0.22890658676624298, 0.4090326130390167, 0.38679221272468567, -0.23386330902576447, -0.6493923664093018, 0.7236003875732422], [0.21787449717521667, 0.3085370659828186, 0.3917251527309418, -0.15590845048427582, -0.7436445951461792, 0.6501424908638], [0.21105872094631195, 0.34048551321029663, 0.39846324920654297, -0.30619868636131287, -0.6881459951400757, 0.6577974557876587]], "Control Inputs 0": [[4.967384338378906, 3.2656610012054443, 0.6990811705589294, -2.909795058891177, -2.992058345116675], [4.917961359024048, -9.760260563343763, 0.6978322267532349, 2.8805497884750366, -2.9929267801344395], [-2.30855256319046, -9.957253891043365, 0.09554837346076965, 2.9806054830551147, -2.9657881585881114], [4.88880455493927, -9.813922438770533, 0.6214642405509948, 2.92739474773407, -2.9846511259675026], [4.876577258110046, -9.608932957053185, 0.34121936261653896, 2.9479905366897583, -2.9883717361371964], [4.781795144081116, -9.881228860467672, 0.020044813491404054, 2.8652429580688477, -2.981240329798311], [-4.911762559786439, -9.935052767395973, 0.058792848885059354, 1.6042749881744385, -2.967579949647188], [-4.8792459443211555, -9.802312403917313, 0.5408298850059509, -2.8494417406618595, -2.937816822901368], [4.924135208129883, -9.532953388988972, 0.32869829833507536, -2.964680495671928, -2.9705494791269302], [-4.840343538671732, -9.769999012351036, 0.3921942234039306, -2.874820366501808, -2.9191199708729982], [-4.8747707065194845, 9.668190479278564, 0.2981887131929397, -2.929067049175501, -2.9951708482112736], [4.916170239448547, -9.605786092579365, 0.0002973702095914632, -2.8744716681540012, -2.962758765555918], [4.816789031028748, -9.537362977862358, 0.042321421951055524, -2.997365710849408, -2.989841479808092], [-4.903597068041563, -9.538899920880795, 0.30001239478588104, 2.937723398208618, 2.9192694425582886], [-4.890947677195072, -9.747572969645262, 0.33578140437602993, 2.9369884729385376, 2.9261155128479004], [4.9063509702682495, -9.666395038366318, 0.003504443122074008, 2.932886481285095, -2.981871244031936], [-4.9039082787930965, 9.499938488006592, 0.3834552466869354, -1.7912611663341522, 2.85919725894928], [4.8191773891448975, -9.706109073013067, 0.004414652800187468, -2.9729527747258544, -2.8996920324862003], [4.899241924285889, -9.727541264146566, 0.5048497974872589, -2.9913707901723683, -2.971183986403048], [-4.8667811788618565, -9.599198549985886, 0.25608200430870054, -2.927222181111574, -2.879121333360672]], "Final Predicted Pose 0": [0.21105872094631195, 0.34048551321029663, 0.39846324920654297, -0.30619868636131287, -0.6881459951400757, 0.6577974557876587], "Predicted Translation Error 0": "1.7340125701578273cm", "Predicted Rotation Error 0": "tensor([0.9513], grad_fn=<DivBackward0>)"}