{"num_updates": "8786", "penalty": "tensor(0., dtype=torch.float64, grad_fn=<AddBackward0>)", "Starting Pose": [0.2327781468629837, 0.29326343536376953, -0.20933382213115692, 0.27345505356788635, 0.8431718945503235, 0.023194054141640663, 0.4623262584209442], "Starting Soft Arm States": [-43.29999923706055, -60.0, 15.0, 17.4406681060791, 3.3551151752471924, 35.553504943847656], "Number of Trajectories": 1, "Final Desired Pose": [0.2478276640176773, 0.16174134612083435, -0.19104431569576263, 0.9292730093002319, -0.21774889528751373, -0.2983909249305725], "Predicted Trajectory 0": [[0.8744229806784636, 1.0, 0.5731019075271813, -0.4229535460472107, 0.43969276547431946, 0.792326033115387], [0.8453731536865234, 0.9249140620231628, 0.5753933787345886, -0.6959608197212219, 0.02622278407216072, 0.7176008224487305], [0.8376042246818542, 0.9246445298194885, 0.5710908770561218, -0.7566857933998108, -0.24456515908241272, 0.6063122749328613], [0.8151653409004211, 0.9054394960403442, 0.561333954334259, -0.7364794015884399, -0.4609762132167816, 0.4950747489929199], [0.8033957481384277, 0.9022629857063293, 0.5544382929801941, -0.7132714986801147, -0.618241548538208, 0.3301834762096405], [0.794084906578064, 0.8829800486564636, 0.5532131791114807, -0.6249861717224121, -0.7341055870056152, 0.26548293232917786], [0.786456823348999, 0.8794674873352051, 0.5546078681945801, -0.6002567410469055, -0.7646083235740662, 0.23466160893440247], [0.7871958613395691, 0.8722966313362122, 0.545164167881012, -0.5831684470176697, -0.7945102453231812, 0.16931667923927307], [0.7973425388336182, 0.8607751131057739, 0.5573870539665222, -0.5101524591445923, -0.846701979637146, 0.15112978219985962], [0.8151779174804688, 0.8487671613693237, 0.5820183753967285, -0.4247068166732788, -0.8810415267944336, 0.2083025425672531], [0.8116267323493958, 0.8511421084403992, 0.5780430436134338, -0.4234248399734497, -0.8886111378669739, 0.17629969120025635], [0.8210499882698059, 0.8269549608230591, 0.6041036248207092, -0.26162028312683105, -0.930077314376831, 0.2578972578048706], [0.8097949624061584, 0.8409112691879272, 0.6060740351676941, -0.2782720625400543, -0.9172453284263611, 0.2850012481212616], [0.7960703372955322, 0.8087244033813477, 0.6032278537750244, -0.11017430573701859, -0.929196298122406, 0.3527830243110657], [0.7785688042640686, 0.8125962018966675, 0.5882422924041748, 0.08009342104196548, -0.8704284429550171, 0.48573586344718933], [0.7600967884063721, 0.784776508808136, 0.5789110660552979, 0.21861805021762848, -0.8165275454521179, 0.5343115329742432], [0.7394439578056335, 0.7752367854118347, 0.5774053335189819, 0.29503315687179565, -0.7866144776344299, 0.5423956513404846], [0.7237917184829712, 0.7248068451881409, 0.5879802107810974, 0.34071919322013855, -0.8382522463798523, 0.42572730779647827], [0.7239578366279602, 0.7395636439323425, 0.5933033227920532, 0.42498278617858887, -0.8011393547058105, 0.42138490080833435], [0.7529887557029724, 0.6753784418106079, 0.6169644594192505, 0.455811083316803, -0.866068422794342, 0.20533309876918793], [0.7851570248603821, 0.6864362955093384, 0.6515489220619202, 0.5811355113983154, -0.7995193600654602, 0.15182343125343323]], "Control Inputs 0": [[0.37169694900512695, 9.823919534683228, 0.2612464874982834, -1.3781002163887024, -1.3985867500305176], [0.9448373317718506, 9.77779746055603, 0.46069620847702025, 0.5939458608627319, 0.7949559688568115], [-1.7239519953727722, 9.817641973495483, 0.023193350434303282, -2.2542850971221924, -1.0433902144432068], [0.3076517581939697, 9.923374652862549, 0.22793443500995633, -2.665833279490471, -1.0039159655570984], [1.9505256414413452, 9.753779172897339, 0.00459367879666388, 1.6084803342819214, 0.17947304248809814], [1.3418203592300415, 9.823570251464844, 0.0033390003256499766, -2.577092707157135, 0.4266178607940674], [-0.8199912309646606, 9.944580793380737, 0.0041933288797736164, -1.4334161281585693, -0.599794864654541], [-3.97842638194561, 9.754446744918823, 0.0022183682303875685, 2.939008355140686, 1.9752037525177002], [2.405356764793396, 9.790568351745605, 0.00021343337721191347, -1.1750153303146362, -0.6208090782165527], [-2.4939602613449097, 9.905850887298584, 0.0018795604351907968, 0.8179492950439453, -0.11122924089431763], [4.493688941001892, 9.99495267868042, 0.0015392743982374666, 1.7533049583435059, 1.958670973777771], [4.853597283363342, 8.213422298431396, 0.0006064929300919175, 0.6685963869094849, -1.1665946245193481], [4.910300970077515, -9.727367125451565, 0.0014599956572055816, 2.9727190732955933, 2.9978374242782593], [4.9293965101242065, -9.93268359452486, 0.000251812269561924, 2.9728070497512817, 2.9516433477401733], [4.993480443954468, -9.934605229645967, 0.0022136091720312834, 2.9761980772018433, 2.935452461242676], [4.381290674209595, 9.062076807022095, 6.284125702222809e-05, 2.9635101556777954, -1.3070277571678162], [3.9070624113082886, -9.816340208053589, 0.0016171567142009733, 2.7560724020004272, 2.9393402338027954], [-4.86544506624341, 9.405851364135742, 0.0006382629042491316, 2.9689654111862183, -2.947342151775956], [-4.799227956682444, -9.700685068964958, -6.364796172420028e-06, 2.495058059692383, -2.948347555473447], [-4.823594614863396, -9.822430238127708, 0.002338767680339515, 0.07114112377166748, 0.1806575059890747]], "Final Predicted Pose 0": [0.7851570248603821, 0.6864362955093384, 0.6515489220619202, 0.5811355113983154, -0.7995193600654602, 0.15182343125343323], "Predicted Translation Error 0": "9.14773242162356cm", "Predicted Rotation Error 0": "tensor([0.6688], grad_fn=<DivBackward0>)"}