{"num_updates": "228", "penalty": "tensor(0., dtype=torch.float64, grad_fn=<AddBackward0>)", "Starting Pose": [-0.18206624686717987, 0.06808094680309296, -0.2208472639322281, 0.7406699657440186, -0.13146771490573883, 0.6568422913551331, -0.05179214850068092], "Starting Soft Arm States": [14.0, 16.399999618530273, 10.0, 34.3612174987793, 26.876300811767578, 35.40115737915039], "Number of Trajectories": 1, "Final Desired Pose": [-0.15744738280773163, 0.12996906042099, -0.3336130976676941, -0.9542900919914246, 0.00042747409315779805, 0.2988817095756531], "Predicted Trajectory 0": [[0.3549316048186614, 0.32128570072351464, 0.5438708210472987, 0.10254886746406555, -0.12670983374118805, 0.9866247177124023], [0.34426987171173096, 0.3511282205581665, 0.5317205190658569, 0.08496247977018356, -0.09016378223896027, 0.9922962188720703], [0.3642321825027466, 0.40939897298812866, 0.5118839144706726, 0.028099652379751205, 0.019535260275006294, 0.9994142651557922], [0.3826378583908081, 0.44235676527023315, 0.4525992274284363, -0.09844838082790375, 0.1510738879442215, 0.9836080074310303], [0.4053419232368469, 0.4566514194011688, 0.41157734394073486, -0.163082554936409, 0.20854981243610382, 0.9643189907073975], [0.41282936930656433, 0.4890405237674713, 0.3703240156173706, -0.2814795672893524, 0.29112809896469116, 0.9143377542495728], [0.40965408086776733, 0.5080119967460632, 0.34117063879966736, -0.33653348684310913, 0.2854224741458893, 0.8973734974861145], [0.396960973739624, 0.5171812176704407, 0.3093034625053406, -0.4691612124443054, 0.21685737371444702, 0.8560727834701538], [0.4020026922225952, 0.5223661661148071, 0.28477364778518677, -0.58686763048172, 0.16788946092128754, 0.792085587978363], [0.40077918767929077, 0.5074358582496643, 0.27174943685531616, -0.64152592420578, 0.12577685713768005, 0.756719708442688], [0.3889971673488617, 0.4825904369354248, 0.2473967969417572, -0.7585160732269287, -0.015501338988542557, 0.651469886302948], [0.38275015354156494, 0.513355553150177, 0.23705938458442688, -0.7762423157691956, -0.007960469461977482, 0.6303844451904297], [0.3808892071247101, 0.5428408980369568, 0.2528761923313141, -0.7854999899864197, -0.0026998212561011314, 0.6188557744026184], [0.38445010781288147, 0.5121925473213196, 0.23115119338035583, -0.8347954154014587, -0.1042071133852005, 0.5406084656715393], [0.38069865107536316, 0.529325008392334, 0.24977780878543854, -0.8120326399803162, -0.08117924630641937, 0.5779384970664978], [0.3888990879058838, 0.5113093852996826, 0.2554354667663574, -0.806524395942688, -0.11757475137710571, 0.5793914794921875], [0.3849676847457886, 0.5023342370986938, 0.2568748891353607, -0.7992374897003174, -0.13540036976337433, 0.5855648517608643], [0.37799277901649475, 0.498832106590271, 0.26023927330970764, -0.8203773498535156, -0.15285785496234894, 0.551013171672821], [0.4010455906391144, 0.535847544670105, 0.2310287058353424, -0.8889968991279602, -0.02573448047041893, 0.45718955993652344], [0.38946211338043213, 0.48592710494995117, 0.238432377576828, -0.8638710379600525, -0.17274048924446106, 0.47316765785217285], [0.38448745012283325, 0.5109848380088806, 0.24529029428958893, -0.8892933130264282, -0.11524319648742676, 0.44257915019989014]], "Control Inputs 0": [[-4.839145764708519, 9.560681581497192, 0.18075159192085266, -2.991457116091624, 2.9551963806152344], [-4.872455382719636, 4.1355061531066895, 0.6983024060726165, -2.952331541106105, 2.960894823074341], [-4.908671211451292, -2.3245376348495483, 0.007837161887437105, -2.9394078198820353, 1.8577076196670532], [-4.317583441734314, 0.7519960403442383, 0.4632452070713043, -2.943510627374053, 0.9840556383132935], [-2.1078109741210938, 4.66425895690918, 0.2371558368206024, -0.4062296748161316, 0.3525867462158203], [0.46689391136169434, 5.649067163467407, 0.007324147131294012, -2.9465601090341806, -1.0001294016838074], [-1.0932478308677673, 5.378763675689697, 0.15511852651834487, -2.974158100783825, -1.7450333833694458], [-3.487545996904373, -8.503104895353317, 0.4960574150085449, 1.447746992111206, 1.5158597230911255], [1.6780531406402588, -7.668608725070953, 0.3666219592094421, -2.938964031636715, -1.2074639797210693], [-1.7937052249908447, 3.2584404945373535, 0.3832078278064728, -0.5877190232276917, -1.5069529116153717], [2.8697776794433594, 9.78521466255188, 0.30267994999885556, 1.084692120552063, -0.3812609910964966], [-1.9248056411743164, -1.1456674337387085, 0.005357208428904414, -1.3378955125808716, -1.1531685590744019], [1.0664814710617065, 0.9688186645507812, 0.15422233194112778, 0.6177964210510254, -0.43234527111053467], [-0.054580867290496826, -2.4552029371261597, 0.25011478662490844, 0.7170542478561401, 0.9525153636932373], [-3.909706324338913, -6.272707879543304, 0.29842451214790344, 1.3417603969573975, 1.853717565536499], [4.902717471122742, -0.6248009204864502, 0.0048114490695297715, -0.5662297010421753, -1.4067167043685913], [-4.893353991210461, 5.169264078140259, 0.4238878726959228, -2.9375583808869123, 0.5024764537811279], [0.0923532247543335, -3.617349863052368, 0.018941148743033407, 0.0522233247756958, -0.39358609914779663], [4.178912043571472, 2.3476099967956543, 0.41812806129455565, 0.07245934009552002, -1.5785033404827118], [-4.932115683332086, 1.358652114868164, 0.22708724439144132, -2.942167254164815, -0.6106179356575012]], "Final Predicted Pose 0": [0.38448745012283325, 0.5109848380088806, 0.24529029428958893, -0.8892933130264282, -0.11524319648742676, 0.44257915019989014], "Predicted Translation Error 0": "0.5054000757381045cm", "Predicted Rotation Error 0": "tensor([0.9809], grad_fn=<DivBackward0>)"}