{"num_updates": "3274", "penalty": "tensor(0., dtype=torch.float64, grad_fn=<AddBackward0>)", "Starting Pose": [-0.1367742419242859, 0.1316356658935547, -0.2777365446090698, 0.4063967168331146, -0.8704692125320435, 0.14437323808670044, -0.2372371256351471], "Starting Soft Arm States": [2.700000047683716, -15.0, 10.0, 31.132104873657227, 13.58891773223877, 35.40446853637695], "Number of Trajectories": 1, "Final Desired Pose": [0.1754147708415985, 0.08342353999614716, -0.2980204224586487, -0.8139961361885071, 0.5670263767242432, -0.12606105208396912], "Predicted Trajectory 0": [[0.41164878918668085, 0.5128436540479958, 0.39943655786386356, -0.5571205019950867, -0.6390102505683899, 0.5303608179092407], [0.39908966422080994, 0.4755568504333496, 0.4112550616264343, -0.5448365211486816, -0.710646390914917, 0.44512346386909485], [0.42432528734207153, 0.46370622515678406, 0.38983774185180664, -0.5958234071731567, -0.7474594116210938, 0.2937668263912201], [0.46642568707466125, 0.37050607800483704, 0.3431161046028137, -0.502444326877594, -0.8523735404014587, 0.14494477212429047], [0.498035192489624, 0.3403266668319702, 0.3170577883720398, -0.5100713968276978, -0.8589205741882324, 0.04563514515757561], [0.5489364862442017, 0.3169635534286499, 0.3362555205821991, -0.4044833183288574, -0.9133670926094055, 0.0464102067053318], [0.5790497660636902, 0.3768133819103241, 0.33482426404953003, -0.5792471170425415, -0.8146074414253235, 0.029792634770274162], [0.6307092308998108, 0.29711759090423584, 0.34656834602355957, -0.3909101188182831, -0.9197350740432739, 0.03573006018996239], [0.6565496921539307, 0.4152202308177948, 0.3620317578315735, -0.6798756122589111, -0.7332178950309753, 0.01267434936016798], [0.7093245387077332, 0.30075740814208984, 0.38439157605171204, -0.4636646807193756, -0.8758910298347473, 0.13352860510349274], [0.7182564735412598, 0.36289700865745544, 0.3799118995666504, -0.6651395559310913, -0.7457287907600403, 0.038445353507995605], [0.7358461022377014, 0.43489423394203186, 0.3635771572589874, -0.7818566560745239, -0.6223687529563904, -0.03684206306934357], [0.7522372007369995, 0.36549389362335205, 0.3658105432987213, -0.7418197989463806, -0.6702467799186707, 0.0217426847666502], [0.7740192413330078, 0.30105602741241455, 0.3619268834590912, -0.6908016800880432, -0.7115790247917175, -0.12825055420398712], [0.7674803137779236, 0.4373565912246704, 0.363837867975235, -0.9013241529464722, -0.4094697833061218, -0.14124177396297455], [0.7909091711044312, 0.24347235262393951, 0.3800889253616333, -0.6563430428504944, -0.7480921745300293, -0.09783587604761124], [0.7484708428382874, 0.4425777792930603, 0.3679375946521759, -0.9671163558959961, -0.2280111461877823, -0.11268102377653122], [0.7740488648414612, 0.24779045581817627, 0.3625829219818115, -0.7518806457519531, -0.6465644836425781, -0.12895667552947998], [0.7775022387504578, 0.4606039822101593, 0.3542996942996979, -0.9705360531806946, -0.045354027301073074, -0.2366490662097931], [0.7872614860534668, 0.27848565578460693, 0.3773418962955475, -0.8473054766654968, -0.511509120464325, -0.14294016361236572], [0.7747448682785034, 0.4923419654369354, 0.3602188527584076, -0.9702901840209961, 0.12775498628616333, -0.2054644674062729]], "Control Inputs 0": [[-4.995808842068072, 9.634071588516235, 0.6930277943611145, -2.4491816014051437, -2.919224264100194], [-4.954062630422413, -9.962327517569065, 0.5382677853107452, -1.1126536130905151, -2.9775841017253697], [-4.933033091947436, -9.962006993591785, 0.13729300796985625, -2.674809604883194, -2.9343766272068024], [-4.889705628156662, -9.781985823065042, 0.682817655801773, -2.949387637898326, 2.764780640602112], [-4.849713258445263, 9.868842363357544, 0.29726147651672363, 0.5417153835296631, 2.6274383068084717], [-4.902464151382446, -9.973666681908071, 0.06335167214274406, -2.9668285846710205, 2.619824767112732], [-4.793282803148031, 9.75222110748291, 0.24530782997608183, -2.875585298985243, 2.791868805885315], [-4.834342692047358, -9.883439224213362, 0.6053563117980957, -0.5443330407142639, 2.9435473680496216], [-0.8287355303764343, -9.798209797590971, 0.3310397446155548, -2.9068139288574457, 2.631298542022705], [-3.747527152299881, 9.515751600265503, 0.5245262324810028, -2.629069335758686, 2.9459152221679688], [-0.3815940022468567, -9.840391036123037, 0.35027933716773985, -0.5479162931442261, 2.8162068128585815], [-2.1251529455184937, -9.894610494375229, 0.031359078362584114, -2.7234197929501534, -2.8179785571992397], [-0.01842886209487915, 8.1221342086792, 0.20991086661815642, -0.023822128772735596, 2.978518009185791], [-0.980851948261261, -9.968437880743295, 0.02706060819327831, 0.8659297227859497, -2.86965049803257], [2.7438998222351074, 8.525947332382202, 0.4045355439186096, 1.7794471979141235, 2.977031707763672], [4.693626761436462, -9.809467699378729, 0.006710954848676919, 0.23680830001831055, -2.9547147871926427], [-4.778250213712454, 9.846751689910889, 0.008336076140403747, -2.586836501955986, 2.910322666168213], [-0.8145418763160706, -9.83264122158289, 0.008308470342308283, 1.0244622230529785, 1.9392836093902588], [-1.629386842250824, 9.206781387329102, 0.2602511793375015, 1.236263394355774, 2.9963032007217407], [4.6944499015808105, -9.947975208051503, 0.34691573381423946, -2.241883009672165, -2.940748533234]], "Final Predicted Pose 0": [0.7747448682785034, 0.4923419654369354, 0.3602188527584076, -0.9702901840209961, 0.12775498628616333, -0.2054644674062729], "Predicted Translation Error 0": "4.72504937669948cm", "Predicted Rotation Error 0": "tensor([0.8882], grad_fn=<DivBackward0>)"}