{"num_updates": "4575", "penalty": "tensor(0., dtype=torch.float64, grad_fn=<AddBackward0>)", "Starting Pose": [-0.2769397795200348, 0.16670307517051697, -0.21660561859607697, -0.5515919923782349, -0.79735267162323, -0.09552469849586487, -0.22549942135810852], "Starting Soft Arm States": [25.799999237060547, 36.900001525878906, 10.0, 31.97001838684082, 35.0931510925293, 15.993364334106445], "Number of Trajectories": 1, "Final Desired Pose": [-0.44186413288116455, 0.173950657248497, -0.22099637985229492, -0.9401527643203735, -0.18310882151126862, -0.28737419843673706], "Predicted Trajectory 0": [[0.23612565551476491, 0.6185390492227495, 0.5546397903772595, -0.289792537689209, 0.8365451693534851, 0.4649864733219147], [0.2314409762620926, 0.643771767616272, 0.5577802062034607, -0.27464744448661804, 0.8893318772315979, 0.3655920922756195], [0.21649907529354095, 0.6667588949203491, 0.5627280473709106, -0.29113784432411194, 0.9249494075775146, 0.2443505972623825], [0.20411500334739685, 0.6875795125961304, 0.5656408667564392, -0.31331953406333923, 0.9407021403312683, 0.13004007935523987], [0.19714224338531494, 0.7073020935058594, 0.5609315037727356, -0.3179905414581299, 0.9476584792137146, 0.028730755671858788], [0.18602143228054047, 0.7295824289321899, 0.5750288367271423, -0.3028557598590851, 0.9512163400650024, -0.05887123569846153], [0.1721246987581253, 0.7461040019989014, 0.591555118560791, -0.32738450169563293, 0.9339703917503357, -0.14324317872524261], [0.1607692986726761, 0.7508523464202881, 0.5951860547065735, -0.37730398774147034, 0.902237594127655, -0.20882780849933624], [0.1661023199558258, 0.7575231790542603, 0.5914851427078247, -0.3629162013530731, 0.886313259601593, -0.2876468002796173], [0.15699230134487152, 0.7470705509185791, 0.5722540616989136, -0.45277857780456543, 0.78793865442276, -0.41730600595474243], [0.13737830519676208, 0.7282412648200989, 0.5941887497901917, -0.5968239307403564, 0.7000940442085266, -0.3920069932937622], [0.13170970976352692, 0.7314538359642029, 0.5796746015548706, -0.5605208277702332, 0.6545777320861816, -0.5072911977767944], [0.10493635386228561, 0.699249267578125, 0.6158201098442078, -0.7174261808395386, 0.5613154172897339, -0.4125831127166748], [0.10518597811460495, 0.7033812999725342, 0.570381224155426, -0.629389226436615, 0.5287072658538818, -0.5695066452026367], [0.08304202556610107, 0.6975207924842834, 0.6088195443153381, -0.7116122245788574, 0.4955422282218933, -0.49804216623306274], [0.08842756599187851, 0.6894844770431519, 0.5768433809280396, -0.6468182802200317, 0.43522047996520996, -0.6262661814689636], [0.08232712000608444, 0.6909372210502625, 0.5808871984481812, -0.663190484046936, 0.39764541387557983, -0.6340793967247009], [0.06557979434728622, 0.694736897945404, 0.6071165800094604, -0.7559161186218262, 0.3855922520160675, -0.5290647149085999], [0.0840202197432518, 0.6835429072380066, 0.4958953261375427, -0.6577385067939758, 0.27238452434539795, -0.7022725343704224], [0.06977327167987823, 0.7035257816314697, 0.4914107322692871, -0.6839670538902283, 0.2516600787639618, -0.6847307682037354], [0.06557121872901917, 0.658608615398407, 0.5550140142440796, -0.8325133919715881, 0.0807017832994461, -0.5480954051017761]], "Control Inputs 0": [[1.7712312936782837, 0.9312629699707031, 0.0012341249617747962, -2.521574780344963, 1.3793363571166992], [2.8346312046051025, 2.5261855125427246, 0.01809028908610344, -1.5357167422771454, 1.4019287824630737], [-0.037499070167541504, 2.844010591506958, 0.005069568986073136, -2.950396629050374, 0.14794600009918213], [1.4869052171707153, 4.175910949707031, 0.015519147180020808, -2.951009329408407, -0.8019391894340515], [2.901880145072937, 6.4282286167144775, 0.005377048812806606, 0.6536293029785156, -0.8600061535835266], [1.675850749015808, 7.515923976898193, 0.0016649919329211115, -2.9508985821157694, -1.967862993478775], [-0.8544602990150452, 9.627033472061157, 0.0030612835194915532, -2.846361570060253, -2.9550349563360214], [-3.6774975061416626, -4.535875916481018, 0.3610692620277405, -0.0013273358345031738, 1.1929163932800293], [1.2286967039108276, -2.8359663486480713, 0.46034339666366575, -2.9356143046170473, -0.8159084916114807], [-1.4986205101013184, -0.7452583312988281, 0.5588899612426758, -2.5309912115335464, -1.5455478429794312], [4.100480675697327, -4.6211981773376465, 0.5910768628120422, -0.5432031154632568, 1.238976001739502], [-1.6706457734107971, -6.026690602302551, 0.4780470311641693, -2.8218180499970913, 1.2974714040756226], [3.3146852254867554, -4.09976065158844, 0.3593136310577392, 0.12096226215362549, 2.9318493604660034], [0.6241357326507568, -0.9479916095733643, 0.06362506374716759, 0.7009356021881104, 2.938324213027954], [-2.5815029442310333, -9.418292380869389, 0.01618493292480707, 1.4942243099212646, 2.934662103652954], [4.852714538574219, -1.1191457509994507, 0.0025480938842520114, 0.4848911762237549, -0.15894538164138794], [-3.4087996184825897, 9.691563844680786, 0.6847524881362914, -2.856645628809929, 2.9258530139923096], [0.494958758354187, 9.834851026535034, 0.02402682714164257, 0.07838451862335205, 2.6649277210235596], [3.669760823249817, -9.471839219331741, 0.01849309578537941, 2.9292776584625244, 2.2534536123275757], [-4.90213411860168, -9.537612311542034, 0.04095054976642132, -2.851679854094982, -2.943814493715763]], "Final Predicted Pose 0": [0.06557121872901917, 0.658608615398407, 0.5550140142440796, -0.8325133919715881, 0.0807017832994461, -0.5480954051017761], "Predicted Translation Error 0": "2.9704793320375242cm", "Predicted Rotation Error 0": "tensor([0.9254], grad_fn=<DivBackward0>)"}