{"num_updates": "1991", "penalty": "tensor(0.0002, dtype=torch.float64, grad_fn=<AddBackward0>)", "Starting Pose": [0.010257423855364323, 0.06122927740216255, -0.3528884947299957, 0.05482672154903412, 0.29676634073257446, -0.7441645860671997, 0.5959386229515076], "Starting Soft Arm States": [-9.899999618530273, -42.29999923706055, 10.0, 13.337212562561035, 17.63275909423828, 35.39122009277344], "Number of Trajectories": 1, "Final Desired Pose": [-0.43763598799705505, 0.15057052671909332, -0.07979465276002884, -0.6108846068382263, 0.7245617508888245, 0.3191084861755371], "Predicted Trajectory 0": [[0.5957700729866777, 0.3006343346867921, 0.20863582329010383, -0.28370237350463867, 0.9194942712783813, 0.27210885286331177], [0.5728145241737366, 0.3326025605201721, 0.1800481230020523, -0.3374629318714142, 0.8812573552131653, 0.33091437816619873], [0.5192863345146179, 0.36318644881248474, 0.1867830902338028, -0.2727839946746826, 0.7878128290176392, 0.5522136092185974], [0.4637344777584076, 0.35599270462989807, 0.21197785437107086, -0.26707637310028076, 0.5696561932563782, 0.7772786021232605], [0.3868783116340637, 0.39907243847846985, 0.21923816204071045, -0.18675419688224792, 0.5586416125297546, 0.8081104159355164], [0.31909605860710144, 0.41385844349861145, 0.2644062042236328, -0.17768600583076477, 0.435552716255188, 0.8824519515037537], [0.2828352451324463, 0.37939703464508057, 0.31086984276771545, 0.04438042268157005, 0.2602820098400116, 0.9645121097564697], [0.23799213767051697, 0.44975918531417847, 0.3937685787677765, 0.05642535910010338, 0.3499803841114044, 0.9350560903549194], [0.23352521657943726, 0.435684472322464, 0.44738060235977173, 0.20463351905345917, 0.27083587646484375, 0.9406237602233887], [0.22393108904361725, 0.47650882601737976, 0.5105234980583191, 0.2851552367210388, 0.34328243136405945, 0.8948986530303955], [0.2068423181772232, 0.4791540801525116, 0.5902215242385864, 0.3531874418258667, 0.35206517577171326, 0.8667807579040527], [0.17681068181991577, 0.5206661224365234, 0.665274441242218, 0.3047999143600464, 0.4398038983345032, 0.8447896838188171], [0.1515309363603592, 0.5455331206321716, 0.7156058549880981, 0.19737079739570618, 0.49533572793006897, 0.84598308801651], [0.13434189558029175, 0.5578666925430298, 0.7444212436676025, 0.1671595722436905, 0.5526539087295532, 0.8164749145507812], [0.11633262783288956, 0.5742382407188416, 0.7764211893081665, 0.07020418345928192, 0.5895695090293884, 0.8046609163284302], [0.1093125194311142, 0.5799393653869629, 0.769010066986084, -0.01642899587750435, 0.5921390056610107, 0.8056683540344238], [0.11013420671224594, 0.5777244567871094, 0.7729322910308838, 0.010907961055636406, 0.5770263671875, 0.8166527152061462], [0.08740217238664627, 0.5927419662475586, 0.781661331653595, -0.08978796750307083, 0.6311421394348145, 0.7704529166221619], [0.07671593129634857, 0.5904939770698547, 0.7899466156959534, -0.23670443892478943, 0.6031736135482788, 0.7616775035858154], [0.0729033499956131, 0.6072608828544617, 0.7601853013038635, -0.2805749475955963, 0.6911482214927673, 0.6660268902778625], [0.05775361508131027, 0.6108611226081848, 0.7832912802696228, -0.40532970428466797, 0.6768649220466614, 0.6144604682922363]], "Control Inputs 0": [[4.9629247188568115, 9.977551698684692, 0.0047032424248754975, 2.8663519620895386, 2.9962785243988037], [4.966222047805786, 9.837539196014404, 0.0025868709199130535, 2.931425929069519, -2.974512473680079], [4.982089996337891, 9.974520206451416, 0.005822423659265041, 2.95665442943573, 2.955518960952759], [4.960390329360962, 9.922057390213013, 0.008497210685163736, 2.176620125770569, 2.8313266038894653], [-0.036270320415496826, 6.026231050491333, 0.0021267227828502652, 2.9463640451431274, -2.933498404920101], [4.957937598228455, 4.893896579742432, 0.6876189589500427, 1.7237523794174194, 2.9842586517333984], [0.2567511796951294, -9.756115954369307, 0.6971688270568848, 2.921925902366638, 2.864315629005432], [1.6978776454925537, 6.100220680236816, 0.010974209941923618, -0.15009069442749023, 1.6299015283584595], [2.8273290395736694, -9.895731629803777, 0.009920179564505815, 2.5438560247421265, 2.9833552837371826], [4.9480390548706055, -3.1784534454345703, 0.039341106638312334, -2.087121605873108, 2.9773231744766235], [4.949741959571838, -4.580104947090149, 0.4248812198638916, -2.9425644893199205, 2.930503249168396], [2.6788240671157837, -9.83781024813652, 0.30940502882003784, -2.926372993737459, 2.9553476572036743], [4.210399389266968, -9.87225204706192, 0.3196672588586807, -2.8810260482132435, 2.961521029472351], [1.560857892036438, -9.823497701436281, 0.5912278175354003, -2.9410243313759565, 2.951590418815613], [-2.6126283407211304, 2.5202667713165283, 0.159298674762249, -2.9335508588701487, -2.9370834287256002], [2.3442482948303223, -9.476157948374748, 0.011748386174440384, -2.818482868373394, 2.908571720123291], [4.8929160833358765, -9.764367677271366, 0.309825599193573, -2.8233800679445267, 2.993394613265991], [-1.4505907893180847, -9.249250367283821, 0.0890033408999443, -2.9046823158860207, 2.9935669898986816], [0.6645286083221436, -9.762340802699327, 0.003144362987950444, 1.5723620653152466, 2.9514724016189575], [2.589346766471863, -9.29053321480751, 0.6912074506282806, -2.969662939198315, 2.9502235651016235]], "Final Predicted Pose 0": [0.05775361508131027, 0.6108611226081848, 0.7832912802696228, -0.40532970428466797, 0.6768649220466614, 0.6144604682922363], "Predicted Translation Error 0": "5.199455803410366cm", "Predicted Rotation Error 0": "tensor([0.9341], grad_fn=<DivBackward0>)"}