{"num_updates": "4194", "penalty": "tensor(0.0002, dtype=torch.float64, grad_fn=<AddBackward0>)", "Starting Pose": [0.2021339386701584, -0.03851458802819252, -0.2440410852432251, 0.3358997702598572, -0.7355799674987793, -0.536759614944458, -0.24079561233520508], "Starting Soft Arm States": [-40.599998474121094, 86.0999984741211, 15.600000381469727, 18.059995651245117, 35.066654205322266, 13.678339004516602], "Number of Trajectories": 1, "Final Desired Pose": [0.2414209246635437, 0.24190658330917358, -0.041188642382621765, -0.38984623551368713, 0.6359958052635193, -0.6659799218177795], "Predicted Trajectory 0": [[0.836048587491943, -4.4913043712570146e-10, 0.4849848156064564, -0.6583776473999023, -0.7526610493659973, -0.006346005480736494], [0.898016631603241, 0.05907730013132095, 0.5938544273376465, -0.45998555421829224, -0.8862990140914917, -0.0537339486181736], [0.9224108457565308, 0.05282813310623169, 0.675294816493988, -0.1868859976530075, -0.9684487581253052, -0.1648651659488678], [0.9129277467727661, 0.07355261594057083, 0.7059265971183777, -0.1920246034860611, -0.9469292163848877, -0.25778210163116455], [0.9284468293190002, 0.08274372667074203, 0.7666915059089661, 0.16071084141731262, -0.9653874039649963, -0.2054242491722107], [0.9151029586791992, 0.09145449101924896, 0.7716211676597595, 0.20342442393302917, -0.9270843863487244, -0.31485411524772644], [0.9244860410690308, 0.11703471094369888, 0.8137380480766296, 0.49519607424736023, -0.8416438698768616, -0.21544459462165833], [0.9204664826393127, 0.12347423285245895, 0.8043524026870728, 0.4970760941505432, -0.8050668239593506, -0.32370156049728394], [0.9339277148246765, 0.16076992452144623, 0.8464273810386658, 0.7503644227981567, -0.6467755436897278, -0.1365090012550354], [0.9362119436264038, 0.18482919037342072, 0.8483720421791077, 0.837950587272644, -0.5188562273979187, -0.1691955327987671], [0.9393693804740906, 0.25312668085098267, 0.8728653788566589, 0.9840981960296631, -0.1770278364419937, -0.014558684080839157], [0.9377108812332153, 0.29524847865104675, 0.8619872331619263, 0.9963420033454895, 0.07935698330402374, 0.031702589243650436], [0.9365115165710449, 0.38475117087364197, 0.8666774034500122, 0.912270724773407, 0.4073057770729065, 0.04317512363195419], [0.9424216151237488, 0.487060546875, 0.8815174102783203, 0.7485076785087585, 0.6583590507507324, 0.07937100529670715], [0.9370313286781311, 0.5472315549850464, 0.8736032247543335, 0.6446427702903748, 0.7644799947738647, 0.0024419790133833885], [0.9367029666900635, 0.6095260977745056, 0.8842638731002808, 0.5485861301422119, 0.8325710892677307, -0.07667236030101776], [0.9361879229545593, 0.6706790328025818, 0.8941929936408997, 0.4907592833042145, 0.8529720902442932, -0.17774704098701477], [0.9193079471588135, 0.6580012440681458, 0.865274965763092, 0.3413005471229553, 0.8818312883377075, -0.3254038095474243], [0.9204257130622864, 0.6957167983055115, 0.8767755627632141, 0.40233466029167175, 0.8893800973892212, -0.21709388494491577], [0.9183937907218933, 0.7168912291526794, 0.8905760049819946, 0.2377200573682785, 0.880976140499115, -0.40910929441452026], [0.9063839316368103, 0.7171685695648193, 0.8578552007675171, 0.039906419813632965, 0.8047228455543518, -0.5923078656196594]], "Control Inputs 0": [[-4.349193722009659, -9.880486018955708, 0.00017540454864501951, 2.9937872886657715, -2.980614574626088], [1.4430433511734009, -9.93186289910227, 0.0002948538167402148, 2.947363257408142, -0.6667166948318481], [-1.3769692182540894, -9.884002525359392, 0.00037020115996710956, 2.9563100337982178, -2.984078028704971], [-0.007361471652984619, -9.799764137715101, 0.0006115225376561284, 2.5811365842819214, 0.3776857852935791], [0.36748170852661133, -9.975090743973851, 0.00036145353806205094, 2.959266185760498, -0.22607409954071045], [1.4838987588882446, -9.88322151824832, 0.0004574109450913965, -1.0031797885894775, 2.9744457006454468], [-0.26121795177459717, -9.992705504409969, 0.0004305233247578144, 0.16267740726470947, -0.9736953377723694], [-1.5341976284980774, -9.788298141211271, -2.794134634314105e-05, 2.691662907600403, 2.916358709335327], [0.8340328931808472, -9.807619098573923, 0.0006889946293085813, 0.3263983726501465, -1.1701632142066956], [-0.6247839331626892, -9.867037776857615, 0.0010208392050117254, -0.2650882601737976, 2.921139121055603], [1.4246642589569092, -9.737050887197256, 0.0011074339388869702, 0.2773618698120117, 2.9366923570632935], [-1.2706050276756287, -9.646298326551914, 0.0001465557317715138, -2.2780785262584686, -1.1631558537483215], [0.6279647350311279, -9.830007553100586, 0.0005318366282153874, -0.37518739700317383, 2.9468815326690674], [0.37843048572540283, -9.735001977533102, 0.0008401928469538688, 0.1517472267150879, 2.964809775352478], [-0.6175583600997925, -9.42256972193718, 0.0033345995005220172, 1.8810220956802368, 2.685704469680786], [3.9285558462142944, -4.335721135139465, 1.9696349045261738e-05, -2.5008977204561234, -0.3615286946296692], [-3.4182962775230408, -0.74881911277771, 0.003925597295165062, -2.968025665730238, 0.5402262210845947], [0.011168122291564941, -9.946108791045845, 0.003116290085017681, 2.8190027475357056, -0.4161377549171448], [4.4171833992004395, -9.512317851185799, 0.0020305045647546647, 2.9023797512054443, -2.964555493555963], [-4.106947109103203, 9.762729406356812, 0.04174926318228245, -2.988844094099477, 2.9461913108825684]], "Final Predicted Pose 0": [0.9063839316368103, 0.7171685695648193, 0.8578552007675171, 0.039906419813632965, 0.8047228455543518, -0.5923078656196594], "Predicted Translation Error 0": "7.227805829983631cm", "Predicted Rotation Error 0": "tensor([0.8907], grad_fn=<DivBackward0>)"}