{"num_updates": "1462", "penalty": "tensor(0., dtype=torch.float64, grad_fn=<AddBackward0>)", "Starting Pose": [-0.13639721274375916, 0.08902041614055634, -0.3389351963996887, -0.19324617087841034, 0.7121502161026001, -0.46965664625167847, 0.4846861660480499], "Starting Soft Arm States": [0.5, -74.0, 10.0, 13.860493659973145, 13.804191589355469, 35.40115737915039], "Number of Trajectories": 1, "Final Desired Pose": [-0.021632859483361244, 0.18949289619922638, -0.34639737010002136, -0.8877559304237366, -0.3955775499343872, 0.23538877069950104], "Predicted Trajectory 0": [[0.4121209262353944, 0.3843985890721503, 0.24406137867310487, -0.4554705023765564, 0.18003153800964355, 0.8718573451042175], [0.39501529932022095, 0.4391094446182251, 0.22287428379058838, -0.6518380641937256, 0.2033885270357132, 0.7305752635002136], [0.424834668636322, 0.4420698583126068, 0.19779030978679657, -0.7477449178695679, 0.09323436766862869, 0.6574077010154724], [0.4647221267223358, 0.5027782917022705, 0.1876835823059082, -0.7075728178024292, 0.17567095160484314, 0.6844563484191895], [0.49691081047058105, 0.5337746143341064, 0.18919765949249268, -0.6900439262390137, 0.19848324358463287, 0.6960199475288391], [0.5391724109649658, 0.574908971786499, 0.19241119921207428, -0.683656632900238, 0.2562016248703003, 0.6833550930023193], [0.5604661107063293, 0.6155814528465271, 0.20274163782596588, -0.621306300163269, 0.3210655748844147, 0.7147694230079651], [0.5556657314300537, 0.6541379690170288, 0.2145271748304367, -0.6543715000152588, 0.30322524905204773, 0.6927137970924377], [0.5760868787765503, 0.6705083250999451, 0.2231617420911789, -0.59953373670578, 0.3776133060455322, 0.7056681513786316], [0.5601619482040405, 0.6922969818115234, 0.22619551420211792, -0.6413731575012207, 0.35973986983299255, 0.6776634454727173], [0.557502806186676, 0.6965926885604858, 0.23045970499515533, -0.6595228314399719, 0.3170607089996338, 0.6815439462661743], [0.5515835881233215, 0.6951816082000732, 0.2330632358789444, -0.6994193196296692, 0.26217156648635864, 0.6648899912834167], [0.5451232194900513, 0.6875534057617188, 0.23956209421157837, -0.7265247702598572, 0.17867843806743622, 0.6635026335716248], [0.5436883568763733, 0.695466935634613, 0.24427731335163116, -0.739683985710144, 0.17420527338981628, 0.6500154733657837], [0.551222562789917, 0.7103609442710876, 0.26451942324638367, -0.7163198590278625, 0.16983427107334137, 0.6767881512641907], [0.5474575757980347, 0.6894184947013855, 0.25331997871398926, -0.7821460366249084, 0.07751787453889847, 0.6182543635368347], [0.5518894195556641, 0.7019231915473938, 0.26441898941993713, -0.7740264534950256, 0.045855846256017685, 0.6314905285835266], [0.554517388343811, 0.6868862509727478, 0.2607679069042206, -0.8072153329849243, -0.029604658484458923, 0.5895141959190369], [0.5639730095863342, 0.7023497819900513, 0.26880380511283875, -0.8149116039276123, -0.04519911855459213, 0.5778201222419739], [0.5623562932014465, 0.6605878472328186, 0.2474377304315567, -0.8701826333999634, -0.1864910125732422, 0.4560738503932953], [0.5536488890647888, 0.6631364226341248, 0.2344030737876892, -0.8986941576004028, -0.2602120339870453, 0.35304176807403564]], "Control Inputs 0": [[-4.914384502917528, -9.827899411320686, 0.6861835956573485, -0.9782715439796448, 2.946221709251404], [-4.974171710200608, 9.813545942306519, 0.00411302694119513, 0.771340012550354, 2.991030693054199], [-4.866372272372246, 9.804271459579468, 0.0040506259072571995, 2.5434930324554443, 2.9530091285705566], [-4.024598076939583, 9.80286717414856, 0.006504020560532808, -0.8284701704978943, 2.94654643535614], [-4.9009123630821705, 9.62046504020691, 0.017552288621664046, 2.166420578956604, 2.948736548423767], [4.7410666942596436, 9.483842849731445, 0.006286053080111742, -1.5999079942703247, 2.9041085243225098], [-4.898616466671228, 6.695652008056641, 0.015982931107282636, 1.3728153705596924, 2.8939805030822754], [2.1780025959014893, 4.426162242889404, 0.004774889396503567, -1.2433769702911377, 2.8520933389663696], [0.2771472930908203, 5.362257957458496, 0.013234827853739261, 0.22530806064605713, 1.3960272073745728], [-0.1654118299484253, 3.391573429107666, 0.005774751584976911, -0.5972734093666077, 0.32764649391174316], [-0.42588353157043457, 1.7804288864135742, 0.00031630266457796094, 0.6934636831283569, -0.25166648626327515], [-0.2757832407951355, 3.5154569149017334, 0.013809023238718509, -0.7202394604682922, -0.2948967218399048], [-0.292837917804718, 1.8527781963348389, 0.010281936451792716, 1.671256184577942, 2.9387086629867554], [-0.7025247812271118, 2.7633213996887207, 0.005178436357527971, -1.7704559862613678, -1.2842177152633667], [-0.43292075395584106, 4.2967987060546875, 0.0047699898481369015, 0.12427854537963867, -0.5953640341758728], [-0.8562207221984863, 6.913779973983765, 0.005294232070446014, -1.0378169417381287, -1.6111402809619904], [-0.4411083459854126, 9.466826915740967, 0.005419668788090348, 0.3888291120529175, -0.5625472068786621], [-0.1662665605545044, 9.274351596832275, 0.00924863014370203, -2.456818610429764, -2.941809330135584], [-1.6432690620422363, 9.604568481445312, 0.013882802985608577, -0.2321503758430481, -2.8724015839397907], [4.259517192840576, 9.96288537979126, 0.29272615909576416, -2.666981466114521, -2.9434252213686705]], "Final Predicted Pose 0": [0.5536488890647888, 0.6631364226341248, 0.2344030737876892, -0.8986941576004028, -0.2602120339870453, 0.35304176807403564], "Predicted Translation Error 0": "0.8962343834911546cm", "Predicted Rotation Error 0": "tensor([0.9839], grad_fn=<DivBackward0>)"}