{"num_updates": "542", "penalty": "tensor(0., dtype=torch.float64, grad_fn=<AddBackward0>)", "Starting Pose": [-0.32011738419532776, 0.09061986953020096, -0.17973314225673676, -0.3694292902946472, -0.3659572899341583, -0.8174580931663513, 0.24770846962928772], "Starting Soft Arm States": [33.0, -75.69999694824219, 10.0, 28.475954055786133, 35.09977340698242, 30.88702392578125], "Number of Trajectories": 1, "Final Desired Pose": [-0.27564650774002075, 0.07298636436462402, -0.291840523481369, -0.8042564392089844, -0.5772489905357361, 0.1412627398967743], "Predicted Trajectory 0": [[0.18205624154146566, 0.38921944300940275, 0.6482540686465432, -0.604324996471405, 0.6753733158111572, 0.4226844906806946], [0.17500896751880646, 0.4193382263183594, 0.6321936845779419, -0.5093767046928406, 0.7051748037338257, 0.4932178854942322], [0.1844235509634018, 0.4307219386100769, 0.6007712483406067, -0.4735320806503296, 0.7135023474693298, 0.5164123773574829], [0.20355865359306335, 0.4349161982536316, 0.5518379807472229, -0.522293210029602, 0.6519196033477783, 0.5497368574142456], [0.23253048956394196, 0.41702428460121155, 0.4891228675842285, -0.6000909209251404, 0.5610445737838745, 0.5701927542686462], [0.2622372806072235, 0.44439801573753357, 0.4256983697414398, -0.6669173240661621, 0.5063372850418091, 0.5466662049293518], [0.27841660380363464, 0.44722098112106323, 0.39182528853416443, -0.7212172746658325, 0.4099231958389282, 0.5583981275558472], [0.28408563137054443, 0.4581086039543152, 0.38053271174430847, -0.7880411148071289, 0.3046535849571228, 0.5349555611610413], [0.2877540588378906, 0.44464102387428284, 0.38297781348228455, -0.7919714450836182, 0.19826169312000275, 0.5774715542793274], [0.2779638469219208, 0.4047061502933502, 0.3845061659812927, -0.8098306059837341, -0.014838849194347858, 0.58647620677948], [0.2684163749217987, 0.38698047399520874, 0.3774647116661072, -0.8357906937599182, -0.1829133778810501, 0.5176840424537659], [0.26117756962776184, 0.37169966101646423, 0.3755114674568176, -0.8134892582893372, -0.32032063603401184, 0.48541736602783203], [0.24817831814289093, 0.36839061975479126, 0.3771323263645172, -0.80125892162323, -0.3588288128376007, 0.4787755608558655], [0.24514514207839966, 0.3402020335197449, 0.36533322930336, -0.7907280921936035, -0.4638305902481079, 0.3995125889778137], [0.23766155540943146, 0.34488219022750854, 0.3728178143501282, -0.7808191776275635, -0.45919525623321533, 0.4236285090446472], [0.2386663258075714, 0.33123117685317993, 0.36827003955841064, -0.7520721554756165, -0.49925360083580017, 0.430271178483963], [0.24331898987293243, 0.315512478351593, 0.36063140630722046, -0.7267711162567139, -0.5720564126968384, 0.3802041709423065], [0.2349747270345688, 0.33678388595581055, 0.36839932203292847, -0.7651919722557068, -0.5133250951766968, 0.38855963945388794], [0.23468345403671265, 0.34225717186927795, 0.3624333441257477, -0.7841618657112122, -0.5176148414611816, 0.34229370951652527], [0.2342853546142578, 0.3176620304584503, 0.36125448346138, -0.7597033381462097, -0.5828844308853149, 0.2882646918296814], [0.234010711312294, 0.3340860605239868, 0.35654348134994507, -0.8027371764183044, -0.5445855259895325, 0.24298079311847687]], "Control Inputs 0": [[-4.981914156815037, 3.8072729110717773, 0.05312747806310653, -2.9464889243245125, -1.979094386100769], [-4.904603511095047, -3.7867921590805054, 0.610835325717926, -2.8875138759613037, -2.968476022593677], [-4.9542532209306955, -5.76798677444458, 0.008431501127779482, -2.9584898091852665, -2.946504805237055], [-4.828737415373325, -0.48707127571105957, 0.523039299249649, -2.9523377660661936, -2.9449393674731255], [-2.07848459482193, 3.504394292831421, 0.20688234269618988, 0.2563040256500244, -2.987814968917519], [1.5769612789154053, 4.150174856185913, 0.0068990523926913735, -2.9168184008449316, -2.912639619782567], [-0.3173193335533142, 4.36915397644043, 0.07878354862332343, 0.6115078926086426, -2.9463478848338127], [0.17859935760498047, -9.305405542254448, 0.5976362586021423, 2.8901174068450928, -2.8885164968669415], [1.2985146045684814, -8.408946096897125, 0.3573842227458954, -1.0260030627250671, -2.9391635209321976], [0.1731795072555542, 1.1960184574127197, 0.5046186506748199, -0.035903871059417725, -2.917012805119157], [0.8488523960113525, 4.085173606872559, 0.44429771900177, 1.579041838645935, -1.4891254305839539], [-0.318085253238678, -0.2768343687057495, 0.037322303652763365, 0.17315125465393066, -1.0992756485939026], [0.7151907682418823, 1.4081025123596191, 0.10333929359912872, 1.4767144918441772, -0.1439933180809021], [-0.560390055179596, -0.9007495641708374, 0.38014934659004207, 1.0486825704574585, 2.051795482635498], [-1.9364169239997864, -5.426226258277893, 0.44195892214775084, 1.3554049730300903, 2.597297430038452], [2.3289036750793457, 3.469587564468384, 0.008892695605754852, 0.5580857992172241, -1.0851983428001404], [-1.072864830493927, 8.044450283050537, 0.5507308959960937, -0.30849963426589966, -0.017929673194885254], [1.1251133680343628, -0.7876360416412354, 0.15115558952093122, 0.48947131633758545, -0.7350304126739502], [1.3968455791473389, 6.295037269592285, 0.541846889257431, 1.0959287881851196, -2.9438959434628487], [-4.9000644870102406, 0.6656301021575928, 0.35271977186203, -1.0125188827514648, -2.732478618621826]], "Final Predicted Pose 0": [0.234010711312294, 0.3340860605239868, 0.35654348134994507, -0.8027371764183044, -0.5445855259895325, 0.24298079311847687], "Predicted Translation Error 0": "0.4136970236155551cm", "Predicted Rotation Error 0": "tensor([0.9943], grad_fn=<DivBackward0>)"}