{"num_updates": "464", "penalty": "tensor(0., dtype=torch.float64, grad_fn=<AddBackward0>)", "Starting Pose": [0.03410665690898895, 0.024804752320051193, -0.2692466974258423, 0.7961490154266357, -0.4009815752506256, 0.3087071478366852, -0.331753671169281], "Starting Soft Arm States": [-6.0, -26.100000381469727, 10.0, 29.737791061401367, 3.5968844890594482, 35.40115737915039], "Number of Trajectories": 1, "Final Desired Pose": [-0.3146742284297943, 0.045503612607717514, -0.24232107400894165, -0.9464806914329529, -0.26768532395362854, -0.18032988905906677], "Predicted Trajectory 0": [[0.6256354178713607, 0.1908485064210096, 0.42099114262676424, 0.4878273904323578, -0.4336526691913605, 0.7576079368591309], [0.5943114757537842, 0.18638639152050018, 0.3894835412502289, 0.272365540266037, -0.7395272254943848, 0.6155619621276855], [0.5353094339370728, 0.1989198625087738, 0.37405312061309814, 0.09451787173748016, -0.8451433777809143, 0.5261170268058777], [0.456484317779541, 0.2134730964899063, 0.3587019145488739, -0.18392476439476013, -0.9020955562591553, 0.390378475189209], [0.3976157009601593, 0.23448340594768524, 0.36073988676071167, -0.3310452401638031, -0.903039276599884, 0.27373191714286804], [0.3361051082611084, 0.24951854348182678, 0.3954452872276306, -0.4275555908679962, -0.885582447052002, 0.1814938336610794], [0.2757510542869568, 0.26234984397888184, 0.45087045431137085, -0.520025372505188, -0.8407413959503174, 0.15075625479221344], [0.22968143224716187, 0.2800705134868622, 0.4943675100803375, -0.6434038877487183, -0.7578691244125366, 0.10800862312316895], [0.21223720908164978, 0.2599063217639923, 0.5010025501251221, -0.6434172987937927, -0.7649042010307312, 0.030590154230594635], [0.20292392373085022, 0.2482496201992035, 0.5044506788253784, -0.6328591704368591, -0.7736918926239014, -0.029835069552063942], [0.1931741088628769, 0.24743229150772095, 0.4904538094997406, -0.6846895217895508, -0.7167276740074158, -0.1322937309741974], [0.1892561912536621, 0.24747592210769653, 0.488339900970459, -0.7022463083267212, -0.6913146376609802, -0.17010056972503662], [0.185508131980896, 0.24085497856140137, 0.49530428647994995, -0.6974409222602844, -0.6879293918609619, -0.20082178711891174], [0.18661481142044067, 0.2549867630004883, 0.47893276810646057, -0.7461887001991272, -0.6043879389762878, -0.2791372537612915], [0.189843088388443, 0.25116798281669617, 0.49367451667785645, -0.7510397434234619, -0.6114590167999268, -0.24911276996135712], [0.19753886759281158, 0.2532738447189331, 0.48664888739585876, -0.7497937083244324, -0.5944663882255554, -0.2905495762825012], [0.1976393312215805, 0.24570493400096893, 0.49283096194267273, -0.7459030747413635, -0.5895311832427979, -0.3099701702594757], [0.18843623995780945, 0.24068213999271393, 0.5043454170227051, -0.7829581499099731, -0.5398754477500916, -0.309048593044281], [0.19570741057395935, 0.2729022204875946, 0.48616307973861694, -0.81126469373703, -0.4717641770839691, -0.34538134932518005], [0.19954197108745575, 0.23575171828269958, 0.4597342312335968, -0.7653111815452576, -0.4730165898799896, -0.4365249574184418], [0.18587665259838104, 0.25845247507095337, 0.4930638074874878, -0.859750509262085, -0.3984129726886749, -0.31952476501464844]], "Control Inputs 0": [[4.909629225730896, 9.97440218925476, 0.12353391051292419, -2.257179871201515, -0.4329260587692261], [4.906036853790283, 9.809343814849854, 0.6046075463294982, -2.3601209968328476, 1.445428490638733], [4.9312543869018555, 9.834902286529541, 0.006779457256197929, -2.9400902688503265, -0.5970125198364258], [4.959903955459595, 9.809863567352295, 0.5181268453598022, -0.20263069868087769, -0.8822429180145264], [4.898136854171753, 9.807549715042114, 0.2353199928998947, 2.3467869758605957, -0.07555031776428223], [4.86344039440155, 9.78563666343689, 0.004411352751776575, -0.25887858867645264, -0.3459790349006653], [2.6997441053390503, 1.679302453994751, 0.05143057256937027, -0.3725600838661194, -1.6616811454296112], [-0.8033430576324463, -3.2596731185913086, 0.5755666613578796, 0.7969032526016235, 1.835351586341858], [1.1542773246765137, -1.7154079675674438, 0.33415989279747005, -0.9275506138801575, -1.7609330713748932], [-1.6444888710975647, 1.0423588752746582, 0.4797601878643036, -0.3679872751235962, 0.002350330352783203], [1.3908535242080688, -3.7021857500076294, 0.41371386647224423, 1.1586799621582031, 2.001197934150696], [-1.9487947225570679, 2.9372000694274902, 0.033922015130519866, -0.2764744162559509, -1.534685343503952], [-0.2852720022201538, 0.1464700698852539, 0.09892685115337371, 1.506752371788025, 1.584742784500122], [-2.084207236766815, -0.7424908876419067, 0.3720240771770477, 1.8136260509490967, 2.9434690475463867], [-1.252637803554535, 0.2867412567138672, 0.42831170558929443, 2.935104489326477, 2.5630717277526855], [4.8944419622421265, -4.759492874145508, 0.002679035626351833, 0.7687164545059204, -1.9224490821361542], [-2.763506770133972, 5.755096673965454, 0.5427169859409332, -1.091660499572754, 0.5214064121246338], [-1.9676494598388672, -0.188978910446167, 0.14666679352521894, 0.0763399600982666, -1.7830716669559479], [4.826227426528931, -4.272336959838867, 0.5276079952716827, -0.8642553091049194, -2.4404030442237854], [-4.899866404011846, -2.7698999643325806, 0.34232630133628844, -2.944428976625204, -1.7792784869670868]], "Final Predicted Pose 0": [0.18587665259838104, 0.25845247507095337, 0.4930638074874878, -0.859750509262085, -0.3984129726886749, -0.31952476501464844], "Predicted Translation Error 0": "0.3294873178731227cm", "Predicted Rotation Error 0": "tensor([0.9780], grad_fn=<DivBackward0>)"}