{"num_updates": "2655", "penalty": "tensor(0., dtype=torch.float64, grad_fn=<AddBackward0>)", "Starting Pose": [-0.09300388395786285, 0.17739138007164001, -0.3423205614089966, -0.04062668979167938, 0.23203124105930328, 0.9251996278762817, 0.2975173592567444], "Starting Soft Arm States": [-2.5, -1.899999976158142, 10.0, 8.839638710021973, 35.12627029418945, 19.47418212890625], "Number of Trajectories": 1, "Final Desired Pose": [0.1754147708415985, 0.08342353999614716, -0.2980204224586487, -0.8139961361885071, 0.5670263767242432, -0.12606105208396912], "Predicted Trajectory 0": [[0.46646048201780865, 0.6507542779369683, 0.2354663903922035, -0.819665789604187, -0.5693792700767517, 0.06289105117321014], [0.42931389808654785, 0.630820095539093, 0.223468616604805, -0.8776775598526001, -0.4788014888763428, -0.02076875790953636], [0.42734113335609436, 0.6244543194770813, 0.2174859493970871, -0.9210485219955444, -0.38409367203712463, -0.06435565650463104], [0.44194650650024414, 0.5929008722305298, 0.21103854477405548, -0.9335822463035583, -0.3466627299785614, -0.09082558006048203], [0.46202296018600464, 0.5086096525192261, 0.21923866868019104, -0.8705214858055115, -0.489553838968277, -0.05029287561774254], [0.49420732259750366, 0.5376436114311218, 0.21427269279956818, -0.9474111795425415, -0.27631857991218567, -0.16143184900283813], [0.5431944727897644, 0.4012034833431244, 0.23934446275234222, -0.8441323041915894, -0.5282950401306152, -0.09135042876005173], [0.5953503847122192, 0.5271216630935669, 0.25078731775283813, -0.9621014595031738, -0.13914310932159424, -0.23452088236808777], [0.6625245809555054, 0.35028713941574097, 0.26672130823135376, -0.832680881023407, -0.49396389722824097, -0.25028425455093384], [0.6873178482055664, 0.42977747321128845, 0.2976009249687195, -0.9296942949295044, -0.26299506425857544, -0.25788024067878723], [0.7220036387443542, 0.30553126335144043, 0.32320255041122437, -0.8309512138366699, -0.506398618221283, -0.23039200901985168], [0.7410414814949036, 0.3779381513595581, 0.3514706790447235, -0.9147371649742126, -0.3184747099876404, -0.24865594506263733], [0.7445363998413086, 0.33733052015304565, 0.35777825117111206, -0.8961543440818787, -0.3995523154735565, -0.19304218888282776], [0.768266499042511, 0.31438058614730835, 0.363815575838089, -0.8767291307449341, -0.40180256962776184, -0.2643873989582062], [0.7758532762527466, 0.3226788640022278, 0.36888426542282104, -0.899260401725769, -0.3376029431819916, -0.27812784910202026], [0.7942816019058228, 0.27749165892601013, 0.3771631717681885, -0.8476013541221619, -0.4215456545352936, -0.3222906291484833], [0.7834157347679138, 0.3588939309120178, 0.3591427505016327, -0.9226203560829163, -0.13737264275550842, -0.3604169487953186], [0.7864881157875061, 0.27992790937423706, 0.37862905859947205, -0.8728013634681702, -0.3527687191963196, -0.3373008966445923], [0.7812449336051941, 0.3857515752315521, 0.3724174499511719, -0.9395338296890259, -0.005347041878849268, -0.34241464734077454], [0.7746605277061462, 0.3122977018356323, 0.4089086055755615, -0.9459900259971619, -0.22665640711784363, -0.23179681599140167], [0.771760106086731, 0.4332733154296875, 0.3870772421360016, -0.9408695101737976, 0.2287914752960205, -0.2498379796743393]], "Control Inputs 0": [[-4.929479653947055, 9.883768558502197, 0.6951982378959656, -0.31276237964630127, -2.997930832731072], [-4.923024596646428, 9.807887077331543, 0.579916101694107, 1.7056317329406738, -2.9546971656382084], [-4.87941624596715, -9.863291680812836, 0.007527089025825262, 1.0234884023666382, -2.9878806928172708], [-4.890442378818989, 9.802994728088379, 0.6889663279056548, -2.147980213165283, -2.9261804334819317], [-4.892711220309138, -9.908090578392148, 0.07939912304282187, 2.892134428024292, -2.9830841068178415], [-4.908083202317357, 9.802393913269043, 0.086984384059906, -2.7287703305482864, -0.7359618544578552], [-4.798729754984379, -9.845012947916985, 0.015917140059173107, -0.22117656469345093, -2.982097660191357], [-4.935575933195651, -9.79642178863287, 0.6810902297496795, 0.4187915325164795, 2.7440139055252075], [2.052852511405945, -9.85086771659553, 0.01391416974365711, 1.140255331993103, -2.8798242174088955], [-4.397721439599991, -9.387377798557281, 0.5106638908386231, 0.6130317449569702, 1.0195047855377197], [0.6542038917541504, -9.396175667643547, 0.5120794773101807, 0.5128322839736938, 2.701611042022705], [1.9866985082626343, -9.81389369815588, 0.0023687644163146613, -1.0265652537345886, -2.987041053827852], [-2.4018436670303345, -9.228826239705086, 0.006356546469032764, -1.0772159099578857, 2.8693928718566895], [1.2563961744308472, -9.361103102564812, 0.005383637500926852, -1.2074777483940125, -2.9154415000230074], [-1.497316062450409, -0.7786422967910767, 0.013085188716650008, -0.3515979051589966, 2.903632879257202], [4.955362677574158, -9.440170787274837, 0.00466999551281333, -0.4061123728752136, -2.984573238529265], [-4.893783368170261, 0.6537306308746338, 0.008265396300703286, 2.555891275405884, 2.938001275062561], [4.857020378112793, -2.7512186765670776, 0.004949565092101693, 2.690659761428833, -2.8667162284255028], [-4.989238254493102, 3.94203782081604, 0.008521808497607707, 2.74656343460083, 2.8370643854141235], [4.69718873500824, -9.825573619455099, 0.011341825686395168, -2.877288345247507, 2.952712297439575]], "Final Predicted Pose 0": [0.771760106086731, 0.4332733154296875, 0.3870772421360016, -0.9408695101737976, 0.2287914752960205, -0.2498379796743393], "Predicted Translation Error 0": "3.6325247219905092cm", "Predicted Rotation Error 0": "tensor([0.9271], grad_fn=<DivBackward0>)"}