{"num_updates": "1661", "penalty": "tensor(0., dtype=torch.float64, grad_fn=<AddBackward0>)", "Starting Pose": [-0.3626540005207062, 0.07974928617477417, -0.1907745748758316, -0.33931803703308105, 0.5386319756507874, -0.7123425602912903, 0.29547742009162903], "Starting Soft Arm States": [35.900001525878906, -86.80000305175781, 10.0, 15.17201042175293, 30.708181381225586, 35.407779693603516], "Number of Trajectories": 1, "Final Desired Pose": [-0.06713783740997314, 0.10146401077508926, -0.29908812046051025, -0.6199449896812439, -0.7173708081245422, 0.31787940859794617], "Predicted Trajectory 0": [[0.12878950906715708, 0.35645481547568997, 0.6202213502529408, -0.5951127409934998, 0.055427197366952896, 0.8017285466194153], [0.12339872866868973, 0.4056461453437805, 0.5680509209632874, -0.7081838846206665, 0.14432969689369202, 0.6911183595657349], [0.14171108603477478, 0.42507028579711914, 0.5112625956535339, -0.7861960530281067, 0.13553442060947418, 0.6029313206672668], [0.1698608696460724, 0.40599724650382996, 0.46148577332496643, -0.8410602807998657, -0.06843610852956772, 0.5365949273109436], [0.20480312407016754, 0.4110419750213623, 0.4132106602191925, -0.8506729602813721, -0.2128787487745285, 0.48066434264183044], [0.2407858669757843, 0.3946424126625061, 0.3772592544555664, -0.8177685737609863, -0.3661026358604431, 0.444098562002182], [0.273683100938797, 0.3865712881088257, 0.35307979583740234, -0.7652522325515747, -0.4737781286239624, 0.43580204248428345], [0.30066394805908203, 0.40631288290023804, 0.33369070291519165, -0.7651892304420471, -0.46968337893486023, 0.44032156467437744], [0.3324340283870697, 0.3929709494113922, 0.3227105438709259, -0.7207604646682739, -0.5223656296730042, 0.4556736946105957], [0.36930301785469055, 0.38683319091796875, 0.3192533850669861, -0.6613141298294067, -0.5727182030677795, 0.48441463708877563], [0.40637391805648804, 0.4153178334236145, 0.31808900833129883, -0.667487621307373, -0.5498636364936829, 0.5021058320999146], [0.4473370313644409, 0.4312550127506256, 0.3237915337085724, -0.6525319218635559, -0.5409852862358093, 0.5306005477905273], [0.48400014638900757, 0.4248397648334503, 0.33627763390541077, -0.599740207195282, -0.5693095922470093, 0.562315046787262], [0.5031671524047852, 0.41868191957473755, 0.3431044816970825, -0.5928207635879517, -0.6025497317314148, 0.5343194603919983], [0.49392786622047424, 0.4277019798755646, 0.354739248752594, -0.5845376253128052, -0.5509858131408691, 0.5955924987792969], [0.49502071738243103, 0.4236733913421631, 0.3616980314254761, -0.5863821506500244, -0.5371226072311401, 0.6063459515571594], [0.5103343725204468, 0.4312156140804291, 0.36555320024490356, -0.5865603685379028, -0.5071004033088684, 0.6315031051635742], [0.501606822013855, 0.4240674078464508, 0.3487287163734436, -0.6151793003082275, -0.5319795608520508, 0.5818523168563843], [0.49708831310272217, 0.41429418325424194, 0.34352678060531616, -0.6327263116836548, -0.5658738017082214, 0.5286247730255127], [0.49553975462913513, 0.409914493560791, 0.3404805660247803, -0.6148902773857117, -0.6437140107154846, 0.4555681049823761], [0.5009463429450989, 0.41984790563583374, 0.3400017023086548, -0.6088064908981323, -0.6805262565612793, 0.40772372484207153]], "Control Inputs 0": [[-4.9828315689228475, 3.4820914268493652, 0.0006880587083287537, -2.8680403232574463, 0.9798438549041748], [-4.979562517255545, -1.954696774482727, 0.0005332329717930406, -0.5325291752815247, -2.90335975214839], [-4.949091793969274, -3.4079962968826294, 0.0021712868008762595, 0.52834153175354, -2.9455260057002306], [-4.978776315692812, -0.1897352933883667, 0.005366929620504379, 1.2814207077026367, -2.9410467445850372], [-4.886792059987783, -0.29438257217407227, 0.005076526338234543, 2.8733779191970825, -2.9458923060446978], [-4.980440291110426, 9.792097806930542, 0.002121815737336874, 2.666061758995056, -2.9326121527701616], [-4.918236061930656, 9.8070228099823, 0.0028338663745671507, 2.939948558807373, -2.9391797594726086], [-4.918890483677387, -1.1299729347229004, 0.0031280179042369126, 2.9178746938705444, -0.6425444483757019], [-4.912670571357012, 4.924689531326294, 0.022627163305878637, 0.8481523990631104, 0.3241446018218994], [-4.86534115858376, 9.812142848968506, 0.018378196470439433, 0.6367871761322021, 0.4495518207550049], [-4.550626128911972, -3.426196575164795, 0.00805800762027502, 0.2783646583557129, 2.9420700073242188], [-4.8584730084985495, -0.6356686353683472, 0.00027585274656303225, -2.3283218890428543, 0.3417724370956421], [1.3175863027572632, -4.368314146995544, 0.003845514403656125, -1.7642054557800293, 2.9396209716796875], [1.840759515762329, -9.802052341401577, 0.01417060475796461, -1.3596957921981812, 2.94206964969635], [-4.913128288462758, -2.809631824493408, 0.012809336744248867, -0.36651456356048584, 2.941793918609619], [2.2765040397644043, 1.1720144748687744, 0.005587590858340263, -0.4612687826156616, -0.797174334526062], [2.505394220352173, -9.786327183246613, 0.019398572482168672, -2.9204924907535315, 1.4549857378005981], [-1.4362117648124695, 7.0087480545043945, 0.016705902479588985, 0.8585379123687744, -2.900038618594408], [4.897595047950745, 1.6478383541107178, 0.0349096592515707, 0.8731023073196411, -2.908736865967512], [-3.4512224793434143, 9.978811740875244, 0.10816612094640732, -2.9124772511422634, -2.94455991871655]], "Final Predicted Pose 0": [0.5009463429450989, 0.41984790563583374, 0.3400017023086548, -0.6088064908981323, -0.6805262565612793, 0.40772372484207153], "Predicted Translation Error 0": "0.2738861277408867cm", "Predicted Rotation Error 0": "tensor([0.9952], grad_fn=<DivBackward0>)"}