{"num_updates": "6050", "penalty": "tensor(0., dtype=torch.float64, grad_fn=<AddBackward0>)", "Starting Pose": [0.13657459616661072, 0.21563033759593964, -0.2155260443687439, -0.15873754024505615, 0.40444350242614746, -0.8017190098762512, -0.41045650839805603], "Starting Soft Arm States": [-27.299999237060547, 41.0, 10.0, 26.68752098083496, 35.17594909667969, 26.432504653930664], "Number of Trajectories": 1, "Final Desired Pose": [-0.3773270845413208, 0.11889056861400604, -0.25343748927116394, -0.9115986227989197, -0.34648796916007996, 0.22121046483516693], "Predicted Trajectory 0": [[0.7539515083163117, 0.7660089206361277, 0.5573806847289111, -0.6126556992530823, -0.7865422368049622, -0.07748712599277496], [0.7085150480270386, 0.7335953116416931, 0.5109617710113525, -0.5575597286224365, -0.8266803026199341, -0.07567591965198517], [0.6337730884552002, 0.6885368227958679, 0.4802209436893463, -0.552810788154602, -0.8329667448997498, 0.02380305342376232], [0.5708003640174866, 0.633736789226532, 0.43465912342071533, -0.5254729390144348, -0.8474950790405273, 0.07503535598516464], [0.5093518495559692, 0.588142991065979, 0.39753443002700806, -0.517231285572052, -0.8494232892990112, 0.10465148836374283], [0.4433046579360962, 0.5203102231025696, 0.3720932900905609, -0.4701981246471405, -0.8726171255111694, 0.1321096271276474], [0.39558377861976624, 0.45829612016677856, 0.3726496994495392, -0.38530483841896057, -0.9064308404922485, 0.17298392951488495], [0.346809446811676, 0.44489559531211853, 0.36735355854034424, -0.4145779311656952, -0.8986561298370361, 0.14332644641399384], [0.302747905254364, 0.4894796907901764, 0.38183027505874634, -0.5444342494010925, -0.8325616717338562, 0.10214025527238846], [0.25676795840263367, 0.4479855000972748, 0.4364142417907715, -0.4670024514198303, -0.8363392353057861, 0.28713321685791016], [0.2132454365491867, 0.4210999011993408, 0.43889880180358887, -0.5065010190010071, -0.8446555137634277, 0.17324495315551758], [0.1810428649187088, 0.467256635427475, 0.4700814485549927, -0.5977011919021606, -0.7916300296783447, 0.12678824365139008], [0.1668228656053543, 0.5192581415176392, 0.5001287460327148, -0.6737273335456848, -0.7089335918426514, 0.20857758820056915], [0.16666290163993835, 0.5125942826271057, 0.4288044571876526, -0.7450458407402039, -0.6670086979866028, 0.0024785783607512712], [0.15246200561523438, 0.5049678683280945, 0.50411057472229, -0.7225092649459839, -0.6552207469940186, 0.22060397267341614], [0.16733592748641968, 0.5452447533607483, 0.45144954323768616, -0.8287109136581421, -0.5453529357910156, 0.12581010162830353], [0.17388716340065002, 0.4694131910800934, 0.44312143325805664, -0.7326849102973938, -0.6677898168563843, 0.13126173615455627], [0.15814943611621857, 0.4677690863609314, 0.46494239568710327, -0.7833825945854187, -0.5896714925765991, 0.19646711647510529], [0.16342653334140778, 0.5111632943153381, 0.3958297669887543, -0.8939474821090698, -0.44773128628730774, -0.01986199989914894], [0.14451520144939423, 0.4659561216831207, 0.46262210607528687, -0.8264822363853455, -0.5458250641822815, 0.1378481239080429], [0.1317746788263321, 0.48034435510635376, 0.4790738523006439, -0.8435290455818176, -0.5215964317321777, 0.12804682552814484]], "Control Inputs 0": [[4.986041188240051, -9.766475223004818, 0.6981111466884613, -2.9928626641631126, -2.981666879262775], [4.989003539085388, -9.555996097624302, 0.6956780135631561, -1.298176646232605, -2.9693172248080373], [4.965183138847351, -9.95872635859996, 0.21353947520256042, -2.72396669536829, -2.9265438113361597], [4.976311922073364, -9.523603171110153, 0.6946264624595642, -2.6254593953490257, -2.9169700853526592], [4.968104958534241, -9.586078077554703, 0.3550818085670471, 1.8469769954681396, -2.7845113053917885], [4.83819842338562, -9.894799338653684, 0.015878836810588836, -2.722523868083954, -2.866683516651392], [4.85572874546051, 9.417662620544434, 0.004961880622431636, -2.1734270453453064, -2.8733609206974506], [4.85461950302124, -9.432102851569653, 0.5549824118614196, 0.8355767726898193, 2.973699688911438], [4.85099732875824, -9.42408736795187, 0.2842894464731216, -2.965788334608078, -2.878602147102356], [4.941249489784241, 9.174182415008545, 0.4035078167915344, -1.6028859615325928, -2.8465465642511845], [4.803805351257324, 9.181410074234009, 0.3404069066047668, 0.35219836235046387, 2.8547959327697754], [-4.709389880299568, 9.43454384803772, 0.005048372922465205, -2.295479714870453, -0.2779744863510132], [4.9278706312179565, -9.443632699549198, 0.007552877906709909, 0.013383150100708008, 2.929229736328125], [-3.835674971342087, 9.399105310440063, 0.2894391596317291, 1.183592677116394, 2.9406237602233887], [-4.76166844367981, -9.618070982396603, 0.3316125631332397, 2.524283766746521, 2.9431017637252808], [4.94256317615509, -9.395322017371655, 0.0036326107569038864, -1.1117032170295715, -2.815664380788803], [-4.894725736230612, 9.75609302520752, 0.42958101034164425, -2.943179005756974, 0.021820664405822754], [4.781057238578796, -5.869323313236237, 0.016664099693298337, -0.062382638454437256, 1.2707701921463013], [4.8987579345703125, 0.5823743343353271, 0.40956849455833433, 2.915834426879883, -2.817016761749983], [-4.899857258424163, 9.478837251663208, 0.12166227847337723, -2.896860010921955, -2.9407186936587095]], "Final Predicted Pose 0": [0.1317746788263321, 0.48034435510635376, 0.4790738523006439, -0.8435290455818176, -0.5215964317321777, 0.12804682552814484], "Predicted Translation Error 0": "1.8567435462274493cm", "Predicted Rotation Error 0": "tensor([0.9780], grad_fn=<DivBackward0>)"}