{"num_updates": "941", "penalty": "tensor(572.2889, dtype=torch.float64, grad_fn=<AddBackward0>)", "Starting Pose": [-0.46549999713897705, 0.19146041572093964, -0.14145049452781677, -0.18979516625404358, -0.9500230550765991, 0.22731687128543854, -0.09879768639802933], "Starting Soft Arm States": [43.400001525878906, -89.80000305175781, 15.600000381469727, 16.21857452392578, 35.122955322265625, 1.3977763652801514], "Number of Trajectories": 1, "Final Desired Pose": [-0.08925650268793106, 0.08200263231992722, -0.43506526947021484, -0.49938786029815674, -0.12287149578332901, -0.8576213717460632], "Predicted Trajectory 0": [[-5.9712218689845765e-09, 0.6931592434973223, 0.7454485831781432, -0.9084336161613464, 0.40553635358810425, 0.10143287479877472], [0.031064124777913094, 0.7424925565719604, 0.6980632543563843, -0.8815313577651978, 0.4713801443576813, 0.026517894119024277], [0.040870342403650284, 0.774732768535614, 0.6409249901771545, -0.8593358397483826, 0.5104954242706299, -0.030599569901823997], [0.05374675244092941, 0.8087573647499084, 0.5837987065315247, -0.8355894088745117, 0.5410171747207642, -0.09534524381160736], [0.06697161495685577, 0.827652633190155, 0.5223307609558105, -0.8149999976158142, 0.5540044903755188, -0.1698649674654007], [0.08640619367361069, 0.8440557718276978, 0.47191929817199707, -0.8030756115913391, 0.5492086410522461, -0.2311694324016571], [0.11450112611055374, 0.8590020537376404, 0.4342128336429596, -0.7964714765548706, 0.544005274772644, -0.26399141550064087], [0.14591652154922485, 0.8595192432403564, 0.38285768032073975, -0.7844021320343018, 0.5209916830062866, -0.3365723490715027], [0.18906088173389435, 0.8630261421203613, 0.3462957739830017, -0.7660470604896545, 0.536320686340332, -0.35430505871772766], [0.22424840927124023, 0.7714828252792358, 0.30098259449005127, -0.8090221285820007, 0.435378760099411, -0.39487797021865845], [0.26745131611824036, 0.7460322380065918, 0.26594382524490356, -0.779531717300415, 0.48163533210754395, -0.40044689178466797], [0.31161829829216003, 0.6660467386245728, 0.24147929251194, -0.8078979849815369, 0.4247763156890869, -0.40849238634109497], [0.3567468822002411, 0.6055697798728943, 0.22543035447597504, -0.8145549893379211, 0.42912182211875916, -0.3903264105319977], [0.39080554246902466, 0.554068386554718, 0.2002645879983902, -0.8131158351898193, 0.35818877816200256, -0.45885011553764343], [0.3956300914287567, 0.5390377044677734, 0.19727332890033722, -0.8322734236717224, 0.3010704815387726, -0.4654863178730011], [0.3980397880077362, 0.495362788438797, 0.21154651045799255, -0.90000319480896, 0.15600906312465668, -0.4070078730583191], [0.4320782721042633, 0.4942777454853058, 0.17186793684959412, -0.8181876540184021, 0.208319753408432, -0.5358840823173523], [0.4259471297264099, 0.449447900056839, 0.19893382489681244, -0.9044231176376343, 0.07653909176588058, -0.4197148382663727], [0.46889716386795044, 0.461955726146698, 0.1389693021774292, -0.7555607557296753, 0.18509939312934875, -0.6283836364746094], [0.45737600326538086, 0.4080389440059662, 0.1876910924911499, -0.8819453716278076, 0.027801942080259323, -0.4705309569835663], [0.49280092120170593, 0.3969549238681793, 0.1212710589170456, -0.745212197303772, 0.022954382002353668, -0.6664323210716248]], "Control Inputs 0": [[-4.969887970946729, 9.978235960006714, 0.000502296769991517, -2.9846471711061895, -2.9639309998601675], [-4.995781424804591, 9.971473217010498, 0.09721127450466155, -0.6730334758758545, -2.9915451903361827], [-4.914452275261283, 9.894987344741821, 0.0004867480951361358, -2.2809699028730392, -2.9789552302099764], [-4.915484227240086, 9.878485202789307, 0.05078884288668632, -1.8589915931224823, -2.981974693480879], [-4.985733407083899, 9.798978567123413, 0.0006560335052199661, 2.144397497177124, -2.9932447595056146], [-4.887584168463945, 9.798426628112793, 0.0007165350718423724, -1.790306568145752, -2.9967453530989587], [-4.963586430530995, 9.84492540359497, 0.00031278613605536517, -1.0451014637947083, -2.999072464357596], [-4.9706224584952, -9.852708438411355, 0.0902287632226944, 1.9317072629928589, -2.972299193032086], [-4.941886491142213, -9.90221057087183, 0.0007548834662884473, -2.097507119178772, -2.9791722293011844], [-4.766488149762154, -9.826686009764671, 0.0175806799903512, -0.42031699419021606, -2.958317675627768], [-4.726811051368713, -9.804096277803183, 0.0006203121680300682, 1.2671263217926025, -2.986626068595797], [-4.931559101678431, -8.901998549699783, 0.0009344019112177193, -1.2742810249328613, -2.9898145620245486], [0.3336268663406372, -0.48327505588531494, 0.0039629575330764055, 0.16259479522705078, -2.9355512112379074], [4.767510294914246, -1.7225772142410278, 0.006296609062701464, 1.2723008394241333, -2.90699559263885], [-4.009791165590286, 5.932248830795288, 0.00516684902831912, 1.7108298540115356, -2.9962005098350346], [4.955248832702637, -5.6178393959999084, 0.005315453559160232, -0.13118362426757812, -2.9002800174057484], [-4.876679936423898, 4.915487766265869, 0.005749923642724752, -2.897060964256525, 2.8424556255340576], [4.761011600494385, -8.327236771583557, 0.002425226895138621, 0.6149532794952393, -2.900529608130455], [-4.971829585265368, -0.9719371795654297, 0.00015633177681593222, 1.0505390167236328, -2.901917327195406], [4.9117666482925415, 9.806938171386719, 0.008294487837702036, -1.8509157299995422, 2.8547483682632446]], "Final Predicted Pose 0": [0.49280092120170593, 0.3969549238681793, 0.1212710589170456, -0.745212197303772, 0.022954382002353668, -0.6664323210716248], "Predicted Translation Error 0": "5.201433304426831cm", "Predicted Rotation Error 0": "tensor([0.9409], grad_fn=<DivBackward0>)"}