{"num_updates": "2703", "penalty": "tensor(0., dtype=torch.float64, grad_fn=<AddBackward0>)", "Starting Pose": [0.14872124791145325, 0.2276189625263214, -0.24246694147586823, -0.3184477686882019, -0.6312624216079712, -0.5204004645347595, -0.4788340926170349], "Starting Soft Arm States": [-41.70000076293945, -48.29999923706055, 10.0, 22.3919734954834, 35.18257141113281, 2.8583285808563232], "Number of Trajectories": 1, "Final Desired Pose": [-0.14344441890716553, 0.059817876666784286, -0.27581164240837097, -0.2217399775981903, -0.9223645329475403, 0.3163464367389679], "Predicted Trajectory 0": [[0.7691622256898302, 0.8021433963714385, 0.4889813557714569, -0.33861783146858215, -0.09632275253534317, 0.9359807372093201], [0.7629684209823608, 0.7936737537384033, 0.43432870507240295, -0.48124271631240845, -0.172856867313385, 0.8593753576278687], [0.7276415228843689, 0.7618445754051208, 0.3831344544887543, -0.5995161533355713, -0.28094667196273804, 0.7494326829910278], [0.674767255783081, 0.7331885099411011, 0.32778605818748474, -0.7288970351219177, -0.34844446182250977, 0.589317798614502], [0.6095667481422424, 0.6957541704177856, 0.2806617319583893, -0.8110878467559814, -0.424803763628006, 0.4020923972129822], [0.5372751355171204, 0.698127806186676, 0.2616337239742279, -0.8672413229942322, -0.3772873878479004, 0.32487952709198], [0.4665028750896454, 0.6841452121734619, 0.27094072103500366, -0.8461897969245911, -0.38860175013542175, 0.3646252155303955], [0.40714049339294434, 0.6848387718200684, 0.29377222061157227, -0.8368882536888123, -0.3558870553970337, 0.41588762402534485], [0.36631542444229126, 0.6687406897544861, 0.32701921463012695, -0.8082227110862732, -0.3566749393939972, 0.46857109665870667], [0.3600432872772217, 0.5472317934036255, 0.3495156764984131, -0.6765621900558472, -0.5700867772102356, 0.4661165773868561], [0.3679054081439972, 0.5023806691169739, 0.37444475293159485, -0.6162511706352234, -0.6229342222213745, 0.48185819387435913], [0.3622775077819824, 0.5039722919464111, 0.40540650486946106, -0.5978513360023499, -0.5913682579994202, 0.54116290807724], [0.36749839782714844, 0.4909660220146179, 0.41467854380607605, -0.6228577494621277, -0.5678461790084839, 0.5381441116333008], [0.3785247504711151, 0.4239532947540283, 0.4189433753490448, -0.5296458601951599, -0.6875311136245728, 0.4967658519744873], [0.38522741198539734, 0.4279649257659912, 0.42409342527389526, -0.572661280632019, -0.6376714110374451, 0.515203058719635], [0.4141305088996887, 0.41383251547813416, 0.41544610261917114, -0.5596317648887634, -0.6725473403930664, 0.4842442274093628], [0.4349331557750702, 0.33879774808883667, 0.4246079921722412, -0.4370752274990082, -0.7639109492301941, 0.4747685492038727], [0.4111648499965668, 0.3629440665245056, 0.4071648120880127, -0.5603968501091003, -0.704524576663971, 0.4354313015937805], [0.38585060834884644, 0.4044942855834961, 0.41163331270217896, -0.6109999418258667, -0.6091110706329346, 0.5056310296058655], [0.3973940312862396, 0.3739958703517914, 0.41734325885772705, -0.5797657370567322, -0.6523451209068298, 0.48817771673202515], [0.4206828474998474, 0.3012295365333557, 0.43248486518859863, -0.38901224732398987, -0.791498064994812, 0.4713810682296753]], "Control Inputs 0": [[4.9406445026397705, -9.735580515116453, 0.6996124327182769, -2.969427293166518, -2.9781055971980095], [4.9550992250442505, -9.602753780782223, 0.6983376622200012, -2.9881999692879617, -2.9919887201394886], [4.7768330574035645, -9.639650359749794, 0.6952303647994995, -2.9483504611998796, -2.962386871688068], [4.851488471031189, -2.925008535385132, 0.6838573992252349, -2.5935632586479187, -2.960522236302495], [4.879202246665955, 2.970784902572632, 0.04670459553599357, 2.963045597076416, -2.9578401390463114], [4.876728057861328, 5.1178789138793945, 0.012963128648698329, 2.9179776906967163, -2.9824661035090685], [4.687762260437012, 6.062431335449219, 0.032706400379538536, 2.9079222679138184, -2.96774460375309], [-0.977514386177063, -8.833914771676064, 0.6982533395290375, 2.9907052516937256, -2.9878634959459305], [-2.8328943252563477, -7.359898388385773, 0.6945664227008819, 2.8794515132904053, -2.9454369451850653], [0.7201510667800903, 4.939185380935669, 0.3134777188301086, 2.91672420501709, -2.937522852793336], [4.762783050537109, 6.504267454147339, 0.00517290118150413, 2.9781349897384644, -2.9727173326537013], [-2.952117770910263, -2.267126441001892, 0.011879832670092582, -1.4711138606071472, -2.9594299094751477], [4.987185597419739, 0.1628124713897705, 0.013526715897023677, 2.7796164751052856, -2.943913707509637], [-3.404293954372406, -0.787619948387146, 0.0025808829814195633, -2.9150715842843056, 0.1959235668182373], [-4.066123217344284, -6.051344275474548, 0.004981561936438083, 2.368335485458374, -1.3927826285362244], [4.576181173324585, 0.8537733554840088, 0.007209668960422277, -2.9149262364953756, -2.978755595628172], [3.7643814086914062, 7.433762550354004, 0.0076951424591243265, -2.850388001650572, 1.0289247035980225], [2.5967246294021606, -6.253511309623718, 0.007382774166762828, -2.849696159362793, 1.4383957386016846], [-4.743997734040022, -3.565461039543152, 0.4156127333641052, 2.794211983680725, -2.9870928204618394], [4.962056875228882, -0.15532851219177246, 0.47185104489326474, 2.843602180480957, -2.9582962710410357]], "Final Predicted Pose 0": [0.4206828474998474, 0.3012295365333557, 0.43248486518859863, -0.38901224732398987, -0.791498064994812, 0.4713810682296753], "Predicted Translation Error 0": "1.7843732662276173cm", "Predicted Rotation Error 0": "tensor([0.9654], grad_fn=<DivBackward0>)"}