{"num_updates": "662", "penalty": "tensor(0., dtype=torch.float64, grad_fn=<AddBackward0>)", "Starting Pose": [0.24392195045948029, 0.04088573157787323, -0.23706331849098206, 0.12747010588645935, -0.012919716536998749, -0.7305063605308533, 0.6707793474197388], "Starting Soft Arm States": [-37.599998474121094, -57.0, 10.0, 10.57176685333252, 26.157615661621094, 35.40446853637695], "Number of Trajectories": 1, "Final Desired Pose": [-0.19201694428920746, 0.11098888516426086, -0.27949023246765137, -0.565913200378418, -0.6857547760009766, 0.4576927423477173], "Predicted Trajectory 0": [[0.8883778754538307, 0.23931759759419574, 0.5027004307018738, -0.0676129013299942, 0.9767233729362488, -0.2035679966211319], [0.8638386726379395, 0.3217526078224182, 0.43586766719818115, 0.17689582705497742, 0.9038224816322327, -0.3896315395832062], [0.828899085521698, 0.3675173819065094, 0.40834516286849976, 0.4136466085910797, 0.7647745013237, -0.49398019909858704], [0.7891281843185425, 0.40654662251472473, 0.3542654514312744, 0.6701449751853943, 0.5934786200523376, -0.4457453191280365], [0.734447717666626, 0.3615916073322296, 0.31932365894317627, 0.9419941902160645, 0.12043110281229019, -0.31327828764915466], [0.6548781394958496, 0.33875152468681335, 0.27831944823265076, 0.900945246219635, -0.42539671063423157, -0.08564615994691849], [0.5511627197265625, 0.3083244562149048, 0.24321548640727997, 0.5678483247756958, -0.8064268827438354, 0.1649966686964035], [0.48590660095214844, 0.3956727087497711, 0.2347649484872818, 0.05093477666378021, -0.9971057176589966, 0.056442782282829285], [0.4418143928050995, 0.4153211712837219, 0.24992048740386963, -0.19442452490329742, -0.9704288244247437, -0.14306293427944183], [0.40155476331710815, 0.4013732969760895, 0.2839522659778595, -0.18809109926223755, -0.9688133001327515, -0.16131456196308136], [0.3542208969593048, 0.4415932595729828, 0.3253459334373474, -0.2018672674894333, -0.975300133228302, -0.08966204524040222], [0.32077834010124207, 0.4510240852832794, 0.3567800521850586, -0.24687924981117249, -0.9602798223495483, -0.13005168735980988], [0.3050316870212555, 0.5137396454811096, 0.39410439133644104, -0.3688482642173767, -0.9191924929618835, -0.13797134160995483], [0.3195188641548157, 0.4999455213546753, 0.3842523396015167, -0.30255910754203796, -0.9484125375747681, -0.09471884369850159], [0.32121846079826355, 0.4687914550304413, 0.40846800804138184, -0.25436076521873474, -0.9661710262298584, 0.04259344935417175], [0.33739736676216125, 0.4462772309780121, 0.40488743782043457, -0.19021004438400269, -0.9737181067466736, 0.12527218461036682], [0.3359648883342743, 0.418801873922348, 0.4107981324195862, -0.1309383064508438, -0.9710919857025146, 0.19958822429180145], [0.3208146393299103, 0.4993826150894165, 0.37981006503105164, -0.38664042949676514, -0.9159581661224365, 0.10737669467926025], [0.34687405824661255, 0.448529988527298, 0.3806874454021454, -0.26943495869636536, -0.9298915863037109, 0.25041237473487854], [0.34050852060317993, 0.45340073108673096, 0.3790348768234253, -0.3368927240371704, -0.8795775771141052, 0.335926353931427], [0.33775991201400757, 0.45889511704444885, 0.38536667823791504, -0.4138799011707306, -0.8094778060913086, 0.4164721667766571]], "Control Inputs 0": [[4.879630208015442, 9.814296960830688, 0.09985544383525848, -0.7751027941703796, -2.97593991458416], [4.93511438369751, 9.821535348892212, 0.6103284299373626, 2.8937466144561768, -2.2667971551418304], [4.954072833061218, 9.819271564483643, 0.004055720055475831, 0.9855237007141113, -2.8772498555481434], [4.966982007026672, 9.932692050933838, 0.4611045122146606, 1.0802772045135498, -2.8984056785702705], [4.988243579864502, 9.82108473777771, 0.16750457435846328, 2.933702230453491, -0.9978214502334595], [4.90786075592041, 9.817225933074951, 0.003879100317135453, -2.321672335267067, -2.8182437606155872], [4.702829718589783, 9.806678295135498, 0.15788738578557968, -0.36654800176620483, -2.9347752761095762], [1.1437016725540161, 9.61769700050354, 0.6873303174972534, 2.93997859954834, 2.975842237472534], [4.985400438308716, -2.645258903503418, 0.432605904340744, 0.5285907983779907, 2.91366183757782], [-0.2695196866989136, 9.851845502853394, 0.5437089562416076, 1.5026689767837524, 2.942483425140381], [4.891324043273926, 9.741817712783813, 0.43660995960235593, 1.3359324932098389, 0.9817507266998291], [-4.790407754480839, 6.686872243881226, 0.005370001820847392, -0.45728427171707153, 2.9375452995300293], [0.8323860168457031, -9.804861173033714, 0.0723595343530178, -0.9870502352714539, 2.944927453994751], [-2.469296455383301, -9.975186397787184, 0.4011751532554626, -0.1618925929069519, 2.4665318727493286], [-4.6006277203559875, -9.75013928487897, 0.4619529128074646, 0.32792043685913086, 2.9435319900512695], [4.898590445518494, 9.810831546783447, 0.004769525025039911, -1.1064172983169556, -2.9402183555066586], [-4.8604984022676945, -9.990503481240012, 0.5366697430610656, -2.311851918697357, 2.939407467842102], [-2.128824293613434, -9.805322028696537, 0.0740353226661682, -0.35432928800582886, 2.5562732219696045], [3.031194806098938, -9.796005729585886, 0.5455184936523437, 0.056233763694763184, 1.0600368976593018], [-4.855372803285718, 9.811071157455444, 0.15332015007734298, -2.9164442270994186, -1.292125403881073]], "Final Predicted Pose 0": [0.33775991201400757, 0.45889511704444885, 0.38536667823791504, -0.4138799011707306, -0.8094778060913086, 0.4164721667766571], "Predicted Translation Error 0": "0.6004361628652152cm", "Predicted Rotation Error 0": "tensor([0.9799], grad_fn=<DivBackward0>)"}