{"num_updates": "847", "penalty": "tensor(0., dtype=torch.float64, grad_fn=<AddBackward0>)", "Starting Pose": [-0.2927541732788086, 0.1837969571352005, -0.2125459611415863, 0.4568105638027191, 0.18475927412509918, 0.7926198244094849, 0.3590848743915558], "Starting Soft Arm States": [27.399999618530273, 67.69999694824219, 10.0, 21.63023567199707, 35.19581985473633, 23.898893356323242], "Number of Trajectories": 1, "Final Desired Pose": [-0.19201694428920746, 0.11098888516426086, -0.27949023246765137, -0.565913200378418, -0.6857547760009766, 0.4576927423477173], "Predicted Trajectory 0": [[0.21632198624431115, 0.6700610933822755, 0.5649467168533959, -0.32476434111595154, -0.40043559670448303, 0.8568427562713623], [0.19457320868968964, 0.6704853773117065, 0.5601686239242554, -0.3849916160106659, -0.45135173201560974, 0.8050236105918884], [0.1966821849346161, 0.6233165860176086, 0.5460730195045471, -0.3999330401420593, -0.5757367610931396, 0.7131484746932983], [0.20538055896759033, 0.5831148624420166, 0.5126938223838806, -0.43066853284835815, -0.6551998853683472, 0.620675265789032], [0.21915371716022491, 0.5447466969490051, 0.4659495949745178, -0.4623250365257263, -0.7097138166427612, 0.5315655469894409], [0.23908136785030365, 0.48802289366722107, 0.40989604592323303, -0.4616520404815674, -0.7681112885475159, 0.443714439868927], [0.25907930731773376, 0.46600136160850525, 0.36529168486595154, -0.4272884428501129, -0.8268226385116577, 0.3657715618610382], [0.278653085231781, 0.4906631112098694, 0.3354202210903168, -0.5067498683929443, -0.8020406365394592, 0.3161255419254303], [0.3143436908721924, 0.49941715598106384, 0.3118586838245392, -0.5085185766220093, -0.7775959968566895, 0.3698015809059143], [0.3185860216617584, 0.44530677795410156, 0.31675612926483154, -0.3851388394832611, -0.7888479232788086, 0.47894367575645447], [0.30078235268592834, 0.45805007219314575, 0.33886221051216125, -0.45154309272766113, -0.7111834287643433, 0.5388199090957642], [0.31312012672424316, 0.4691385328769684, 0.32594209909439087, -0.4668367803096771, -0.7243946194648743, 0.5072630047798157], [0.3072381317615509, 0.4730195999145508, 0.3351452052593231, -0.47359558939933777, -0.721665620803833, 0.5048820972442627], [0.3036673069000244, 0.4734586477279663, 0.34895506501197815, -0.4937610924243927, -0.7040173411369324, 0.5104504227638245], [0.31493863463401794, 0.46093735098838806, 0.36252909898757935, -0.4300307333469391, -0.7383955717086792, 0.5194666385650635], [0.3384900391101837, 0.4556651711463928, 0.3753702640533447, -0.377197265625, -0.7335264682769775, 0.5653857588768005], [0.3456410765647888, 0.4481274485588074, 0.40317007899284363, -0.26545652747154236, -0.7180324196815491, 0.6433990001678467], [0.35197874903678894, 0.4534968137741089, 0.3859844505786896, -0.37225863337516785, -0.7369337677955627, 0.5642269253730774], [0.36308422684669495, 0.4683985114097595, 0.3910037577152252, -0.3881470263004303, -0.7412003874778748, 0.5476894378662109], [0.347189337015152, 0.44852331280708313, 0.42077815532684326, -0.31203341484069824, -0.7622135877609253, 0.567155659198761], [0.35419347882270813, 0.4538920521736145, 0.40339210629463196, -0.4054502844810486, -0.8194588422775269, 0.40508925914764404]], "Control Inputs 0": [[-4.92463618516922, -9.584931172430515, 0.07853146716952324, -1.9581639468669891, -2.9511532858014107], [-4.885764578357339, -9.680094495415688, 0.5752674221992492, 0.0190962553024292, -2.9885309315286577], [-4.914640253409743, -9.721649140119553, 0.00950582791119814, -1.431902289390564, -2.943685121834278], [-4.949366124346852, -8.677405565977097, 0.5124715507030487, -1.3660426139831543, -2.9449004251509905], [-4.864848554134369, -2.1405500173568726, 0.22084310948848723, 2.96654212474823, -2.950210824608803], [-0.060974955558776855, 0.8665525913238525, 0.008301687706261872, -0.9061546325683594, -2.914147663861513], [-4.921751292422414, 2.339355945587158, 0.07447344288229941, -0.2763533592224121, -0.06277728080749512], [-4.904596991837025, -9.750852156430483, 0.5708384156227111, 2.5419209003448486, 2.886886239051819], [3.534132242202759, -9.576305598020554, 0.3757520914077759, -1.3945358991622925, 0.7095279693603516], [-2.6030130684375763, 3.364107608795166, 0.4756626725196838, 0.10397064685821533, -0.28492462635040283], [-0.2158069610595703, 5.037679672241211, 0.4128853678703308, 1.849066972732544, -0.7296926379203796], [4.0966469049453735, -1.098281741142273, 0.039151101559400554, -0.596748948097229, -0.7596071362495422], [-1.2978950142860413, 2.1909642219543457, 0.10691737532615661, 2.3155274391174316, -0.9070229530334473], [0.39756298065185547, 0.4314768314361572, 0.3908523201942444, 2.9348963499069214, -0.3722303509712219], [-4.900262737646699, -3.5567015409469604, 0.4481555342674255, 2.941382646560669, 2.9350987672805786], [4.907003045082092, 5.936284065246582, 0.009502488747239113, 1.3789676427841187, -2.936834765598178], [-4.907527919858694, 9.562990665435791, 0.5322384834289551, -1.8185738325119019, -1.238510549068451], [4.770558476448059, 0.1779794692993164, 0.14629756361246107, 1.8766010999679565, 0.24424731731414795], [4.82003390789032, 8.752881288528442, 0.5530876338481903, 2.3506640195846558, -2.937059059739113], [-4.829488229006529, -9.550848975777626, 0.3771395146846771, -0.07135766744613647, -1.936149537563324]], "Final Predicted Pose 0": [0.35419347882270813, 0.4538920521736145, 0.40339210629463196, -0.4054502844810486, -0.8194588422775269, 0.40508925914764404], "Predicted Translation Error 0": "0.9989197305674923cm", "Predicted Rotation Error 0": "tensor([0.9768], grad_fn=<DivBackward0>)"}