{"num_updates": "62", "penalty": "tensor(417.8308, dtype=torch.float64, grad_fn=<AddBackward0>)", "Starting Pose": [0.04118812084197998, 0.14344409108161926, -0.3669871389865875, 0.7153168320655823, 0.047950711101293564, -0.6210981607437134, -0.3166380226612091], "Starting Soft Arm States": [-1.899999976158142, -56.400001525878906, 10.0, 20.580360412597656, 1.9144343137741089, 35.394535064697266], "Number of Trajectories": 1, "Final Desired Pose": [-0.3146742284297943, 0.045503612607717514, -0.24232107400894165, -0.9464806914329529, -0.26768532395362854, -0.18032988905906677], "Predicted Trajectory 0": [[0.6345032234805258, 0.5484349963335505, 0.17284125406969977, 0.22387561202049255, -0.3247266709804535, -0.9189299941062927], [0.5921791195869446, 0.4904097020626068, 0.1873987764120102, -0.004357586614787579, -0.4651779234409332, -0.8852065205574036], [0.5302106738090515, 0.46553224325180054, 0.19200561940670013, -0.11285224556922913, -0.4971412122249603, -0.8602994084358215], [0.46001797914505005, 0.43093517422676086, 0.23095914721488953, -0.275183767080307, -0.5588215589523315, -0.7822993993759155], [0.3830921947956085, 0.4206302762031555, 0.24761465191841125, -0.44020652770996094, -0.5373085141181946, -0.7193871140480042], [0.3168284296989441, 0.3887755870819092, 0.2973858118057251, -0.5094220042228699, -0.5681078433990479, -0.6463301777839661], [0.25462207198143005, 0.37538236379623413, 0.3670291304588318, -0.6080629825592041, -0.547875702381134, -0.5745360851287842], [0.19912533462047577, 0.37307700514793396, 0.4437115788459778, -0.7142304182052612, -0.5055252909660339, -0.4840651750564575], [0.16847042739391327, 0.36590999364852905, 0.4969561696052551, -0.7851507663726807, -0.47363442182540894, -0.399009644985199], [0.17487488687038422, 0.34150880575180054, 0.48046910762786865, -0.7450739145278931, -0.4755191206932068, -0.4677034020423889], [0.17107971012592316, 0.32593852281570435, 0.4733133316040039, -0.7488824129104614, -0.45051446557044983, -0.4860162138938904], [0.17133556306362152, 0.30786752700805664, 0.4754628837108612, -0.741779088973999, -0.45763689279556274, -0.4902370572090149], [0.1755017638206482, 0.29172489047050476, 0.4682936668395996, -0.7142373323440552, -0.46594175696372986, -0.5222675204277039], [0.17063969373703003, 0.2857564687728882, 0.4724309742450714, -0.7224339246749878, -0.4414486885070801, -0.5321768522262573], [0.17132188379764557, 0.280584454536438, 0.478875994682312, -0.7409664988517761, -0.42385193705558777, -0.5208821296691895], [0.18193615972995758, 0.26743581891059875, 0.47638943791389465, -0.7280912399291992, -0.43913814425468445, -0.526346743106842], [0.18894308805465698, 0.25339746475219727, 0.46785956621170044, -0.6950149536132812, -0.4462062120437622, -0.5637855529785156], [0.16801466047763824, 0.2614404857158661, 0.4946582317352295, -0.8075391054153442, -0.38764864206314087, -0.44453248381614685], [0.1711830198764801, 0.26715555787086487, 0.47933444380760193, -0.7967928647994995, -0.3704734444618225, -0.4773578941822052], [0.19012294709682465, 0.2328585386276245, 0.4448258578777313, -0.7315404415130615, -0.37357351183891296, -0.5703433156013489], [0.17483411729335785, 0.2603996694087982, 0.4867592751979828, -0.8731412887573242, -0.348793089389801, -0.34054034948349]], "Control Inputs 0": [[4.9291545152664185, 9.835666418075562, 0.17036359757184982, -1.0162582397460938, -0.19732439517974854], [4.924987554550171, 9.836242198944092, 0.6139879345893859, 1.2456779479980469, 1.5085011720657349], [4.968098402023315, 9.858448505401611, 0.015749227441847324, -0.4764643907546997, -0.5409945845603943], [4.85234260559082, 9.821268320083618, 0.5237394154071807, -0.5651113986968994, -0.6012829542160034], [4.919307827949524, 9.818007946014404, 0.24449370503425596, 2.9516912698745728, 0.20373201370239258], [4.883466362953186, 9.804601669311523, 0.005694684665650129, -0.708584725856781, -0.036150455474853516], [4.357972145080566, 8.82894515991211, 0.08172947615385055, -0.19468814134597778, -1.3505192399024963], [-3.684867024421692, 5.864154100418091, 0.5977136552333832, 2.658955693244934, 2.8914660215377808], [-0.19488036632537842, -9.805189426988363, 0.34004537463188167, -1.6335712373256683, 0.05222761631011963], [0.28217315673828125, -9.575237892568111, 0.4857558190822601, -0.1430087685585022, 2.255898356437683], [-0.49681276082992554, -9.627131409943104, 0.41699156165122986, 1.547447919845581, 2.9328593015670776], [1.533765196800232, -9.599698185920715, 0.016822284273803233, -0.9301180243492126, 0.4554448127746582], [0.7183301448822021, -4.56645131111145, 0.0812384508550167, 2.0681759119033813, 0.8099344968795776], [-2.5930140912532806, -2.286638617515564, 0.3599176168441772, 2.959996461868286, 2.9362353086471558], [-0.5537548661231995, -9.80538196861744, 0.4143201470375061, 2.9442168474197388, 2.9600969552993774], [4.892195463180542, -3.672395348548889, 0.004694115463644266, 1.3344358205795288, -1.939001441001892], [-1.4673244953155518, 2.3034656047821045, 0.535898196697235, -1.886565774679184, -0.981911838054657], [-2.5670111179351807, -9.808134846389294, 0.1164961576461792, 1.860752820968628, -1.1829807758331299], [2.510133385658264, -2.865206003189087, 0.5171565294265746, 1.991438627243042, 0.9294033050537109], [-4.905262086540461, -9.667227454483509, 0.339456033706665, -2.9410327691584826, -2.9005706682801247]], "Final Predicted Pose 0": [0.17483411729335785, 0.2603996694087982, 0.4867592751979828, -0.8731412887573242, -0.348793089389801, -0.34054034948349], "Predicted Translation Error 0": "1.1505015489079669cm", "Predicted Rotation Error 0": "tensor([0.9812], grad_fn=<DivBackward0>)"}