{"num_updates": "4429", "penalty": "tensor(0., dtype=torch.float64, grad_fn=<AddBackward0>)", "Starting Pose": [0.24392195045948029, 0.04088573157787323, -0.23706331849098206, 0.12747010588645935, -0.012919716536998749, -0.7305063605308533, 0.6707793474197388], "Starting Soft Arm States": [-37.599998474121094, -57.0, 10.0, 10.57176685333252, 26.157615661621094, 35.40446853637695], "Number of Trajectories": 1, "Final Desired Pose": [0.07365071773529053, 0.23481731116771698, -0.26175346970558167, -0.2262817770242691, -0.4421612620353699, 0.8679227828979492], "Predicted Trajectory 0": [[0.8883778754538307, 0.23931759759419574, 0.5027004307018738, -0.0676129013299942, 0.9767233729362488, -0.2035679966211319], [0.9003540873527527, 0.4968234598636627, 0.46934065222740173, 0.04812430962920189, 0.9647243618965149, -0.2588261663913727], [0.8899884819984436, 0.5471293926239014, 0.46529412269592285, 0.16949011385440826, 0.9557884335517883, -0.2402946799993515], [0.8633849024772644, 0.6693364381790161, 0.45276376605033875, -0.054642461240291595, 0.9786827564239502, -0.1979752779006958], [0.9012050032615662, 0.6752375364303589, 0.4928705096244812, 0.24564093351364136, 0.9692122936248779, -0.016976941376924515], [0.8570756912231445, 0.6875714063644409, 0.44417062401771545, 0.20906604826450348, 0.9777929782867432, 0.014569894410669804], [0.8279663324356079, 0.766875147819519, 0.43448901176452637, -0.07405238598585129, 0.9773339629173279, 0.19832991063594818], [0.8518988490104675, 0.7493618130683899, 0.42419350147247314, 0.1433897763490677, 0.9393311142921448, 0.3116028904914856], [0.8226386904716492, 0.7866776585578918, 0.4351484775543213, 0.11771707236766815, 0.9086833000183105, 0.4005464017391205], [0.8135517239570618, 0.7706184983253479, 0.4159797132015228, 0.252020001411438, 0.8226571679115295, 0.5096283555030823], [0.770357608795166, 0.7751643061637878, 0.4059094786643982, 0.23276537656784058, 0.7627773880958557, 0.6033165454864502], [0.7233490943908691, 0.7489310503005981, 0.39344796538352966, 0.14694844186306, 0.6281992197036743, 0.7640496492385864], [0.6827272176742554, 0.7572665810585022, 0.38217973709106445, 0.049918655306100845, 0.5458276867866516, 0.8364091515541077], [0.6537528038024902, 0.7284262180328369, 0.36472564935684204, -0.04841180890798569, 0.41663843393325806, 0.9077823162078857], [0.6556839346885681, 0.7620190978050232, 0.3971935212612152, -0.14225462079048157, 0.42598050832748413, 0.8934786915779114], [0.6662580966949463, 0.7170596122741699, 0.4062119126319885, -0.04102293774485588, 0.2746158838272095, 0.9606785178184509], [0.6470461487770081, 0.7645599246025085, 0.4305235743522644, -0.12955611944198608, 0.3103124499320984, 0.9417650103569031], [0.6445417404174805, 0.7449279427528381, 0.4068617820739746, -0.13333375751972198, 0.14309032261371613, 0.980687141418457], [0.6508333683013916, 0.7742108106613159, 0.41489124298095703, -0.24751155078411102, 0.08948072791099548, 0.9647441506385803], [0.6699736714363098, 0.7652632594108582, 0.41868847608566284, -0.2690220773220062, -0.08140277117490768, 0.9596877694129944], [0.6788228154182434, 0.8039349913597107, 0.4426274299621582, -0.19177967309951782, -0.23105093836784363, 0.9538532495498657]], "Control Inputs 0": [[4.953314661979675, -9.859365448355675, 0.654063993692398, 2.5391135215759277, -2.961549114435911], [4.7726887464523315, -9.420657865703106, 0.5193751633167266, 2.9628424644470215, -2.934120738878846], [-4.381960704922676, -1.7407810688018799, 0.0035830194130539892, 1.1223825216293335, -0.10823178291320801], [4.904962778091431, 0.41365504264831543, 0.0035692015197128055, 0.6995927095413208, 2.892563223838806], [4.842966198921204, -6.7132216691970825, 0.005094445496797561, 2.9573700428009033, -2.755445547401905], [0.03528475761413574, 2.1278786659240723, 3.317752270959318e-05, 0.3682626485824585, 2.9224190711975098], [1.2549251317977905, 1.7187583446502686, 0.0034365398343652485, 0.6749703884124756, 2.898543119430542], [2.4121159315109253, 6.477528810501099, 0.004625051422044634, 2.9425402879714966, 2.9211137294769287], [3.7344080209732056, 4.608244895935059, 0.004234012961387634, -1.1323676705360413, 2.8354125022888184], [4.8701804876327515, -1.8067985773086548, 0.0009024568949826061, 0.3039700984954834, -2.900825757533312], [4.962448477745056, -3.3068156242370605, 0.005180376162752509, 1.937056303024292, -2.428240343928337], [4.990110397338867, 0.31417369842529297, 0.0013089361367747186, -0.707528829574585, -2.836076784878969], [-2.202345132827759, -8.932460322976112, 0.0011215951526537538, 2.092530369758606, -2.872948072850704], [0.787169337272644, 9.671344757080078, 0.003955113235861063, 2.4949604272842407, -2.575894609093666], [-1.647970974445343, -9.143377915024757, 0.006462653912603855, 2.724072575569153, -2.6314294785261154], [4.845181703567505, 9.420427083969116, 0.010428570210933685, 1.086150884628296, -2.9577403804287314], [-0.27813971042633057, 9.42348599433899, 0.011950857378542422, -2.3082268238067627, -2.7589031383395195], [-1.2957784533500671, 9.930403232574463, 0.01574521157890558, 1.2172508239746094, -2.9266929421573877], [-4.587454758584499, 9.884737730026245, 0.015186275169253348, 2.38429856300354, -2.901568438857794], [4.8095643520355225, 9.967315196990967, 0.021479339711368083, -0.08424961566925049, -2.8291403464972973]], "Final Predicted Pose 0": [0.6788228154182434, 0.8039349913597107, 0.4426274299621582, -0.19177967309951782, -0.23105093836784363, 0.9538532495498657], "Predicted Translation Error 0": "0.729730325717785cm", "Predicted Rotation Error 0": "tensor([0.9734], grad_fn=<DivBackward0>)"}