{"num_updates": "3159", "penalty": "tensor(0., dtype=torch.float64, grad_fn=<AddBackward0>)", "Starting Pose": [0.1869552731513977, 0.14966143667697906, -0.20620912313461304, -0.11220291256904602, -0.1144021600484848, -0.9652782082557678, -0.2063021957874298], "Starting Soft Arm States": [-44.900001525878906, 1.7999999523162842, 10.0, 31.360626220703125, 35.24549865722656, 27.101511001586914], "Number of Trajectories": 1, "Final Desired Pose": [-0.32576945424079895, 0.0792294293642044, -0.2520770728588104, -0.7907703518867493, -0.5511918067932129, 0.26621392369270325], "Predicted Trajectory 0": [[0.8170410127163618, 0.5671744701979995, 0.5810350997185101, -0.8896998167037964, -0.3726055324077606, 0.2638168931007385], [0.7873663306236267, 0.5571984648704529, 0.5412163734436035, -0.8475252389907837, -0.4341832101345062, 0.3052636981010437], [0.7353203296661377, 0.5019110441207886, 0.5251902341842651, -0.7436124086380005, -0.5113186240196228, 0.4308059513568878], [0.6870903968811035, 0.49288785457611084, 0.49890899658203125, -0.7111613154411316, -0.4799766540527344, 0.5136846303939819], [0.6513368487358093, 0.48607897758483887, 0.4740629196166992, -0.7055884599685669, -0.49396052956581116, 0.5080826282501221], [0.6107794642448425, 0.45695728063583374, 0.47085702419281006, -0.576266348361969, -0.514409065246582, 0.6350592970848083], [0.5707356333732605, 0.5029547214508057, 0.45909279584884644, -0.6331328749656677, -0.36320748925209045, 0.6835371255874634], [0.5365699529647827, 0.49802160263061523, 0.4293292760848999, -0.6577351093292236, -0.3928762674331665, 0.6426762938499451], [0.49487602710723877, 0.4803776443004608, 0.4276205003261566, -0.6263188123703003, -0.40834158658981323, 0.6640647053718567], [0.4491305947303772, 0.42959487438201904, 0.42464402318000793, -0.5406294465065002, -0.4995799660682678, 0.6768601536750793], [0.4080185294151306, 0.4134295582771301, 0.4211193025112152, -0.5280285477638245, -0.5542680025100708, 0.6434072256088257], [0.3663780391216278, 0.41879382729530334, 0.44135552644729614, -0.47931331396102905, -0.5308190584182739, 0.698920488357544], [0.31287893652915955, 0.48899775743484497, 0.44763246178627014, -0.6268673539161682, -0.3127020597457886, 0.7136207818984985], [0.2784291207790375, 0.4364415407180786, 0.452920138835907, -0.6057756543159485, -0.4271054267883301, 0.6712799668312073], [0.2374517023563385, 0.4436952471733093, 0.4707046449184418, -0.6519773006439209, -0.40669623017311096, 0.6399404406547546], [0.22046586871147156, 0.4039532542228699, 0.4981953799724579, -0.5951990485191345, -0.48814114928245544, 0.6383230686187744], [0.20493589341640472, 0.4088559150695801, 0.47095537185668945, -0.6769359707832336, -0.48923879861831665, 0.5499117970466614], [0.19366759061813354, 0.4033426344394684, 0.48263758420944214, -0.6703029274940491, -0.5157835483551025, 0.5335365533828735], [0.18085218966007233, 0.41318848729133606, 0.4706780016422272, -0.6905425786972046, -0.50919508934021, 0.5136840343475342], [0.16886046528816223, 0.3907608985900879, 0.4794147312641144, -0.6975616812705994, -0.5206871628761292, 0.4922322928905487], [0.17773030698299408, 0.35563164949417114, 0.45831820368766785, -0.6357142329216003, -0.6725896000862122, 0.3788016736507416]], "Control Inputs 0": [[4.964547157287598, -9.696629326790571, 0.375826358795166, 0.8058754205703735, -2.9887780796270818], [4.969626069068909, -9.766762554645538, 0.698192548751831, 1.9075226783752441, -2.9816349679604173], [4.968495965003967, -9.733783602714539, 0.001616001990623772, -2.8643615283071995, 2.065313458442688], [4.92742657661438, -8.798641785979271, 0.6865613162517548, -0.37344038486480713, -2.989329951116815], [4.996899962425232, -3.482629656791687, 0.020844551734626293, 2.8696571588516235, 1.8252017498016357], [4.934887886047363, -2.4849295616149902, 0.0008222471224144101, -2.998760371527169, 2.8542308807373047], [4.878109693527222, 1.5612757205963135, 0.0025733718182891605, -2.979260883294046, -2.9374832175672054], [4.875397682189941, -9.700079876929522, 0.6825376093387603, -1.301666021347046, -2.971261720173061], [4.900820851325989, -9.707413725554943, 0.4517425239086151, -2.9580566911026835, -2.455682024359703], [4.794498682022095, -0.7927852869033813, 0.5186896085739136, -0.854561984539032, -2.8939322903752327], [4.9977046251297, 1.0539031028747559, 0.4277019619941711, -2.965286772698164, 2.8837151527404785], [4.767825603485107, -3.3969223499298096, 0.007970801461488009, -2.96845939848572, -0.8673559427261353], [4.717735052108765, -2.968788743019104, 0.0025141895050182937, -2.8397772274911404, -2.1979455649852753], [4.657954573631287, -6.226512789726257, 0.29014401137828827, -0.2562466263771057, -2.8749579302966595], [-4.86572009511292, -9.107662960886955, 0.42030117511749265, 1.1139761209487915, 2.866328716278076], [4.903616309165955, -0.6595009565353394, 0.0006934718112461269, -2.9560739574953914, -2.9740178184583783], [-2.780871242284775, 7.071106433868408, 0.5135682880878448, 2.9281085729599, -1.3746230006217957], [4.726795554161072, -7.675530314445496, 0.0025185068836435674, -2.9541687732562423, -0.042313992977142334], [-4.717350993305445, 1.189812421798706, 0.6763550162315368, 2.9379987716674805, -2.940408904105425], [4.798911809921265, -0.10856091976165771, 0.00720646409317851, 2.9394689798355103, -2.990756349870935]], "Final Predicted Pose 0": [0.17773030698299408, 0.35563164949417114, 0.45831820368766785, -0.6357142329216003, -0.6725896000862122, 0.3788016736507416], "Predicted Translation Error 0": "0.33133132486857936cm", "Predicted Rotation Error 0": "tensor([0.9743], grad_fn=<DivBackward0>)"}