{"num_updates": "1413", "penalty": "tensor(0., dtype=torch.float64, grad_fn=<AddBackward0>)", "Starting Pose": [-0.09300388395786285, 0.17739138007164001, -0.3423205614089966, -0.04062668979167938, 0.23203124105930328, 0.9251996278762817, 0.2975173592567444], "Starting Soft Arm States": [-2.5, -1.899999976158142, 10.0, 8.839638710021973, 35.12627029418945, 19.47418212890625], "Number of Trajectories": 1, "Final Desired Pose": [-0.14344441890716553, 0.059817876666784286, -0.27581164240837097, -0.2217399775981903, -0.9223645329475403, 0.3163464367389679], "Predicted Trajectory 0": [[0.46646048201780865, 0.6507542779369683, 0.2354663903922035, -0.819665789604187, -0.5693792700767517, 0.06289105117321014], [0.4202224016189575, 0.6173861026763916, 0.23182310163974762, -0.7914173603057861, -0.603681743144989, 0.09605642408132553], [0.37681493163108826, 0.550666093826294, 0.2279447615146637, -0.7179446220397949, -0.6847823858261108, 0.1250145435333252], [0.3259100914001465, 0.49095842242240906, 0.28724604845046997, -0.6707374453544617, -0.667933464050293, 0.32245340943336487], [0.35520556569099426, 0.445613294839859, 0.2787761092185974, -0.6171988248825073, -0.7306916117668152, 0.29181408882141113], [0.37040823698043823, 0.3710727095603943, 0.29429879784584045, -0.47651901841163635, -0.8022366166114807, 0.35964709520339966], [0.35355091094970703, 0.344290167093277, 0.3453899919986725, -0.40170925855636597, -0.7711105346679688, 0.4939820468425751], [0.3825966715812683, 0.3275075852870941, 0.3537937104701996, -0.32542166113853455, -0.7805090546607971, 0.5337661504745483], [0.3937617838382721, 0.3327625095844269, 0.3675212860107422, -0.2966594099998474, -0.7747677564620972, 0.5583260655403137], [0.39352139830589294, 0.2900899350643158, 0.4069189429283142, -0.10841834545135498, -0.7605717778205872, 0.6401375532150269], [0.3989669978618622, 0.2824273705482483, 0.40766391158103943, -0.07394563406705856, -0.7884456515312195, 0.6106435656547546], [0.4030202329158783, 0.2998030185699463, 0.40721631050109863, -0.10180703550577164, -0.817129909992218, 0.5673923492431641], [0.4036776125431061, 0.29498133063316345, 0.39977309107780457, -0.09478563070297241, -0.8577870726585388, 0.5051900148391724], [0.4030672311782837, 0.294233500957489, 0.3921239972114563, -0.10654731094837189, -0.8934246897697449, 0.4363943338394165], [0.39047056436538696, 0.3077605664730072, 0.39392420649528503, -0.14477145671844482, -0.8832828402519226, 0.4459291100502014], [0.39191967248916626, 0.3150009512901306, 0.421713650226593, -0.08392903208732605, -0.8258416056632996, 0.5576213598251343], [0.4287160336971283, 0.272222638130188, 0.43116578459739685, 0.07340232282876968, -0.8305150866508484, 0.5521383881568909], [0.42266812920570374, 0.3111622631549835, 0.4096561372280121, -0.05321416258811951, -0.8548285365104675, 0.5161747932434082], [0.4049026668071747, 0.30138257145881653, 0.4127558767795563, -0.057166025042533875, -0.8680408000946045, 0.4931908845901489], [0.405851811170578, 0.2905386686325073, 0.41022881865501404, 0.06297367066144943, -0.8985344171524048, 0.43436190485954285], [0.4008539319038391, 0.30040910840034485, 0.39477235078811646, -0.060982879251241684, -0.9545600414276123, 0.29171237349510193]], "Control Inputs 0": [[-4.909858135506511, -9.566259644925594, 0.6874712169170379, 2.9796159267425537, -2.955399066209793], [4.990686774253845, -9.953839001245797, 0.6907507479190826, 2.8935914039611816, -2.9504503458738327], [-4.90264005959034, -9.824963081628084, 0.007822973374277353, 2.9125839471817017, -2.948646392673254], [-4.822205845266581, -9.701212868094444, 0.014630215056240558, 2.8552279472351074, -2.945873038843274], [4.902796745300293, -9.527748748660088, 0.010992006212472915, 2.953430414199829, -2.946626365184784], [1.6226863861083984, -5.906323492527008, 0.00624056365340948, 1.7387605905532837, -2.924303535372019], [-4.901816640049219, 7.394222021102905, 0.005578927416354417, 1.4147111177444458, -2.9440302159637213], [4.901291728019714, -9.797589238733053, 0.014944444596767425, 2.904404640197754, -1.1037636995315552], [0.7494401931762695, -9.801028836518526, 0.01534917578101158, -1.121968388557434, -1.27009516954422], [-1.1160919070243835, 7.521034479141235, 0.07917394265532493, -0.47957950830459595, -2.8596218526363373], [1.2387722730636597, 5.853269100189209, 0.03650724254548549, 0.46113646030426025, -2.563993915915489], [0.25511085987091064, 3.6171138286590576, 0.007215312030166387, -1.4671069979667664, -2.913898481056094], [0.8611148595809937, 5.604687929153442, 0.007505709119141102, -0.1427997350692749, -1.7022913992404938], [2.52122163772583, -9.419062323868275, 0.006414810381829738, -0.1969565749168396, 2.942041754722595], [-4.894612263888121, -9.784309472888708, 0.10725409239530563, 2.929506540298462, 1.0400762557983398], [-0.622902512550354, 3.2471537590026855, 0.007159046921879053, -1.3656560182571411, -1.8362827599048615], [0.2997082471847534, 3.9560115337371826, 0.09416544586420059, -2.905441951006651, 0.43985652923583984], [4.900493621826172, -5.830314755439758, 0.17177475094795225, 0.47989726066589355, -2.89780930057168], [-2.8371013700962067, 9.587223529815674, 0.016222804598510266, -0.3640034794807434, -2.9375293124467134], [4.891630411148071, 9.81510877609253, 0.12381152659654616, -2.214824616909027, -2.880853783339262]], "Final Predicted Pose 0": [0.4008539319038391, 0.30040910840034485, 0.39477235078811646, -0.060982879251241684, -0.9545600414276123, 0.29171237349510193], "Predicted Translation Error 0": "0.4443266561010118cm", "Predicted Rotation Error 0": "tensor([0.9863], grad_fn=<DivBackward0>)"}