{"num_updates": "804", "penalty": "tensor(0., dtype=torch.float64, grad_fn=<AddBackward0>)", "Starting Pose": [-0.3305681645870209, 0.12776833772659302, -0.21498194336891174, -0.21538259088993073, -0.23775531351566315, -0.9407278895378113, 0.11006225645542145], "Starting Soft Arm States": [26.399999618530273, -78.5999984741211, 10.0, 16.307994842529297, 35.205753326416016, 26.57491683959961], "Number of Trajectories": 1, "Final Desired Pose": [-0.27564650774002075, 0.07298636436462402, -0.291840523481369, -0.8042564392089844, -0.5772489905357361, 0.1412627398967743], "Predicted Trajectory 0": [[0.1689691892236738, 0.5011872817266448, 0.5587620842838561, -0.8829932808876038, 0.3094940185546875, 0.3528970777988434], [0.17793191969394684, 0.5216501951217651, 0.5284318923950195, -0.8860252499580383, 0.2630179226398468, 0.3818124830722809], [0.200815811753273, 0.5241768956184387, 0.4939447343349457, -0.8818479776382446, 0.20849351584911346, 0.42293581366539], [0.22898627817630768, 0.5015003681182861, 0.4488561451435089, -0.8998008370399475, 0.08641447871923447, 0.42765751481056213], [0.2559391260147095, 0.47059541940689087, 0.40193527936935425, -0.8958558440208435, -0.06740691512823105, 0.4392021596431732], [0.27355584502220154, 0.4795385003089905, 0.3827671408653259, -0.8897947669029236, -0.16102144122123718, 0.42700982093811035], [0.27596333622932434, 0.4798550307750702, 0.39090147614479065, -0.8388669490814209, -0.2508540749549866, 0.4830884635448456], [0.2750737965106964, 0.4868060052394867, 0.38351014256477356, -0.8409604430198669, -0.29876405000686646, 0.4511379599571228], [0.27782905101776123, 0.45937779545783997, 0.3755376636981964, -0.8016353249549866, -0.4133552610874176, 0.43187764286994934], [0.2671348750591278, 0.37740880250930786, 0.3726934492588043, -0.6827670335769653, -0.6322965025901794, 0.3661016523838043], [0.24133284389972687, 0.3760245442390442, 0.39164218306541443, -0.6935397386550903, -0.6434409022331238, 0.3240160644054413], [0.2485780417919159, 0.36011984944343567, 0.369154691696167, -0.6721359491348267, -0.7104267477989197, 0.2086314707994461], [0.2448694109916687, 0.3637833893299103, 0.36722779273986816, -0.7003476023674011, -0.6949535012245178, 0.1629503071308136], [0.2404322475194931, 0.3397538363933563, 0.36413851380348206, -0.6662917733192444, -0.7402275800704956, 0.09010221809148788], [0.24147556722164154, 0.3484078347682953, 0.360505610704422, -0.6840729713439941, -0.7237047553062439, 0.09108070284128189], [0.24323655664920807, 0.3402148187160492, 0.36592286825180054, -0.6490597128868103, -0.7465691566467285, 0.14613662660121918], [0.24524003267288208, 0.32470181584358215, 0.37150782346725464, -0.6052231788635254, -0.774404764175415, 0.18439659476280212], [0.2455694079399109, 0.3380528390407562, 0.3636104166507721, -0.6432558298110962, -0.7455379962921143, 0.17434154450893402], [0.2438974231481552, 0.35222965478897095, 0.3626982569694519, -0.6791189312934875, -0.702427327632904, 0.2130570113658905], [0.23850055038928986, 0.3090721070766449, 0.3638266921043396, -0.6123184561729431, -0.7705284953117371, 0.17706456780433655], [0.23126928508281708, 0.33618247509002686, 0.3581656515598297, -0.7007712125778198, -0.6936572790145874, 0.16661126911640167]], "Control Inputs 0": [[-4.983378574252129, 1.1961758136749268, 0.009490250796079635, -2.5559664219617844, -2.9525286946445704], [-4.901781985536218, -4.075775742530823, 0.6882682561874389, 2.8785241842269897, -2.9476834908127785], [-4.819617960602045, -5.442585647106171, 0.006954350043088197, -0.7524170279502869, -2.9413184244185686], [-1.7340359091758728, 0.25254011154174805, 0.17241430580615996, -1.3490030765533447, -2.942719168961048], [0.25742948055267334, 4.806842803955078, 0.010744226165115833, 2.882266044616699, -2.948366990312934], [0.8822751045227051, 5.790327787399292, 0.007543002534657717, -1.1957752704620361, -2.948776161298156], [-1.035652756690979, 5.661110877990723, 0.2574413686990738, -0.16318291425704956, -2.9439692962914705], [-0.0980299711227417, -8.577806800603867, 0.22373551130294797, 1.3084341287612915, -2.884718857705593], [4.898080825805664, -7.967694699764252, 0.18055050671100614, -2.104302942752838, -2.9593996228650212], [-1.2593775987625122, 3.922097682952881, 0.26999176442623135, -0.8525644540786743, -2.8970787338912487], [-1.133984923362732, 7.251379489898682, 0.2159843325614929, 1.1000107526779175, -1.7158236801624298], [2.8678518533706665, -0.5315488576889038, 0.0038824746850877998, -0.45245182514190674, -2.863382901996374], [-0.3752252459526062, 1.7483901977539062, 0.015402989648282527, 0.4876863956451416, -0.6549586057662964], [-0.7106325030326843, -2.0446765422821045, 0.0688756376504898, 0.5543264150619507, 2.9389986991882324], [-0.7711765170097351, -6.0255420207977295, 0.09157875031232833, 2.9394367933273315, 2.9348970651626587], [-0.6201139092445374, -0.6487858295440674, 0.007259682100266218, -0.6509969830513, 0.4600081443786621], [-0.6796815991401672, 5.107384920120239, 0.1510042279958725, -0.8247578144073486, 0.2367771863937378], [0.540006160736084, -6.664950847625732, 0.046751967072486876, -0.322990357875824, 1.3283064365386963], [3.0512112379074097, 1.4413416385650635, 0.0777462251484394, -0.9522546529769897, -2.941262735053897], [-4.901414318010211, -5.026409029960632, 0.024291683733463285, -1.4399785995483398, -2.1977811455726624]], "Final Predicted Pose 0": [0.23126928508281708, 0.33618247509002686, 0.3581656515598297, -0.7007712125778198, -0.6936572790145874, 0.16661126911640167], "Predicted Translation Error 0": "0.5601258383050459cm", "Predicted Rotation Error 0": "tensor([0.9875], grad_fn=<DivBackward0>)"}