{"num_updates": "33", "penalty": "tensor(496.7365, dtype=torch.float64, grad_fn=<AddBackward0>)", "Starting Pose": [-0.2373857945203781, 0.16820833086967468, -0.27910685539245605, -0.2144898623228073, -0.4621627926826477, -0.8525670170783997, -0.11631454527378082], "Starting Soft Arm States": [11.699999809265137, -52.099998474121094, 10.0, 16.387481689453125, 35.212379455566406, 19.351640701293945], "Number of Trajectories": 1, "Final Desired Pose": [-0.3728078007698059, 0.23337866365909576, -0.21450695395469666, -0.9730545282363892, -0.2263774424791336, 0.04379641264677048], "Predicted Trajectory 0": [[0.28565737005343383, 0.6230759853478269, 0.3959575223412493, -0.8809300661087036, -7.342227036133409e-05, 0.4732465147972107], [0.2786329984664917, 0.6653000116348267, 0.4354792833328247, -0.8496126532554626, 0.10961797088384628, 0.5158896446228027], [0.2389555424451828, 0.689662516117096, 0.4732690155506134, -0.7985376119613647, 0.21759246289730072, 0.5612407326698303], [0.19930478930473328, 0.7024425268173218, 0.5358538031578064, -0.7591482400894165, 0.270376980304718, 0.5921066403388977], [0.17320582270622253, 0.7458811402320862, 0.5781289935112, -0.697416365146637, 0.4137185513973236, 0.5851899981498718], [0.15912635624408722, 0.744861900806427, 0.6035314798355103, -0.6745607852935791, 0.45653849840164185, 0.5801210403442383], [0.15475152432918549, 0.7765082716941833, 0.6000784039497375, -0.6456782817840576, 0.5697206854820251, 0.5084465742111206], [0.14986580610275269, 0.7939410209655762, 0.5978012084960938, -0.6209749579429626, 0.6402667164802551, 0.45215991139411926], [0.14641624689102173, 0.8018277287483215, 0.5953681468963623, -0.5958521962165833, 0.6993947625160217, 0.3947241008281708], [0.11769668757915497, 0.7672781944274902, 0.6183896064758301, -0.7086037397384644, 0.5920726656913757, 0.383836954832077], [0.10752475261688232, 0.763573408126831, 0.629081130027771, -0.7164968848228455, 0.5818676948547363, 0.3847885727882385], [0.10700148344039917, 0.7876980900764465, 0.5893025994300842, -0.7328062653541565, 0.6388270854949951, 0.23429656028747559], [0.10032691061496735, 0.8136711716651917, 0.5854529738426208, -0.709790050983429, 0.6856693029403687, 0.161417618393898], [0.07898226380348206, 0.7700889110565186, 0.6217314004898071, -0.7757675647735596, 0.5857087969779968, 0.2347976714372635], [0.07928885519504547, 0.7727519273757935, 0.6138741970062256, -0.7902355790138245, 0.5779489874839783, 0.20372231304645538], [0.08403428643941879, 0.765267550945282, 0.5795546174049377, -0.8342159390449524, 0.5336593389511108, 0.13889366388320923], [0.10322681069374084, 0.8311737775802612, 0.5209856629371643, -0.8003504872322083, 0.5993630290031433, -0.014250985346734524], [0.10625559091567993, 0.8567291498184204, 0.4946252107620239, -0.787369430065155, 0.614977240562439, -0.0430387407541275], [0.10621536523103714, 0.8280187845230103, 0.4725050926208496, -0.8653759360313416, 0.49757012724876404, -0.05956772714853287], [0.11899998784065247, 0.8359805941581726, 0.45786625146865845, -0.9142365455627441, 0.39712488651275635, -0.08039509505033493], [0.10172945261001587, 0.7801740169525146, 0.5293506979942322, -0.9744834899902344, 0.19712066650390625, 0.10735641419887543]], "Control Inputs 0": [[4.983283877372742, 9.576282501220703, 0.10828140228986739, -0.2594749331474304, -1.7741178274154663], [4.929288029670715, -0.9325087070465088, 0.6068648993968964, 0.985607385635376, 2.982569932937622], [4.8109787702560425, 5.986708402633667, 0.02110006362199783, -0.6854120492935181, 1.3691010475158691], [3.47445547580719, 4.541623592376709, 0.5107909381389618, -1.0934990644454956, 0.6003302335739136], [-0.006087124347686768, 1.970832347869873, 0.22943972647190092, 1.112464427947998, 1.593888759613037], [1.2388968467712402, 6.1396729946136475, 0.004081137012690306, -0.9173583984375, 1.0900472402572632], [0.8692276477813721, 6.889708042144775, 0.05854163840413093, -0.8929842710494995, -1.7484430074691772], [1.076505184173584, -9.769127704203129, 0.5526735305786132, 0.4591137170791626, 2.9673049449920654], [2.9085010290145874, -5.634599030017853, 0.3518586039543152, -1.2148953080177307, 0.46554744243621826], [-1.9167166948318481, -0.8794409036636353, 0.46645768880844113, -0.6138344407081604, 1.6452223062515259], [1.7594510316848755, 6.011643409729004, 0.37841399312019347, -0.4355224370956421, 1.363053560256958], [2.643730044364929, -7.526744902133942, 0.007310229819267987, -2.018180876970291, 0.5194791555404663], [-0.5211272835731506, -9.60251472890377, 0.047456146031618116, 0.22528624534606934, 1.3973404169082642], [-4.7764830850064754, -9.657707512378693, 0.26104533970355986, 0.6927094459533691, 2.9339497089385986], [-4.860689612105489, 3.7757599353790283, 0.30337412059307095, 1.4483853578567505, 2.8023601770401], [-0.18231511116027832, 9.792842864990234, 0.0037333385087549684, -1.0655527710914612, 0.4694570302963257], [-1.5919137001037598, -6.695338189601898, 0.40610400438308714, -2.8834718093276024, 0.29528510570526123], [-4.775026738643646, -9.432956576347351, 0.07178345099091529, -0.40609127283096313, -2.945184985175729], [4.7521668672561646, -9.795099645853043, 0.6335509657859801, 2.889915347099304, -2.952971225604415], [4.904021620750427, 9.823691844940186, 0.3770555675029754, 2.871677041053772, -2.9445128850638866]], "Final Predicted Pose 0": [0.10172945261001587, 0.7801740169525146, 0.5293506979942322, -0.9744834899902344, 0.19712066650390625, 0.10735641419887543], "Predicted Translation Error 0": "2.114049175230915cm", "Predicted Rotation Error 0": "tensor([0.9083], grad_fn=<DivBackward0>)"}