{"num_updates": "2564", "penalty": "tensor(0., dtype=torch.float64, grad_fn=<AddBackward0>)", "Starting Pose": [-0.3934899568557739, 0.11556421965360641, -0.18830952048301697, -0.06530674546957016, 0.7862982749938965, -0.6143859028816223, 7.779979205224663e-05], "Starting Soft Arm States": [39.20000076293945, 66.9000015258789, 10.0, 7.822881698608398, 12.499299049377441, 35.411094665527344], "Number of Trajectories": 1, "Final Desired Pose": [-0.3728078007698059, 0.23337866365909576, -0.21450695395469666, -0.9730545282363892, -0.2263774424791336, 0.04379641264677048], "Predicted Trajectory 0": [[0.09017499812145359, 0.464403295995167, 0.6264797931563718, -0.9914700388908386, -0.10260556638240814, 0.08036943525075912], [0.08244293928146362, 0.4589891731739044, 0.6375980973243713, -0.987091064453125, -0.15505360066890717, 0.04011928290128708], [0.08065299689769745, 0.47455349564552307, 0.6472150087356567, -0.9818598628044128, -0.13820388913154602, 0.12981073558330536], [0.09255644679069519, 0.44909289479255676, 0.5806422233581543, -0.9744465947151184, -0.2240329086780548, -0.01622062176465988], [0.0945003405213356, 0.46986937522888184, 0.556978166103363, -0.9804152846336365, -0.1952429562807083, -0.025809288024902344], [0.09556026756763458, 0.48460817337036133, 0.5518686771392822, -0.9858612418174744, -0.16559386253356934, -0.02562028542160988], [0.10144072026014328, 0.5251725912094116, 0.5515940189361572, -0.9978470802307129, -0.057685233652591705, -0.031203560531139374], [0.10121241211891174, 0.564317524433136, 0.560850203037262, -0.9960290789604187, 0.061196256428956985, -0.06466148048639297], [0.10346437990665436, 0.5935494899749756, 0.5967757105827332, -0.9879817962646484, 0.13873063027858734, 0.06815894693136215], [0.12665101885795593, 0.5550713539123535, 0.5340983867645264, -0.9912518262863159, 0.0878402441740036, -0.09850737452507019], [0.14453567564487457, 0.5935874581336975, 0.5179890394210815, -0.97133469581604, 0.1785091757774353, -0.15698233246803284], [0.15321218967437744, 0.6418232917785645, 0.5309308171272278, -0.944377064704895, 0.2763226628303528, -0.1783195286989212], [0.16652409732341766, 0.6864312291145325, 0.5396894216537476, -0.9067540764808655, 0.35356882214546204, -0.22975221276283264], [0.18114876747131348, 0.699694037437439, 0.5475063323974609, -0.8925146460533142, 0.3417116403579712, -0.2943651080131531], [0.18813949823379517, 0.7454769015312195, 0.556838870048523, -0.8336406350135803, 0.4111393690109253, -0.3687920570373535], [0.16949579119682312, 0.7368939518928528, 0.6055082082748413, -0.8887581825256348, 0.3406151533126831, -0.306741327047348], [0.15477332472801208, 0.7505496740341187, 0.6314043998718262, -0.9008128643035889, 0.30993571877479553, -0.3040986657142639], [0.14632949233055115, 0.7538020014762878, 0.6610755920410156, -0.962604284286499, 0.21267497539520264, -0.16781678795814514], [0.18547463417053223, 0.7698790431022644, 0.5680373311042786, -0.9170547723770142, 0.22708599269390106, -0.32778435945510864], [0.18786072731018066, 0.781976044178009, 0.5860130190849304, -0.9494523406028748, 0.17619454860687256, -0.2597995400428772], [0.17756779491901398, 0.7828878164291382, 0.6146169304847717, -0.9841334819793701, 0.14196684956550598, -0.1064276471734047]], "Control Inputs 0": [[1.0803240537643433, 3.2817375659942627, 0.16631313562393188, -0.38929492235183716, 2.9833863973617554], [-4.808904696255922, -2.199009656906128, 0.6939698636531829, 0.9119117259979248, 2.9904706478118896], [-3.8852573931217194, -3.6945050954818726, 0.3178388625383377, -0.6315878033638, 2.9891334772109985], [-0.9583982825279236, 2.332448959350586, 0.6787900269031524, -0.5819638967514038, 2.9958869218826294], [-1.2808838486671448, 6.416457891464233, 0.45085131525993344, 2.860490083694458, 2.9812599420547485], [-0.8800676465034485, 7.152383327484131, 0.24452076256275176, 1.7219513654708862, 2.9299532175064087], [2.41121768951416, 6.827714443206787, 0.23356365263462064, 1.5851898193359375, 2.978101372718811], [-4.917698437348008, -7.716680318117142, 0.5649563133716583, 2.664664149284363, 2.996023178100586], [-4.8306892439723015, -7.157091200351715, 0.35978681445121763, -1.7715269923210144, 2.9883395433425903], [-0.889122486114502, 4.108917713165283, 0.3463664889335632, 2.4968401193618774, 2.9924930334091187], [0.21438002586364746, 7.507202625274658, 0.30246918499469755, 2.718845844268799, 2.951768159866333], [-1.6408854722976685, -0.6528258323669434, 0.015700190886855123, 2.482819676399231, 2.98580539226532], [-1.188274323940277, 1.378086805343628, 0.027904794737696647, 2.6635851860046387, 2.917831063270569], [4.77681040763855, -1.792137622833252, 0.2158105969429016, 2.709224224090576, 2.9732905626296997], [4.805271625518799, -5.824696123600006, 0.19425425827503204, 2.8022546768188477, 2.9878828525543213], [4.7558265924453735, -0.37208259105682373, 0.01102075483649969, 2.6742539405822754, 2.899255156517029], [-4.949605101719499, 6.465914249420166, 0.5326103210449218, -2.8705254681408405, -2.9243902880698442], [-4.893540646880865, -4.187855124473572, 0.01553141251206398, 1.0112239122390747, 2.9451581239700317], [4.9079179763793945, 2.469918727874756, 0.5752536952495575, 2.79130482673645, -2.7006279453635216], [-4.9088215455412865, 2.054870128631592, 0.0238500639796257, -2.855718567967415, -2.9412453565746546]], "Final Predicted Pose 0": [0.17756779491901398, 0.7828878164291382, 0.6146169304847717, -0.9841334819793701, 0.14196684956550598, -0.1064276471734047], "Predicted Translation Error 0": "5.497558629571381cm", "Predicted Rotation Error 0": "tensor([0.9208], grad_fn=<DivBackward0>)"}