{"num_updates": "3021", "penalty": "tensor(0., dtype=torch.float64, grad_fn=<AddBackward0>)", "Starting Pose": [-0.13554009795188904, 0.1981327086687088, -0.25537872314453125, -0.3253438472747803, 0.5200351476669312, -0.7897330522537231, 0.006041544023901224], "Starting Soft Arm States": [-0.800000011920929, -54.29999923706055, 10.0, 26.637842178344727, 28.012285232543945, 35.387908935546875], "Number of Trajectories": 1, "Final Desired Pose": [-0.15341465175151825, 0.20954540371894836, -0.32454434037208557, -0.7444344162940979, -0.29618901014328003, 0.5984057784080505], "Predicted Trajectory 0": [[0.41319425336534477, 0.7132699575300093, 0.45620007167872473, -0.788229763507843, -0.3288380801677704, 0.5201532244682312], [0.3906225264072418, 0.6901756525039673, 0.441750705242157, -0.7743486762046814, -0.4109219014644623, 0.4811728596687317], [0.39863139390945435, 0.6865338683128357, 0.4088570177555084, -0.8050270676612854, -0.4611610174179077, 0.3731781840324402], [0.41106265783309937, 0.6851828098297119, 0.39070364832878113, -0.7935559153556824, -0.5150900483131409, 0.32396194338798523], [0.4145086109638214, 0.7367708086967468, 0.40244176983833313, -0.8020475506782532, -0.4389645755290985, 0.40500590205192566], [0.3963541090488434, 0.7310860753059387, 0.41185659170150757, -0.7834118604660034, -0.40212664008140564, 0.47387757897377014], [0.3847429156303406, 0.7321810126304626, 0.4058959484100342, -0.7948381304740906, -0.3069016933441162, 0.5234919190406799], [0.37050342559814453, 0.7109194397926331, 0.3880544602870941, -0.832792341709137, -0.29520824551582336, 0.4683043360710144], [0.38480058312416077, 0.7411782741546631, 0.3849039673805237, -0.8279299736022949, -0.12879937887191772, 0.5458411574363708], [0.3747158646583557, 0.7162362933158875, 0.3473737835884094, -0.9023656845092773, -0.08570686727762222, 0.4223629832267761], [0.3681264817714691, 0.6844502687454224, 0.3435547351837158, -0.8919121623039246, -0.12967264652252197, 0.43321776390075684], [0.3997668921947479, 0.7535784840583801, 0.3325210511684418, -0.9104716181755066, 0.08407760411500931, 0.40493500232696533], [0.417717844247818, 0.7775620222091675, 0.3116843104362488, -0.8826451897621155, 0.2914893925189972, 0.36874300241470337], [0.3680398166179657, 0.7032379508018494, 0.3059074580669403, -0.9158812761306763, 0.1672733724117279, 0.3649398386478424], [0.3475814759731293, 0.7042292356491089, 0.31581851840019226, -0.8892428278923035, 0.19148609042167664, 0.4154278337955475], [0.3621320426464081, 0.7397063970565796, 0.2794475555419922, -0.9228575825691223, 0.30745822191238403, 0.23195543885231018], [0.3706311285495758, 0.7990699410438538, 0.3021188974380493, -0.8202718496322632, 0.4767019748687744, 0.31608450412750244], [0.34839218854904175, 0.7268459796905518, 0.30796971917152405, -0.8588449954986572, 0.31550541520118713, 0.4035364091396332], [0.3696705996990204, 0.7511718273162842, 0.30243560671806335, -0.850269079208374, 0.26342588663101196, 0.45568546652793884], [0.3885602355003357, 0.7127440571784973, 0.29837435483932495, -0.8686918020248413, 0.1026388481259346, 0.4846028685569763], [0.38844889402389526, 0.7174022793769836, 0.29863715171813965, -0.8689477443695068, -0.00717710517346859, 0.49485185742378235]], "Control Inputs 0": [[-4.911906691268086, 2.299635410308838, 0.00065496870665811, -2.8796782605350018, -2.8860965743660927], [-4.7223300859332085, 0.6646668910980225, 0.00038951287278905507, -2.9946648672921583, -2.869944903999567], [-2.543126940727234, 3.2966995239257812, 0.00936883809044957, -0.8397518992424011, 2.9774222373962402], [4.88658607006073, 6.287422180175781, 0.0015786309959366918, -2.737003080546856, 2.9754663705825806], [4.703943133354187, 2.0513617992401123, 0.18224966526031494, -0.1461639404296875, 2.888899326324463], [-4.899312434718013, -5.457280278205872, 0.003907499508932232, -2.6849778816103935, 2.9010382890701294], [1.91472589969635, 6.2583959102630615, 0.14954532235860823, 0.35449540615081787, 2.9779640436172485], [-4.876720365136862, -0.7117652893066406, 0.012392029911279677, -1.8999047577381134, 2.9847182035446167], [3.960971236228943, -9.549199156463146, 0.19534081518650054, -0.4608417749404907, 2.9268239736557007], [-4.716067668050528, 2.4343478679656982, 0.009342348389327525, -1.2428154945373535, 2.957041025161743], [-4.855731474235654, 9.858582019805908, 0.605129462480545, 0.7145229578018188, 2.940081238746643], [4.8709917068481445, -9.711062740534544, 0.3877048015594482, -1.5736318230628967, 2.990886926651001], [4.793716073036194, -9.705847445875406, 0.0038221158087253567, 1.262753963470459, 2.975488543510437], [-4.71441688016057, -3.737313747406006, 0.00397074967622757, -1.511805385351181, 2.9915428161621094], [1.3990378379821777, 5.818877220153809, 0.20015229880809782, -1.7926539480686188, 2.9289965629577637], [3.636067509651184, -4.531831741333008, 0.020227004587650296, 0.9125443696975708, 2.8745280504226685], [-4.808416925370693, -3.752061128616333, 0.0006349324190523475, 2.8237252235412598, -2.8768094703555107], [-4.542369544506073, -1.9354277849197388, 0.36506313681602476, 2.869730830192566, -2.9302200581878424], [-1.2426218390464783, -1.6196632385253906, 0.2644963532686233, 2.8344597816467285, -2.997612372972071], [4.980675578117371, 9.819190502166748, 0.2641304612159729, -2.9376555271446705, -2.9537508571520448]], "Final Predicted Pose 0": [0.38844889402389526, 0.7174022793769836, 0.29863715171813965, -0.8689477443695068, -0.00717710517346859, 0.49485185742378235], "Predicted Translation Error 0": "1.2444975855768858cm", "Predicted Rotation Error 0": "tensor([0.9451], grad_fn=<DivBackward0>)"}