{"num_updates": "1877", "penalty": "tensor(0., dtype=torch.float64, grad_fn=<AddBackward0>)", "Starting Pose": [0.1577257513999939, 0.05198083445429802, -0.18910814821720123, -0.30561184883117676, -0.14486321806907654, -0.934384286403656, 0.11199086904525757], "Starting Soft Arm States": [-39.5, 20.600000381469727, 10.0, 33.735267639160156, 23.41204261779785, 35.387908935546875], "Number of Trajectories": 1, "Final Desired Pose": [-0.2087605595588684, 0.2284982055425644, -0.2678280174732208, -0.477222204208374, 0.4941368103027344, 0.7266964912414551], "Predicted Trajectory 0": [[0.780438169096309, 0.27275894120091254, 0.624452184317371, -0.788118839263916, 0.29782888293266296, 0.5386711359024048], [0.7604875564575195, 0.3169132471084595, 0.5685951113700867, -0.6964654326438904, 0.36912763118743896, 0.6153703927993774], [0.7152445316314697, 0.359851211309433, 0.528607189655304, -0.6228107810020447, 0.3771732747554779, 0.6854538321495056], [0.6681699156761169, 0.395732581615448, 0.4774356782436371, -0.6074382066726685, 0.3817824721336365, 0.6966067552566528], [0.6136950254440308, 0.4485040605068207, 0.4371483623981476, -0.611226499080658, 0.40247318148612976, 0.6814818978309631], [0.5619664192199707, 0.5097894072532654, 0.4113464653491974, -0.6196520924568176, 0.43734174966812134, 0.6517388224601746], [0.5230934023857117, 0.5754091739654541, 0.4079735279083252, -0.5897420644760132, 0.47944486141204834, 0.6498745083808899], [0.4881385266780853, 0.6285707950592041, 0.3963967263698578, -0.6221796274185181, 0.511096715927124, 0.5930200219154358], [0.4567314684391022, 0.689318060874939, 0.41904303431510925, -0.5851341485977173, 0.5573993921279907, 0.5890024304389954], [0.41361382603645325, 0.6654224395751953, 0.4404720962047577, -0.6128565073013306, 0.4887070059776306, 0.6209446787834167], [0.3831079304218292, 0.7101760506629944, 0.43600788712501526, -0.5990245938301086, 0.5885961055755615, 0.5428850054740906], [0.3523511290550232, 0.7338089942932129, 0.4507278501987457, -0.5843902230262756, 0.624034583568573, 0.5187186598777771], [0.3322063386440277, 0.7459520101547241, 0.4563840925693512, -0.5695200562477112, 0.650825023651123, 0.5020692944526672], [0.3314286768436432, 0.7566325664520264, 0.4264530539512634, -0.5981848835945129, 0.6964327096939087, 0.39642950892448425], [0.3304389715194702, 0.7765379548072815, 0.4409790635108948, -0.5417425036430359, 0.719910204410553, 0.4338713586330414], [0.33807429671287537, 0.7823801636695862, 0.4266801178455353, -0.5310344099998474, 0.7317299246788025, 0.4272865355014801], [0.3288150131702423, 0.7533963918685913, 0.4307378828525543, -0.5678042769432068, 0.6786859631538391, 0.4658149480819702], [0.31219860911369324, 0.7782164812088013, 0.4498038589954376, -0.5342093706130981, 0.6882723569869995, 0.49081721901893616], [0.33129367232322693, 0.8070250153541565, 0.4106427729129791, -0.5409182906150818, 0.7434753179550171, 0.39325806498527527], [0.3370968699455261, 0.8207340836524963, 0.4041558802127838, -0.5208927989006042, 0.761069655418396, 0.38657963275909424], [0.3177509009838104, 0.7882628440856934, 0.43237993121147156, -0.565950334072113, 0.6747580170631409, 0.4737107753753662]], "Control Inputs 0": [[4.9897754192352295, 9.783318042755127, 0.6966386497020721, -0.3993843197822571, 2.967471957206726], [4.97968316078186, 9.47885513305664, 0.6991190552711486, -2.9797011874616146, 2.956413745880127], [4.8445820808410645, 9.40359354019165, 0.44867899417877194, -2.9754959559068084, 2.964814782142639], [4.992648363113403, 9.451816082000732, 0.6992867827415465, -2.9777193311601877, 2.9752614498138428], [4.887089729309082, 9.430297613143921, 0.4115048289299011, 1.6765551567077637, 2.972373604774475], [4.866598844528198, 9.421905279159546, 0.01292743571102619, -2.1555338501930237, 2.958377480506897], [4.778271913528442, 9.27686333656311, 0.010102179646492003, -2.0956654250621796, 2.8616191148757935], [4.786441326141357, -6.8450042605400085, 0.5301529467105865, 1.5280948877334595, 2.859712243080139], [4.909544587135315, -4.0095072984695435, 0.23254255950450894, -2.989712494192645, 2.9093234539031982], [3.01003098487854, -0.24664103984832764, 0.30960928499698637, -1.8274590075016022, 2.855335235595703], [4.886865019798279, 2.8786051273345947, 0.26983417570590973, 0.8766918182373047, 2.8491368293762207], [-1.5773442387580872, -4.22443687915802, 0.002125281700864434, -2.9421012327075005, 1.428870677947998], [-1.3491833209991455, -2.5235670804977417, 3.540356919984333e-06, 2.7285854816436768, 1.0733041763305664], [-0.6714004278182983, -0.12071847915649414, 0.21722432672977446, 2.9417935609817505, 2.950426697731018], [-4.818722382187843, -8.510818928480148, 0.3078479379415512, 2.9435770511627197, -2.9509680904448032], [4.896916151046753, 2.4467897415161133, 0.0026587610598653552, 2.9497110843658447, -2.9467690642923117], [0.28443634510040283, 6.083157062530518, 0.372128677368164, -2.941837130114436, 2.9336990118026733], [-4.735560137778521, 4.243327379226685, 0.07270749583840369, -2.9925644109025598, -2.947212617844343], [4.905605316162109, 2.5097882747650146, 0.4367497742176056, 2.9486024379730225, -2.94424919039011], [-4.7999862395226955, 3.69431734085083, 0.18108731806278228, -2.9449055828154087, 2.9420732259750366]], "Final Predicted Pose 0": [0.3177509009838104, 0.7882628440856934, 0.43237993121147156, -0.565950334072113, 0.6747580170631409, 0.4737107753753662], "Predicted Translation Error 0": "0.6961816092442624cm", "Predicted Rotation Error 0": "tensor([0.9478], grad_fn=<DivBackward0>)"}