{"num_updates": "3822", "penalty": "tensor(0., dtype=torch.float64, grad_fn=<AddBackward0>)", "Starting Pose": [-0.3934899568557739, 0.11556421965360641, -0.18830952048301697, -0.06530674546957016, 0.7862982749938965, -0.6143859028816223, 7.779979205224663e-05], "Starting Soft Arm States": [39.20000076293945, 66.9000015258789, 10.0, 7.822881698608398, 12.499299049377441, 35.411094665527344], "Number of Trajectories": 1, "Final Desired Pose": [0.05249641463160515, 0.2556997537612915, -0.2790928781032562, -0.6533428430557251, 0.7567075490951538, 0.023170484229922295], "Predicted Trajectory 0": [[0.09017499812145359, 0.464403295995167, 0.6264797931563718, -0.9914700388908386, -0.10260556638240814, 0.08036943525075912], [0.0900018960237503, 0.4282788932323456, 0.5856846570968628, -0.9802708029747009, -0.19251587986946106, 0.04479922354221344], [0.10403425246477127, 0.45126497745513916, 0.5649346709251404, -0.981399655342102, -0.1319359987974167, 0.13945426046848297], [0.11867717653512955, 0.4242563247680664, 0.5226273536682129, -0.9736100435256958, -0.18639589846134186, 0.13168160617351532], [0.14820167422294617, 0.445136159658432, 0.4965778887271881, -0.9799870848655701, -0.13572321832180023, 0.14561782777309418], [0.17833498120307922, 0.4641675055027008, 0.467990905046463, -0.9808324575424194, -0.07335485517978668, 0.18051783740520477], [0.21609514951705933, 0.46818920969963074, 0.432091623544693, -0.9885185360908508, -0.06968477368354797, 0.13407112658023834], [0.2552346885204315, 0.5372193455696106, 0.40708908438682556, -0.9826428890228271, 0.09677904844284058, 0.15826167166233063], [0.29905277490615845, 0.5755899548530579, 0.374754935503006, -0.9795868992805481, 0.18400853872299194, 0.0809336006641388], [0.3477328419685364, 0.6349448561668396, 0.36885544657707214, -0.9450650811195374, 0.31255191564559937, 0.09572550654411316], [0.3917990028858185, 0.6358952522277832, 0.35018789768218994, -0.9626145362854004, 0.26974037289619446, -0.024768367409706116], [0.4448096752166748, 0.6810998916625977, 0.35400378704071045, -0.9348205924034119, 0.3470059335231781, -0.07548053562641144], [0.4916902780532837, 0.6832565665245056, 0.3529873192310333, -0.9335284233093262, 0.3134419620037079, -0.17400804162025452], [0.5470477342605591, 0.7381923198699951, 0.37929102778434753, -0.8848910331726074, 0.42394787073135376, -0.192966490983963], [0.5938174724578857, 0.7752047181129456, 0.4001079797744751, -0.8258001804351807, 0.5060341954231262, -0.24896477162837982], [0.6089617609977722, 0.7872042059898376, 0.3956618905067444, -0.7809633016586304, 0.5346776843070984, -0.3228253722190857], [0.5899954438209534, 0.8030862212181091, 0.38164210319519043, -0.7501641511917114, 0.5685781240463257, -0.33759841322898865], [0.576580286026001, 0.8105698227882385, 0.3733605146408081, -0.7260103225708008, 0.6069362759590149, -0.3233225345611572], [0.5945305824279785, 0.8104054927825928, 0.37285900115966797, -0.7131834030151367, 0.6199148893356323, -0.32722312211990356], [0.6155951619148254, 0.7889004349708557, 0.3586903512477875, -0.7481945753097534, 0.5376152992248535, -0.3888119161128998], [0.6595072746276855, 0.8581328988075256, 0.4135573208332062, -0.718682050704956, 0.6415849924087524, -0.26807597279548645]], "Control Inputs 0": [[-4.899002043530345, 7.060915231704712, 0.6669304430484772, 2.975462794303894, 2.967484474182129], [-4.96542505454272, -0.8207136392593384, 0.6979087054729461, 2.9198355674743652, 2.981735587120056], [-4.913320383056998, -1.3994556665420532, 0.6944978713989257, 2.9087172746658325, 2.993698239326477], [-4.9863970873411745, 1.5767455101013184, 0.004120625462383031, 2.9077298641204834, 2.9544628858566284], [-4.926213501021266, -3.3083271980285645, 0.6912729561328887, 2.816936731338501, 2.981316089630127], [-4.995120278035756, 4.224764108657837, 0.0008559189271181821, 0.9338732957839966, 2.966046094894409], [-4.883054057136178, 6.675909757614136, 0.6320412933826446, 1.0102969408035278, 2.9318987131118774], [-4.862701604142785, 6.3874900341033936, 0.003159089339897036, 1.7532559633255005, 2.981093645095825], [-4.8628544341772795, -2.6675277948379517, 0.45063810944557187, -0.3725316524505615, 2.9591134786605835], [-4.964959553908557, -2.682780623435974, 0.0014792781556025147, -1.318573236465454, 2.9203730821609497], [-4.76173983886838, -4.3942272663116455, 0.01784370858222246, -1.9391194581985474, 2.914228320121765], [-4.85745906829834, 0.8428823947906494, 0.011731975898146629, -0.33117467164993286, 2.8829745054244995], [-4.7329746931791306, 5.7650017738342285, 0.2186526596546173, 1.417596459388733, 2.942783832550049], [-2.225651741027832, -0.8495461940765381, 0.08055159747600554, -2.828366953879595, 2.872413754463196], [1.7257905006408691, -1.8440711498260498, 0.06836126297712325, -2.830896992236376, 2.8392051458358765], [4.720550775527954, 3.630129098892212, 0.05289900153875351, -2.878583461046219, 2.8941421508789062], [-1.8205863237380981, -2.528352737426758, 0.1360755130648613, 0.2562457323074341, 2.925301194190979], [-4.671666994690895, -9.668737389147282, 0.44047198891639705, -0.7422893643379211, 2.816236138343811], [-4.226647540926933, 8.279602527618408, 0.6943322300910949, 2.8253488540649414, -2.810240976512432], [-4.797471519559622, 2.7933847904205322, 0.26467851698398587, -2.9237162210047245, 1.3330897092819214]], "Final Predicted Pose 0": [0.6595072746276855, 0.8581328988075256, 0.4135573208332062, -0.718682050704956, 0.6415849924087524, -0.26807597279548645], "Predicted Translation Error 0": "1.4600590692822513cm", "Predicted Rotation Error 0": "tensor([0.9488], grad_fn=<DivBackward0>)"}