{"num_updates": "1327", "penalty": "tensor(0., dtype=torch.float64, grad_fn=<AddBackward0>)", "Starting Pose": [0.11965111643075943, 0.1021370217204094, -0.3185345530509949, 0.06595801562070847, 0.8097113966941833, -0.39947664737701416, 0.4247768223285675], "Starting Soft Arm States": [-34.5, 71.0, 10.0, 10.14453125, 7.246609687805176, 35.407779693603516], "Number of Trajectories": 1, "Final Desired Pose": [-0.018466118723154068, 0.05046464130282402, -0.2984192669391632, -0.7021933794021606, -0.6455612778663635, -0.30029165744781494], "Predicted Trajectory 0": [[0.7327589794905964, 0.42393287000988494, 0.29585587942052094, -0.6304283738136292, 0.4461907744407654, 0.6351959109306335], [0.7438075542449951, 0.4338891804218292, 0.2890998423099518, -0.7134143114089966, 0.29934632778167725, 0.6335864067077637], [0.7239692211151123, 0.3944309949874878, 0.29362934827804565, -0.7271815538406372, 0.04101674631237984, 0.6852187514305115], [0.6841390132904053, 0.3751940429210663, 0.3090333044528961, -0.6495906114578247, -0.09431750327348709, 0.7544111609458923], [0.6418983936309814, 0.33237022161483765, 0.3395366072654724, -0.5268082022666931, -0.22880639135837555, 0.8186090588569641], [0.6014313101768494, 0.3090202808380127, 0.3653632700443268, -0.4289983808994293, -0.2789691090583801, 0.8591487407684326], [0.57975834608078, 0.2760057747364044, 0.3643840551376343, -0.4112209975719452, -0.41214704513549805, 0.8130387663841248], [0.5732980370521545, 0.3018342852592468, 0.34660881757736206, -0.5222011804580688, -0.5041080713272095, 0.6878814697265625], [0.5583288669586182, 0.3069925010204315, 0.32628491520881653, -0.6105886697769165, -0.6241090297698975, 0.48751363158226013], [0.5666735768318176, 0.2989009618759155, 0.3425927460193634, -0.5894269943237305, -0.706763505935669, 0.39123037457466125], [0.5596243143081665, 0.22976382076740265, 0.34999367594718933, -0.4698840081691742, -0.8051970601081848, 0.3617550730705261], [0.5606239438056946, 0.26707303524017334, 0.3424210250377655, -0.5686103701591492, -0.7794170379638672, 0.26304253935813904], [0.5663455724716187, 0.2699393033981323, 0.33911556005477905, -0.5844917297363281, -0.7924681305885315, 0.17425179481506348], [0.5526447296142578, 0.2776562571525574, 0.34918248653411865, -0.6173889636993408, -0.7749254703521729, 0.13535667955875397], [0.5706539154052734, 0.2791694104671478, 0.3442290723323822, -0.6423863172531128, -0.7636275887489319, -0.06490585207939148], [0.5631450414657593, 0.29441824555397034, 0.33993756771087646, -0.6778363585472107, -0.7085133790969849, -0.19633297622203827], [0.547938346862793, 0.3237973749637604, 0.339307963848114, -0.7363154888153076, -0.6364951729774475, -0.22959403693675995], [0.5591554045677185, 0.23147332668304443, 0.34973469376564026, -0.5666385293006897, -0.8086009621620178, -0.15838336944580078], [0.5689069628715515, 0.25321000814437866, 0.35766568779945374, -0.6022791266441345, -0.7799501419067383, -0.17011094093322754], [0.5641165375709534, 0.2753109931945801, 0.3291299343109131, -0.6585507988929749, -0.7232095003128052, -0.2080361545085907], [0.5575281977653503, 0.2598099708557129, 0.33613499999046326, -0.6360254883766174, -0.7557168006896973, -0.1560892015695572]], "Control Inputs 0": [[4.90465521812439, -7.415384948253632, 0.6925794780254364, 2.994178891181946, -2.715549610555172], [4.9031782150268555, -9.820311274379492, 0.6985176980495452, 2.922460913658142, -0.29277652502059937], [4.90583062171936, -9.81517769396305, 0.3416978240013122, 2.8846553564071655, -0.12731122970581055], [4.932386875152588, -9.805910903960466, 0.1177716478705406, 2.8932974338531494, 1.02805495262146], [4.910785555839539, -9.810830745846033, 0.018033074773848055, 0.5300334692001343, -0.8342728614807129], [-4.904318088665605, 9.81276273727417, 0.1785038560628891, -0.25457364320755005, 1.9840800762176514], [4.946637153625488, 9.80781078338623, 0.0118160430341959, -0.449332058429718, -2.719483159482479], [-4.988546776585281, 9.686877727508545, 0.004193661361932754, 2.8518437147140503, -1.2840170860290527], [4.906783103942871, -9.813034292310476, 0.011352552473545073, 0.19556987285614014, -1.44950670003891], [-0.9010079503059387, -0.8697682619094849, 0.0181011201813817, -1.0587231516838074, -0.10840451717376709], [-4.907933957874775, 9.790459871292114, 0.04243466146290302, 0.47146332263946533, 2.9362785816192627], [4.905228614807129, 0.328824520111084, 0.007400692347437143, 0.17358756065368652, 0.7029730081558228], [-4.899496398866177, 9.835944175720215, 0.0820127509534359, 2.9566497802734375, -1.9966317415237427], [-3.739206939935684, 9.998105764389038, 0.024683579802513123, 1.0471476316452026, -1.9544751048088074], [4.901401400566101, 6.392080783843994, 0.1886025935411453, 0.8416943550109863, 2.939915657043457], [0.5516922473907471, -9.786544628441334, 0.06640163138508796, -2.9187094029039145, 2.9412589073181152], [-0.24902433156967163, -9.788932707160711, 0.07869552820920944, -2.8675799444317818, 2.9416505098342896], [-4.90987466648221, 4.98108983039856, 0.15048731863498688, -2.875564366579056, 2.942461609840393], [4.902368187904358, -9.797787759453058, 0.5650408029556274, -2.349336951971054, 2.8661577701568604], [-4.9008044973015785, 9.786330461502075, 0.20849204659461973, -2.222599536180496, -2.939558856189251]], "Final Predicted Pose 0": [0.5575281977653503, 0.2598099708557129, 0.33613499999046326, -0.6360254883766174, -0.7557168006896973, -0.1560892015695572], "Predicted Translation Error 0": "0.539322689734983cm", "Predicted Rotation Error 0": "tensor([0.9813], grad_fn=<DivBackward0>)"}