{"num_updates": "232", "penalty": "tensor(0., dtype=torch.float64, grad_fn=<AddBackward0>)", "Starting Pose": [-0.2785932421684265, 0.17335699498653412, -0.18504437804222107, -0.6160624623298645, -0.4221388101577759, -0.6167625188827515, -0.24873676896095276], "Starting Soft Arm States": [29.399999618530273, 4.199999809265137, 10.0, 34.175750732421875, 35.17926025390625, 29.63180923461914], "Number of Trajectories": 1, "Final Desired Pose": [-0.4097772240638733, 0.17194420099258423, -0.20654834806919098, -0.891146719455719, -0.1419486552476883, 0.4309386610984802], "Predicted Trajectory 0": [[0.2340550970134862, 0.6385943854713012, 0.6347695524399216, -0.11719422787427902, 0.21330469846725464, 0.9699312448501587], [0.22072742879390717, 0.6495595574378967, 0.652026891708374, -0.11443325132131577, 0.19239234924316406, 0.9746230840682983], [0.21213743090629578, 0.6517407298088074, 0.6661655902862549, -0.11049699783325195, 0.17858798801898956, 0.9776997566223145], [0.202379509806633, 0.6486465930938721, 0.665186882019043, -0.2174120992422104, 0.17846514284610748, 0.9596260190010071], [0.19558057188987732, 0.6360735297203064, 0.6541665196418762, -0.26984673738479614, 0.08677256852388382, 0.9589855074882507], [0.18616057932376862, 0.631676971912384, 0.6521099805831909, -0.27651894092559814, 0.005460369400680065, 0.9609929919242859], [0.1763065904378891, 0.6467453837394714, 0.6669743061065674, -0.2233263999223709, -0.0178868155926466, 0.9745795726776123], [0.1647116094827652, 0.6376144289970398, 0.6539717316627502, -0.2939280569553375, -0.09330446273088455, 0.9512626528739929], [0.16944804787635803, 0.6253543496131897, 0.6158505082130432, -0.28070810437202454, -0.16874627768993378, 0.9448426365852356], [0.15900461375713348, 0.6161136627197266, 0.6057684421539307, -0.37716972827911377, -0.20944352447986603, 0.9021509885787964], [0.14695636928081512, 0.5792313814163208, 0.5923079252243042, -0.400683730840683, -0.3415486812591553, 0.8501747846603394], [0.13575465977191925, 0.6031676530838013, 0.5783242583274841, -0.4538111686706543, -0.28675323724746704, 0.8436989784240723], [0.12123207747936249, 0.6191945672035217, 0.593500018119812, -0.47760382294654846, -0.25648877024650574, 0.8403023481369019], [0.11464336514472961, 0.607981264591217, 0.5655723214149475, -0.5660435557365417, -0.2929186224937439, 0.7705798745155334], [0.10481452196836472, 0.636439859867096, 0.5979422330856323, -0.5386598110198975, -0.219695582985878, 0.8133754134178162], [0.10361752659082413, 0.6250756978988647, 0.6054332256317139, -0.560155987739563, -0.2594926357269287, 0.7866948843002319], [0.10182848572731018, 0.6233466863632202, 0.6014289855957031, -0.6057127714157104, -0.32015106081962585, 0.7284334897994995], [0.08771836757659912, 0.6340048313140869, 0.6247677803039551, -0.6119978427886963, -0.28504252433776855, 0.7377054691314697], [0.09647203981876373, 0.659741997718811, 0.568787157535553, -0.7338932156562805, -0.1467486470937729, 0.6632235646247864], [0.08417235314846039, 0.6055705547332764, 0.5810236930847168, -0.7093325853347778, -0.30756375193595886, 0.634233295917511], [0.08185158669948578, 0.640162467956543, 0.5761823058128357, -0.7441328167915344, -0.17419853806495667, 0.6449196338653564]], "Control Inputs 0": [[-1.3062512874603271, -0.9274768829345703, 0.02758698873221874, -2.9466157648712397, -0.5171610116958618], [0.3523606061935425, -6.173384785652161, 0.5855250000953673, -1.3625544905662537, 1.118158221244812], [-2.4140769243240356, -7.324666082859039, 0.0076305164024233815, -2.9749704636633396, -0.570905864238739], [-0.6541970372200012, -1.4248228073120117, 0.5189071536064148, -2.9699079114943743, -1.6230426728725433], [1.9218230247497559, 9.9019455909729, 0.23494412899017333, 1.2027758359909058, -2.0791142284870148], [1.7017590999603271, 9.802478551864624, 0.0063340928405523295, -2.9169618543237448, -2.2497327625751495], [-0.8676677942276001, 9.772659540176392, 0.08102458789944648, -2.3888812959194183, -2.161577492952347], [-3.4031224250793457, -7.500445395708084, 0.6080456256866454, 0.3397364616394043, 2.483522057533264], [1.7645865678787231, -3.033287525177002, 0.36864061355590816, -2.9450447112321854, -1.1675877571105957], [-1.1780443787574768, 0.8691859245300293, 0.5085899114608764, -2.292272239923477, 0.8628966808319092], [4.869361519813538, 4.82754111289978, 0.44229696393012996, -0.5416386723518372, 1.6461875438690186], [-1.2670892477035522, -0.9796202182769775, 0.03178427219390869, -2.973947262391448, -0.15600872039794922], [3.1103742122650146, -0.8454465866088867, 0.0945184975862503, -0.0007281303405761719, 2.2413142919540405], [-0.08783131837844849, -5.1321157813072205, 0.38305816650390623, 0.9512060880661011, 2.9404317140579224], [-3.342771530151367, -9.499141611158848, 0.4390256524085998, 1.5627390146255493, 2.9392218589782715], [4.970576167106628, 1.8368494510650635, 0.0036260080523788925, -0.5136573314666748, -2.4290767461061478], [-2.6835522055625916, 9.809253215789795, 0.5585942268371582, -2.9434381686151028, -0.4504517912864685], [0.7393151521682739, -7.658151686191559, 0.1383103460073471, 0.5253134965896606, -0.47958022356033325], [1.2945687770843506, 9.903488159179688, 0.539257127046585, 0.48907971382141113, -2.9217419922351837], [-1.5577289462089539, 2.1969497203826904, 0.35499965548515316, -2.8805003128945827, -2.926912050694227]], "Final Predicted Pose 0": [0.08185158669948578, 0.640162467956543, 0.5761823058128357, -0.7441328167915344, -0.17419853806495667, 0.6449196338653564], "Predicted Translation Error 0": "0.995732479048885cm", "Predicted Rotation Error 0": "tensor([0.9658], grad_fn=<DivBackward0>)"}