{"num_updates": "2644", "penalty": "tensor(0., dtype=torch.float64, grad_fn=<AddBackward0>)", "Starting Pose": [-0.1367742419242859, 0.1316356658935547, -0.2777365446090698, 0.4063967168331146, -0.8704692125320435, 0.14437323808670044, -0.2372371256351471], "Starting Soft Arm States": [2.700000047683716, -15.0, 10.0, 31.132104873657227, 13.58891773223877, 35.40446853637695], "Number of Trajectories": 1, "Final Desired Pose": [0.05249641463160515, 0.2556997537612915, -0.2790928781032562, -0.6533428430557251, 0.7567075490951538, 0.023170484229922295], "Predicted Trajectory 0": [[0.41164878918668085, 0.5128436540479958, 0.39943655786386356, -0.5571205019950867, -0.6390102505683899, 0.5303608179092407], [0.40971362590789795, 0.5013137459754944, 0.41543829441070557, -0.4930630624294281, -0.6521401405334473, 0.5758488774299622], [0.4407804012298584, 0.545392632484436, 0.41756221652030945, -0.48430711030960083, -0.6114203333854675, 0.6257888674736023], [0.4674305021762848, 0.5523133873939514, 0.41650280356407166, -0.48939430713653564, -0.6048690676689148, 0.628193199634552], [0.5013761520385742, 0.5905243754386902, 0.4218379259109497, -0.5038872361183167, -0.5593297481536865, 0.6582156419754028], [0.5443150401115417, 0.6192271113395691, 0.4266761243343353, -0.5432261824607849, -0.5262539386749268, 0.6541880965232849], [0.5914727449417114, 0.657512366771698, 0.43795451521873474, -0.5892781615257263, -0.4685572683811188, 0.6581834554672241], [0.6240431070327759, 0.691421627998352, 0.4402856230735779, -0.6417413949966431, -0.42231547832489014, 0.6401699781417847], [0.6428453326225281, 0.7282546758651733, 0.4297585189342499, -0.6986643075942993, -0.3394368588924408, 0.6298021078109741], [0.6488510370254517, 0.7418813705444336, 0.4059692323207855, -0.7906264662742615, -0.24585238099098206, 0.5607730150222778], [0.656849205493927, 0.7636976838111877, 0.405644953250885, -0.8285507559776306, -0.12504462897777557, 0.5457723140716553], [0.6617129445075989, 0.7934697270393372, 0.4028416872024536, -0.8126691579818726, -0.011292088776826859, 0.582615852355957], [0.6554215550422668, 0.8012511730194092, 0.40997108817100525, -0.7478442788124084, 0.053541041910648346, 0.6617116332054138], [0.6503953337669373, 0.8225233554840088, 0.405221551656723, -0.7171977162361145, 0.2244354486465454, 0.6597395539283752], [0.637534499168396, 0.8235421180725098, 0.41090574860572815, -0.6527823805809021, 0.30159178376197815, 0.694922685623169], [0.6407068371772766, 0.8355469107627869, 0.4101898968219757, -0.6484949588775635, 0.4588943421840668, 0.6073468923568726], [0.6390253305435181, 0.8356996774673462, 0.41517579555511475, -0.6444033980369568, 0.5769535899162292, 0.5018653273582458], [0.6417754888534546, 0.8606967926025391, 0.4252040684223175, -0.5723137259483337, 0.6394364833831787, 0.5133983492851257], [0.655597448348999, 0.8697456121444702, 0.4024244248867035, -0.5643683075904846, 0.7193242311477661, 0.40504464507102966], [0.6559975147247314, 0.8567439317703247, 0.38476231694221497, -0.6194694638252258, 0.7391417622566223, 0.2644372284412384], [0.6615979671478271, 0.8778800368309021, 0.3806847929954529, -0.5898693203926086, 0.7751624584197998, 0.22622400522232056]], "Control Inputs 0": [[-4.842030722647905, 9.985052347183228, 0.0017517391359433531, 2.9552650451660156, 2.9501523971557617], [-4.945054701529443, 6.654198169708252, 0.013478824123740196, -2.963806299492717, 2.9755479097366333], [-4.930169084109366, 4.502524137496948, 0.0015850122086703776, -2.8793860003352165, 2.9754252433776855], [-4.931032215245068, 9.934864044189453, 0.009794028010219336, -2.837435469031334, 2.913029909133911], [-4.93321783374995, 9.801137447357178, 0.006666049547493457, -2.8380133733153343, 2.9392898082733154], [-3.6360982060432434, 9.795609712600708, 0.0015467943623661993, -2.426306650042534, 2.911788582801819], [0.8053445816040039, 9.787932634353638, 0.00940036978572607, -0.8162838220596313, 2.9343760013580322], [-1.278071105480194, 0.13316750526428223, 0.001440646662376821, -2.866249021142721, 2.965940237045288], [-1.8999877572059631, 0.7627081871032715, 0.017172638326883316, -2.9365268256515265, 2.885505795478821], [-0.22979021072387695, 9.666800498962402, 0.07267693877220154, 1.1555989980697632, 2.9645354747772217], [4.899809956550598, 9.785645008087158, 0.24262364804744718, 1.292917013168335, 2.951473832130432], [-1.0744297504425049, 5.8631813526153564, 0.40523870587348937, 0.8598486185073853, 2.841439962387085], [4.8886144161224365, 6.945375204086304, 0.3748600900173187, 0.4581974744796753, 2.946405529975891], [-1.23279869556427, 0.23191332817077637, 0.5835904598236084, -0.4059339165687561, 2.94496750831604], [-1.7781421542167664, -3.747428059577942, 0.5738903045654297, -1.4318423867225647, 2.9444332122802734], [0.4380267858505249, 2.574840784072876, 0.019642537459731102, 1.3987523317337036, 1.928993582725525], [2.002403140068054, 9.737824201583862, 0.22452950477600095, -2.9362921100109816, -0.48063093423843384], [-2.6412704586982727, -2.866167426109314, 0.20711985230445862, -2.068328708410263, 0.6475163698196411], [-2.1411412954330444, 4.051957130432129, 0.017182246409356592, -0.6700682044029236, -1.472891628742218], [2.478422522544861, -0.24276256561279297, 0.00589822893962264, -2.960410033352673, -2.364409491419792]], "Final Predicted Pose 0": [0.6615979671478271, 0.8778800368309021, 0.3806847929954529, -0.5898693203926086, 0.7751624584197998, 0.22622400522232056], "Predicted Translation Error 0": "1.2318798546532537cm", "Predicted Rotation Error 0": "tensor([0.9772], grad_fn=<DivBackward0>)"}