{"num_updates": "384", "penalty": "tensor(0., dtype=torch.float64, grad_fn=<AddBackward0>)", "Starting Pose": [-0.004668569657951593, 0.19818484783172607, -0.34490296244621277, -0.390919953584671, -0.45409151911735535, -0.22420701384544373, -0.7685790657997131], "Starting Soft Arm States": [-2.9000000953674316, 86.0, 10.0, 16.811405181884766, 35.05340576171875, 10.57176685333252], "Number of Trajectories": 1, "Final Desired Pose": [-0.12211868166923523, 0.19418445229530334, -0.27245673537254333, -0.547736406326294, 0.5704882740974426, 0.6119869351387024], "Predicted Trajectory 0": [[0.577078908242746, 0.7134271082734721, 0.22891002007750036, 0.4870642423629761, 0.010385235771536827, 0.8733043670654297], [0.5978264212608337, 0.7950363159179688, 0.24146899580955505, 0.40956035256385803, 0.35753607749938965, 0.8393021821975708], [0.6242721080780029, 0.8051024675369263, 0.2332182377576828, 0.39906221628189087, 0.5528172850608826, 0.7315342426300049], [0.5597017407417297, 0.7914571166038513, 0.23826280236244202, 0.06103021278977394, 0.6162054538726807, 0.78521728515625], [0.5185887813568115, 0.7829557061195374, 0.22402822971343994, -0.08476287126541138, 0.6645907759666443, 0.7423842549324036], [0.4795517027378082, 0.747775137424469, 0.2284860610961914, -0.2411556839942932, 0.5885155200958252, 0.7716821432113647], [0.4775204658508301, 0.7340534925460815, 0.24727384746074677, -0.29978981614112854, 0.5075775384902954, 0.8077691793441772], [0.5022294521331787, 0.7417700886726379, 0.25753724575042725, -0.25225400924682617, 0.5441198348999023, 0.8001883625984192], [0.4897068738937378, 0.7292827367782593, 0.2711926996707916, -0.29504820704460144, 0.5003886818885803, 0.8139764070510864], [0.46474489569664, 0.7183676362037659, 0.2891538143157959, -0.33409544825553894, 0.4660901725292206, 0.8192314505577087], [0.4442741274833679, 0.6884673237800598, 0.27727240324020386, -0.46918556094169617, 0.3868411183357239, 0.7938632965087891], [0.43593454360961914, 0.7206559777259827, 0.28321731090545654, -0.4151025116443634, 0.47480612993240356, 0.7760470509529114], [0.436145544052124, 0.7097073793411255, 0.3094690442085266, -0.46274271607398987, 0.39719468355178833, 0.7925311326980591], [0.44083115458488464, 0.7179363369941711, 0.29537248611450195, -0.4810870885848999, 0.48947691917419434, 0.7273015975952148], [0.4227910041809082, 0.7183024883270264, 0.3363810181617737, -0.4131867289543152, 0.4485170245170593, 0.7925333976745605], [0.4236835837364197, 0.696540117263794, 0.356936514377594, -0.41524937748908997, 0.41972479224205017, 0.8070929050445557], [0.4360570013523102, 0.7171851992607117, 0.3829231858253479, -0.34327584505081177, 0.48788776993751526, 0.802575409412384], [0.42124149203300476, 0.7088778614997864, 0.3972049653530121, -0.3374217748641968, 0.4398255944252014, 0.8322860598564148], [0.4280190169811249, 0.7270152568817139, 0.39539414644241333, -0.3703686594963074, 0.5347474217414856, 0.7595210671424866], [0.42785215377807617, 0.6977906227111816, 0.4115898609161377, -0.3451117277145386, 0.49287837743759155, 0.7987294793128967], [0.43116384744644165, 0.6997851729393005, 0.40314751863479614, -0.4014635980129242, 0.5425695776939392, 0.7378653883934021]], "Control Inputs 0": [[-4.9038316030055285, -3.1142330169677734, 0.00020694773411378264, -1.0150163769721985, -2.9465375784784555], [0.389862060546875, -6.7708635330200195, 0.4792565882205963, 0.9148514270782471, -2.8140809945762157], [-0.9474655985832214, -7.599016427993774, 0.004788193898275494, -0.8153096437454224, -2.9318164866417646], [-1.1653992533683777, -1.0841423273086548, 0.46048563122749325, -0.8707197904586792, -2.924427140504122], [-2.281843423843384, 1.577843427658081, 0.23511068820953368, 2.964956045150757, -2.913455855101347], [-4.9702400411479175, 9.518752098083496, 0.0060753910802304745, -0.7836917638778687, -2.905967965722084], [1.235717535018921, 9.50811505317688, 0.15324424505233764, -0.3133605122566223, -2.9684809232130647], [0.826069712638855, -4.387393593788147, 0.6593950152397156, 2.3730475902557373, 2.8429012298583984], [1.8066173791885376, -3.1874728202819824, 0.43951773643493647, -1.8158840239048004, -0.4095507860183716], [-1.971929669380188, -1.9175416231155396, 0.5040894329547881, -0.3973976969718933, 1.2055953741073608], [4.900616407394409, 4.808366298675537, 0.4847502470016479, 1.295769453048706, 2.646069288253784], [-4.900336619466543, -4.94712233543396, 0.04574319794774055, -1.2402362823486328, -1.5518233180046082], [4.893295168876648, -2.0979392528533936, 0.09577114433050155, 1.5436903238296509, 2.9116644859313965], [1.814311146736145, -6.794589459896088, 0.39885304570198055, 2.9408254623413086, 2.9085731506347656], [-4.928586347959936, -9.748816788196564, 0.42998318076133724, 2.9943315982818604, 2.945033311843872], [4.903479218482971, -0.007369518280029297, 0.0034278620500117537, 2.9189701080322266, 0.9604589939117432], [-0.4412001371383667, 0.2753639221191406, 0.5734235882759093, -1.1221663355827332, 0.18598508834838867], [-1.1456304788589478, -8.546236902475357, 0.14603139013051986, 2.9311434030532837, 0.9568841457366943], [1.0753017663955688, -3.0715566873550415, 0.4698726534843444, 2.9264402389526367, -0.3506498336791992], [-3.7902583181858063, -3.20435106754303, 0.27206478416919705, -1.8522314429283142, -0.426419734954834]], "Final Predicted Pose 0": [0.43116384744644165, 0.6997851729393005, 0.40314751863479614, -0.4014635980129242, 0.5425695776939392, 0.7378653883934021], "Predicted Translation Error 0": "0.39644004381725734cm", "Predicted Rotation Error 0": "tensor([0.9810], grad_fn=<DivBackward0>)"}