{"num_updates": "872", "penalty": "tensor(0., dtype=torch.float64, grad_fn=<AddBackward0>)", "Starting Pose": [-0.13639721274375916, 0.08902041614055634, -0.3389351963996887, -0.19324617087841034, 0.7121502161026001, -0.46965664625167847, 0.4846861660480499], "Starting Soft Arm States": [0.5, -74.0, 10.0, 13.860493659973145, 13.804191589355469, 35.40115737915039], "Number of Trajectories": 1, "Final Desired Pose": [-0.27564650774002075, 0.07298636436462402, -0.291840523481369, -0.8042564392089844, -0.5772489905357361, 0.1412627398967743], "Predicted Trajectory 0": [[0.4121209262353944, 0.3843985890721503, 0.24406137867310487, -0.4554705023765564, 0.18003153800964355, 0.8718573451042175], [0.39999741315841675, 0.38289782404899597, 0.25900566577911377, -0.4965053200721741, -0.06285728514194489, 0.8657547831535339], [0.3513094484806061, 0.3911740183830261, 0.2911766469478607, -0.4673900902271271, -0.28064823150634766, 0.8383215665817261], [0.30787914991378784, 0.35506579279899597, 0.34208405017852783, -0.3303273320198059, -0.5342732071876526, 0.7780976295471191], [0.2654462456703186, 0.33989623188972473, 0.3541858196258545, -0.37738221883773804, -0.7124519944190979, 0.5916035771369934], [0.24814406037330627, 0.34049010276794434, 0.37691691517829895, -0.3977128565311432, -0.7845389246940613, 0.47573429346084595], [0.25805389881134033, 0.31994256377220154, 0.35711970925331116, -0.34951865673065186, -0.8806557059288025, 0.31981608271598816], [0.22866888344287872, 0.3506328761577606, 0.3675701916217804, -0.49966946244239807, -0.8339864015579224, 0.23408785462379456], [0.22056517004966736, 0.35585376620292664, 0.3780631721019745, -0.5083745718002319, -0.825297474861145, 0.24584439396858215], [0.245183065533638, 0.29313555359840393, 0.33714058995246887, -0.35826772451400757, -0.9326441287994385, 0.042651157826185226], [0.2239471971988678, 0.31432387232780457, 0.35421088337898254, -0.4858383238315582, -0.8730027079582214, 0.04274773970246315], [0.23256833851337433, 0.3362719714641571, 0.35453376173973083, -0.4933881461620331, -0.8697494268417358, 0.010200059972703457], [0.2262836992740631, 0.3454342484474182, 0.36649003624916077, -0.5580299496650696, -0.8295513391494751, 0.021147942170500755], [0.23042936623096466, 0.3405560255050659, 0.36118268966674805, -0.5329664349555969, -0.8460127115249634, -0.014466192573308945], [0.24044261872768402, 0.34435704350471497, 0.35711169242858887, -0.5408052802085876, -0.8411417007446289, -0.003223199862986803], [0.2423555999994278, 0.3346855342388153, 0.36449185013771057, -0.5175360441207886, -0.8543018102645874, 0.048217058181762695], [0.24043717980384827, 0.3201884329319, 0.37457776069641113, -0.5010508298873901, -0.8612244129180908, 0.08509157598018646], [0.24779121577739716, 0.332660973072052, 0.3617124855518341, -0.5288122296333313, -0.8447012305259705, 0.08268935978412628], [0.2475718855857849, 0.3705424666404724, 0.3586317300796509, -0.6106502413749695, -0.7800915241241455, 0.13624829053878784], [0.2423163503408432, 0.3152838945388794, 0.3589898347854614, -0.5350727438926697, -0.8359368443489075, 0.1220930889248848], [0.22784015536308289, 0.3442396819591522, 0.35521841049194336, -0.6429634690284729, -0.7527547478675842, 0.14127376675605774]], "Control Inputs 0": [[4.902585744857788, 9.803147315979004, 0.011565441451966762, 1.1013250350952148, -2.9422960225492716], [4.9088054895401, -5.841165781021118, 0.6837738692760467, 1.925734519958496, -2.637904644012451], [4.853527545928955, -7.386001944541931, 0.008173620142042636, -1.6775358617305756, -2.8814469762146473], [4.901401996612549, 0.7606005668640137, 0.4772202432155609, -2.3095772713422775, -2.36196868121624], [-4.964046720415354, 4.799621105194092, 0.2740811228752136, 2.93590772151947, -0.4760524034500122], [2.141796350479126, 5.464818477630615, 0.007685259915888309, -0.8852911591529846, -0.5325851440429688], [3.0433154106140137, 5.415781736373901, 0.28075233697891233, -0.29147011041641235, -0.10882723331451416], [-4.888306586071849, -9.764958191663027, 0.42402163743972776, 1.7562843561172485, 2.563868522644043], [4.899414777755737, -9.84954847022891, 0.3470944136381149, -1.9352580606937408, -0.9491377472877502], [-3.6819005012512207, 6.145420074462891, 0.38567888736724854, 0.3605450391769409, 2.940290093421936], [-2.0453301072120667, 6.954517364501953, 0.2663550198078155, 2.1112407445907593, 2.9393749237060547], [1.7190927267074585, -2.2647500038146973, 0.005628259293735027, 0.17503952980041504, -0.1990705132484436], [-2.4300602078437805, 0.7321441173553467, 0.1754543662071228, 1.279388666152954, 1.6279528141021729], [-0.9833693504333496, -3.1168949604034424, 0.21440249979496, 1.160837173461914, 2.944132447242737], [0.38171589374542236, -8.068845868110657, 0.20717893242835997, 0.8260209560394287, 2.906182050704956], [-1.0809144377708435, -2.4348074197769165, 0.007625287305563688, -0.5212996602058411, 0.24716126918792725], [-2.478225529193878, 5.068559646606445, 0.16869921535253524, -1.3093822002410889, 1.7783517837524414], [0.16365289688110352, -5.715334713459015, 0.12458995729684828, -0.6970013380050659, 1.363562822341919], [4.891809821128845, -3.9529573917388916, 0.059288145601749415, -2.1027038991451263, -2.938952839002013], [-4.943840918131173, -0.8960813283920288, 0.12931865155696867, -2.9282079096883535, 2.988941788673401]], "Final Predicted Pose 0": [0.22784015536308289, 0.3442396819591522, 0.35521841049194336, -0.6429634690284729, -0.7527547478675842, 0.14127376675605774], "Predicted Translation Error 0": "0.8993432738369457cm", "Predicted Rotation Error 0": "tensor([0.9716], grad_fn=<DivBackward0>)"}