{"num_updates": "3729", "penalty": "tensor(0., dtype=torch.float64, grad_fn=<AddBackward0>)", "Starting Pose": [0.26642942428588867, 0.10328409820795059, -0.24607568979263306, -0.40351390838623047, -0.03662671521306038, 0.1412823349237442, -0.9032576680183411], "Starting Soft Arm States": [-31.399999618530273, 79.5, 10.0, 11.472606658935547, 34.838130950927734, 11.43286418914795], "Number of Trajectories": 1, "Final Desired Pose": [0.2021339386701584, -0.03851458802819252, -0.2440410852432251, -0.6583776473999023, -0.7526610493659973, -0.006346005480736494], "Predicted Trajectory 0": [[0.9165629943126739, 0.4273902312791129, 0.47981922719565, 0.9573955535888672, 0.28478744626045227, -0.0478520467877388], [0.8951262831687927, 0.30298054218292236, 0.464234858751297, 0.9683300852775574, -0.032736942172050476, -0.24751780927181244], [0.8968572616577148, 0.26994508504867554, 0.47596246004104614, 0.931179940700531, -0.19591784477233887, -0.3074411451816559], [0.9009391069412231, 0.25873056054115295, 0.4866222143173218, 0.9366095662117004, -0.12915436923503876, -0.3257017433643341], [0.9064984321594238, 0.2469731718301773, 0.5016751289367676, 0.9255582094192505, -0.05033551901578903, -0.37524428963661194], [0.9014831185340881, 0.2295505255460739, 0.528687596321106, 0.9363245368003845, -0.046801548451185226, -0.3480028510093689], [0.8804864883422852, 0.19485658407211304, 0.5220805406570435, 0.9014112949371338, -0.2140769511461258, -0.3763359487056732], [0.861435055732727, 0.16480091214179993, 0.5193314552307129, 0.8238579630851746, -0.46528831124305725, -0.3236740231513977], [0.849568247795105, 0.14190928637981415, 0.5186443328857422, 0.7255423665046692, -0.6493752002716064, -0.22781577706336975], [0.8588699102401733, 0.15157125890254974, 0.5367785096168518, 0.8074489831924438, -0.5850079655647278, -0.07610386610031128], [0.8518363833427429, 0.1468007117509842, 0.5482231974601746, 0.8247249722480774, -0.5655339956283569, -7.906187238404527e-05], [0.796568751335144, 0.1243024542927742, 0.5132997035980225, 0.5749298334121704, -0.8142891526222229, 0.07993046939373016], [0.785760223865509, 0.10742440074682236, 0.4855448603630066, 0.408054918050766, -0.912170946598053, 0.037886787205934525], [0.8466282486915588, 0.11020107567310333, 0.5450708270072937, 0.5437437295913696, -0.8151753544807434, 0.19957922399044037], [0.8643928170204163, 0.10774917900562286, 0.5407037138938904, 0.6951416730880737, -0.7158330082893372, 0.06603934615850449], [0.804846465587616, 0.10728541761636734, 0.4790322780609131, 0.16798219084739685, -0.9755433201789856, -0.1417643278837204], [0.8111245632171631, 0.10363579541444778, 0.5050830245018005, 0.30400484800338745, -0.9306934475898743, 0.20344725251197815], [0.801631510257721, 0.12554669380187988, 0.46674323081970215, 0.1356734037399292, -0.9883893728256226, -0.0684049054980278], [0.8026726245880127, 0.08822039514780045, 0.48218870162963867, -0.012294864282011986, -0.9961118698120117, -0.08723510056734085], [0.7421232461929321, 0.12345714867115021, 0.4304453134536743, -0.40654271841049194, -0.8535469174385071, -0.3258538842201233], [0.7774893641471863, 0.09618044644594193, 0.4765462875366211, -0.35912007093429565, -0.9085663557052612, -0.21340088546276093]], "Control Inputs 0": [[-2.0211181044578552, 9.924473762512207, 0.16202416270971298, 2.966461658477783, 2.810622811317444], [1.4224421977996826, -1.9954776763916016, 0.005265733134001493, 2.9254603385925293, 1.3386991024017334], [1.2422281503677368, -5.444971024990082, 0.0013995008543133734, 2.3687024116516113, 2.3092567920684814], [0.8947312831878662, -0.4127967357635498, 0.003242510091513395, 2.7482346296310425, -0.8981078267097473], [2.0900624990463257, 3.1043362617492676, 0.00550121460109949, 2.9138013124465942, -1.789682149887085], [2.930735945701599, 3.133653402328491, 0.004842851683497428, 2.4695338010787964, -1.7749250829219818], [3.2850652933120728, 2.045104503631592, 0.004388364544138312, 1.7529798746109009, -2.9343020785599947], [4.000013470649719, -6.536785364151001, 0.3183552920818329, 0.7165560722351074, -2.85062974691391], [4.719293117523193, -6.401599049568176, 0.214847394824028, 0.9450459480285645, -2.6973360031843185], [4.74687933921814, 3.547213077545166, 0.016940405406057832, 2.716935396194458, -2.872444286942482], [0.06643414497375488, 3.1820309162139893, 0.01414007507264614, -2.8087610453367233, 2.312463641166687], [-4.739918150007725, 0.22917509078979492, 0.02536073252558708, -2.8186253160238266, -2.6879066303372383], [-4.560301303863525, -6.36550635099411, 0.033459625020623204, -2.8576289378106594, 2.3581262826919556], [4.750344753265381, 5.90693473815918, 0.03645495809614658, 1.2870361804962158, 2.8854600191116333], [4.913239479064941, -5.263833701610565, 0.6956105470657348, 2.8395692110061646, -2.773127496242523], [4.888221621513367, -7.555408924818039, 0.05923653915524482, 2.645354747772217, 2.9063204526901245], [-4.936353149823844, 5.985617637634277, 0.6956403374671936, -2.942671677097678, -2.9566899742931128], [4.857044816017151, 2.6721298694610596, 0.6924557268619537, -2.9265277069061995, -2.8696409203112125], [-4.927625614218414, 4.8355019092559814, 0.6980534851551056, 2.7448278665542603, -2.949602806940675], [-4.926912211813033, -9.658832624554634, 0.023884065821766852, -2.8227094933390617, 2.87069034576416]], "Final Predicted Pose 0": [0.7774893641471863, 0.09618044644594193, 0.4765462875366211, -0.35912007093429565, -0.9085663557052612, -0.21340088546276093], "Predicted Translation Error 0": "5.671073451807981cm", "Predicted Rotation Error 0": "tensor([0.9216], grad_fn=<DivBackward0>)"}