{"num_updates": "600", "penalty": "tensor(124.7639, dtype=torch.float64, grad_fn=<AddBackward0>)", "Starting Pose": [-0.2927541732788086, 0.1837969571352005, -0.2125459611415863, 0.4568105638027191, 0.18475927412509918, 0.7926198244094849, 0.3590848743915558], "Starting Soft Arm States": [27.399999618530273, 67.69999694824219, 10.0, 21.63023567199707, 35.19581985473633, 23.898893356323242], "Number of Trajectories": 1, "Final Desired Pose": [0.0332796610891819, 0.09895318001508713, -0.29563969373703003, -0.7198914885520935, -0.3790452182292938, 0.5814473032951355], "Predicted Trajectory 0": [[0.21632198624431115, 0.6700610933822755, 0.5649467168533959, -0.32476434111595154, -0.40043559670448303, 0.8568427562713623], [0.19969625771045685, 0.6504668593406677, 0.603087306022644, -0.1745113581418991, -0.5173211097717285, 0.8378094434738159], [0.18768781423568726, 0.6033983826637268, 0.6473743319511414, 0.005747963674366474, -0.5844744443893433, 0.8113917112350464], [0.2208317369222641, 0.6588339805603027, 0.6471249461174011, 0.2327161431312561, -0.4415353238582611, 0.866538941860199], [0.26618340611457825, 0.6678131818771362, 0.6225165128707886, 0.3987796902656555, -0.4011670649051666, 0.8246452212333679], [0.3287507891654968, 0.6959733366966248, 0.5980180501937866, 0.519307017326355, -0.3678204119205475, 0.7713808417320251], [0.3709423840045929, 0.6914214491844177, 0.573157787322998, 0.547145664691925, -0.3769954442977905, 0.7473325133323669], [0.44637730717658997, 0.722931444644928, 0.5423597097396851, 0.6950449347496033, -0.3153724670410156, 0.6461057066917419], [0.49029096961021423, 0.7246336340904236, 0.521379828453064, 0.7735921144485474, -0.42833539843559265, 0.4669947326183319], [0.49625030159950256, 0.6949782371520996, 0.5035330057144165, 0.7431640625, -0.615905225276947, 0.2614726424217224], [0.48309314250946045, 0.6482506990432739, 0.48632240295410156, 0.6831768751144409, -0.7051717638969421, 0.18974225223064423], [0.4681951105594635, 0.5729764699935913, 0.47549107670783997, 0.46497076749801636, -0.8787186145782471, 0.10796164721250534], [0.5320580005645752, 0.48372286558151245, 0.4656875729560852, 0.5998251438140869, -0.8001301288604736, 0.0011834807228296995], [0.5251350998878479, 0.4804151654243469, 0.4982653558254242, 0.5890955924987793, -0.7984774112701416, 0.12409766018390656], [0.5838633179664612, 0.4363345205783844, 0.48901692032814026, 0.6195197701454163, -0.761800229549408, 0.1893559843301773], [0.6377502679824829, 0.41199448704719543, 0.4668777883052826, 0.7738471627235413, -0.5802042484283447, 0.25401484966278076], [0.6194666028022766, 0.42024192214012146, 0.43566274642944336, 0.596233606338501, -0.7121753692626953, 0.3705559968948364], [0.6876145601272583, 0.37750044465065, 0.40431126952171326, 0.6946295499801636, -0.622655987739563, 0.3602628707885742], [0.6812153458595276, 0.4410310387611389, 0.3910333514213562, 0.552662193775177, -0.6771219372749329, 0.4858706593513489], [0.6385647654533386, 0.3557513654232025, 0.3508799076080322, -0.1785070300102234, -0.9608601331710815, 0.21185600757598877], [0.5989793539047241, 0.4329814314842224, 0.3103102743625641, -0.6007314920425415, -0.6649144291877747, 0.4438585638999939]], "Control Inputs 0": [[2.1592897176742554, -9.972080271691084, 0.0036134151276201007, 2.983086347579956, -2.902827400714159], [-4.986212672665715, -0.6841170787811279, 0.0018468010006472467, 2.855947494506836, 2.9989389181137085], [-4.9932680785423145, 4.0108442306518555, 8.199562144000082e-05, 0.889409065246582, 2.9896827936172485], [-4.961217583622783, 7.500791549682617, 0.001373064937070012, 1.8140544891357422, 2.995950222015381], [-4.934182646684349, -9.835489932447672, 0.001454304507933557, -2.038872241973877, -0.8064873218536377], [-4.93673050776124, 9.670617580413818, 0.0024541125865653155, -2.960150177590549, 2.9797407388687134], [-2.076927423477173, 9.67216968536377, 0.0011868884554132818, -2.945109346881509, 0.021244525909423828], [4.744364619255066, 9.62130069732666, 0.0021683521568775176, 0.4710584878921509, -0.24070698022842407], [4.898807406425476, 0.07514834403991699, 0.0023993004579097033, -0.42598503828048706, 1.887857437133789], [4.744827151298523, -0.1917743682861328, 0.0027999737299978732, -0.7096264958381653, 1.3806527853012085], [-4.997603244846687, -0.21909058094024658, 0.0011515231104567646, -0.8888901472091675, -2.291743755340576], [4.864007234573364, -9.66302216053009, 0.0006084987835492939, 1.153222918510437, -2.9209088757634163], [-0.7383963465690613, -9.748678710311651, 0.00457482673227787, 1.5171822309494019, -2.954831449314952], [-4.737746901810169, -9.800810012966394, 0.004834758676588535, -2.7834909483790398, -2.9927467424422503], [4.79361891746521, -9.838903527706861, 0.0035239973105490206, -0.9153104424476624, 2.6796566247940063], [-4.930569208227098, -9.800386168062687, 0.0025737297255545855, -2.894583497196436, 2.7449008226394653], [4.956117868423462, -9.85185238532722, 0.0038856479339301584, -1.6130990087985992, 2.7902523279190063], [4.905851483345032, 9.722436666488647, 0.007478149607777595, -2.1450754702091217, -2.836544282734394], [4.926967620849609, -9.839425515383482, 0.6287346005439758, 0.0911024808883667, -2.9600419644266367], [-4.909441247582436, -9.620671570301056, 0.0019394831731915474, -2.9081407617777586, 2.9452940225601196]], "Final Predicted Pose 0": [0.5989793539047241, 0.4329814314842224, 0.3103102743625641, -0.6007314920425415, -0.6649144291877747, 0.4438585638999939], "Predicted Translation Error 0": "2.743629095440075cm", "Predicted Rotation Error 0": "tensor([0.9426], grad_fn=<DivBackward0>)"}