{"num_updates": "1160", "penalty": "tensor(0., dtype=torch.float64, grad_fn=<AddBackward0>)", "Starting Pose": [-0.18799974024295807, 0.08472218364477158, -0.2554280161857605, 0.49776458740234375, -0.03782003000378609, 0.8453418016433716, -0.1902555674314499], "Starting Soft Arm States": [12.600000381469727, -59.70000076293945, 10.0, 27.94273567199707, 26.462312698364258, 35.39122009277344], "Number of Trajectories": 1, "Final Desired Pose": [-0.4223175048828125, 0.1329112946987152, -0.12750594317913055, -0.38554930686950684, -0.37488627433776855, 0.8430966734886169], "Predicted Trajectory 0": [[0.34750135221304707, 0.3714434437802112, 0.4560749232499643, -0.432066410779953, 0.2840110659599304, 0.8559534549713135], [0.3373716473579407, 0.4114636480808258, 0.4958345293998718, -0.2698768675327301, 0.29806846380233765, 0.9155990481376648], [0.29971185326576233, 0.43635186553001404, 0.5437866449356079, -0.06675677746534348, 0.2995499074459076, 0.9517422914505005], [0.258725106716156, 0.4885264039039612, 0.5648272037506104, -0.008571448735892773, 0.4111310839653015, 0.9115359783172607], [0.2391732931137085, 0.5072005391120911, 0.6042570471763611, 0.042617008090019226, 0.4193837344646454, 0.9068081378936768], [0.20954075455665588, 0.5003899931907654, 0.6602135300636292, 0.1733187735080719, 0.31218770146369934, 0.934076726436615], [0.17875492572784424, 0.5630507469177246, 0.7018730640411377, 0.1601860225200653, 0.44096639752388, 0.8831133246421814], [0.16195349395275116, 0.5229635238647461, 0.7314021587371826, 0.11922124773263931, 0.23636756837368011, 0.9643218517303467], [0.1586555540561676, 0.5311338901519775, 0.737214982509613, 0.10348264127969742, 0.20374524593353271, 0.9735395312309265], [0.15379998087882996, 0.49827417731285095, 0.7369810938835144, 0.1151522621512413, 0.14330211281776428, 0.9829570055007935], [0.13496258854866028, 0.5211899876594543, 0.7483476400375366, 0.048966020345687866, 0.17817191779613495, 0.9827802777290344], [0.1308802366256714, 0.5194272398948669, 0.7520644664764404, 0.09306985884904861, 0.08927913010120392, 0.9916487336158752], [0.11254800856113434, 0.5230292081832886, 0.7748099565505981, -0.02408427931368351, 0.019280999898910522, 0.9995239973068237], [0.10849136859178543, 0.5029948353767395, 0.7519294023513794, -0.010730386711657047, -0.06938778609037399, 0.9975320100784302], [0.08769992738962173, 0.49636441469192505, 0.7799218893051147, -0.08221277594566345, -0.09741020947694778, 0.9918429255485535], [0.08683750778436661, 0.515670120716095, 0.7756975293159485, -0.08855970203876495, -0.06233903393149376, 0.9941182136535645], [0.08012132346630096, 0.522495448589325, 0.7763745784759521, -0.08394778519868851, -0.06628008931875229, 0.9942634105682373], [0.07120905071496964, 0.5124956965446472, 0.7961874008178711, -0.12863413989543915, -0.1602216213941574, 0.9786635041236877], [0.07430660724639893, 0.511317789554596, 0.7510419487953186, -0.19303752481937408, -0.2105364203453064, 0.9583376049995422], [0.06589797884225845, 0.5101661682128906, 0.768580973148346, -0.20281797647476196, -0.2560988962650299, 0.9451340436935425], [0.05870857462286949, 0.5135619044303894, 0.7738829851150513, -0.30005940794944763, -0.2893972098827362, 0.9089629054069519]], "Control Inputs 0": [[4.055508375167847, 9.81493353843689, 0.5208949327468871, 2.8987269401550293, -2.9569821255281568], [4.870746731758118, 9.856421947479248, 0.685616534948349, 2.875492572784424, 2.9938759803771973], [1.9285762310028076, 9.800810813903809, 0.0073989940807223315, -2.950268967077136, 2.86923086643219], [3.3773505687713623, 9.80258822441101, 0.49943349361419676, 1.1199724674224854, -2.9448439367115498], [4.673118591308594, 9.804396629333496, 0.00989135792478919, -2.75616504997015, 2.900520443916321], [3.1504619121551514, 9.81520414352417, 0.006054854765534401, -2.9312689639627934, -2.8645294569432735], [0.524643063545227, 9.806867837905884, 0.009263494703918695, -2.9095351696014404, -2.9440099373459816], [-2.4042844772338867, -9.823878686875105, 0.1903732657432556, 0.15135526657104492, 0.46113431453704834], [2.339574098587036, -9.537185244262218, 0.046134974062442775, -2.935631426051259, 1.6537363529205322], [-0.6724923849105835, 9.80644702911377, 0.25792533755302427, -1.0692508220672607, -0.7655584216117859], [4.87154483795166, 9.797219038009644, 0.0831541635096073, -1.1623948216438293, -1.520471602678299], [-1.351001262664795, -3.9456021785736084, 0.008070671278983354, -2.951498134061694, 0.15755510330200195], [3.732856512069702, -9.774935655295849, 0.09936815798282622, -1.0869197845458984, 1.6335514783859253], [0.7550209760665894, -5.70515900850296, 0.14913422316312788, 0.49072086811065674, 2.9386600255966187], [-2.5217127799987793, -6.8201324343681335, 0.15695261806249616, 1.2236655950546265, 2.9345927238464355], [4.879946708679199, -0.531579852104187, 0.008043630700558423, 1.006589412689209, -0.5446541905403137], [-3.381218761205673, -3.666316270828247, 0.15519040524959563, -2.9386016093194485, 0.1304011344909668], [0.347210168838501, -3.126886487007141, 0.0933003768324852, 0.7934517860412598, 0.38773083686828613], [2.965751886367798, -3.161289691925049, 0.2550742208957672, -1.1258450746536255, 0.838090181350708], [-0.11339008808135986, -7.549456059932709, 0.060183756053447716, -2.9204715248197317, -2.4994372576475143]], "Final Predicted Pose 0": [0.05870857462286949, 0.5135619044303894, 0.7738829851150513, -0.30005940794944763, -0.2893972098827362, 0.9089629054069519], "Predicted Translation Error 0": "0.47221579944027425cm", "Predicted Rotation Error 0": "tensor([0.9905], grad_fn=<DivBackward0>)"}