{"num_updates": "6068", "penalty": "tensor(0.0006, dtype=torch.float64, grad_fn=<AddBackward0>)", "Starting Pose": [0.03410665690898895, 0.024804752320051193, -0.2692466974258423, 0.7961490154266357, -0.4009815752506256, 0.3087071478366852, -0.331753671169281], "Starting Soft Arm States": [-6.0, -26.100000381469727, 10.0, 29.737791061401367, 3.5968844890594482, 35.40115737915039], "Number of Trajectories": 1, "Final Desired Pose": [0.05249641463160515, 0.2556997537612915, -0.2790928781032562, -0.6533428430557251, 0.7567075490951538, 0.023170484229922295], "Predicted Trajectory 0": [[0.6256354178713607, 0.1908485064210096, 0.42099114262676424, 0.4878273904323578, -0.4336526691913605, 0.7576079368591309], [0.5807115435600281, 0.1901121586561203, 0.41190627217292786, 0.26023104786872864, -0.6640672087669373, 0.7009240388870239], [0.5426958203315735, 0.22108381986618042, 0.4075787365436554, 0.048988647758960724, -0.7451814413070679, 0.6650598645210266], [0.5560458898544312, 0.23175324499607086, 0.4177766740322113, -0.019943147897720337, -0.7992368340492249, 0.600685179233551], [0.5451599359512329, 0.2795521020889282, 0.385084331035614, -0.2396368831396103, -0.8054711222648621, 0.5420244336128235], [0.5346104502677917, 0.3030310571193695, 0.3519623279571533, -0.3414907455444336, -0.8126794099807739, 0.47216129302978516], [0.5287072658538818, 0.3714756369590759, 0.3333984315395355, -0.5254406332969666, -0.7243382930755615, 0.4463697671890259], [0.5169358253479004, 0.41445913910865784, 0.3022303581237793, -0.6454508900642395, -0.6795203685760498, 0.3487769067287445], [0.5134317278862, 0.5041636228561401, 0.30888012051582336, -0.7604727745056152, -0.5174617767333984, 0.39231929183006287], [0.5161049365997314, 0.4635699689388275, 0.2716478407382965, -0.7409576773643494, -0.6086331009864807, 0.28380894660949707], [0.520941436290741, 0.59531170129776, 0.2933799922466278, -0.8812597393989563, -0.3053118884563446, 0.36078500747680664], [0.5208207368850708, 0.5401460528373718, 0.26164984703063965, -0.8693161606788635, -0.4179229736328125, 0.26387473940849304], [0.5313262343406677, 0.6612914800643921, 0.29942068457603455, -0.9045118689537048, -0.11366243660449982, 0.4110220968723297], [0.5463345646858215, 0.5926885008811951, 0.2669360041618347, -0.9292925596237183, -0.2766502797603607, 0.24470385909080505], [0.576158881187439, 0.7103710770606995, 0.3166092038154602, -0.9002304077148438, 0.011317231692373753, 0.43526676297187805], [0.6003839373588562, 0.6907685399055481, 0.292839914560318, -0.9590101838111877, 0.018840955570340157, 0.28274455666542053], [0.6365938186645508, 0.7677374482154846, 0.34554266929626465, -0.8609601259231567, 0.2247602343559265, 0.45632269978523254], [0.6583688259124756, 0.7904151678085327, 0.33875587582588196, -0.8550412058830261, 0.37023794651031494, 0.36308184266090393], [0.6639620661735535, 0.8066981434822083, 0.3506673574447632, -0.7796683311462402, 0.4451078772544861, 0.4404500722885132], [0.6984261870384216, 0.827118456363678, 0.38285213708877563, -0.7155749201774597, 0.5823262333869934, 0.3858090341091156], [0.7221004366874695, 0.8671656250953674, 0.3838863670825958, -0.6056790351867676, 0.7499262094497681, 0.26601409912109375]], "Control Inputs 0": [[1.8413376808166504, 9.94588017463684, 0.1375708431005478, -2.9478281009942293, 2.9592933654785156], [-4.970682428684086, 9.738152027130127, 0.38879244327545165, -2.9655367685481906, 2.966188430786133], [-1.0239148139953613, 9.810090065002441, 0.0025774975307285785, -2.9464700426906347, 2.9761523008346558], [0.22429585456848145, 5.191243886947632, 0.08428002893924713, -2.8946827724575996, 2.9533309936523438], [-1.2968432903289795, 9.816676378250122, 0.013833243586122989, -0.8993634581565857, 2.951116919517517], [-1.8930774927139282, 9.76156234741211, 0.10302234292030334, -1.0568717122077942, 2.937032103538513], [2.6954418420791626, 9.699203968048096, 0.026207432895898816, -0.8061359524726868, 2.9586174488067627], [-4.983927643625066, -6.214418411254883, 0.48019949197769163, -0.09297752380371094, 2.9293885231018066], [2.147133946418762, 9.589096307754517, 0.0074278607033193104, -1.5032895505428314, 2.9202336072921753], [-4.93392079602927, -2.9688912630081177, 0.26315889358520506, 0.6539415121078491, 2.96131432056427], [3.0802130699157715, 9.89662766456604, 0.0017940947553142905, 1.0773296356201172, 2.990111231803894], [-4.909549150615931, -6.972578763961792, 0.1056306928396225, -1.4455166459083557, 2.9054439067840576], [0.0562286376953125, 7.036769390106201, 0.006549081671983003, 1.5416547060012817, 2.950451374053955], [-4.585558474063873, 4.14502739906311, 0.42985400557518005, 0.4328244924545288, 2.8906720876693726], [0.9501606225967407, 8.441530466079712, 0.014909943379461764, 0.26595497131347656, 2.7627915143966675], [-4.098753407597542, 7.2972798347473145, 0.053058316558599466, 0.9445019960403442, 2.5673192739486694], [4.863054156303406, 8.1797456741333, 0.04229411147534847, -2.7827057987451553, 2.1839497089385986], [-4.7093793377280235, 5.375465154647827, 0.6715214192867278, 0.782417893409729, 1.9547080993652344], [-3.261919468641281, 6.470674276351929, 0.15457611382007597, -2.9798612385056913, 1.4718925952911377], [4.889296293258667, -9.467410705983639, 0.009140246175229549, -2.9828439806587994, 2.3368152379989624]], "Final Predicted Pose 0": [0.7221004366874695, 0.8671656250953674, 0.3838863670825958, -0.6056790351867676, 0.7499262094497681, 0.26601409912109375], "Predicted Translation Error 0": "5.919560086280964cm", "Predicted Rotation Error 0": "tensor([0.9694], grad_fn=<DivBackward0>)"}