{"num_updates": "264", "penalty": "tensor(0., dtype=torch.float64, grad_fn=<AddBackward0>)", "Starting Pose": [-0.252093106508255, 0.19485968351364136, -0.23709772527217865, -0.44299986958503723, -0.8507615327835083, -0.17388637363910675, -0.22297868132591248], "Starting Soft Arm States": [19.0, -37.29999923706055, 10.0, 30.77773094177246, 34.91761779785156, 12.605279922485352], "Number of Trajectories": 1, "Final Desired Pose": [-0.2865540385246277, 0.06326935440301895, -0.2699086666107178, -0.5279637575149536, -0.725439190864563, 0.44157925248146057], "Predicted Trajectory 0": [[0.26724005055905203, 0.7034048521710846, 0.5026130764932861, -0.5080632567405701, 0.6762285828590393, 0.533466637134552], [0.2599196434020996, 0.701786458492279, 0.5062001943588257, -0.5301060080528259, 0.6016579270362854, 0.5974908471107483], [0.26474428176879883, 0.6898109316825867, 0.4950670897960663, -0.5822867155075073, 0.5330273509025574, 0.6138598918914795], [0.26563024520874023, 0.6451267004013062, 0.47161582112312317, -0.684157133102417, 0.38464680314064026, 0.6196579337120056], [0.27324801683425903, 0.6169767379760742, 0.44665414094924927, -0.7221509218215942, 0.23648792505264282, 0.6500549912452698], [0.26942598819732666, 0.6160941123962402, 0.4278067648410797, -0.7588204741477966, 0.1653110682964325, 0.6299712657928467], [0.2545008361339569, 0.6048082709312439, 0.44884467124938965, -0.723820149898529, 0.08409244567155838, 0.6848450899124146], [0.2433665692806244, 0.5975699424743652, 0.4433443546295166, -0.7515597939491272, 0.03124980255961418, 0.6589242815971375], [0.24600306153297424, 0.5721309781074524, 0.4419296085834503, -0.705558180809021, -0.06862818449735641, 0.7053210139274597], [0.24415038526058197, 0.4825296998023987, 0.42842018604278564, -0.6653496026992798, -0.31893110275268555, 0.6749761700630188], [0.24648800492286682, 0.446423202753067, 0.41407012939453125, -0.661765456199646, -0.4472915530204773, 0.6016616225242615], [0.24952170252799988, 0.4365437924861908, 0.4194779396057129, -0.610947847366333, -0.5076221227645874, 0.607505202293396], [0.24106663465499878, 0.44362884759902954, 0.43120989203453064, -0.596115231513977, -0.493470698595047, 0.6333509087562561], [0.23768103122711182, 0.38725653290748596, 0.4146345257759094, -0.577725350856781, -0.6163004040718079, 0.5351703763008118], [0.23377317190170288, 0.3981088399887085, 0.43001848459243774, -0.5592724680900574, -0.5902107357978821, 0.5821216106414795], [0.24064882099628448, 0.3623169958591461, 0.4312438368797302, -0.49514350295066833, -0.65396648645401, 0.5719796419143677], [0.2431224286556244, 0.3201445937156677, 0.43885812163352966, -0.40296870470046997, -0.726993203163147, 0.555965006351471], [0.23386316001415253, 0.31483396887779236, 0.43282797932624817, -0.44029560685157776, -0.726361095905304, 0.5277683138847351], [0.2310829758644104, 0.32654136419296265, 0.4089375138282776, -0.5001360774040222, -0.7301052808761597, 0.4656287431716919], [0.2310551255941391, 0.26540443301200867, 0.41956838965415955, -0.363499253988266, -0.8363692760467529, 0.4103104770183563], [0.22002947330474854, 0.3049088716506958, 0.4158162474632263, -0.457177996635437, -0.796629011631012, 0.39543721079826355]], "Control Inputs 0": [[-3.8757187873125076, -2.215922474861145, 0.006940730661153793, -2.940556414425373, -2.9505205303430557], [-2.4593159556388855, -7.446580529212952, 0.6925639986991882, -2.91213315166533, -2.8339919485151768], [-3.513502776622772, -8.391911089420319, 0.00712662860751152, -2.9361853022128344, -2.952391969040036], [-2.5910042226314545, -2.537311315536499, 0.6753211975097656, -2.9491849187761545, -2.95143623650074], [3.385751247406006, 2.035703659057617, 0.3771436870098114, 0.46643686294555664, -2.948907896876335], [2.140408158302307, 2.982616424560547, 0.007855102233588694, -2.6603000164031982, -2.980860084760934], [-0.49591392278671265, 2.99707293510437, 0.2155697077512741, -0.19468152523040771, -2.9437464717775583], [-2.2845256328582764, -9.798496402800083, 0.66537566781044, 2.8058066368103027, -1.8222692012786865], [0.39443135261535645, -9.824389014393091, 0.2692161291837692, -1.5248259902000427, -2.941438749432564], [-0.5081412196159363, 0.23636698722839355, 0.2910241216421127, -0.2237529158592224, -2.928883820772171], [1.3552379608154297, 4.114525318145752, 0.2715819627046585, 2.2335033416748047, -1.2594233751296997], [0.7396972179412842, -3.3613628149032593, 0.003842935711145401, -2.4905882477760315, -2.941120471805334], [1.456405520439148, -1.0243630409240723, 0.20779531002044677, 0.1437685489654541, -1.4101756811141968], [-0.616392195224762, -4.6439796686172485, 0.23625574111938474, 1.045498251914978, -0.025639235973358154], [-1.593940556049347, -8.382602035999298, 0.276385748386383, 2.9345473051071167, 0.06446170806884766], [3.562726378440857, -2.7706074714660645, 0.007150313723832368, -0.6862580180168152, -2.938162174075842], [-0.8284208178520203, 3.028308153152466, 0.38074277639389037, -2.96018276643008, -1.0552732944488525], [1.9817620515823364, -5.922419428825378, 0.0038935147225856778, -0.040900468826293945, -2.9405897688120604], [3.230236768722534, 4.592758417129517, 0.3797148823738098, 2.9373339414596558, -2.9898980332072824], [-4.876783909276128, 0.46010494232177734, 0.20783331990242004, -2.639024868607521, -2.9585748212412]], "Final Predicted Pose 0": [0.22002947330474854, 0.3049088716506958, 0.4158162474632263, -0.457177996635437, -0.796629011631012, 0.39543721079826355], "Predicted Translation Error 0": "0.3574244574973226cm", "Predicted Rotation Error 0": "tensor([0.9939], grad_fn=<DivBackward0>)"}