{"num_updates": "2871", "penalty": "tensor(0., dtype=torch.float64, grad_fn=<AddBackward0>)", "Starting Pose": [0.24392195045948029, 0.04088573157787323, -0.23706331849098206, 0.12747010588645935, -0.012919716536998749, -0.7305063605308533, 0.6707793474197388], "Starting Soft Arm States": [-37.599998474121094, -57.0, 10.0, 10.57176685333252, 26.157615661621094, 35.40446853637695], "Number of Trajectories": 1, "Final Desired Pose": [0.14617468416690826, 0.12009521573781967, -0.23797886073589325, -0.9554959535598755, 0.09510448575019836, 0.279253751039505], "Predicted Trajectory 0": [[0.8883778754538307, 0.23931759759419574, 0.5027004307018738, -0.0676129013299942, 0.9767233729362488, -0.2035679966211319], [0.8936061263084412, 0.37895774841308594, 0.5287812352180481, 0.11977584660053253, 0.9737737774848938, -0.1934383660554886], [0.8906648755073547, 0.43575915694236755, 0.5522494316101074, 0.29640641808509827, 0.9220675230026245, -0.2488669455051422], [0.8687491416931152, 0.44945797324180603, 0.5232656598091125, 0.4583294689655304, 0.8646224737167358, -0.20582081377506256], [0.8670529127120972, 0.4645155370235443, 0.5514868497848511, 0.645785927772522, 0.7632660269737244, -0.019636869430541992], [0.8498740792274475, 0.47443899512290955, 0.5650283098220825, 0.8127380609512329, 0.5391277074813843, 0.22090288996696472], [0.8218846917152405, 0.44300219416618347, 0.5675145387649536, 0.8305965065956116, 0.18288907408714294, 0.5259857177734375], [0.7920347452163696, 0.38719722628593445, 0.5335100293159485, 0.7337914109230042, -0.1925153136253357, 0.6515275239944458], [0.770813524723053, 0.3413596749305725, 0.5056943297386169, 0.5529466867446899, -0.49943017959594727, 0.6669477224349976], [0.7780810594558716, 0.310128390789032, 0.49581754207611084, 0.3729310929775238, -0.6686871647834778, 0.643257200717926], [0.7600623965263367, 0.354322612285614, 0.4442000985145569, 0.016055384650826454, -0.8185542821884155, 0.5742048025131226], [0.7752692103385925, 0.3908747434616089, 0.4332916736602783, -0.1892026662826538, -0.8529983758926392, 0.48641154170036316], [0.7659158110618591, 0.4525648057460785, 0.4273788630962372, -0.4389083683490753, -0.8001818656921387, 0.40874019265174866], [0.8145497441291809, 0.3631245195865631, 0.4653295874595642, -0.19065988063812256, -0.8234583139419556, 0.5343830585479736], [0.7803363800048828, 0.5505450963973999, 0.4254806637763977, -0.7362332940101624, -0.5428010821342468, 0.40413784980773926], [0.7850930094718933, 0.5040505528450012, 0.40340885519981384, -0.6470151543617249, -0.6328285932540894, 0.4253225028514862], [0.7592545747756958, 0.4998702108860016, 0.4270213544368744, -0.6636263132095337, -0.5564980506896973, 0.49991005659103394], [0.752086341381073, 0.4223731458187103, 0.417355477809906, -0.6391000151634216, -0.6422024369239807, 0.4232342839241028], [0.7595474720001221, 0.5793728232383728, 0.4384251832962036, -0.8682880997657776, -0.3174135386943817, 0.3812144696712494], [0.7508948445320129, 0.4604491889476776, 0.4478984773159027, -0.7096240520477295, -0.5486487746238708, 0.4420614242553711], [0.7337102890014648, 0.5496782660484314, 0.4467690885066986, -0.8500068187713623, -0.31019699573516846, 0.42575374245643616]], "Control Inputs 0": [[0.020395517349243164, 1.8979835510253906, 0.12704170942306517, 2.917171597480774, -2.9810454924590886], [1.298229694366455, 9.660766124725342, 0.4786804318428039, 2.9667059183120728, 1.6791290044784546], [-0.4990127682685852, 9.737374782562256, 0.00022287915053311735, 2.9909255504608154, 2.9188034534454346], [1.0211610794067383, 9.906537532806396, 0.2908016324043274, 2.9834461212158203, -2.9122632443904877], [2.0656877756118774, 9.943609237670898, 0.022716419771313667, 2.862401247024536, -2.756699211895466], [1.7158865928649902, 9.893620014190674, 0.017519580200314522, -2.151454210281372, -2.5453506857156754], [-0.48342347145080566, 9.914592504501343, 0.05780404955148696, -2.8443305902183056, -2.9364687725901604], [-4.863659925758839, 9.992372989654541, 0.6948369562625885, -2.862667467445135, 2.9826364517211914], [-1.4805969595909119, 9.652599096298218, 0.6991967856884003, -2.941488839685917, 2.8880056142807007], [-4.064581319689751, 9.935200214385986, 0.6982500433921813, -2.9608409302309155, 2.978098511695862], [1.5279865264892578, 9.801011085510254, 0.5086379766464233, 2.1842669248580933, 2.985097646713257], [-2.955099791288376, -9.469913803040981, 0.21311648488044738, 2.9744235277175903, -2.8556832745671272], [0.7595038414001465, 9.813745021820068, 0.02453235648572445, -2.8327908664941788, 2.9790923595428467], [1.0026365518569946, -9.865722395479679, 0.5552037954330444, -2.9485797062516212, 2.950596570968628], [-1.770627498626709, -9.940908886492252, 0.37101266384124754, 2.697625994682312, 2.9478507041931152], [4.905682802200317, -9.501156285405159, 0.0033063264563679695, 2.9148974418640137, -2.970818272791803], [-3.9575687795877457, 9.804412126541138, 0.3591427326202392, -2.8840064629912376, 2.9953773021698], [-0.6886234879493713, -9.856526777148247, 0.29845933020114895, 2.996551036834717, 2.8405247926712036], [4.732328653335571, 9.326071739196777, 0.2987459063529968, 1.8284715414047241, -2.862392719835043], [-4.518763497471809, -9.390371106564999, 0.1620554760098457, -2.9182393681257963, 2.9501956701278687]], "Final Predicted Pose 0": [0.7337102890014648, 0.5496782660484314, 0.4467690885066986, -0.8500068187713623, -0.31019699573516846, 0.42575374245643616], "Predicted Translation Error 0": "4.091702489608173cm", "Predicted Rotation Error 0": "tensor([0.9016], grad_fn=<DivBackward0>)"}