{"num_updates": "194", "penalty": "tensor(0., dtype=torch.float64, grad_fn=<AddBackward0>)", "Starting Pose": [-0.32011738419532776, 0.09061986953020096, -0.17973314225673676, -0.3694292902946472, -0.3659572899341583, -0.8174580931663513, 0.24770846962928772], "Starting Soft Arm States": [33.0, -75.69999694824219, 10.0, 28.475954055786133, 35.09977340698242, 30.88702392578125], "Number of Trajectories": 1, "Final Desired Pose": [-0.4223175048828125, 0.1329112946987152, -0.12750594317913055, -0.38554930686950684, -0.37488627433776855, 0.8430966734886169], "Predicted Trajectory 0": [[0.18205624154146566, 0.38921944300940275, 0.6482540686465432, -0.604324996471405, 0.6753733158111572, 0.4226844906806946], [0.17036043107509613, 0.43297579884529114, 0.6773306727409363, -0.5075979828834534, 0.7170879244804382, 0.4776288568973541], [0.14995522797107697, 0.46004167199134827, 0.6987699270248413, -0.47077858448028564, 0.7386820912361145, 0.4824066758155823], [0.1347515732049942, 0.48956099152565, 0.7140803933143616, -0.518550455570221, 0.7202297449111938, 0.46084120869636536], [0.12088276445865631, 0.46717390418052673, 0.7287371158599854, -0.5286072492599487, 0.6418339014053345, 0.5555391311645508], [0.10472927242517471, 0.5103601813316345, 0.7491294741630554, -0.494628369808197, 0.619422972202301, 0.6096374988555908], [0.09261678159236908, 0.5296101570129395, 0.7726415395736694, -0.4634768068790436, 0.578789234161377, 0.6709636449813843], [0.08422231674194336, 0.5427870154380798, 0.7702133655548096, -0.5101813673973083, 0.5168852210044861, 0.6874188184738159], [0.08623355627059937, 0.5475054979324341, 0.7584333419799805, -0.5263702273368835, 0.47490182518959045, 0.7052677273750305], [0.08287724107503891, 0.5220107436180115, 0.7281329035758972, -0.632049024105072, 0.38490280508995056, 0.6725800633430481], [0.07547683268785477, 0.497265487909317, 0.723712146282196, -0.7045129537582397, 0.21675515174865723, 0.6757799983024597], [0.0740065649151802, 0.5368195176124573, 0.7081484198570251, -0.7503222823143005, 0.22547711431980133, 0.6214310526847839], [0.06686440110206604, 0.5576276779174805, 0.7229122519493103, -0.7278794050216675, 0.1976896971464157, 0.6565898656845093], [0.0681951716542244, 0.5467926263809204, 0.7020852565765381, -0.7863253355026245, 0.1136767715215683, 0.6072644591331482], [0.06002742052078247, 0.5747738480567932, 0.7322167754173279, -0.7316210865974426, 0.13943558931350708, 0.667299211025238], [0.06243777647614479, 0.55711829662323, 0.735582709312439, -0.713293194770813, 0.06594445556402206, 0.6977564692497253], [0.064224973320961, 0.5355843901634216, 0.7422286868095398, -0.7106285691261292, -0.011550514958798885, 0.7034725546836853], [0.05638470500707626, 0.5352025032043457, 0.7669442892074585, -0.6558953523635864, -0.026634767651557922, 0.7543817758560181], [0.06581833958625793, 0.5417025685310364, 0.7468485236167908, -0.6963350772857666, -0.04604850336909294, 0.7162380814552307], [0.059915054589509964, 0.5092841386795044, 0.7736513614654541, -0.645248293876648, -0.10200690478086472, 0.7571322917938232], [0.06209798529744148, 0.4983128309249878, 0.781805157661438, -0.5880678296089172, -0.16661468148231506, 0.7914643287658691]], "Control Inputs 0": [[1.4037388563156128, 2.161809206008911, 0.0030490331817418334, -2.938804227858782, -0.4086382985115051], [2.6186424493789673, -4.163938760757446, 0.4807469010353088, -2.010297864675522, 1.5185097455978394], [-0.3069677948951721, -5.378007292747498, 0.006766991782933473, -2.939242634922266, -1.5884299278259277], [1.3571327924728394, 0.491485595703125, 0.4068492650985718, -2.936257788911462, -2.622710198163986], [2.960628867149353, 5.379670858383179, 0.12655110657215118, 1.4531500339508057, -2.0517480969429016], [1.642962098121643, 6.147431135177612, 0.006204553227871656, -1.8711913526058197, -2.561293512582779], [-0.8528450131416321, 5.684021711349487, 0.005266023892909288, -1.9830325841903687, -2.9702779557555914], [-3.564585894346237, -9.361708536744118, 0.4931910693645477, 0.6384036540985107, -0.12463277578353882], [0.8412104845046997, -8.53629931807518, 0.25356089770793916, -2.941967496648431, -1.8927701711654663], [-1.6107383370399475, 2.587704658508301, 0.40288797616958616, -1.3589097261428833, -1.7771278023719788], [3.7321382761001587, 6.652367115020752, 0.3396113276481628, 1.0937401056289673, 0.18583810329437256], [-2.389553487300873, -1.5298020839691162, 0.0014313858933746814, -0.6360191702842712, -1.3235664367675781], [2.7739369869232178, 0.2974569797515869, 0.00443685706704855, 0.9469349384307861, 0.06508290767669678], [0.015025138854980469, -3.8552600145339966, 0.28315286338329315, 2.93739652633667, 1.9047188758850098], [-2.896963506937027, -8.025996088981628, 0.338252192735672, 2.994327664375305, 1.033221960067749], [4.507389068603516, -1.2974053621292114, 0.005446654604747891, 1.397009253501892, -1.294612169265747], [-2.816496193408966, 2.9738759994506836, 0.4623736500740051, -0.8508807420730591, -0.47673261165618896], [0.7583791017532349, -3.1735950708389282, 0.054806818068027494, 2.944357395172119, 0.30814146995544434], [3.2395559549331665, -1.2873905897140503, 0.6602110803127288, 2.9618561267852783, -2.9432843662798405], [-2.3714369535446167, 9.783753156661987, 0.3280343770980835, -0.08721864223480225, -0.8881394863128662]], "Final Predicted Pose 0": [0.06209798529744148, 0.4983128309249878, 0.781805157661438, -0.5880678296089172, -0.16661468148231506, 0.7914643287658691], "Predicted Translation Error 0": "0.8851663416840927cm", "Predicted Rotation Error 0": "tensor([0.9565], grad_fn=<DivBackward0>)"}