{"num_updates": "317", "penalty": "tensor(0., dtype=torch.float64, grad_fn=<AddBackward0>)", "Starting Pose": [-0.3626540005207062, 0.07974928617477417, -0.1907745748758316, -0.33931803703308105, 0.5386319756507874, -0.7123425602912903, 0.29547742009162903], "Starting Soft Arm States": [35.900001525878906, -86.80000305175781, 10.0, 15.17201042175293, 30.708181381225586, 35.407779693603516], "Number of Trajectories": 1, "Final Desired Pose": [-0.15744738280773163, 0.12996906042099, -0.3336130976676941, -0.9542900919914246, 0.00042747409315779805, 0.2988817095756531], "Predicted Trajectory 0": [[0.12878950906715708, 0.35645481547568997, 0.6202213502529408, -0.5951127409934998, 0.055427197366952896, 0.8017285466194153], [0.12425761669874191, 0.39999717473983765, 0.5640507936477661, -0.724575400352478, 0.1394304633140564, 0.6749441623687744], [0.13702426850795746, 0.41505128145217896, 0.5002959370613098, -0.8177277445793152, 0.10779272764921188, 0.565421998500824], [0.15511579811573029, 0.496950626373291, 0.4308275878429413, -0.8611257672309875, 0.20743606984615326, 0.4641471803188324], [0.18313533067703247, 0.5020062923431396, 0.3697121739387512, -0.9038081765174866, 0.08728782087564468, 0.41894102096557617], [0.2180945724248886, 0.536058783531189, 0.3121037185192108, -0.9322529435157776, 0.027177590876817703, 0.3607849180698395], [0.25137072801589966, 0.5261693596839905, 0.27556589245796204, -0.9187771081924438, -0.12395641952753067, 0.374811053276062], [0.28592029213905334, 0.5343254208564758, 0.23253194987773895, -0.9345635175704956, -0.1760251224040985, 0.30920255184173584], [0.31647610664367676, 0.5085127353668213, 0.2197788804769516, -0.8996455073356628, -0.2782776653766632, 0.33645132184028625], [0.33199313282966614, 0.4883602559566498, 0.22372950613498688, -0.858498215675354, -0.3529324233531952, 0.3720477521419525], [0.3548801839351654, 0.4812469482421875, 0.20561741292476654, -0.8591116070747375, -0.4140291213989258, 0.3008439540863037], [0.3738882541656494, 0.5254169702529907, 0.2083835005760193, -0.8908163905143738, -0.32124063372612, 0.32132643461227417], [0.3789280354976654, 0.523055374622345, 0.22398091852664948, -0.8727315664291382, -0.32534927129745483, 0.36398839950561523], [0.3843053877353668, 0.5056915879249573, 0.21895954012870789, -0.8690257668495178, -0.3559083044528961, 0.3436909317970276], [0.3802754878997803, 0.5159533619880676, 0.2440159022808075, -0.8381275534629822, -0.30636316537857056, 0.4513133764266968], [0.3886285424232483, 0.5047078132629395, 0.25325343012809753, -0.8114543557167053, -0.29539763927459717, 0.5042637586593628], [0.38643041253089905, 0.4935028553009033, 0.2576945722103119, -0.8038365840911865, -0.26165157556533813, 0.5342145562171936], [0.38213688135147095, 0.4954850673675537, 0.2690703868865967, -0.8075387477874756, -0.24966679513454437, 0.5343666672706604], [0.397097110748291, 0.5229122638702393, 0.2338876575231552, -0.8969510197639465, -0.1300371289253235, 0.42257460951805115], [0.3885391354560852, 0.48606786131858826, 0.2501024007797241, -0.8573721051216125, -0.2274807244539261, 0.4616985619068146], [0.386033833026886, 0.5129889249801636, 0.24810045957565308, -0.89616858959198, -0.14226259291172028, 0.42028942704200745]], "Control Inputs 0": [[-4.914832040667534, -3.0621683597564697, 0.0018485537031665443, -2.9296222496777773, 1.5369247198104858], [-4.952415823936462, 9.966049194335938, 0.3602430999279022, -1.7193518579006195, -0.09637606143951416], [-4.901183443143964, 9.800161123275757, 0.006330368388444185, -1.9291113317012787, -1.6137833297252655], [-4.92000631056726, 9.814646244049072, 0.2977438390254974, -0.6512777209281921, -2.3625222891569138], [-4.477646201848984, 9.823980331420898, 0.028583384305238723, 2.9263508319854736, -2.8377034440636635], [-4.8502960707992315, 9.812339544296265, 0.006655259523540735, -0.14535069465637207, -2.9291125126183033], [-4.902802659198642, 3.3843183517456055, 0.005631406791508198, 0.32203996181488037, -1.124461054801941], [-4.900998445227742, -9.411913938820362, 0.42016757726669307, 2.8830106258392334, 2.3427189588546753], [-3.1501464545726776, -2.0727068185806274, 0.19662641286849974, -1.1387243270874023, -0.7158617377281189], [-4.434789419174194, 9.78705883026123, 0.3361549526453018, 0.16752362251281738, 1.3583625555038452], [1.7763924598693848, 9.806276559829712, 0.27507532536983487, 1.6324503421783447, 0.4293926954269409], [-2.5663870573043823, -1.4956283569335938, 0.004646734148263931, -0.895060658454895, 1.3614124059677124], [0.24744808673858643, -0.7637500762939453, 0.011755955033004284, 0.7417817115783691, 1.9362452030181885], [-1.2049314379692078, -4.052852392196655, 0.23463318645954132, 0.882659912109375, 2.9443259239196777], [-3.994627594947815, -4.755951762199402, 0.2805347710847854, 1.228095531463623, 2.9396309852600098], [3.768351674079895, -6.6253745555877686, 0.0035075964871793984, -0.8355413675308228, 0.966289758682251], [-4.561762474477291, 3.465930223464966, 0.38953440785408017, -2.9455391485244036, 0.6044894456863403], [0.9254741668701172, -6.3632932305336, 0.06884654089808463, -0.16213828325271606, 1.126704454421997], [2.239794135093689, 0.11165618896484375, 0.3679870188236236, -0.18575423955917358, -0.5831265449523926], [-4.2473287880420685, -9.8932433873415, 0.17269409149885176, -2.9235043097287416, -0.6100959777832031]], "Final Predicted Pose 0": [0.386033833026886, 0.5129889249801636, 0.24810045957565308, -0.89616858959198, -0.14226259291172028, 0.42028942704200745], "Predicted Translation Error 0": "0.4112172380117541cm", "Predicted Rotation Error 0": "tensor([0.9808], grad_fn=<DivBackward0>)"}