{"num_updates": "3583", "penalty": "tensor(0., dtype=torch.float64, grad_fn=<AddBackward0>)", "Starting Pose": [0.010257423855364323, 0.06122927740216255, -0.3528884947299957, 0.05482672154903412, 0.29676634073257446, -0.7441645860671997, 0.5959386229515076], "Starting Soft Arm States": [-9.899999618530273, -42.29999923706055, 10.0, 13.337212562561035, 17.63275909423828, 35.39122009277344], "Number of Trajectories": 1, "Final Desired Pose": [-0.3728078007698059, 0.23337866365909576, -0.21450695395469666, -0.9730545282363892, -0.2263774424791336, 0.04379641264677048], "Predicted Trajectory 0": [[0.5957700729866777, 0.3006343346867921, 0.20863582329010383, -0.28370237350463867, 0.9194942712783813, 0.27210885286331177], [0.563461184501648, 0.36415430903434753, 0.16575677692890167, -0.40003496408462524, 0.9058973789215088, 0.13900336623191833], [0.509613037109375, 0.4058292806148529, 0.16110850870609283, -0.4483080208301544, 0.8637560606002808, 0.23009878396987915], [0.44629377126693726, 0.42706218361854553, 0.167760968208313, -0.5047073364257812, 0.813251256942749, 0.2896428406238556], [0.38878998160362244, 0.4908093512058258, 0.18764276802539825, -0.5194172859191895, 0.7611014246940613, 0.38849732279777527], [0.32351166009902954, 0.504393458366394, 0.20411795377731323, -0.566290557384491, 0.7129339575767517, 0.41356992721557617], [0.2704538404941559, 0.5400160551071167, 0.24935217201709747, -0.5749024152755737, 0.639200747013092, 0.5107930898666382], [0.2185848504304886, 0.5648717880249023, 0.28365933895111084, -0.6271929740905762, 0.5712442398071289, 0.5294422507286072], [0.17718614637851715, 0.6023898124694824, 0.3461798429489136, -0.6266180276870728, 0.5152879357337952, 0.5846607089042664], [0.13865403831005096, 0.6351712346076965, 0.4068538248538971, -0.6218131184577942, 0.5192972421646118, 0.5862413048744202], [0.10502387583255768, 0.646837592124939, 0.4984129071235657, -0.6644266843795776, 0.43270519375801086, 0.6093466877937317], [0.08263920992612839, 0.6896939277648926, 0.5691692233085632, -0.6631359457969666, 0.4861842095851898, 0.5691006779670715], [0.0687682032585144, 0.7033694386482239, 0.6274835467338562, -0.6712493300437927, 0.47264906764030457, 0.57098788022995], [0.06119465082883835, 0.6919159889221191, 0.6475375294685364, -0.7126106023788452, 0.4253331124782562, 0.5579227805137634], [0.06292091310024261, 0.6955520510673523, 0.634189784526825, -0.7358984351158142, 0.44358575344085693, 0.5115516781806946], [0.06616344302892685, 0.7402949929237366, 0.6087781190872192, -0.7286705374717712, 0.5159416198730469, 0.4503815174102783], [0.08236132562160492, 0.8092219829559326, 0.5555465221405029, -0.7116478681564331, 0.6321794390678406, 0.30644169449806213], [0.09426332265138626, 0.8474856019020081, 0.5210751295089722, -0.6846052408218384, 0.6911876201629639, 0.23146341741085052], [0.09426978975534439, 0.789389431476593, 0.5124833583831787, -0.8011980652809143, 0.5270910859107971, 0.28329595923423767], [0.11318547278642654, 0.8387356400489807, 0.44853973388671875, -0.8323779702186584, 0.5344343185424805, 0.1467203050851822], [0.09224320203065872, 0.7495039105415344, 0.49515101313591003, -0.9122291803359985, 0.26424089074134827, 0.3130728006362915]], "Control Inputs 0": [[4.965348243713379, 9.9844229221344, 0.6319259285926818, 0.15910542011260986, 2.992120385169983], [4.9753957986831665, 9.69685673713684, 0.008236094191670417, 0.2367260456085205, 2.9575921297073364], [4.9943846464157104, -9.651939868927002, 0.3896261572837829, 2.154947876930237, 2.962719440460205], [4.943440556526184, 9.642915725708008, 0.007760859839618206, -1.604484736919403, 2.982802391052246], [4.941008687019348, -9.748957622796297, 0.3560937225818634, 1.4950536489486694, 2.9952385425567627], [4.982227087020874, -9.226989522576332, 0.1194537729024887, -2.4076975286006927, 2.9736803770065308], [4.9243903160095215, -9.6620037779212, 0.3500180661678314, 1.0353580713272095, 2.949314832687378], [4.833126068115234, -0.33065080642700195, 0.14368550032377242, -1.6319997310638428, 2.965546131134033], [4.982211589813232, -9.699368346482515, 0.4092869460582733, 0.06275081634521484, 2.936721682548523], [4.64884877204895, -3.8234949111938477, 0.3522464632987976, -0.7627129554748535, 2.979630947113037], [4.48401153087616, -2.276957631111145, 0.5788480281829833, 0.5686143636703491, 2.889733672142029], [0.7292401790618896, -9.436526075005531, 0.48930045962333674, -0.6391169428825378, 2.9945958852767944], [-4.095179066061974, -9.492341130971909, 0.3320232450962066, 2.0473283529281616, 2.9942718744277954], [-2.34528511762619, -0.5587232112884521, 0.00589152192696929, -1.5751863420009613, 2.894544839859009], [-4.841260462999344, 9.568818807601929, 0.0015746135031804442, 0.31034302711486816, 2.8780242204666138], [-2.364164888858795, 9.641175270080566, 0.0015888605266809464, -1.4623035192489624, 2.685887575149536], [-3.7937111407518387, -9.801982548087835, 0.0036817173939198253, -0.1496790647506714, 1.7790523767471313], [-4.455755166709423, 0.054318904876708984, 0.6075758218765258, -2.731168806552887, -2.979638749267906], [3.3830517530441284, -9.978641241323203, 0.6949625849723815, 0.20107555389404297, -2.9522295892238617], [4.915871620178223, 9.871772527694702, 0.43925746679306027, -1.27800714969635, -2.974192690104246]], "Final Predicted Pose 0": [0.09224320203065872, 0.7495039105415344, 0.49515101313591003, -0.9122291803359985, 0.26424089074134827, 0.3130728006362915], "Predicted Translation Error 0": "3.9412028891656616cm", "Predicted Rotation Error 0": "tensor([0.8415], grad_fn=<DivBackward0>)"}