{"num_updates": "385", "penalty": "tensor(0., dtype=torch.float64, grad_fn=<AddBackward0>)", "Starting Pose": [-0.32011738419532776, 0.09061986953020096, -0.17973314225673676, -0.3694292902946472, -0.3659572899341583, -0.8174580931663513, 0.24770846962928772], "Starting Soft Arm States": [33.0, -75.69999694824219, 10.0, 28.475954055786133, 35.09977340698242, 30.88702392578125], "Number of Trajectories": 1, "Final Desired Pose": [-0.1910003423690796, 0.060266681015491486, -0.35874736309051514, -0.7162137627601624, -0.5415026545524597, -0.44024160504341125], "Predicted Trajectory 0": [[0.18205624154146566, 0.38921944300940275, 0.6482540686465432, -0.604324996471405, 0.6753733158111572, 0.4226844906806946], [0.17440570890903473, 0.42713794112205505, 0.6398531794548035, -0.5109444260597229, 0.6915359497070312, 0.5106013417243958], [0.18328650295734406, 0.4369577467441559, 0.6100495457649231, -0.47862741351127625, 0.6891418099403381, 0.5440582633018494], [0.20232822000980377, 0.4448179304599762, 0.5531556606292725, -0.5269066691398621, 0.6469436287879944, 0.5512107014656067], [0.22999806702136993, 0.41801273822784424, 0.4920976758003235, -0.6007562279701233, 0.5364883542060852, 0.5926823019981384], [0.26571035385131836, 0.45153769850730896, 0.417353093624115, -0.6680018305778503, 0.48548856377601624, 0.5639808773994446], [0.30781158804893494, 0.4420442283153534, 0.3502974212169647, -0.7359643578529358, 0.37948840856552124, 0.560664713382721], [0.34364864230155945, 0.44945257902145386, 0.2856922745704651, -0.8301032185554504, 0.298052579164505, 0.47126755118370056], [0.3812468945980072, 0.44727763533592224, 0.2591128945350647, -0.8821821808815002, 0.18135114014148712, 0.43458762764930725], [0.4008149802684784, 0.40376707911491394, 0.22819960117340088, -0.926546037197113, 0.011835623532533646, 0.37599512934684753], [0.40153253078460693, 0.3905049264431, 0.21307024359703064, -0.9502600431442261, -0.1613132506608963, 0.2664278447628021], [0.39671868085861206, 0.4008435308933258, 0.20103834569454193, -0.94683438539505, -0.21649834513664246, 0.23797710239887238], [0.3751774728298187, 0.4181016683578491, 0.21105684340000153, -0.9320155382156372, -0.1915574073791504, 0.3076568841934204], [0.3750365376472473, 0.3607477843761444, 0.184979647397995, -0.9017067551612854, -0.40125811100006104, 0.1609872281551361], [0.35766586661338806, 0.3849886953830719, 0.20656529068946838, -0.8893993496894836, -0.3674355745315552, 0.2719557285308838], [0.3565332293510437, 0.3517732322216034, 0.1950990855693817, -0.8488870859146118, -0.45888400077819824, 0.26232820749282837], [0.3567870557308197, 0.30809566378593445, 0.18668407201766968, -0.7898304462432861, -0.5798422694206238, 0.19987736642360687], [0.33802515268325806, 0.33836451172828674, 0.2009398341178894, -0.840122401714325, -0.5149690508842468, 0.17029759287834167], [0.35866931080818176, 0.31548836827278137, 0.15998311340808868, -0.8117406964302063, -0.5828663110733032, -0.036659445613622665], [0.35723385214805603, 0.2708723843097687, 0.1741453856229782, -0.7339088916778564, -0.6698091626167297, -0.11284291744232178], [0.34115463495254517, 0.2983243763446808, 0.17570361495018005, -0.7583392858505249, -0.6147279143333435, -0.2168666571378708]], "Control Inputs 0": [[-4.987973317038268, 3.217802047729492, 0.2259339928627014, -2.9343532416969538, -2.9591296641156077], [-4.930598856881261, -3.412916660308838, 0.6972334980964661, -2.4806160628795624, -1.9894284009933472], [-4.903474058955908, -5.350215435028076, 0.00793113438412547, -2.9427260980010033, -2.952943582087755], [-4.950318969786167, -0.23052096366882324, 0.689279544353485, -2.93015231564641, -2.9503179620951414], [-4.910451658070087, 3.0971062183380127, 0.09658986926078796, 0.38541126251220703, -2.6554732024669647], [-4.149501696228981, 3.7816035747528076, 0.007536984607577324, -2.8934673629701138, -2.58665232360363], [-2.3480403423309326, 4.713486433029175, 0.23893032670021055, -2.6818626075983047, -2.9448098950088024], [-4.905181406065822, -8.387443870306015, 0.5203957557678223, 2.450206160545349, -0.6342097520828247], [1.6829890012741089, -7.850153595209122, 0.07933005020022392, -2.9260219875723124, -2.9469883628189564], [-0.45274555683135986, 3.527340888977051, 0.28747169971466063, -0.43796950578689575, -1.9377170205116272], [1.7498695850372314, 6.025278568267822, 0.2354807525873184, 1.210105061531067, 0.44744396209716797], [-0.7839897274971008, -1.28994882106781, 0.003819012967869639, -1.3583775758743286, -2.9519813787192106], [0.5650550127029419, 0.7736480236053467, 0.3324819505214691, 1.5864111185073853, 0.06082570552825928], [-0.48838287591934204, -2.5892019271850586, 0.15023147165775297, 0.08281660079956055, 1.359606385231018], [-3.122343122959137, -7.1879395842552185, 0.18229266107082365, 0.655217170715332, 1.0719752311706543], [4.927574992179871, -1.1930543184280396, 0.005772242322564125, -1.4638318419456482, -2.9327902123332024], [-4.617074094712734, 4.8028564453125, 0.38178786039352414, -2.9279339890927076, -0.599586546421051], [0.9086841344833374, -5.1164257526397705, 0.18198697566986083, -0.3962169885635376, -2.740223340690136], [1.476922631263733, 4.959707260131836, 0.5251193702220917, 0.9387152194976807, -2.9394632913172245], [-0.8119669556617737, 5.79372763633728, 0.3630060970783233, -1.1201770305633545, -2.8232768811285496]], "Final Predicted Pose 0": [0.34115463495254517, 0.2983243763446808, 0.17570361495018005, -0.7583392858505249, -0.6147279143333435, -0.2168666571378708], "Predicted Translation Error 0": "0.7409400473767986cm", "Predicted Rotation Error 0": "tensor([0.9715], grad_fn=<DivBackward0>)"}