{"num_updates": "4233", "penalty": "tensor(0., dtype=torch.float64, grad_fn=<AddBackward0>)", "Starting Pose": [-0.2697988450527191, 0.18949687480926514, -0.28324413299560547, -0.42505642771720886, -0.40406179428100586, 0.793532133102417, -0.16238152980804443], "Starting Soft Arm States": [28.600000381469727, 71.4000015258789, 10.0, 28.585247039794922, 34.963985443115234, 11.883283615112305], "Number of Trajectories": 1, "Final Desired Pose": [0.07365071773529053, 0.23481731116771698, -0.26175346970558167, -0.2262817770242691, -0.4421612620353699, 0.8679227828979492], "Predicted Trajectory 0": [[0.245067933456608, 0.6872410066819903, 0.38545352870507266, -0.5859184861183167, 0.6012080907821655, -0.5433675646781921], [0.22878654301166534, 0.7562639713287354, 0.40497270226478577, -0.6011795997619629, 0.6452423930168152, -0.4714289605617523], [0.2362947165966034, 0.7528186440467834, 0.4036500155925751, -0.6395843029022217, 0.5912988185882568, -0.4912204444408417], [0.2631552517414093, 0.7768609523773193, 0.3777632713317871, -0.6169577240943909, 0.5865784883499146, -0.5246796607971191], [0.3017551302909851, 0.7930523753166199, 0.33254024386405945, -0.5880831480026245, 0.5614574551582336, -0.582171618938446], [0.35492178797721863, 0.8274545669555664, 0.3028883934020996, -0.5563631653785706, 0.5653497576713562, -0.6089661717414856], [0.4096435308456421, 0.8521380424499512, 0.2905316650867462, -0.5517301559448242, 0.5502216219902039, -0.6267774105072021], [0.45351994037628174, 0.8559184670448303, 0.27597495913505554, -0.5490803122520447, 0.5299878120422363, -0.6462380290031433], [0.4535742402076721, 0.8629550933837891, 0.2958902418613434, -0.6217658519744873, 0.49355536699295044, -0.6081203818321228], [0.4128044843673706, 0.8408982157707214, 0.34190741181373596, -0.8282420039176941, 0.3289625346660614, -0.4536505937576294], [0.4433578848838806, 0.8429192900657654, 0.33648592233657837, -0.8309809565544128, 0.264268696308136, -0.4895230233669281], [0.4563651382923126, 0.8428924679756165, 0.3526182770729065, -0.8894013166427612, 0.1778237670660019, -0.42112234234809875], [0.44356250762939453, 0.817295491695404, 0.37003499269485474, -0.9534253478050232, -0.012732304632663727, -0.3013601005077362], [0.4787547290325165, 0.8221143484115601, 0.3750845789909363, -0.9398483633995056, -0.16521814465522766, -0.2989782392978668], [0.5581843852996826, 0.8897923231124878, 0.3985341489315033, -0.9811870455741882, -0.027552731335163116, -0.19108329713344574], [0.5753735899925232, 0.8525095582008362, 0.3994910717010498, -0.9613549113273621, -0.26069825887680054, -0.08850470185279846], [0.5640278458595276, 0.8512696623802185, 0.41248977184295654, -0.9099246859550476, -0.4147634208202362, 0.0028873193077743053], [0.634498119354248, 0.9003855586051941, 0.4564053416252136, -0.908199667930603, -0.40557023882865906, 0.10337378829717636], [0.6975721716880798, 0.9012197256088257, 0.4585370123386383, -0.8777483701705933, -0.45325276255607605, 0.1553053855895996], [0.704170823097229, 0.879560649394989, 0.47131654620170593, -0.7475087642669678, -0.6283923983573914, 0.2152990996837616], [0.7131099700927734, 0.9055924415588379, 0.5216002464294434, -0.6592234969139099, -0.595840334892273, 0.45869237184524536]], "Control Inputs 0": [[-3.4820617735385895, -9.687199592590332, 0.6949961721897124, 1.424951434135437, 1.0395004749298096], [-4.961519769858569, -2.563195824623108, 0.4631508290767669, 1.7221873998641968, 2.6629478931427], [-4.978876053355634, 6.95866584777832, 0.004688680032268166, -0.3460312485694885, 2.8158992528915405], [-4.894634103402495, 9.578096866607666, 0.007298117037862538, -0.6788116693496704, 1.5929539203643799], [-4.865977559238672, 9.234998226165771, 0.008853904716670512, 2.9706820249557495, 1.015101671218872], [-4.838442616164684, 3.541290760040283, 0.010204273182898758, -1.730502426624298, 0.20767879486083984], [-4.780511055141687, -9.41745039075613, 0.06730737537145615, -1.2755103707313538, -0.1723548173904419], [2.3051822185516357, -9.520985968410969, 0.6969233274459838, 2.8607343435287476, 1.9873459339141846], [-4.31169219315052, -9.73097212612629, 0.6389848351478576, -2.0529432892799377, -1.6341353952884674], [-4.779454320669174, -9.495406560599804, 0.53931445479393, -0.9675700664520264, 0.02241039276123047], [0.6311696767807007, -9.744855016469955, 0.4322724103927612, 1.592042326927185, 1.3923919200897217], [-4.379086829721928, -9.625529833137989, 0.07650976181030272, -2.103371948003769, -2.3939285427331924], [-4.998520048538921, 9.930434226989746, 0.08940931856632232, 0.5476648807525635, 1.2724066972732544], [-4.939938597381115, -7.540760934352875, 0.6940459668636322, 2.0438772439956665, 0.734576940536499], [1.2346869707107544, -8.484220206737518, 0.6930129408836364, 2.0346736907958984, -1.7297565937042236], [-4.654050320386887, 9.755052328109741, 0.12038378417491911, -0.1809854507446289, -2.961546597070992], [-4.323492422699928, 9.940063953399658, 0.01001832177862525, -2.584844335913658, 2.0664972066879272], [-3.239392787218094, -9.496161043643951, 0.032794884964823724, 1.3402411937713623, 1.2516943216323853], [-0.9309837222099304, 6.46342396736145, 0.6962174952030181, 1.3280282020568848, -2.9648354379460216], [4.966034293174744, -9.885357972234488, 0.0028829195536673067, -0.12254226207733154, -2.2901672422885895]], "Final Predicted Pose 0": [0.7131099700927734, 0.9055924415588379, 0.5216002464294434, -0.6592234969139099, -0.595840334892273, 0.45869237184524536], "Predicted Translation Error 0": "5.183610326657527cm", "Predicted Rotation Error 0": "tensor([0.8107], grad_fn=<DivBackward0>)"}