{"num_updates": "1006", "penalty": "tensor(113.3293, dtype=torch.float64, grad_fn=<AddBackward0>)", "Starting Pose": [-0.2785932421684265, 0.17335699498653412, -0.18504437804222107, -0.6160624623298645, -0.4221388101577759, -0.6167625188827515, -0.24873676896095276], "Starting Soft Arm States": [29.399999618530273, 4.199999809265137, 10.0, 34.175750732421875, 35.17926025390625, 29.63180923461914], "Number of Trajectories": 1, "Final Desired Pose": [0.07365071773529053, 0.23481731116771698, -0.26175346970558167, -0.2262817770242691, -0.4421612620353699, 0.8679227828979492], "Predicted Trajectory 0": [[0.2340550970134862, 0.6385943854713012, 0.6347695524399216, -0.11719422787427902, 0.21330469846725464, 0.9699312448501587], [0.23579011857509613, 0.6538261771202087, 0.6009048819541931, 0.026230191811919212, 0.28086140751838684, 0.9593897461891174], [0.26464712619781494, 0.7027050852775574, 0.5695549249649048, 0.11664430052042007, 0.41895797848701477, 0.9004822373390198], [0.2902562618255615, 0.7244771718978882, 0.5325350165367126, 0.15282870829105377, 0.5017561316490173, 0.8514013290405273], [0.315142959356308, 0.7570652961730957, 0.4908762574195862, 0.1695242077112198, 0.5994284152984619, 0.7822704315185547], [0.36244091391563416, 0.7793446183204651, 0.4583800435066223, 0.34071752429008484, 0.6467465758323669, 0.6823711395263672], [0.4253906309604645, 0.8137468099594116, 0.429962694644928, 0.4870343804359436, 0.6716734170913696, 0.5582582354545593], [0.48341768980026245, 0.8250911235809326, 0.4022158086299896, 0.5721123814582825, 0.6639502644538879, 0.4815158247947693], [0.5303553342819214, 0.8257991075515747, 0.41684478521347046, 0.624303936958313, 0.5291388630867004, 0.5746796131134033], [0.5244327187538147, 0.8066648840904236, 0.4140814542770386, 0.3645956218242645, 0.4782754182815552, 0.7989509105682373], [0.5446233749389648, 0.8089178800582886, 0.40185821056365967, 0.2865896224975586, 0.5003237724304199, 0.8170327544212341], [0.6203306317329407, 0.8205727934837341, 0.42587926983833313, 0.4686077833175659, 0.507463276386261, 0.7231098413467407], [0.6651440262794495, 0.8140522837638855, 0.4625683128833771, 0.46596086025238037, 0.35324856638908386, 0.8112311959266663], [0.6753758192062378, 0.8100335001945496, 0.46627116203308105, 0.5097965598106384, 0.2670304477214813, 0.8178032636642456], [0.6590622067451477, 0.8214192986488342, 0.4369468092918396, 0.5349382162094116, 0.3351746201515198, 0.7755637764930725], [0.6546274423599243, 0.8182399868965149, 0.4229029417037964, 0.5184255838394165, 0.36243462562561035, 0.7745167016983032], [0.6947612166404724, 0.8200064897537231, 0.4641096889972687, 0.5308865308761597, 0.34324103593826294, 0.7748193740844727], [0.6831974387168884, 0.8158033490180969, 0.43719255924224854, 0.46128419041633606, 0.26520541310310364, 0.8466894030570984], [0.7140535116195679, 0.7884938716888428, 0.48557835817337036, 0.43789562582969666, -0.01191655546426773, 0.8989468216896057], [0.7085031270980835, 0.7888373136520386, 0.4936772882938385, 0.4481579065322876, -0.18833237886428833, 0.8738909363746643], [0.6490388512611389, 0.7721246480941772, 0.4372755289077759, 0.14939293265342712, -0.3833240270614624, 0.9114518165588379]], "Control Inputs 0": [[-4.968463759869337, 9.989171028137207, 0.007282895874232053, -0.7058399319648743, 2.988925337791443], [-4.996882656705566, 2.4633121490478516, 0.004944742796942591, 0.4815530776977539, 2.9955875873565674], [-4.968000142835081, 0.16816258430480957, 0.004700265079736709, -2.465034618973732, 2.969109535217285], [-4.973307999316603, 4.844212532043457, 0.002836378244683146, -2.8537051118910313, 2.992519497871399], [-4.960204311646521, 8.3797287940979, 0.004647820256650448, 1.3889955282211304, 2.9663443565368652], [-4.9538394110277295, 6.7236363887786865, 0.004670832911506295, -2.623394340276718, 2.873968720436096], [-4.98901633778587, 8.033791780471802, 0.0016143170883879065, -2.8943285532295704, -2.913328690454364], [-4.766879919916391, -6.2596651911735535, 0.6219060480594635, 0.32698631286621094, -2.8986671827733517], [-4.778562914580107, -4.894177317619324, 0.3703796803951263, -2.9592047296464443, -2.934127924963832], [-4.714997373521328, 6.495040655136108, 0.289677482843399, -2.1645667254924774, 2.937115788459778], [-4.766653086990118, 9.267960786819458, 0.25858174860477445, -0.391146719455719, -2.9788195034489036], [-4.375851638615131, 3.422698974609375, 0.5041891515254974, -2.961925978772342, -2.967660427093506], [4.903507828712463, 6.21660590171814, 0.594806295633316, -1.2335827946662903, 2.9426568746566772], [3.4146374464035034, 3.361029624938965, 0.3722396612167358, 0.5715458393096924, 2.946994185447693], [-4.904280686751008, -0.06962120532989502, 0.6931042730808258, 2.5620696544647217, 2.941309332847595], [-0.30477374792099, 5.354909896850586, 0.4907339870929718, -0.966148316860199, -2.846639681607485], [-4.780780877918005, 9.633764028549194, 0.6881760060787201, -2.92042245157063, -2.908846026286483], [-4.794773552566767, 0.3182530403137207, 0.6936122953891753, -1.741087943315506, -2.9551739506423473], [4.896280765533447, 6.738370656967163, 0.32281183600425717, -2.2376400232315063, -2.9523246735334396], [-4.96544762281701, 4.637444019317627, 0.007610450778156519, -2.875814024358988, -2.944972202181816]], "Final Predicted Pose 0": [0.6490388512611389, 0.7721246480941772, 0.4372755289077759, 0.14939293265342712, -0.3833240270614624, 0.9114518165588379], "Predicted Translation Error 0": "2.7027603749904974cm", "Predicted Rotation Error 0": "tensor([0.9268], grad_fn=<DivBackward0>)"}