{"num_updates": "3245", "penalty": "tensor(0., dtype=torch.float64, grad_fn=<AddBackward0>)", "Starting Pose": [-0.3626540005207062, 0.07974928617477417, -0.1907745748758316, -0.33931803703308105, 0.5386319756507874, -0.7123425602912903, 0.29547742009162903], "Starting Soft Arm States": [35.900001525878906, -86.80000305175781, 10.0, 15.17201042175293, 30.708181381225586, 35.407779693603516], "Number of Trajectories": 1, "Final Desired Pose": [-0.029341652989387512, 0.2053186446428299, -0.348135381937027, -0.8445324301719666, -0.5006198883056641, 0.19011740386486053], "Predicted Trajectory 0": [[0.12878950906715708, 0.35645481547568997, 0.6202213502529408, -0.5951127409934998, 0.055427197366952896, 0.8017285466194153], [0.12068794667720795, 0.4277903735637665, 0.5584554076194763, -0.7001628279685974, 0.24006439745426178, 0.6724143624305725], [0.13602261245250702, 0.4901023805141449, 0.4930528402328491, -0.7378492951393127, 0.3600102663040161, 0.570938766002655], [0.15569519996643066, 0.5612950325012207, 0.419956237077713, -0.7567276358604431, 0.47441351413726807, 0.4497721791267395], [0.18202632665634155, 0.6049482226371765, 0.3625698983669281, -0.7714043855667114, 0.48970720171928406, 0.4063521921634674], [0.21704638004302979, 0.6070823073387146, 0.3220290243625641, -0.7934514284133911, 0.4232989251613617, 0.4373246729373932], [0.2530622184276581, 0.6742353439331055, 0.2847219407558441, -0.6951167583465576, 0.5839400291442871, 0.4193170666694641], [0.2895590662956238, 0.682372510433197, 0.2719801366329193, -0.6335151195526123, 0.597840428352356, 0.49116751551628113], [0.3316630423069, 0.7121471166610718, 0.264377236366272, -0.5344523787498474, 0.6376035213470459, 0.5548173785209656], [0.36300328373908997, 0.6871814131736755, 0.2545378804206848, -0.583137035369873, 0.517461895942688, 0.6262462139129639], [0.39754366874694824, 0.6915817856788635, 0.24244166910648346, -0.6186701655387878, 0.4733022451400757, 0.6270822882652283], [0.41616249084472656, 0.7066604495048523, 0.2450418621301651, -0.5931246280670166, 0.5147867798805237, 0.619029700756073], [0.42578041553497314, 0.713096022605896, 0.27370959520339966, -0.550081193447113, 0.4257161617279053, 0.718454122543335], [0.44834405183792114, 0.674089252948761, 0.2472286969423294, -0.7003763318061829, 0.2872646152973175, 0.6534156203269958], [0.5051298141479492, 0.7207654118537903, 0.2672785818576813, -0.6265847086906433, 0.38546857237815857, 0.6773519515991211], [0.5328002572059631, 0.6623556017875671, 0.25492939352989197, -0.7612830400466919, 0.1810082495212555, 0.622642993927002], [0.5699715614318848, 0.6775169968605042, 0.2662913501262665, -0.7838501334190369, 0.13807669281959534, 0.6054038405418396], [0.6068429946899414, 0.6900482773780823, 0.26428812742233276, -0.8558156490325928, 0.10614728927612305, 0.5062729716300964], [0.6141248941421509, 0.7024499773979187, 0.24485275149345398, -0.9052847623825073, 0.06710733473300934, 0.4194711148738861], [0.5857257843017578, 0.6685011386871338, 0.22461768984794617, -0.9377832412719727, -0.1285085678100586, 0.32256487011909485], [0.540946364402771, 0.6666745543479919, 0.23525972664356232, -0.9049873352050781, -0.2559247612953186, 0.3398534953594208]], "Control Inputs 0": [[-4.945422760210931, 9.589956998825073, 0.0031444835942238568, -2.9200984183698893, 2.9575520753860474], [-4.930178779177368, 9.911575317382812, 0.000451227999292314, -2.8833060152828693, 2.9252747297286987], [-4.958255868405104, 9.769251346588135, 0.00025391204108018425, 1.0482051372528076, 2.981972336769104], [-4.964836246799678, 9.635186195373535, 0.007453300803899765, -0.2027108073234558, -2.822186093777418], [-4.9030230566859245, 9.79438304901123, 0.007285274751484393, 2.8335639238357544, 2.99277126789093], [-4.8555869329720736, 9.845343828201294, 0.004509209422394633, 2.8125879764556885, 2.883544921875], [-4.8876681458204985, 9.912911653518677, 0.006507743708789348, 2.835037350654602, 1.467347502708435], [-4.824364595115185, 9.90769624710083, 0.0004072063835337758, 1.8585079908370972, -2.791437439620495], [-4.803059753030539, 9.567646980285645, 0.0006013909995090216, -2.3570368587970734, -2.8977730572223663], [-4.9476299388334155, 9.71482515335083, 0.0040512491483241314, -2.064986228942871, -1.4979854822158813], [4.686329364776611, 9.814845323562622, 0.005919956974685192, 0.7725677490234375, 2.938543438911438], [-4.977747246157378, 2.787085771560669, 0.0028948152437806127, -2.3058754205703735, -2.9602706199511886], [-4.501552581787109, 9.572503566741943, 0.0018261605408042669, 0.17100119590759277, 0.7493376731872559], [-4.585042968392372, 2.633941173553467, 0.0017524479422718286, -0.6262246370315552, -1.0945976972579956], [-4.303865432739258, 3.370659351348877, 0.008216396905481815, -0.6369425654411316, -2.0177227556705475], [-3.9272794127464294, 9.190082550048828, 0.005101577891036868, -0.5321175456047058, -1.0227486491203308], [1.3797938823699951, 9.872499704360962, 0.013148561120033264, -2.8313704691827297, -0.1955464482307434], [4.183996915817261, 9.458850622177124, 0.017116481438279152, -1.4105876684188843, -2.97688613506034], [4.649466276168823, 9.546490907669067, 0.017136313021183014, 1.8849642276763916, -2.947367811575532], [4.924138784408569, 9.12669062614441, 0.371496319770813, 2.125816583633423, -2.9418993461877108]], "Final Predicted Pose 0": [0.540946364402771, 0.6666745543479919, 0.23525972664356232, -0.9049873352050781, -0.2559247612953186, 0.3398534953594208], "Predicted Translation Error 0": "2.373099120764209cm", "Predicted Rotation Error 0": "tensor([0.9570], grad_fn=<DivBackward0>)"}