{"num_updates": "2992", "penalty": "tensor(0., dtype=torch.float64, grad_fn=<AddBackward0>)", "Starting Pose": [0.1577257513999939, 0.05198083445429802, -0.18910814821720123, -0.30561184883117676, -0.14486321806907654, -0.934384286403656, 0.11199086904525757], "Starting Soft Arm States": [-39.5, 20.600000381469727, 10.0, 33.735267639160156, 23.41204261779785, 35.387908935546875], "Number of Trajectories": 1, "Final Desired Pose": [-0.18036465346813202, 0.1289747953414917, -0.2560621500015259, -0.2500539720058441, -0.09047684818506241, 0.9639952778816223], "Predicted Trajectory 0": [[0.780438169096309, 0.27275894120091254, 0.624452184317371, -0.788118839263916, 0.29782888293266296, 0.5386711359024048], [0.7612897157669067, 0.31950926780700684, 0.5688948035240173, -0.6838735342025757, 0.3881826400756836, 0.617763102054596], [0.7253424525260925, 0.35602885484695435, 0.5502306818962097, -0.5748034119606018, 0.3926176130771637, 0.7179502248764038], [0.685187041759491, 0.37720468640327454, 0.5145987272262573, -0.5323278307914734, 0.42824098467826843, 0.7302305698394775], [0.633857250213623, 0.41251879930496216, 0.4749763607978821, -0.5201387405395508, 0.44028812646865845, 0.7318482995033264], [0.5859077572822571, 0.45644837617874146, 0.4539465308189392, -0.5005418062210083, 0.4750573933124542, 0.7237253189086914], [0.5405157804489136, 0.4978010058403015, 0.44105005264282227, -0.43783241510391235, 0.5233152508735657, 0.7310567498207092], [0.49914416670799255, 0.5164223909378052, 0.42659813165664673, -0.48179149627685547, 0.4971291422843933, 0.7216228246688843], [0.46069371700286865, 0.46452444791793823, 0.42289820313453674, -0.47705626487731934, 0.3405718207359314, 0.8102025985717773], [0.42557406425476074, 0.517784833908081, 0.45683911442756653, -0.38627877831459045, 0.378988653421402, 0.840925931930542], [0.3940146565437317, 0.4479818046092987, 0.4605843424797058, -0.4416452944278717, 0.1379312425851822, 0.8865237832069397], [0.36499765515327454, 0.48947232961654663, 0.5007575750350952, -0.34708160161972046, 0.17000779509544373, 0.9222970008850098], [0.3373619616031647, 0.4227065443992615, 0.49884116649627686, -0.45434948801994324, 0.015276028774678707, 0.8906925320625305], [0.3424060642719269, 0.500912070274353, 0.4704141616821289, -0.47896310687065125, 0.24533239006996155, 0.8428560495376587], [0.3605091869831085, 0.5104807019233704, 0.4311131238937378, -0.5467777848243713, 0.24138247966766357, 0.8017284870147705], [0.37950751185417175, 0.4911080002784729, 0.4393829107284546, -0.5064120888710022, 0.18175984919071198, 0.8429176211357117], [0.3709043860435486, 0.5473381280899048, 0.4723481237888336, -0.4052559733390808, 0.32027724385261536, 0.8562651872634888], [0.37144288420677185, 0.49492916464805603, 0.48229172825813293, -0.4533432424068451, 0.1557135283946991, 0.877629280090332], [0.38405725359916687, 0.5200704336166382, 0.4605158865451813, -0.4895040690898895, 0.2104370892047882, 0.8462281227111816], [0.3786029815673828, 0.4989863336086273, 0.4562279284000397, -0.5595266222953796, 0.08973068743944168, 0.8239408135414124], [0.36381348967552185, 0.4911655783653259, 0.4720843732357025, -0.4945603311061859, 0.024822546169161797, 0.8687888383865356]], "Control Inputs 0": [[4.901521801948547, 9.581714868545532, 0.5817054450511931, 1.170037865638733, 2.977178692817688], [4.897099137306213, -9.432752430438995, 0.6927830457687377, -0.26978176832199097, 2.994748592376709], [4.8603492975234985, 9.752120971679688, 0.04501497596502304, -2.986784870736301, 2.978377103805542], [4.8307716846466064, 9.615747928619385, 0.5392771542072295, -2.9427218846976757, 2.957878589630127], [4.919576048851013, 1.6218018531799316, 0.2779291123151779, 2.938185453414917, 2.948868155479431], [4.900158643722534, 9.815549850463867, 0.00411152197048068, -2.88708620890975, 2.8906155824661255], [4.889232516288757, -9.423185214400291, 0.01813615597784519, -2.9704562360420823, -2.9475320745259523], [4.797378778457642, 9.410841464996338, 0.5228518784046173, 2.8240749835968018, -2.8383759297430515], [4.797044992446899, -7.092406749725342, 0.30887985825538633, -2.8446557074785233, -2.9466865863651037], [4.880498647689819, 7.377903461456299, 0.5006779730319977, 2.8306589126586914, -2.986083885189146], [4.845536947250366, -7.5052545964717865, 0.32798138856887815, -2.8643580302596092, -2.8648014441132545], [-0.2973368763923645, -0.62541663646698, 0.005100499931722879, -2.943117544054985, 2.933653235435486], [-4.709715619683266, 5.856773853302002, 0.005944245774298906, -2.8466653637588024, 2.819131851196289], [-4.104474782943726, 1.424562931060791, 0.3350228756666183, 2.9439600706100464, -2.942258857190609], [-1.818271279335022, 0.13064980506896973, 0.3828452527523041, 2.942884683609009, 2.9387208223342896], [4.837498664855957, 2.053520679473877, 0.0024058849085122347, 2.8450584411621094, -1.6466583609580994], [-4.804717507213354, 3.5841095447540283, 0.42347247600555415, -2.9398110564798117, -2.8729967437684536], [2.6968246698379517, 3.1349194049835205, 0.062276380509138106, -2.9393638148903847, -2.9286042787134647], [0.36700963973999023, 1.2381839752197266, 0.5969200789928436, 2.942846417427063, -2.948201548308134], [4.812343716621399, 9.443997144699097, 0.30323872864246365, -2.9363101702183485, 2.944105625152588]], "Final Predicted Pose 0": [0.36381348967552185, 0.4911655783653259, 0.4720843732357025, -0.4945603311061859, 0.024822546169161797, 0.8687888383865356], "Predicted Translation Error 0": "0.9887365869674434cm", "Predicted Rotation Error 0": "tensor([0.9589], grad_fn=<DivBackward0>)"}