{"num_updates": "3574", "penalty": "tensor(128.0611, dtype=torch.float64, grad_fn=<AddBackward0>)", "Starting Pose": [-0.13639721274375916, 0.08902041614055634, -0.3389351963996887, -0.19324617087841034, 0.7121502161026001, -0.46965664625167847, 0.4846861660480499], "Starting Soft Arm States": [0.5, -74.0, 10.0, 13.860493659973145, 13.804191589355469, 35.40115737915039], "Number of Trajectories": 1, "Final Desired Pose": [0.09210500866174698, 0.222406268119812, -0.32429981231689453, -0.4023326635360718, -0.7439433336257935, 0.533551037311554], "Predicted Trajectory 0": [[0.4121209262353944, 0.3843985890721503, 0.24406137867310487, -0.4554705023765564, 0.18003153800964355, 0.8718573451042175], [0.4044019281864166, 0.428871214389801, 0.24890074133872986, -0.5233964920043945, 0.26246657967567444, 0.8106586337089539], [0.43584874272346497, 0.42632225155830383, 0.253003865480423, -0.5648122429847717, 0.17273415625095367, 0.806938648223877], [0.47953546047210693, 0.4354822635650635, 0.22406262159347534, -0.6300448775291443, 0.05197563022375107, 0.7748174071311951], [0.5155605673789978, 0.4972461462020874, 0.2348775863647461, -0.5597591996192932, 0.09209251403808594, 0.82352215051651], [0.5475942492485046, 0.5028584003448486, 0.23794588446617126, -0.5223976373672485, 0.05251382663846016, 0.851083517074585], [0.5956984758377075, 0.5503200888633728, 0.2734573185443878, -0.40710756182670593, 0.12539257109165192, 0.9047319889068604], [0.6471573710441589, 0.5721945762634277, 0.3107951581478119, -0.36046451330184937, 0.13570858538150787, 0.9228479862213135], [0.6998063325881958, 0.6121463179588318, 0.3737323582172394, -0.2648336589336395, 0.17748451232910156, 0.9478197693824768], [0.7120042443275452, 0.6099467873573303, 0.39678633213043213, -0.22749747335910797, 0.14405089616775513, 0.9630650281906128], [0.6850907802581787, 0.6265130639076233, 0.3698963522911072, -0.22263260185718536, 0.051252834498882294, 0.973554253578186], [0.6560090184211731, 0.6192908883094788, 0.34933823347091675, -0.18604059517383575, -0.15942013263702393, 0.9695226550102234], [0.6324666738510132, 0.5965455174446106, 0.33341267704963684, -0.18030604720115662, -0.38917210698127747, 0.9033464789390564], [0.6319537162780762, 0.5918957591056824, 0.31040897965431213, -0.23492431640625, -0.5446333885192871, 0.805099368095398], [0.6570553183555603, 0.5589340925216675, 0.3043981194496155, -0.23108302056789398, -0.7165291905403137, 0.658169150352478], [0.6646056175231934, 0.6108632683753967, 0.3058909475803375, -0.358335018157959, -0.6330492496490479, 0.6861811280250549], [0.7051188945770264, 0.6309244632720947, 0.3041602671146393, -0.4909301996231079, -0.6700213551521301, 0.5568293929100037], [0.718836784362793, 0.6680606603622437, 0.32486584782600403, -0.5207510590553284, -0.6322069764137268, 0.5737008452415466], [0.6804319620132446, 0.6826196312904358, 0.3118923604488373, -0.6006460189819336, -0.5553273558616638, 0.5751834511756897], [0.664230465888977, 0.7116690278053284, 0.31431856751441956, -0.6719779372215271, -0.44687750935554504, 0.5905473232269287], [0.6584818363189697, 0.7082050442695618, 0.3289155960083008, -0.6451306939125061, -0.4637810289859772, 0.6072179079055786]], "Control Inputs 0": [[-4.938815073110163, -9.931356157176197, 0.009425319638103245, 2.8973801136016846, 2.9824182987213135], [-4.835605826228857, 1.9542837142944336, 0.5084629893302918, -0.1766783595085144, -1.6397021412849426], [-4.979479580651969, 9.857844114303589, 0.00607022913172841, 1.9580161571502686, 2.947640061378479], [-4.893937688320875, 9.871147871017456, 0.698313546180725, 1.5037429332733154, 2.091733932495117], [-4.785468988120556, 9.906033277511597, 0.3216380566358566, 2.8858762979507446, 2.978725790977478], [-4.822567701339722, 9.936357736587524, 0.04587044343352317, 1.0071830749511719, 2.9652092456817627], [-4.886594470590353, 9.796020984649658, 0.09751864969730377, 0.8333526849746704, 2.9389818906784058], [-4.940450992435217, 6.993238925933838, 0.6381328463554382, -0.09155148267745972, 1.481258511543274], [4.723588228225708, 6.27344012260437, 0.4448942363262176, -2.5589092075824738, -0.8802695274353027], [4.808108806610107, 9.652894735336304, 0.5644042313098907, -1.2925148606300354, -1.6398549377918243], [4.752213954925537, 9.688087701797485, 0.6532437980175018, -0.11363643407821655, -2.914773803204298], [1.3590210676193237, 3.9342963695526123, 0.16128709018230436, -0.9318256974220276, -2.8725870810449123], [-4.757980350404978, 9.625648260116577, 0.18325465321540832, -2.8168579526245594, -2.876013457775116], [-0.11066913604736328, 3.3234643936157227, 0.3391018658876419, -0.1639949083328247, 2.9121755361557007], [-4.803496953099966, 2.2577524185180664, 0.3903316557407379, -2.9090048018842936, 2.8461263179779053], [-4.724234342575073, 9.770426750183105, 0.012821915000677107, -0.952940046787262, 2.7938815355300903], [4.6321409940719604, 7.144074440002441, 0.4980974733829498, 2.3818248510360718, 2.9387269020080566], [4.839310050010681, 5.947740077972412, 0.0037900091148912905, 0.952656626701355, 2.985819697380066], [-4.988405300537124, 2.2044837474823, 0.016507659666240213, 0.9826902151107788, 2.972488045692444], [4.905136823654175, 9.954547882080078, 0.27816866636276244, 2.978070616722107, -2.9437863752245903]], "Final Predicted Pose 0": [0.6584818363189697, 0.7082050442695618, 0.3289155960083008, -0.6451306939125061, -0.4637810289859772, 0.6072179079055786], "Predicted Translation Error 0": "4.511974079770485cm", "Predicted Rotation Error 0": "tensor([0.9286], grad_fn=<DivBackward0>)"}