{"num_updates": "2715", "penalty": "tensor(50.1676, dtype=torch.float64, grad_fn=<AddBackward0>)", "Starting Pose": [0.04118812084197998, 0.14344409108161926, -0.3669871389865875, 0.7153168320655823, 0.047950711101293564, -0.6210981607437134, -0.3166380226612091], "Starting Soft Arm States": [-1.899999976158142, -56.400001525878906, 10.0, 20.580360412597656, 1.9144343137741089, 35.394535064697266], "Number of Trajectories": 1, "Final Desired Pose": [-0.12211868166923523, 0.19418445229530334, -0.27245673537254333, -0.547736406326294, 0.5704882740974426, 0.6119869351387024], "Predicted Trajectory 0": [[0.6345032234805258, 0.5484349963335505, 0.17284125406969977, 0.22387561202049255, -0.3247266709804535, -0.9189299941062927], [0.61794513463974, 0.6709051728248596, 0.16382798552513123, 0.08672452718019485, 0.10436514765024185, -0.9907506704330444], [0.598905086517334, 0.694998562335968, 0.1601528823375702, 0.071889229118824, 0.26192212104797363, -0.9624077677726746], [0.5496090054512024, 0.7347971796989441, 0.18658430874347687, -0.4137343764305115, 0.3271275460720062, -0.8495948314666748], [0.5941236019134521, 0.7402385473251343, 0.1834193617105484, -0.23828241229057312, 0.40715333819389343, -0.8817299008369446], [0.5239935517311096, 0.7538213133811951, 0.22359997034072876, -0.6819015741348267, 0.3584947884082794, -0.6375669240951538], [0.5022287964820862, 0.7212101817131042, 0.20746511220932007, -0.6311296820640564, 0.21904565393924713, -0.7441063523292542], [0.4611591100692749, 0.7117278575897217, 0.23521597683429718, -0.7629672288894653, 0.23859596252441406, -0.6007936000823975], [0.42697662115097046, 0.6501922011375427, 0.23060010373592377, -0.8370676040649414, 0.16022366285324097, -0.5231119990348816], [0.43927252292633057, 0.7032850980758667, 0.2613932192325592, -0.8864489793777466, 0.2620771825313568, -0.38147565722465515], [0.4550696313381195, 0.693804144859314, 0.25894850492477417, -0.9322853684425354, 0.11291167885065079, -0.34364959597587585], [0.47674334049224854, 0.6966719031333923, 0.2529279291629791, -0.8809778094291687, 0.23001383244991302, -0.41348734498023987], [0.44245854020118713, 0.7008873820304871, 0.29200682044029236, -0.9581957459449768, 0.23612239956855774, -0.16157662868499756], [0.45448777079582214, 0.6905313730239868, 0.2573508322238922, -0.8963079452514648, 0.30241021513938904, -0.32431483268737793], [0.4321421682834625, 0.7128867506980896, 0.313140332698822, -0.9329205751419067, 0.35840266942977905, -0.03473927825689316], [0.44803908467292786, 0.6995909810066223, 0.27778053283691406, -0.8498963713645935, 0.48903393745422363, -0.1962699145078659], [0.419047474861145, 0.70414137840271, 0.3450957238674164, -0.8488206267356873, 0.5090575814247131, 0.14270228147506714], [0.41524431109428406, 0.6699026226997375, 0.3246539235115051, -0.8952710628509521, 0.44533634185791016, -0.012858494184911251], [0.4010203182697296, 0.7028087973594666, 0.3756442666053772, -0.7972753643989563, 0.5454273223876953, 0.2585749328136444], [0.4037221372127533, 0.6473909020423889, 0.36825600266456604, -0.8822847008705139, 0.4341791272163391, 0.1818300038576126], [0.40239107608795166, 0.7090818285942078, 0.41151103377342224, -0.7252469062805176, 0.5677037239074707, 0.38952451944351196]], "Control Inputs 0": [[0.565345287322998, -9.765557833015919, 0.005674780718982219, 0.9210419654846191, -1.4030701518058777], [4.950212240219116, -9.634589180350304, 0.002929812902584672, 2.8893942832946777, 2.9829407930374146], [-4.978631467092782, -2.652871608734131, 0.0026963258394971487, 1.486664056777954, 0.74735426902771], [4.976291060447693, -9.55237839370966, 0.002292828424833715, 1.0628031492233276, 2.894493341445923], [4.667043685913086, 8.157728910446167, 0.003728203941136598, 2.8690119981765747, -1.6052551567554474], [4.7193145751953125, 9.117004871368408, 0.0033198848832398653, 0.5496697425842285, 2.8989529609680176], [4.951541423797607, 9.410960674285889, 0.0021511416416615248, 0.9737148284912109, 2.900094151496887], [-4.962457234505564, -9.799724835902452, 0.3785583972930908, 2.7880382537841797, 2.991402268409729], [-4.987045000307262, -9.896411821246147, 0.00346063794568181, -0.891007125377655, 1.42544424533844], [-4.969838154502213, 9.850118160247803, 0.01160257775336504, -0.3567214608192444, 2.8258402347564697], [4.7843098640441895, 9.7915780544281, 0.008883943501859903, 0.8742291927337646, 2.941524624824524], [-4.773296378552914, 9.542524814605713, 0.6896535098552703, -2.6190355718135834, -0.5662481188774109], [4.601246118545532, 9.978898763656616, 0.018314372934401035, 0.2513086795806885, 2.8897132873535156], [-4.957635095342994, 9.588958024978638, 0.6931963980197906, 0.7683924436569214, 2.8057676553726196], [4.7832804918289185, 9.450371265411377, 0.05601204633712768, 1.2963974475860596, 2.903233051300049], [-4.953799718059599, -8.010332882404327, 0.641785591840744, -0.09589362144470215, -1.8761306405067444], [4.794207215309143, 9.828205108642578, 0.040557506307959554, -1.8510949909687042, 2.8402708768844604], [-4.998814488717471, -4.571961760520935, 0.6929491460323334, 0.0067327022552490234, -1.7154495120048523], [4.808710217475891, 9.821546077728271, 0.05246657654643058, 1.359976887702942, 2.833314299583435], [-4.920298559591174, 7.365303039550781, 0.6612847030162811, -0.041641831398010254, -2.8657689169049263]], "Final Predicted Pose 0": [0.40239107608795166, 0.7090818285942078, 0.41151103377342224, -0.7252469062805176, 0.5677037239074707, 0.38952451944351196], "Predicted Translation Error 0": "2.2202545754069547cm", "Predicted Rotation Error 0": "tensor([0.9595], grad_fn=<DivBackward0>)"}