{"num_updates": "152", "penalty": "tensor(717.4873, dtype=torch.float64, grad_fn=<AddBackward0>)", "Starting Pose": [-0.2769397795200348, 0.16670307517051697, -0.21660561859607697, -0.5515919923782349, -0.79735267162323, -0.09552469849586487, -0.22549942135810852], "Starting Soft Arm States": [25.799999237060547, 36.900001525878906, 10.0, 31.97001838684082, 35.0931510925293, 15.993364334106445], "Number of Trajectories": 1, "Final Desired Pose": [-0.4395233988761902, 0.051366113126277924, -0.1378924399614334, -0.8020753264427185, -0.5943958163261414, 0.058041345328092575], "Predicted Trajectory 0": [[0.23612565551476491, 0.6185390492227495, 0.5546397903772595, -0.289792537689209, 0.8365451693534851, 0.4649864733219147], [0.22278161346912384, 0.6162750720977783, 0.611556351184845, -0.3540657162666321, 0.7699835896492004, 0.5308133363723755], [0.18351346254348755, 0.5699894428253174, 0.6563982963562012, -0.4325297474861145, 0.6868329644203186, 0.5841048955917358], [0.15443329513072968, 0.5537571907043457, 0.7030306458473206, -0.4656126797199249, 0.6212645173072815, 0.630266010761261], [0.13618722558021545, 0.5285845398902893, 0.7360372543334961, -0.46334144473075867, 0.5641825199127197, 0.6833833456039429], [0.1267426759004593, 0.5048247575759888, 0.7495787143707275, -0.4625326693058014, 0.5191527009010315, 0.7187100052833557], [0.11077297478914261, 0.4706180691719055, 0.7569201588630676, -0.5099107027053833, 0.43033167719841003, 0.7448528409004211], [0.0980902761220932, 0.4754316806793213, 0.7543715834617615, -0.5509616136550903, 0.4010428488254547, 0.7318510413169861], [0.09269051998853683, 0.47872498631477356, 0.7477578520774841, -0.5968171954154968, 0.3300684988498688, 0.7313439846038818], [0.08966697752475739, 0.4549873471260071, 0.7388818860054016, -0.6061305403709412, 0.26753997802734375, 0.749018132686615], [0.07535261660814285, 0.4135538935661316, 0.7516191005706787, -0.6566739082336426, 0.12729482352733612, 0.7433541417121887], [0.07289980351924896, 0.40076592564582825, 0.7462416291236877, -0.681808352470398, 0.09725213050842285, 0.7250374555587769], [0.07217356562614441, 0.3981528580188751, 0.7313781976699829, -0.7218115925788879, 0.1071392297744751, 0.6837464570999146], [0.06293757259845734, 0.3540332317352295, 0.741970956325531, -0.7094913721084595, -0.024814605712890625, 0.7042770981788635], [0.06427983194589615, 0.3529195487499237, 0.7236700654029846, -0.739203929901123, -0.04588831588625908, 0.6719165444374084], [0.05941184237599373, 0.30098915100097656, 0.7127820253372192, -0.7641686797142029, -0.18376263976097107, 0.6182860136032104], [0.05299623683094978, 0.3019252419471741, 0.7136815190315247, -0.7783100605010986, -0.20414519309997559, 0.5937661528587341], [0.051677074283361435, 0.2939842939376831, 0.7054900527000427, -0.7847472429275513, -0.25186821818351746, 0.5663340091705322], [0.05156918242573738, 0.28947117924690247, 0.697884738445282, -0.7846920490264893, -0.26855307817459106, 0.5586927533149719], [0.05743664503097534, 0.281160444021225, 0.6811178922653198, -0.7824597954750061, -0.3072874844074249, 0.5416004657745361], [0.06946653127670288, 0.23091664910316467, 0.6516703963279724, -0.7273385524749756, -0.518374502658844, 0.44974055886268616]], "Control Inputs 0": [[4.972888827323914, -9.005903080105782, 0.007197486422955989, -2.853085208684206, -2.981687164865434], [4.823751449584961, -9.367547482252121, 0.30338563621044157, -2.3294805139303207, -2.956110829487443], [3.122861385345459, -8.246129155158997, 0.24300224483013153, -2.8476039469242096, -2.980555054731667], [0.5099588632583618, -7.594117224216461, 0.20960931181907652, 0.673829197883606, -2.9196910466998816], [0.3028672933578491, -9.894870733842254, 0.14097853749990463, -2.9480601511895657, -2.9688872806727886], [0.5801331996917725, -3.765631318092346, 0.3474210441112518, -2.932575400918722, -2.9161374550312757], [1.232333779335022, 2.6573896408081055, 0.3380870938301086, -2.901452712714672, -2.959432225674391], [-2.234835624694824, 2.019749879837036, 0.13771298378705976, 1.28681480884552, -2.9504068829119205], [3.280516266822815, -8.371022492647171, 0.3789001941680908, -1.0292957425117493, -2.9779773303307593], [1.3889354467391968, -9.356214925646782, 0.2977237910032272, -1.7320515811443329, -2.89751148596406], [-3.3368757367134094, -9.22533594071865, 0.38441600799560544, 2.384612202644348, 2.7383744716644287], [3.7455421686172485, -7.861602306365967, 0.04939038902521133, 0.0916743278503418, -2.9317790754139423], [-1.3614359498023987, 0.31633496284484863, 0.40292035341262816, 0.5040335655212402, -2.818140707910061], [-0.341915488243103, -6.120360791683197, 0.2533133327960968, -0.562091052532196, -2.8461200147867203], [2.2375649213790894, -8.859449550509453, 0.4518367767333984, -0.5357998609542847, -1.4509152173995972], [0.1419520378112793, -1.7455869913101196, 0.5222352504730224, -0.09256821870803833, -0.7110249996185303], [-0.16389966011047363, -9.58306573331356, 0.25356400609016416, 1.0778703689575195, 2.9127509593963623], [-1.4109855890274048, -9.627549909055233, 0.4946513831615448, 2.9343713521957397, 2.8911659717559814], [-4.107547625899315, -9.674242250621319, 0.3303991466760635, 2.907587170600891, -2.9326890651136637], [4.989809989929199, 9.804449081420898, 0.439029324054718, 2.826396346092224, -2.948836650699377]], "Final Predicted Pose 0": [0.06946653127670288, 0.23091664910316467, 0.6516703963279724, -0.7273385524749756, -0.518374502658844, 0.44974055886268616], "Predicted Translation Error 0": "5.182592756987585cm", "Predicted Rotation Error 0": "tensor([0.9176], grad_fn=<DivBackward0>)"}