{"num_updates": "2822", "penalty": "tensor(74.9016, dtype=torch.float64, grad_fn=<AddBackward0>)", "Starting Pose": [-0.1306050717830658, 0.09527016431093216, -0.3409291207790375, 0.11754380911588669, -0.6091893911361694, 0.6816610097885132, -0.3878273069858551], "Starting Soft Arm States": [2.299999952316284, -70.9000015258789, 10.0, 9.531827926635742, 23.421977996826172, 35.39784622192383], "Number of Trajectories": 1, "Final Desired Pose": [0.1754147708415985, 0.08342353999614716, -0.2980204224586487, -0.8139961361885071, 0.5670263767242432, -0.12606105208396912], "Predicted Trajectory 0": [[0.41937416943289485, 0.4032357263523352, 0.23899907176487287, -0.6715468764305115, 0.3855206072330475, 0.6327705979347229], [0.4016593396663666, 0.4467901289463043, 0.18061529099941254, -0.8219751715660095, 0.42674720287323, 0.3771519958972931], [0.43613678216934204, 0.4768681228160858, 0.1649085283279419, -0.8653110265731812, 0.42755743861198425, 0.2615942656993866], [0.48979127407073975, 0.46299222111701965, 0.16025960445404053, -0.9747893214225769, 0.12977594137191772, 0.18150489032268524], [0.5411711931228638, 0.5126434564590454, 0.14218558371067047, -0.9920048117637634, 0.12609586119651794, -0.005111032165586948], [0.5796752572059631, 0.49718189239501953, 0.14993120729923248, -0.9932953715324402, -0.04750681295990944, -0.10539211332798004], [0.6187143921852112, 0.498276948928833, 0.16091102361679077, -0.9826210737228394, -0.04942822828888893, -0.17892098426818848], [0.6447988748550415, 0.47434642910957336, 0.17238155007362366, -0.9502525329589844, -0.19631652534008026, -0.24182647466659546], [0.6883169412612915, 0.5322447419166565, 0.20574913918972015, -0.9696124792098999, -0.036274611949920654, -0.24194183945655823], [0.7208788990974426, 0.5255506634712219, 0.24347896873950958, -0.9809167385101318, 0.011775621213018894, -0.19407115876674652], [0.7338401079177856, 0.4814240634441376, 0.27350160479545593, -0.9760609269142151, -0.14707528054714203, -0.16023071110248566], [0.7622960805892944, 0.5635845065116882, 0.2887687087059021, -0.9642010927200317, 0.13186554610729218, -0.23006026446819305], [0.7540528774261475, 0.39920538663864136, 0.3170247972011566, -0.9537115693092346, -0.24718554317951202, -0.171270489692688], [0.7689523696899414, 0.5241923332214355, 0.31370383501052856, -0.9562256336212158, 0.11495379358530045, -0.269106388092041], [0.7505723237991333, 0.3909010589122772, 0.34344080090522766, -0.9694424867630005, -0.19857007265090942, -0.14405295252799988], [0.7509440183639526, 0.46804335713386536, 0.3799858093261719, -0.996983528137207, 0.011665113270282745, -0.0767311230301857], [0.7466710805892944, 0.4616859257221222, 0.3874398171901703, -0.9976897239685059, 0.05749553442001343, -0.036187149584293365], [0.7527732849121094, 0.3912663459777832, 0.3962276577949524, -0.9930593967437744, -0.1046866923570633, -0.0536070242524147], [0.7611488699913025, 0.4382123053073883, 0.3917674422264099, -0.9921932220458984, 0.07937916368246078, -0.09618464857339859], [0.7698972821235657, 0.41458433866500854, 0.3808859586715698, -0.9931361079216003, 0.005045072175562382, -0.11685584485530853], [0.7748280763626099, 0.44150131940841675, 0.35771748423576355, -0.9686110019683838, 0.1573297381401062, -0.1924578845500946]], "Control Inputs 0": [[-4.987174775451422, 9.877688884735107, 0.2404417723417282, -2.459274172782898, 1.5173288583755493], [-4.942271229811013, -9.86227155663073, 0.002171585219912231, 1.0224806070327759, -2.620110869407654], [-4.975403088610619, 9.974342584609985, 0.1594927296042442, -0.4771066904067993, -2.649503007531166], [-4.933093627914786, 9.903568029403687, 0.4250444412231445, -0.41465163230895996, -2.7117243111133575], [-4.892552252858877, 9.87619161605835, 0.49199415445327754, 1.7124971151351929, -2.0825381577014923], [-4.833112303167582, -7.793843001127243, 0.0018851238070055842, -1.2818121314048767, 2.961127996444702], [-4.91907331161201, 9.932922124862671, 0.6930733144283294, -0.1566104292869568, 2.991568922996521], [-4.919205196201801, 9.895288944244385, 0.6987152576446533, 2.91450834274292, 2.967036724090576], [-2.535359561443329, -9.877250883728266, 0.2890905201435089, 1.0733907222747803, 2.99956476688385], [-4.996448845195118, 9.823170900344849, 0.6979417502880096, -0.7261011600494385, 2.9450608491897583], [4.82784628868103, -9.357890635728836, 0.0011498254956677555, 2.86589777469635, -2.8689275197684765], [-3.568453788757324, 0.5503237247467041, 0.0017519542714580893, -2.9770476976409554, 2.9703766107559204], [4.792028069496155, -3.0748993158340454, 0.003963453648611903, 2.5243256092071533, -2.819369874894619], [-0.660681426525116, -7.7236758172512054, 0.0020230651134625077, 2.524378538131714, 2.9839282035827637], [-4.170326292514801, 5.288801193237305, 0.6350808322429656, 1.996017336845398, 2.9604413509368896], [4.979807138442993, -9.863173617050052, 0.007531801145523786, 2.0060402154922485, -2.877647001296282], [-4.539188556373119, -2.793005108833313, 0.0003947614459320903, -2.873817253857851, 2.9713279008865356], [0.9684324264526367, 3.268618583679199, 0.009406356420367955, -2.9460843186825514, -2.6114390194416046], [-1.5888199210166931, -5.129294991493225, 0.00822888584807515, -2.9408282563090324, 2.9042165279388428], [4.765163064002991, -9.823076538741589, 0.010264554154127836, -2.9128257371485233, 2.9599188566207886]], "Final Predicted Pose 0": [0.7748280763626099, 0.44150131940841675, 0.35771748423576355, -0.9686110019683838, 0.1573297381401062, -0.1924578845500946], "Predicted Translation Error 0": "3.329602726903233cm", "Predicted Rotation Error 0": "tensor([0.9019], grad_fn=<DivBackward0>)"}