{"num_updates": "971", "penalty": "tensor(0., dtype=torch.float64, grad_fn=<AddBackward0>)", "Starting Pose": [-0.3626540005207062, 0.07974928617477417, -0.1907745748758316, -0.33931803703308105, 0.5386319756507874, -0.7123425602912903, 0.29547742009162903], "Starting Soft Arm States": [35.900001525878906, -86.80000305175781, 10.0, 15.17201042175293, 30.708181381225586, 35.407779693603516], "Number of Trajectories": 1, "Final Desired Pose": [-0.27564650774002075, 0.07298636436462402, -0.291840523481369, -0.8042564392089844, -0.5772489905357361, 0.1412627398967743], "Predicted Trajectory 0": [[0.12878950906715708, 0.35645481547568997, 0.6202213502529408, -0.5951127409934998, 0.055427197366952896, 0.8017285466194153], [0.1264251172542572, 0.36630144715309143, 0.5832600593566895, -0.6987888216972351, -0.041152745485305786, 0.7141433358192444], [0.14463502168655396, 0.3717346787452698, 0.5212814211845398, -0.7993046045303345, -0.1505262553691864, 0.5817680358886719], [0.17133095860481262, 0.36051347851753235, 0.4485946595668793, -0.8531808257102966, -0.3237040340900421, 0.4090209901332855], [0.20447862148284912, 0.3607054054737091, 0.38999080657958984, -0.8545790910720825, -0.4404623210430145, 0.2751137316226959], [0.23069842159748077, 0.34593281149864197, 0.35750240087509155, -0.8186687231063843, -0.5484221577644348, 0.1703370064496994], [0.23574106395244598, 0.3416183590888977, 0.3615553081035614, -0.774669885635376, -0.6130980849266052, 0.15491051971912384], [0.22932551801204681, 0.3410531282424927, 0.3696063160896301, -0.7706390619277954, -0.6279643177986145, 0.1085183173418045], [0.23652084171772003, 0.3391469717025757, 0.3673315644264221, -0.7467536926269531, -0.6591234803199768, 0.08896763622760773], [0.2499024122953415, 0.3226606845855713, 0.3442550301551819, -0.7121959924697876, -0.7018601298332214, -0.01300815213471651], [0.23309770226478577, 0.33787140250205994, 0.37188011407852173, -0.7411107420921326, -0.6710414886474609, -0.021406140178442], [0.23906011879444122, 0.33243584632873535, 0.3603609800338745, -0.7300739288330078, -0.6823208332061768, -0.037820395082235336], [0.23879574239253998, 0.3448163866996765, 0.36633723974227905, -0.739591121673584, -0.6713392734527588, 0.048047762364149094], [0.23631463944911957, 0.3412993252277374, 0.36559244990348816, -0.7248291373252869, -0.6868274211883545, 0.05376647785305977], [0.2367413491010666, 0.33350422978401184, 0.3687121868133545, -0.7167611718177795, -0.6922445297241211, 0.08397066593170166], [0.23857678472995758, 0.3374498188495636, 0.37466979026794434, -0.6929690837860107, -0.7032473087310791, 0.15886184573173523], [0.248899906873703, 0.33597496151924133, 0.3613411784172058, -0.6861882209777832, -0.712959349155426, 0.14434219896793365], [0.24587678909301758, 0.3294745087623596, 0.36691349744796753, -0.6878573894500732, -0.713280975818634, 0.13447046279907227], [0.24690380692481995, 0.33469873666763306, 0.3617056608200073, -0.6980035901069641, -0.7045935392379761, 0.12782414257526398], [0.24303291738033295, 0.3239612877368927, 0.3556614816188812, -0.6980243921279907, -0.7133134603500366, 0.06281548738479614], [0.2353854477405548, 0.3382081091403961, 0.3629927635192871, -0.7266924381256104, -0.679221510887146, 0.10284130275249481]], "Control Inputs 0": [[-4.902052655816078, 2.8246963024139404, 0.006156954821199178, -2.9097852017730474, -2.603529632091522], [-4.911916526034474, -2.1578294038772583, 0.015763190388679505, -2.9733952078968287, -2.9906477043405175], [-4.859759686514735, -1.3913428783416748, 0.0066535182297229765, -0.6334535479545593, -2.9416214413940907], [-4.210783168673515, 0.2730083465576172, 0.03424196988344192, 0.3978685140609741, -2.9363949950784445], [-0.028961598873138428, -0.07113635540008545, 0.013778231479227541, 2.2196881771087646, -2.931732578203082], [1.3687264919281006, 2.916651964187622, 0.0073452160693705075, 0.2846742868423462, -2.9422533363103867], [2.0072579383850098, 0.020743608474731445, 0.014752537198364734, 0.6141461133956909, -2.936778489500284], [-4.8925025667995214, 2.1940672397613525, 0.13937935829162595, 1.9891358613967896, -0.2419697642326355], [4.902755618095398, 0.08102774620056152, 0.01652025356888771, -0.0914037823677063, -2.9442829750478268], [-0.5753353238105774, 5.352531671524048, 0.035324630886316294, 0.6926819086074829, -2.512105867266655], [-1.7636153101921082, 1.6449248790740967, 0.05614574328064918, 1.6037739515304565, 2.9377362728118896], [0.030282139778137207, -3.3805888891220093, 0.005422730231657624, 0.48311591148376465, 2.938531994819641], [-0.04744797945022583, 1.5639269351959229, 0.013856113143265247, 0.47721290588378906, -1.2442862391471863], [0.7162368297576904, -7.7914972603321075, 0.008989099133759736, 0.524397611618042, 2.9936424493789673], [-4.895663056522608, 0.340501070022583, 0.07521904781460761, 0.6749060153961182, 2.9432677030563354], [2.119118571281433, 1.3447082042694092, 0.0074410602450370785, -0.5975378751754761, -2.941682081669569], [-0.0360339879989624, 0.387418270111084, 0.05619036108255386, -0.7244099378585815, -0.6115422248840332], [-1.1907252669334412, 2.2985291481018066, 0.012420910224318503, -0.8999946713447571, -0.6334691047668457], [4.89336371421814, -0.019316673278808594, 0.05735134705901145, -1.187486708164215, -2.944266987964511], [-4.906300753355026, -9.560528695583344, 0.056141226738691326, -2.565242975950241, 2.9439457654953003]], "Final Predicted Pose 0": [0.2353854477405548, 0.3382081091403961, 0.3629927635192871, -0.7266924381256104, -0.679221510887146, 0.10284130275249481], "Predicted Translation Error 0": "0.20288713647977183cm", "Predicted Rotation Error 0": "tensor([0.9911], grad_fn=<DivBackward0>)"}