{"num_updates": "705", "penalty": "tensor(379.8141, dtype=torch.float64, grad_fn=<AddBackward0>)", "Starting Pose": [0.137037456035614, 0.19141925871372223, -0.28081223368644714, 0.0626726895570755, 0.3715835213661194, 0.7945550084114075, 0.47610944509506226], "Starting Soft Arm States": [-32.599998474121094, 5.099999904632568, 10.0, 18.086490631103516, 35.103084564208984, 11.290452003479004], "Number of Trajectories": 1, "Final Desired Pose": [0.14617468416690826, 0.12009521573781967, -0.23797886073589325, -0.9554959535598755, 0.09510448575019836, 0.279253751039505], "Predicted Trajectory 0": [[0.7545311273585669, 0.6930351936678154, 0.3916277952923029, -0.5387839078903198, -0.7100139856338501, 0.4534226357936859], [0.731103241443634, 0.7100319266319275, 0.3932945728302002, -0.48531609773635864, -0.7158772945404053, 0.5019839406013489], [0.6995689272880554, 0.666956901550293, 0.40341904759407043, -0.38014522194862366, -0.7490410208702087, 0.5426114201545715], [0.6820314526557922, 0.6613981127738953, 0.41740137338638306, -0.345655620098114, -0.7819151878356934, 0.5187780857086182], [0.6886046528816223, 0.7033658027648926, 0.42167702317237854, -0.5123649835586548, -0.7772618532180786, 0.36516571044921875], [0.7062981724739075, 0.613269567489624, 0.45331570506095886, -0.2696514129638672, -0.8557626008987427, 0.44154107570648193], [0.7155289649963379, 0.5889135599136353, 0.4906407296657562, -0.29959815740585327, -0.853395938873291, 0.42656347155570984], [0.7243080139160156, 0.6180269122123718, 0.4899384081363678, -0.3910335898399353, -0.8837352991104126, 0.2571084797382355], [0.7398620843887329, 0.5256847739219666, 0.5185461640357971, -0.24848566949367523, -0.8993521928787231, 0.3597504794597626], [0.7303156852722168, 0.5731579661369324, 0.5165907144546509, -0.4085499346256256, -0.8885318636894226, 0.20880164206027985], [0.7234830260276794, 0.4639464318752289, 0.5127188563346863, -0.22421446442604065, -0.9176072478294373, 0.3282146155834198], [0.7037197947502136, 0.5549588799476624, 0.48373642563819885, -0.5493927597999573, -0.815475583076477, 0.18211841583251953], [0.7265084385871887, 0.4772714376449585, 0.5124517679214478, -0.342282235622406, -0.8524049520492554, 0.39528313279151917], [0.7101441025733948, 0.509687602519989, 0.46886274218559265, -0.5730595588684082, -0.7786502242088318, 0.2555515468120575], [0.7272935509681702, 0.492326021194458, 0.48922717571258545, -0.510360062122345, -0.7690466642379761, 0.38483741879463196], [0.7261449694633484, 0.42019718885421753, 0.48416265845298767, -0.49516886472702026, -0.7843024134635925, 0.3737345039844513], [0.7036177515983582, 0.534072756767273, 0.470867395401001, -0.7328005433082581, -0.5597831606864929, 0.3868413269519806], [0.7268571853637695, 0.37675756216049194, 0.4773903787136078, -0.55367511510849, -0.721550464630127, 0.415702760219574], [0.7228955030441284, 0.5585315227508545, 0.48099640011787415, -0.8721438050270081, -0.3289998471736908, 0.3621108829975128], [0.7566474080085754, 0.33142906427383423, 0.4978557229042053, -0.6048828959465027, -0.6567197442054749, 0.4503729045391083], [0.7347079515457153, 0.5080584287643433, 0.47774043679237366, -0.9053818583488464, -0.17498663067817688, 0.3868635594844818]], "Control Inputs 0": [[1.0236310958862305, -9.834389835596085, 0.6924616932868957, 2.9444886445999146, -2.9991311536577996], [1.4362937211990356, -9.849360082298517, 0.6902624607086181, 2.8079384565353394, -2.9782354021444917], [-0.40286630392074585, 9.79544997215271, 0.686678683757782, -2.9004631340503693, -2.944083373993635], [-1.9933822751045227, -9.652162566781044, 0.695565402507782, 2.947938323020935, -2.932533536106348], [-3.1490537524223328, -9.860915439203382, 0.6852593839168548, 2.8268630504608154, -2.9733900502324104], [-0.9651222825050354, 9.801921844482422, 0.47020681500434874, -2.953628646209836, -2.8648275062441826], [0.16411125659942627, -9.61265180259943, 0.45998294949531554, 2.811739683151245, -2.9756002323701978], [-3.3111445605754852, 9.801307916641235, 0.2218578606843948, -2.874233443289995, -2.850339185446501], [3.939431309700012, -9.816807974129915, 0.016050179861485957, 2.8238890171051025, -2.8272641077637672], [1.7882859706878662, 9.755548238754272, 0.016017918661236762, -2.860031582415104, -2.8263754807412624], [-4.7807651944458485, -9.43059105426073, 0.17624477148056028, -0.059461891651153564, 2.8983407020568848], [3.569117784500122, -2.6292097568511963, 0.00803874973207712, -2.8653333485126495, -2.283218801021576], [-3.4951692819595337, -9.642556682229042, 0.04185684397816658, -2.8463922142982483, 2.927520990371704], [-1.0030767321586609, -9.758111871778965, 0.011114595644176006, 1.3574209213256836, -1.1706172227859497], [2.617012858390808, 4.2613160610198975, 0.014807619713246822, -2.8897369243204594, 2.9530352354049683], [1.0342156887054443, -9.833719488233328, 0.00615688245743513, 2.978310227394104, -2.8848556727170944], [-3.086845576763153, 9.47648286819458, 0.007886209525167942, -2.945408759638667, 2.9449292421340942], [-2.6015792787075043, -9.828157238662243, 0.013779462315142153, 2.9522491693496704, -2.95398526545614], [1.809391975402832, -3.1537991762161255, 0.015522251650691031, -2.9559656186029315, 2.893028140068054], [-1.8612805008888245, -9.66659814119339, 0.012960998155176639, -2.9440261982381344, 2.860885262489319]], "Final Predicted Pose 0": [0.7347079515457153, 0.5080584287643433, 0.47774043679237366, -0.9053818583488464, -0.17498663067817688, 0.3868635594844818], "Predicted Translation Error 0": "2.831797685060403cm", "Predicted Rotation Error 0": "tensor([0.9565], grad_fn=<DivBackward0>)"}