{"num_updates": "1316", "penalty": "tensor(0., dtype=torch.float64, grad_fn=<AddBackward0>)", "Starting Pose": [-0.2373857945203781, 0.16820833086967468, -0.27910685539245605, -0.2144898623228073, -0.4621627926826477, -0.8525670170783997, -0.11631454527378082], "Starting Soft Arm States": [11.699999809265137, -52.099998474121094, 10.0, 16.387481689453125, 35.212379455566406, 19.351640701293945], "Number of Trajectories": 1, "Final Desired Pose": [-0.12211868166923523, 0.19418445229530334, -0.27245673537254333, -0.547736406326294, 0.5704882740974426, 0.6119869351387024], "Predicted Trajectory 0": [[0.28565737005343383, 0.6230759853478269, 0.3959575223412493, -0.8809300661087036, -7.342227036133409e-05, 0.4732465147972107], [0.280963271856308, 0.671972930431366, 0.4315488934516907, -0.8491061925888062, 0.1578260064125061, 0.5040929317474365], [0.27406784892082214, 0.6933624744415283, 0.44130775332450867, -0.8082026243209839, 0.24036948382854462, 0.5376160740852356], [0.2990957796573639, 0.729224443435669, 0.41328901052474976, -0.7408575415611267, 0.3986285328865051, 0.5405787825584412], [0.3104195296764374, 0.6899961233139038, 0.40391871333122253, -0.7637510895729065, 0.2585866451263428, 0.5914535522460938], [0.3425968885421753, 0.7381654381752014, 0.40257027745246887, -0.7019705772399902, 0.38977232575416565, 0.596082866191864], [0.35117438435554504, 0.7535690069198608, 0.40114906430244446, -0.6719169020652771, 0.38898926973342896, 0.6302498579025269], [0.3560498356819153, 0.7501644492149353, 0.4248872995376587, -0.6048293709754944, 0.38238146901130676, 0.6985454559326172], [0.37645846605300903, 0.7276884317398071, 0.42396700382232666, -0.6742525100708008, 0.3726167380809784, 0.6376051902770996], [0.40691128373146057, 0.7315113544464111, 0.42290839552879333, -0.6637676954269409, 0.4244915544986725, 0.615807831287384], [0.4311707615852356, 0.6794856786727905, 0.4098193049430847, -0.7572608590126038, 0.28216850757598877, 0.5890135169029236], [0.4309261739253998, 0.7001345753669739, 0.40615230798721313, -0.7647066116333008, 0.2894560992717743, 0.5757072567939758], [0.4426194131374359, 0.7188540697097778, 0.4139842689037323, -0.7361360788345337, 0.3255729377269745, 0.5933852195739746], [0.4445040822029114, 0.7089996337890625, 0.4056960344314575, -0.7645959854125977, 0.2460845410823822, 0.5956805348396301], [0.42328426241874695, 0.7313512563705444, 0.42479488253593445, -0.699459433555603, 0.3022562265396118, 0.6476092338562012], [0.4207013249397278, 0.712979793548584, 0.4288398325443268, -0.6892238259315491, 0.28752124309539795, 0.6650579571723938], [0.4188447594642639, 0.6886324882507324, 0.43160951137542725, -0.6979808211326599, 0.25329455733299255, 0.6698243021965027], [0.4163709878921509, 0.672537624835968, 0.4188404083251953, -0.7212308049201965, 0.25539153814315796, 0.6438954472541809], [0.44422343373298645, 0.7563777565956116, 0.4044744074344635, -0.6470436453819275, 0.47532790899276733, 0.5961525440216064], [0.43076038360595703, 0.7044728994369507, 0.41434481739997864, -0.6944912075996399, 0.3486349880695343, 0.6293931007385254], [0.43069279193878174, 0.7040470242500305, 0.41239380836486816, -0.6649041771888733, 0.4184502959251404, 0.6187098026275635]], "Control Inputs 0": [[4.869135618209839, 9.968886375427246, 0.017953193001449107, -0.9638569951057434, -0.5289151668548584], [-4.963485992047936, 9.624552726745605, 0.31258448660373683, 2.8559314012527466, 1.4919061660766602], [-4.917921582236886, -2.700127363204956, 0.008016174845397472, 2.229554057121277, -2.9043225198984146], [-4.793067146092653, -1.8448477983474731, 0.6485295712947845, 1.7958215475082397, 2.9358283281326294], [-4.89237392321229, 9.812817573547363, 0.48831224441528315, 2.9678335189819336, -2.9414090886712074], [4.879959225654602, 9.802358150482178, 0.008865010272711514, 0.28755247592926025, -2.944396438077092], [-4.902674611657858, -9.795458149164915, 0.5355811834335327, 1.3012408018112183, 2.8433010578155518], [-4.9017684906721115, -5.8167314529418945, 0.6525672137737274, 2.8861942291259766, 2.8798688650131226], [-4.747870434075594, -7.1333348751068115, 0.3779741048812866, -0.5223271250724792, -2.5926971286535263], [-1.7920291423797607, -5.19038587808609, 0.5558971107006072, -0.1166033148765564, 0.4986673593521118], [4.904337525367737, 9.794950485229492, 0.48718179464340206, -0.4204409122467041, -2.876242395490408], [-4.904748639091849, 2.625073194503784, 0.015443763695657252, -2.3602294921875, -2.9420886151492596], [4.898790717124939, 9.806276559829712, 0.3603232502937317, -1.2167601585388184, -2.870682690292597], [4.886519908905029, 2.720259428024292, 0.3469030916690826, -0.19326817989349365, 2.938649296760559], [-4.901559371501207, -3.855849504470825, 0.19229286909103394, 0.1147681474685669, -2.2064146399497986], [4.901170134544373, -9.615808352828026, 0.00758176539093256, 0.7719472646713257, 2.8859546184539795], [-3.8842662423849106, 9.805469512939453, 0.2597740113735199, -2.923552231863141, 2.9425159692764282], [-3.2786494493484497, -4.5623356103897095, 0.15901560336351395, 1.0461537837982178, 2.939521908760071], [4.898854494094849, -2.502380609512329, 0.018036426976323128, 0.5172765254974365, -2.9438792411237955], [-4.900054046884179, -9.801750648766756, 0.014631046913564203, -1.0243000388145447, 2.939710021018982]], "Final Predicted Pose 0": [0.43069279193878174, 0.7040470242500305, 0.41239380836486816, -0.6649041771888733, 0.4184502959251404, 0.6187098026275635], "Predicted Translation Error 0": "0.10606802979712115cm", "Predicted Rotation Error 0": "tensor([0.9816], grad_fn=<DivBackward0>)"}