{"num_updates": "835", "penalty": "tensor(1152.2429, dtype=torch.float64, grad_fn=<AddBackward0>)", "Starting Pose": [-0.33526962995529175, 0.09368839114904404, -0.2657359540462494, -0.3498991131782532, 0.7570090293884277, 0.4850746989250183, 0.26307883858680725], "Starting Soft Arm States": [34.79999923706055, -39.79999923706055, 10.0, 12.532418251037598, 3.914828062057495, 35.39784622192383], "Number of Trajectories": 1, "Final Desired Pose": [0.1754147708415985, 0.08342353999614716, -0.2980204224586487, -0.8139961361885071, 0.5670263767242432, -0.12606105208396912], "Predicted Trajectory 0": [[0.1630817510670215, 0.39846816174263877, 0.4299044497950871, -0.6167202591896057, -0.7849793434143066, 0.0588517002761364], [0.1727578341960907, 0.39446189999580383, 0.3780193328857422, -0.6265621185302734, -0.7718634009361267, -0.10792002826929092], [0.20042718946933746, 0.3571682870388031, 0.34417274594306946, -0.5466490387916565, -0.807142972946167, -0.22292368113994598], [0.23908104002475739, 0.3553939461708069, 0.3060411512851715, -0.4865601360797882, -0.8103605508804321, -0.32645830512046814], [0.2817370295524597, 0.32883593440055847, 0.26065582036972046, -0.4301173686981201, -0.7871865630149841, -0.44196879863739014], [0.30517467856407166, 0.3348099887371063, 0.2584986984729767, -0.4510435163974762, -0.7722600102424622, -0.4474083185195923], [0.32590562105178833, 0.34259140491485596, 0.2675083875656128, -0.5074741244316101, -0.7478936314582825, -0.4279311001300812], [0.3523408770561218, 0.354958713054657, 0.27041125297546387, -0.5378429293632507, -0.7235443592071533, -0.43267589807510376], [0.3843083679676056, 0.35749804973602295, 0.27669280767440796, -0.5769592523574829, -0.7165912389755249, -0.3919375538825989], [0.43113255500793457, 0.29734480381011963, 0.2778489291667938, -0.4846804141998291, -0.8038918972015381, -0.34473586082458496], [0.4668359160423279, 0.2968878448009491, 0.27260613441467285, -0.48531973361968994, -0.7889397740364075, -0.37688034772872925], [0.4865482747554779, 0.3722425401210785, 0.29122135043144226, -0.6234732866287231, -0.708966076374054, -0.32961827516555786], [0.5214480757713318, 0.4020189642906189, 0.2933809757232666, -0.6384820342063904, -0.6952893137931824, -0.3300204277038574], [0.5553553700447083, 0.46089085936546326, 0.31006234884262085, -0.7205988168716431, -0.6181140542030334, -0.31412172317504883], [0.5957295894622803, 0.509320080280304, 0.3210059404373169, -0.7640153169631958, -0.5535535216331482, -0.33145004510879517], [0.6377124786376953, 0.5271298885345459, 0.33660852909088135, -0.7820802330970764, -0.5257917046546936, -0.3345050513744354], [0.6660524606704712, 0.5391163229942322, 0.32735785841941833, -0.8012560606002808, -0.4333477318286896, -0.41255122423171997], [0.697373628616333, 0.4143815040588379, 0.3418833315372467, -0.7339534759521484, -0.591129720211029, -0.33448144793510437], [0.7366453409194946, 0.5457798838615417, 0.33964329957962036, -0.8535452485084534, -0.24169610440731049, -0.46156638860702515], [0.7643067240715027, 0.3420659005641937, 0.35910966992378235, -0.6831261515617371, -0.6205701231956482, -0.3850082457065582], [0.7525935769081116, 0.5599245429039001, 0.3940604627132416, -0.9453298449516296, -0.06374897062778473, -0.3198242485523224]], "Control Inputs 0": [[-4.980571938212961, -2.1729207038879395, 0.00769810676574707, 2.9749231338500977, -2.9214945696294308], [-4.924870729446411, -9.901091940701008, 0.41971129179000854, 2.8827284574508667, -0.17523086071014404], [-4.9198835622519255, -9.808724131435156, 7.995139603735879e-05, 2.825231909751892, -0.3549513816833496], [-4.969176535960287, 1.250152587890625, 0.6553962588310241, 2.4583282470703125, 0.6922738552093506], [-4.888469437137246, 9.377180337905884, 0.15075945854187012, 2.8438836336135864, 1.7643077373504639], [-4.942524516955018, 9.188296794891357, 0.17027671933174132, 2.2636266946792603, 1.9489613771438599], [-4.88132543861866, 8.710287809371948, 0.06473510041832924, 2.472851514816284, 1.4528836011886597], [-4.9883310694713145, -9.760136529803276, 0.4332108497619629, 2.5023597478866577, 2.8995230197906494], [-4.980572705389932, -9.659357592463493, 0.26980486512184143, -2.968040395528078, 1.0803959369659424], [-4.915182599797845, 9.361478090286255, 0.10036273598670958, -2.926251545548439, 2.894607424736023], [-4.8558704275637865, 9.677503108978271, 0.09343544542789459, -2.921727178618312, 2.9840598106384277], [-4.924630410969257, 8.886699676513672, 0.005897281039506197, -2.9657995384186506, 2.871691346168518], [-3.513391464948654, 9.58457350730896, 0.36571990251541137, -2.9359500501304865, 2.930631637573242], [-4.988795924000442, 5.7831621170043945, 0.6954299688339233, -1.9852999448776245, 2.9540956020355225], [-3.7670624256134033, 8.031543493270874, 0.6947385728359222, -2.9134312346577644, 2.924975037574768], [0.5625879764556885, -9.736058209091425, 0.6992100119590758, -2.150146007537842, -2.9116261582821608], [-3.9910513162612915, 9.708062410354614, 0.003935525147244334, -2.5761010497808456, 2.9538720846176147], [-4.718286041170359, -9.923617583699524, 0.6808438122272491, -1.7553189396858215, -2.262869641184807], [4.887439012527466, 9.956181049346924, 0.004368609562516212, 2.016134262084961, 2.9677001237869263], [-2.7013692259788513, -9.819574058055878, 0.4224003970623016, -1.9796690046787262, 2.96708607673645]], "Final Predicted Pose 0": [0.7525935769081116, 0.5599245429039001, 0.3940604627132416, -0.9453298449516296, -0.06374897062778473, -0.3198242485523224], "Predicted Translation Error 0": "7.745049536671441cm", "Predicted Rotation Error 0": "tensor([0.7737], grad_fn=<DivBackward0>)"}