{"num_updates": "2283", "penalty": "tensor(0., dtype=torch.float64, grad_fn=<AddBackward0>)", "Starting Pose": [-0.25681090354919434, 0.15558172762393951, -0.25972822308540344, 0.1868419200181961, 0.8612231016159058, -0.3959170877933502, 0.2581367790699005], "Starting Soft Arm States": [22.5, -12.100000381469727, 10.0, 33.15237045288086, 34.79176712036133, 1.6428576707839966], "Number of Trajectories": 1, "Final Desired Pose": [-0.06713783740997314, 0.10146401077508926, -0.29908812046051025, -0.6199449896812439, -0.7173708081245422, 0.31787940859794617], "Predicted Trajectory 0": [[0.26133216096751755, 0.5850186025160259, 0.44515727395475907, -0.7969110012054443, 0.5262266397476196, 0.2966788709163666], [0.2594992518424988, 0.591195285320282, 0.46712154150009155, -0.776461124420166, 0.5667529702186584, 0.2754979729652405], [0.2530847489833832, 0.5977332592010498, 0.4683545231819153, -0.7389935255050659, 0.6156604290008545, 0.2735889256000519], [0.27574366331100464, 0.6320107579231262, 0.4402400255203247, -0.7156344056129456, 0.6701506972312927, 0.19688934087753296], [0.29220569133758545, 0.6356905698776245, 0.41987791657447815, -0.7149034738540649, 0.6657241582870483, 0.2138323187828064], [0.3266519606113434, 0.6756384372711182, 0.38705894351005554, -0.653935968875885, 0.7358416318893433, 0.17579807341098785], [0.33386021852493286, 0.6968963742256165, 0.3953036665916443, -0.6421050429344177, 0.7440137267112732, 0.18478277325630188], [0.3226374089717865, 0.6989576816558838, 0.3955861032009125, -0.6561708450317383, 0.7260850667953491, 0.20552434027194977], [0.348812073469162, 0.727249801158905, 0.3838886022567749, -0.5769596099853516, 0.7960682511329651, 0.18273772299289703], [0.34782931208610535, 0.7145812511444092, 0.3851860463619232, -0.7139133810997009, 0.6817045211791992, 0.16002073884010315], [0.36173179745674133, 0.7044470310211182, 0.3688415288925171, -0.7530370354652405, 0.6483758687973022, 0.11200021207332611], [0.3732125461101532, 0.7068888545036316, 0.3609979450702667, -0.7769966125488281, 0.6262052059173584, 0.06436754763126373], [0.3797110319137573, 0.6991018056869507, 0.3561096787452698, -0.8119707107543945, 0.58234703540802, 0.039692509919404984], [0.394537091255188, 0.685224175453186, 0.341446191072464, -0.8305784463882446, 0.5555878281593323, -0.0382302924990654], [0.39389580488204956, 0.686154305934906, 0.3574662208557129, -0.8502764105796814, 0.5229647159576416, -0.05948057770729065], [0.3745306730270386, 0.6652181148529053, 0.3812991976737976, -0.8974571228027344, 0.4399147629737854, -0.032336827367544174], [0.3704864978790283, 0.6517751216888428, 0.4028889834880829, -0.9334684610366821, 0.358402818441391, 0.013564388267695904], [0.3769282400608063, 0.6250048875808716, 0.4000477194786072, -0.960351288318634, 0.27668359875679016, 0.03423016890883446], [0.38340020179748535, 0.5910177230834961, 0.4009227752685547, -0.975077211856842, 0.20685988664627075, 0.08020927757024765], [0.39714840054512024, 0.5679200291633606, 0.4060012698173523, -0.987119734287262, 0.13878357410430908, 0.07958516478538513], [0.39857587218284607, 0.5205404758453369, 0.4264408349990845, -0.9865297675132751, -0.08259204030036926, 0.14120003581047058]], "Control Inputs 0": [[4.8734718561172485, 9.704970121383667, 0.006506127584725618, 0.1612340211868286, -0.6153230667114258], [-4.937814814038575, 9.634813070297241, 0.0019288430921733377, 1.1268728971481323, 0.9895749092102051], [-0.959540605545044, 9.855563640594482, 0.0022643795236945152, -0.8395916819572449, -0.930874764919281], [-4.684530645608902, 9.634900093078613, 0.0024323866702616213, -1.609224557876587, -0.7503236532211304], [-3.054082989692688, 9.792013168334961, 0.0017760501010343432, 2.7858792543411255, -0.4896553158760071], [4.886595010757446, 9.671330451965332, 0.0014422965236008166, -1.856799602508545, -1.0218563675880432], [-4.388956353068352, 7.921450138092041, 0.0017074349103495478, -0.9122228622436523, -1.7982069253921509], [-4.460686966776848, -9.77713618427515, 0.6993625521659851, 1.1534188985824585, 1.2682725191116333], [-4.405670873820782, -9.88276089541614, 0.6976530253887177, -2.5860687643289566, -1.0230885744094849], [-4.679223224520683, -9.897766122594476, 0.6976807713508606, -1.2055601477622986, 0.11580634117126465], [-2.6926861703395844, -9.86641856841743, 0.6983629465103149, 0.7087283134460449, 1.289347529411316], [-3.632289171218872, -9.998781894682907, 0.6987491369247436, -1.7622674703598022, -0.34081363677978516], [-1.6089054942131042, -9.837760590016842, 0.006332064699381589, 1.3935903310775757, 1.6012988090515137], [3.6725544929504395, -9.848616374656558, 0.002289785724133253, 2.118037462234497, 2.4222493171691895], [1.8600451946258545, -9.93366482667625, 0.0025896557839587327, 2.9003630876541138, 0.7144249677658081], [-0.801929235458374, -9.850702816620469, 0.0049797609914094204, 0.007209420204162598, -0.8407083749771118], [-0.6728872656822205, -9.829758126288652, 0.001560225011780858, -2.6135685592889786, -1.845666378736496], [-3.590458333492279, -9.735491927713156, 0.6927459120750427, 1.1290411949157715, -2.9136011078953743], [0.39587974548339844, -9.948458289727569, 0.001293633400928229, 1.5381757020950317, -2.9683728525415063], [2.5936132669448853, 9.976346492767334, 0.6907818734645843, -2.978147548623383, -2.9878101856447756]], "Final Predicted Pose 0": [0.39857587218284607, 0.5205404758453369, 0.4264408349990845, -0.9865297675132751, -0.08259204030036926, 0.14120003581047058], "Predicted Translation Error 0": "9.222972198732663cm", "Predicted Rotation Error 0": "tensor([0.7157], grad_fn=<DivBackward0>)"}