{"num_updates": "1562", "penalty": "tensor(0., dtype=torch.float64, grad_fn=<AddBackward0>)", "Starting Pose": [0.03410665690898895, 0.024804752320051193, -0.2692466974258423, 0.7961490154266357, -0.4009815752506256, 0.3087071478366852, -0.331753671169281], "Starting Soft Arm States": [-6.0, -26.100000381469727, 10.0, 29.737791061401367, 3.5968844890594482, 35.40115737915039], "Number of Trajectories": 1, "Final Desired Pose": [-0.27564650774002075, 0.07298636436462402, -0.291840523481369, -0.8042564392089844, -0.5772489905357361, 0.1412627398967743], "Predicted Trajectory 0": [[0.6256354178713607, 0.1908485064210096, 0.42099114262676424, 0.4878273904323578, -0.4336526691913605, 0.7576079368591309], [0.5656065344810486, 0.1920737326145172, 0.39500388503074646, 0.1916620284318924, -0.6940357089042664, 0.6939597129821777], [0.49036774039268494, 0.2135017216205597, 0.3878042697906494, 0.012436517514288425, -0.7553794384002686, 0.655169665813446], [0.4124467968940735, 0.23909974098205566, 0.3806745409965515, -0.2062901109457016, -0.7745451331138611, 0.597933292388916], [0.34549471735954285, 0.2837608754634857, 0.3922715485095978, -0.35457971692085266, -0.7155123949050903, 0.6019262075424194], [0.29088371992111206, 0.32570764422416687, 0.4167158603668213, -0.4961840510368347, -0.6661340594291687, 0.5568364858627319], [0.27728861570358276, 0.32194218039512634, 0.41969695687294006, -0.49626269936561584, -0.7189362049102783, 0.48667651414871216], [0.27610328793525696, 0.33487609028816223, 0.38753998279571533, -0.6139194965362549, -0.7014116048812866, 0.36211130023002625], [0.26963895559310913, 0.3348046839237213, 0.3843282461166382, -0.6257408261299133, -0.7173976898193359, 0.30625012516975403], [0.261497437953949, 0.3322937488555908, 0.3815010190010071, -0.6105051636695862, -0.7495166063308716, 0.2559460997581482], [0.2500065863132477, 0.3355083465576172, 0.3678934872150421, -0.6515592932701111, -0.7361116409301758, 0.18333064019680023], [0.24233151972293854, 0.33531421422958374, 0.36482566595077515, -0.6532523036003113, -0.7441853880882263, 0.13946153223514557], [0.2354026734828949, 0.3337876796722412, 0.3588484525680542, -0.6523398756980896, -0.7533745169639587, 0.08294267952442169], [0.23163531720638275, 0.3367796838283539, 0.35403916239738464, -0.6758958697319031, -0.736767590045929, 0.018390100449323654], [0.23638157546520233, 0.3336510956287384, 0.35579752922058105, -0.6578447222709656, -0.7531295418739319, -0.006014510989189148], [0.23788386583328247, 0.32799071073532104, 0.3636046051979065, -0.6375818252563477, -0.7702432870864868, 0.014651979319751263], [0.22303004562854767, 0.3042910695075989, 0.38083165884017944, -0.596569836139679, -0.8016837239265442, 0.037518419325351715], [0.21459737420082092, 0.3010316491127014, 0.38948938250541687, -0.6386797428131104, -0.7687942981719971, 0.03230251371860504], [0.22874833643436432, 0.3816421627998352, 0.35426759719848633, -0.7591418027877808, -0.6508245468139648, -0.01145104132592678], [0.2350807934999466, 0.37069571018218994, 0.3218950927257538, -0.7687228322029114, -0.6320037841796875, -0.09816494584083557], [0.23046483099460602, 0.34328487515449524, 0.35193803906440735, -0.7650672793388367, -0.6439440846443176, -0.0028412379324436188]], "Control Inputs 0": [[4.9351584911346436, 9.832708835601807, 0.29713186323642726, -2.9570633796975017, 2.899145007133484], [4.919865131378174, 9.817910194396973, 0.6414551019668578, -1.1696332097053528, 2.8734108209609985], [4.7541046142578125, 9.80889081954956, 0.009345683641731738, -2.722836323082447, 2.8893553018569946], [4.821534752845764, 9.672335386276245, 0.48762940168380736, -2.6210994869470596, 2.482079029083252], [2.9429996013641357, 6.443982124328613, 0.21045431196689604, 1.8109180927276611, -1.2064597606658936], [-4.020682200789452, 7.5472939014434814, 0.005233630677685141, -2.377578467130661, -2.0770511627197266], [0.881657600402832, 2.8625452518463135, 0.052913808077573773, -1.8552049398422241, -1.2831823825836182], [-0.3152868151664734, 0.7440543174743652, 0.5811750590801239, 1.0361119508743286, 0.07083213329315186], [0.8175688982009888, -1.9939345121383667, 0.34035817384719846, -2.9257952626794577, 0.10630452632904053], [0.528331995010376, -2.423643469810486, 0.48322192430496214, -1.8598516881465912, 0.9026695489883423], [0.3644365072250366, -2.5157809257507324, 0.41628986001014706, -0.11468571424484253, 0.5704951286315918], [1.0707688331604004, -4.243283271789551, 0.013459029048681258, -2.8856402412056923, 0.2176351547241211], [-0.597594678401947, -3.042360544204712, 0.07155430167913436, 0.21930956840515137, 0.3675384521484375], [-2.002255916595459, -5.442610085010529, 0.3608466684818268, 1.3441393375396729, 2.9353415966033936], [0.9605616331100464, -9.621778391301632, 0.41866729259490965, 1.9653865098953247, 2.939564824104309], [4.903354644775391, -9.664378091692924, 0.009399552270770072, -0.631806492805481, -2.1926499903202057], [-4.878453174605966, 9.797546863555908, 0.5147234380245208, -2.9382796827703714, 1.9793733358383179], [-4.8399436473846436, 9.798904657363892, 0.0909353882074356, 0.1717078685760498, 0.08644795417785645], [4.908801317214966, -9.748085606843233, 0.4815459012985229, 0.1809614896774292, -0.5804541707038879], [-4.989476392511278, -9.546559266746044, 0.30677241683006284, -2.179863005876541, -1.0604442358016968]], "Final Predicted Pose 0": [0.23046483099460602, 0.34328487515449524, 0.35193803906440735, -0.7650672793388367, -0.6439440846443176, -0.0028412379324436188], "Predicted Translation Error 0": "0.7792982283405192cm", "Predicted Rotation Error 0": "tensor([0.9866], grad_fn=<DivBackward0>)"}