{"num_updates": "2516", "penalty": "tensor(0., dtype=torch.float64, grad_fn=<AddBackward0>)", "Starting Pose": [0.010257423855364323, 0.06122927740216255, -0.3528884947299957, 0.05482672154903412, 0.29676634073257446, -0.7441645860671997, 0.5959386229515076], "Starting Soft Arm States": [-9.899999618530273, -42.29999923706055, 10.0, 13.337212562561035, 17.63275909423828, 35.39122009277344], "Number of Trajectories": 1, "Final Desired Pose": [-0.2087605595588684, 0.2284982055425644, -0.2678280174732208, -0.477222204208374, 0.4941368103027344, 0.7266964912414551], "Predicted Trajectory 0": [[0.5957700729866777, 0.3006343346867921, 0.20863582329010383, -0.28370237350463867, 0.9194942712783813, 0.27210885286331177], [0.5721883773803711, 0.3316415250301361, 0.170621857047081, -0.4713195264339447, 0.8759673237800598, 0.1026599183678627], [0.5152177810668945, 0.3833751976490021, 0.1588314175605774, -0.5764651894569397, 0.8163694143295288, 0.03505544736981392], [0.477308452129364, 0.4511970579624176, 0.14367912709712982, -0.6855661869049072, 0.7244196534156799, -0.07221590727567673], [0.46844393014907837, 0.47653138637542725, 0.13020235300064087, -0.6321478486061096, 0.7535459995269775, -0.1804368495941162], [0.4090803265571594, 0.5600039958953857, 0.1686454713344574, -0.6432788372039795, 0.7656273245811462, -0.002682286547496915], [0.36082375049591064, 0.5634151101112366, 0.18663473427295685, -0.6509877443313599, 0.7515407800674438, 0.10677731037139893], [0.31186002492904663, 0.5984165668487549, 0.2306312918663025, -0.5636353492736816, 0.7784543633460999, 0.2762680649757385], [0.263811320066452, 0.6278464198112488, 0.28672078251838684, -0.49389544129371643, 0.7705498337745667, 0.4028899073600769], [0.23621787130832672, 0.6146388649940491, 0.349982887506485, -0.48759180307388306, 0.6493059992790222, 0.5836573839187622], [0.2566241919994354, 0.5945907831192017, 0.3447505235671997, -0.3948669731616974, 0.6490151882171631, 0.6502764225006104], [0.26460349559783936, 0.6913275718688965, 0.34049639105796814, -0.20585939288139343, 0.7972935438156128, 0.5674019455909729], [0.24967986345291138, 0.674893319606781, 0.37918129563331604, -0.23720745742321014, 0.6990880966186523, 0.6745431423187256], [0.2796231210231781, 0.6620321273803711, 0.3688928186893463, -0.15171371400356293, 0.7019439935684204, 0.6958861947059631], [0.2951352000236511, 0.743757963180542, 0.3674145042896271, 0.0042912899516522884, 0.7926944494247437, 0.6096040606498718], [0.28869765996932983, 0.7113125920295715, 0.40896689891815186, 0.04490479826927185, 0.7024773359298706, 0.7102881073951721], [0.32656213641166687, 0.7515483498573303, 0.39276835322380066, 0.1330977976322174, 0.775650143623352, 0.6169698238372803], [0.3296448588371277, 0.7719442248344421, 0.3933364450931549, 0.15613704919815063, 0.7570761442184448, 0.6343949437141418], [0.30442124605178833, 0.7482612729072571, 0.40821775794029236, -0.01796717941761017, 0.6784214973449707, 0.7344530820846558], [0.3342505395412445, 0.8039997220039368, 0.38121268153190613, 0.15193642675876617, 0.7686606645584106, 0.6213502883911133], [0.29688334465026855, 0.7605883479118347, 0.40003693103790283, -0.11258100718259811, 0.6453993916511536, 0.755503237247467]], "Control Inputs 0": [[4.947360157966614, 9.342910051345825, 0.04224196523427963, -2.8920155726373196, 2.9930330514907837], [4.9785274267196655, 4.390513896942139, 0.6951925218105316, -2.78219573199749, 2.9964369535446167], [-3.9932119846343994, 1.6696727275848389, 0.17362932860851288, -0.3714873790740967, 2.9821189641952515], [4.762251973152161, 6.892598867416382, 0.6905649125576019, 2.6611651182174683, 2.989912748336792], [4.748348593711853, 9.932886362075806, 0.3559709310531616, 2.887100100517273, 2.974564790725708], [4.712802767753601, 9.913864135742188, 0.03633220829069614, 2.7538257837295532, 2.9651498794555664], [4.97362494468689, 9.898217916488647, 0.11859614104032516, 2.836934208869934, 2.9937397241592407], [4.867486953735352, -3.168514370918274, 0.6553152740001678, 2.822628378868103, 2.8793638944625854], [-4.90819732658565, -1.3613510131835938, 0.35971183776855464, 2.207009196281433, -2.855991717427969], [-4.885998694226146, 9.951028823852539, 0.49521911144256586, 2.801945686340332, 2.937303900718689], [4.931325912475586, 9.873915910720825, 0.437137883901596, -1.4476191401481628, 2.951605439186096], [-4.905161326751113, 4.854491949081421, 0.04497720077633857, 0.3335791826248169, -2.9183863811194897], [-4.780772756785154, 8.634824752807617, 0.03811995051801204, -1.4856128096580505, 2.8493313789367676], [4.761747717857361, 3.752943277359009, 0.3226981401443481, 2.7708728313446045, 2.854585289955139], [-4.802716784179211, 0.2449631690979004, 0.33624567985534665, 2.8899747133255005, 2.802650570869446], [-4.450373165309429, 5.418292284011841, 0.002687001344747841, -2.8879259303212166, 0.10161638259887695], [4.715022444725037, 9.904510974884033, 0.4627267122268676, -2.8926684223115444, -2.921840077266097], [-4.908645739778876, 2.1273386478424072, 0.0023900261614471672, -2.9407432191073895, 2.9141485691070557], [4.96628999710083, 9.720871448516846, 0.5058625876903534, -2.9057839438319206, -2.9658223763108253], [-4.905935153365135, 1.436309814453125, 0.15430525690317154, -2.908609438687563, 2.9323103427886963]], "Final Predicted Pose 0": [0.29688334465026855, 0.7605883479118347, 0.40003693103790283, -0.11258100718259811, 0.6453993916511536, 0.755503237247467], "Predicted Translation Error 0": "2.63664443122995cm", "Predicted Rotation Error 0": "tensor([0.9217], grad_fn=<DivBackward0>)"}