{"num_updates": "3593", "penalty": "tensor(0., dtype=torch.float64, grad_fn=<AddBackward0>)", "Starting Pose": [0.1577257513999939, 0.05198083445429802, -0.18910814821720123, -0.30561184883117676, -0.14486321806907654, -0.934384286403656, 0.11199086904525757], "Starting Soft Arm States": [-39.5, 20.600000381469727, 10.0, 33.735267639160156, 23.41204261779785, 35.387908935546875], "Number of Trajectories": 1, "Final Desired Pose": [-0.2865540385246277, 0.06326935440301895, -0.2699086666107178, -0.5279637575149536, -0.725439190864563, 0.44157925248146057], "Predicted Trajectory 0": [[0.780438169096309, 0.27275894120091254, 0.624452184317371, -0.788118839263916, 0.29782888293266296, 0.5386711359024048], [0.7604882121086121, 0.3179650604724884, 0.5695689916610718, -0.6916327476501465, 0.37654930353164673, 0.6163236498832703], [0.7153573632240295, 0.3600768446922302, 0.5310732126235962, -0.6138406991958618, 0.386485755443573, 0.6883519291877747], [0.6741845011711121, 0.3781506419181824, 0.4746013879776001, -0.601621687412262, 0.3436806797981262, 0.721065104007721], [0.6382229924201965, 0.3783670961856842, 0.43810635805130005, -0.6343014240264893, 0.1943071037530899, 0.7482690215110779], [0.6020035147666931, 0.3787286579608917, 0.4089968204498291, -0.6550263166427612, 0.05359863489866257, 0.753702700138092], [0.5574389100074768, 0.4030080735683441, 0.3930598199367523, -0.6728331446647644, -0.044798046350479126, 0.7384366393089294], [0.5151224732398987, 0.41204044222831726, 0.3592176139354706, -0.7708107829093933, -0.1654338240623474, 0.6152092814445496], [0.47888612747192383, 0.38648664951324463, 0.37201744318008423, -0.7311829328536987, -0.3113339841365814, 0.6069948673248291], [0.4364558458328247, 0.3192495107650757, 0.4138709604740143, -0.566953182220459, -0.505578875541687, 0.6503491997718811], [0.38200366497039795, 0.33349186182022095, 0.4176650941371918, -0.6524550318717957, -0.4488663375377655, 0.6105909943580627], [0.34682947397232056, 0.26235273480415344, 0.4377840459346771, -0.5034038424491882, -0.65433269739151, 0.5642990469932556], [0.29510897397994995, 0.2960899770259857, 0.44524091482162476, -0.6196491122245789, -0.5879700779914856, 0.5199289321899414], [0.26045408844947815, 0.31956663727760315, 0.4275130331516266, -0.7294668555259705, -0.5698215961456299, 0.3783932030200958], [0.24314053356647491, 0.29533398151397705, 0.4627695679664612, -0.6756365895271301, -0.5992929339408875, 0.42937538027763367], [0.25826147198677063, 0.28287553787231445, 0.4548206329345703, -0.6178088784217834, -0.6702578663825989, 0.41117700934410095], [0.2536197304725647, 0.2900809943675995, 0.4414551854133606, -0.6120829582214355, -0.6859585642814636, 0.39346569776535034], [0.23928730189800262, 0.30395060777664185, 0.4495318531990051, -0.6711108088493347, -0.6420603394508362, 0.3706330358982086], [0.23017261922359467, 0.27411478757858276, 0.4609960615634918, -0.5750105381011963, -0.7198653817176819, 0.38878870010375977], [0.22768530249595642, 0.27175039052963257, 0.45980262756347656, -0.6247179508209229, -0.7218247056007385, 0.29781967401504517], [0.24090959131717682, 0.3110535442829132, 0.43285006284713745, -0.6643652319908142, -0.6891055703163147, 0.2893999218940735]], "Control Inputs 0": [[4.8905205726623535, 9.491637945175171, 0.6971385359764098, 0.033478617668151855, 2.98412024974823], [4.977014064788818, 9.410380125045776, 0.6956007838249206, -2.8729616850614548, 2.9720767736434937], [4.916282892227173, 9.465922117233276, 0.051788824051618575, -2.934348737820983, -2.312098279595375], [4.853101372718811, 2.5577306747436523, 0.43870884776115415, -2.9566932655870914, -2.9322426058351994], [4.959874153137207, 9.636296033859253, 0.17593616545200347, 1.1023614406585693, -2.94001560844481], [4.952717423439026, 9.764066934585571, 0.005215391423553228, -2.9744141595438123, -2.9167630914598703], [4.981797933578491, 0.5934739112854004, 0.012626877054572105, -2.6940329745411873, -2.9053747057914734], [4.796406030654907, -9.396894089877605, 0.6835347533226013, 2.9166094064712524, -2.41433148086071], [4.880250692367554, -9.381106980144978, 0.3114318192005157, -2.9748012302443385, 2.8753641843795776], [4.9366456270217896, -5.990088582038879, 0.4739466369152069, 0.5150038003921509, -2.6519490480422974], [4.988338351249695, -9.802094884216785, 0.3952054738998413, -2.065653294324875, 2.989457845687866], [2.317643165588379, 9.733055830001831, 0.006574414856731891, -2.9447953328490257, -2.7135921120643616], [4.641085267066956, -9.780857414007187, 0.021230169758200645, -2.9478245973587036, 2.871930241584778], [-4.728747736662626, -9.802660066634417, 0.2855246007442474, 2.9301799535751343, 2.872775673866272], [-4.919117782264948, -4.677327275276184, 0.4094677746295929, 2.931472420692444, 2.940279722213745], [4.8729366064071655, -1.6726398468017578, 0.008055537473410368, -2.94803511723876, -1.8431589603424072], [-1.294490396976471, -9.436331205070019, 0.4477624177932739, 2.937731981277466, 2.9331958293914795], [4.6880000829696655, -9.802418611943722, 0.009204460866749286, -2.946071108803153, -2.7643351703882217], [-3.867303729057312, 9.758501052856445, 0.5050441026687622, 2.9411205053329468, -2.9449632335454226], [-4.713321514427662, 9.817667007446289, 0.17687122523784637, -2.9422820415347815, 2.9405550956726074]], "Final Predicted Pose 0": [0.24090959131717682, 0.3110535442829132, 0.43285006284713745, -0.6643652319908142, -0.6891055703163147, 0.2893999218940735], "Predicted Translation Error 0": "1.4523548719654318cm", "Predicted Rotation Error 0": "tensor([0.9785], grad_fn=<DivBackward0>)"}