{"num_updates": "1216", "penalty": "tensor(344.3623, dtype=torch.float64, grad_fn=<AddBackward0>)", "Starting Pose": [-0.3626540005207062, 0.07974928617477417, -0.1907745748758316, -0.33931803703308105, 0.5386319756507874, -0.7123425602912903, 0.29547742009162903], "Starting Soft Arm States": [35.900001525878906, -86.80000305175781, 10.0, 15.17201042175293, 30.708181381225586, 35.407779693603516], "Number of Trajectories": 1, "Final Desired Pose": [0.11572490632534027, 0.10388357937335968, -0.31436726450920105, -0.9445129036903381, 0.30200403928756714, -0.12918546795845032], "Predicted Trajectory 0": [[0.12878950906715708, 0.35645481547568997, 0.6202213502529408, -0.5951127409934998, 0.055427197366952896, 0.8017285466194153], [0.12897175550460815, 0.35942065715789795, 0.5813900828361511, -0.6946443319320679, -0.06568007916212082, 0.7163486480712891], [0.14995193481445312, 0.35523682832717896, 0.5242384076118469, -0.7768120765686035, -0.21969616413116455, 0.5901665091514587], [0.17450837790966034, 0.3518278896808624, 0.46290212869644165, -0.8086472749710083, -0.3451026976108551, 0.4764384925365448], [0.20676356554031372, 0.342080295085907, 0.3946264684200287, -0.8243687152862549, -0.4651010036468506, 0.322640985250473], [0.24541279673576355, 0.336687833070755, 0.34383222460746765, -0.8120874762535095, -0.5521948933601379, 0.18866553902626038], [0.2800823748111725, 0.3397509753704071, 0.304724782705307, -0.7922329902648926, -0.5949257016181946, 0.13575798273086548], [0.31126201152801514, 0.35529574751853943, 0.2618500888347626, -0.832710862159729, -0.5512287020683289, 0.052341047674417496], [0.35890987515449524, 0.30655163526535034, 0.2275242954492569, -0.7375650405883789, -0.6731659770011902, -0.05334215983748436], [0.3932410180568695, 0.3297191262245178, 0.22172905504703522, -0.7372533679008484, -0.6732789874076843, -0.056151654571294785], [0.42206740379333496, 0.38135695457458496, 0.20381367206573486, -0.8107957243919373, -0.5735775828361511, -0.11670117825269699], [0.4605758488178253, 0.40446001291275024, 0.20321455597877502, -0.8387449979782104, -0.5277518630027771, -0.13410794734954834], [0.501305103302002, 0.39620712399482727, 0.20323416590690613, -0.8051542043685913, -0.5733731985092163, -0.15155763924121857], [0.5444830656051636, 0.4722251296043396, 0.21157097816467285, -0.8974156379699707, -0.3931717872619629, -0.20015288889408112], [0.5918541550636292, 0.4544566571712494, 0.22571663558483124, -0.8817093372344971, -0.4261205494403839, -0.20250913500785828], [0.6323399543762207, 0.4116172194480896, 0.2588658332824707, -0.8336232304573059, -0.5243834257125854, -0.17347751557826996], [0.6518056988716125, 0.4357128143310547, 0.2701428532600403, -0.8840654492378235, -0.4120616614818573, -0.22053003311157227], [0.6813857555389404, 0.33152690529823303, 0.2925480902194977, -0.7811764478683472, -0.594114363193512, -0.19181106984615326], [0.7023434638977051, 0.4727170467376709, 0.28411784768104553, -0.9222099781036377, -0.1931987851858139, -0.3349672555923462], [0.6955142021179199, 0.3866674602031708, 0.3128640651702881, -0.8981388211250305, -0.41356074810028076, -0.14937953650951385], [0.7243783473968506, 0.504132091999054, 0.3170998692512512, -0.9735329151153564, -0.056406646966934204, -0.22147640585899353]], "Control Inputs 0": [[-4.961675337981433, -0.645134449005127, 0.0006405855936463922, -2.391004890203476, -2.950621012598276], [-4.942974098958075, -0.21975457668304443, 0.0006859210436232387, -0.2730225920677185, -2.9787908722646534], [-4.9780579237267375, -1.0039323568344116, 0.0007469637086614966, -1.7754897773265839, -2.982232578098774], [-4.923622398637235, -0.33438920974731445, 0.0052536324132233855, -1.72201269865036, -2.9917684870306402], [-4.971072496846318, 2.903141975402832, 0.0008501356933265924, 2.544751524925232, -2.879815187305212], [-4.994733833009377, 9.75327730178833, 0.0013161305454559623, -1.4217138290405273, -2.9384709801524878], [-4.937788215465844, -1.603807806968689, 0.0014764289138838647, -0.868044912815094, -2.9764781557023525], [-4.97793075395748, -9.860269827768207, 0.5262693881988525, 1.7276312112808228, 2.9343641996383667], [-4.9012326542288065, 7.373745441436768, 0.1729261353611946, -2.2432644367218018, 1.3276258707046509], [-4.94381436612457, 9.818892478942871, 0.08954454362392425, -0.7271749377250671, 1.4954591989517212], [-4.832284357398748, 0.5203258991241455, 0.022434620931744573, 0.9880449771881104, 0.8845252990722656], [-4.9481609696522355, 9.80578064918518, 0.3047044664621353, -1.5220600962638855, 2.940132737159729], [-4.7889817133545876, 5.314573049545288, 0.3214925050735473, 0.6369516849517822, 2.950998902320862], [-4.743369668722153, -5.72205662727356, 0.4658551633358001, 1.4141993522644043, 0.7694077491760254], [-4.83930503949523, 2.8436708450317383, 0.6964455544948578, 1.8869647979736328, 2.9487651586532593], [2.960863709449768, -9.888140885159373, 0.0037062431685626505, -0.12958109378814697, -2.9910253307316452], [-4.829089064151049, 9.78380560874939, 0.019158357381820677, -2.873924721032381, 2.912056088447571], [4.83293354511261, -9.843488801270723, 0.011621801741421222, 0.8105714321136475, 2.834274172782898], [-4.324904456734657, 2.954871654510498, 0.016951089166104792, 0.9807493686676025, 2.892292857170105], [-4.742978364229202, -9.815319683402777, 0.002496125129982829, -2.457071006298065, 2.9427942037582397]], "Final Predicted Pose 0": [0.7243783473968506, 0.504132091999054, 0.3170998692512512, -0.9735329151153564, -0.056406646966934204, -0.22147640585899353], "Predicted Translation Error 0": "2.5365370396100815cm", "Predicted Rotation Error 0": "tensor([0.9311], grad_fn=<DivBackward0>)"}