{"num_updates": "348", "penalty": "tensor(0., dtype=torch.float64, grad_fn=<AddBackward0>)", "Starting Pose": [0.13657459616661072, 0.21563033759593964, -0.2155260443687439, -0.15873754024505615, 0.40444350242614746, -0.8017190098762512, -0.41045650839805603], "Starting Soft Arm States": [-27.299999237060547, 41.0, 10.0, 26.68752098083496, 35.17594909667969, 26.432504653930664], "Number of Trajectories": 1, "Final Desired Pose": [-0.18036465346813202, 0.1289747953414917, -0.2560621500015259, -0.2500539720058441, -0.09047684818506241, 0.9639952778816223], "Predicted Trajectory 0": [[0.7539515083163117, 0.7660089206361277, 0.5573806847289111, -0.6126556992530823, -0.7865422368049622, -0.07748712599277496], [0.717293381690979, 0.7441264390945435, 0.5069391131401062, -0.5561666488647461, -0.8196029663085938, -0.1375851333141327], [0.6543928384780884, 0.703938364982605, 0.4778342545032501, -0.5500125885009766, -0.8312171101570129, -0.08101993054151535], [0.5887552499771118, 0.6560205817222595, 0.44301679730415344, -0.507110059261322, -0.8617817759513855, -0.013104179874062538], [0.5281464457511902, 0.5932771563529968, 0.4302001893520355, -0.41664454340934753, -0.9021862149238586, 0.1116575077176094], [0.4809562563896179, 0.5497298240661621, 0.435638427734375, -0.32147958874702454, -0.923988401889801, 0.20711442828178406], [0.43594786524772644, 0.5165061354637146, 0.44633570313453674, -0.21905101835727692, -0.9335270524024963, 0.28380286693573], [0.3938966691493988, 0.5251467227935791, 0.46724122762680054, -0.24175873398780823, -0.8856938481330872, 0.3963574171066284], [0.38378387689590454, 0.5214880704879761, 0.4340369999408722, -0.2810612618923187, -0.9020740985870361, 0.32751622796058655], [0.373239666223526, 0.5031805038452148, 0.43968668580055237, -0.2335704118013382, -0.8745583891868591, 0.42496174573898315], [0.334707647562027, 0.4914081394672394, 0.45218807458877563, -0.25539690256118774, -0.8198380470275879, 0.5124821662902832], [0.3318210542201996, 0.46793514490127563, 0.4379458427429199, -0.20443730056285858, -0.8226099610328674, 0.5305830240249634], [0.33528053760528564, 0.49765264987945557, 0.44695571064949036, -0.21638411283493042, -0.7265511751174927, 0.6521512866020203], [0.3531617224216461, 0.486444890499115, 0.4572521448135376, -0.1146865114569664, -0.7159126996994019, 0.6887060403823853], [0.375541090965271, 0.4737336337566376, 0.44171449542045593, -0.08816193044185638, -0.6981652975082397, 0.7104876637458801], [0.3679237961769104, 0.4879874587059021, 0.432168573141098, -0.14768238365650177, -0.6522478461265564, 0.7434800267219543], [0.3530958294868469, 0.4842996299266815, 0.44439712166786194, -0.1156960129737854, -0.5970861911773682, 0.7937899231910706], [0.3496128022670746, 0.4655258357524872, 0.4417133331298828, -0.09200217574834824, -0.571914792060852, 0.815137505531311], [0.35960566997528076, 0.5098170638084412, 0.44413572549819946, -0.1052825003862381, -0.4371631443500519, 0.8931987285614014], [0.35522738099098206, 0.4619409739971161, 0.4497235119342804, -0.020177368074655533, -0.4670064449310303, 0.8840236663818359], [0.35174956917762756, 0.5155923366546631, 0.44135338068008423, -0.15450045466423035, -0.3156202435493469, 0.9362229704856873]], "Control Inputs 0": [[4.900979399681091, -9.811699353158474, 0.1640284329652786, -2.906500590965152, -2.9765713554807007], [4.902944564819336, -9.805771131068468, 0.4005805552005768, -2.919882584363222, -2.96426909789443], [4.973548650741577, -9.832466319203377, 0.34679369330406185, 0.5644183158874512, -2.9145746268332005], [4.852944612503052, -9.820021856576204, 0.21367353200912476, 2.9428614377975464, -1.276718258857727], [3.3064699172973633, -9.951296779327095, 0.1538839042186737, 1.1687414646148682, -1.0988105535507202], [4.469473958015442, -7.810243219137192, 0.40049256086349483, -0.15047496557235718, 1.145607590675354], [1.6219961643218994, -3.6125433444976807, 0.43926184773445126, -2.943169327452779, -1.8130584061145782], [-4.972362711559981, -1.5905636548995972, 0.1503220111131668, -0.3480430841445923, 0.5892201662063599], [4.899465441703796, -9.800344351679087, 0.4637445509433746, -1.76129812002182, 0.7227505445480347], [0.5628210306167603, -9.809775240719318, 0.3038293421268463, -0.6922200322151184, -0.7545538544654846], [-4.8994754161685705, -4.065101146697998, 0.3981185495853424, -0.2529314160346985, 2.9368597269058228], [0.6924927234649658, -4.0919435024261475, 0.006522734742611646, 2.9390770196914673, 1.0041182041168213], [-4.899358144029975, 0.26113271713256836, 0.4122460007667541, 2.939011573791504, -0.971791684627533], [-2.8129948675632477, 2.230912446975708, 0.25850339233875275, -1.6143305003643036, -0.36955440044403076], [1.8929964303970337, -4.663838744163513, 0.3772353529930115, 0.17969119548797607, 0.9060176610946655], [1.2755769491195679, -4.600028395652771, 0.37045002579689024, 0.1757962703704834, -0.8493515253067017], [-1.9453877210617065, -3.7084662914276123, 0.20789214968681335, 0.555432915687561, 2.9386539459228516], [-2.4423038959503174, -6.856374144554138, 0.4187605023384094, 2.783332586288452, 0.7677608728408813], [3.0506259202957153, -3.7847763299942017, 0.2282132089138031, -0.29552578926086426, 1.1518220901489258], [-4.362321123480797, -9.226707518100739, 0.19487119913101195, -2.937691569328308, -1.1316338181495667]], "Final Predicted Pose 0": [0.35174956917762756, 0.5155923366546631, 0.44135338068008423, -0.15450045466423035, -0.3156202435493469, 0.9362229704856873], "Predicted Translation Error 0": "0.7578615166119849cm", "Predicted Rotation Error 0": "tensor([0.9697], grad_fn=<DivBackward0>)"}