{"num_updates": "1545", "penalty": "tensor(0., dtype=torch.float64, grad_fn=<AddBackward0>)", "Starting Pose": [-0.3626540005207062, 0.07974928617477417, -0.1907745748758316, -0.33931803703308105, 0.5386319756507874, -0.7123425602912903, 0.29547742009162903], "Starting Soft Arm States": [35.900001525878906, -86.80000305175781, 10.0, 15.17201042175293, 30.708181381225586, 35.407779693603516], "Number of Trajectories": 1, "Final Desired Pose": [0.16029636561870575, 0.20841112732887268, -0.3735162019729614, -0.4232134222984314, 0.7920301556587219, -0.43997567892074585], "Predicted Trajectory 0": [[0.12878950906715708, 0.35645481547568997, 0.6202213502529408, -0.5951127409934998, 0.055427197366952896, 0.8017285466194153], [0.12003830075263977, 0.4317399859428406, 0.560066819190979, -0.6962924599647522, 0.2495395690202713, 0.6729834675788879], [0.1340322345495224, 0.4954800009727478, 0.5091406106948853, -0.7052679061889648, 0.3670739531517029, 0.6065095067024231], [0.15075933933258057, 0.5670202970504761, 0.43377166986465454, -0.7265412211418152, 0.48322853446006775, 0.488495796918869], [0.17604823410511017, 0.6211111545562744, 0.3605596721172333, -0.7305805087089539, 0.5509052872657776, 0.40342989563941956], [0.214072123169899, 0.6616130471229553, 0.2984839975833893, -0.7248174548149109, 0.6067633628845215, 0.3263095021247864], [0.25409817695617676, 0.7057980298995972, 0.2581045925617218, -0.668997585773468, 0.6836870312690735, 0.29157203435897827], [0.29827791452407837, 0.728446900844574, 0.21889911592006683, -0.6459167003631592, 0.7329915165901184, 0.21334251761436462], [0.3500409424304962, 0.7563356161117554, 0.20028601586818695, -0.5678039789199829, 0.8049448728561401, 0.1722279042005539], [0.4065858721733093, 0.7828688025474548, 0.19122260808944702, -0.48731687664985657, 0.8644859790802002, 0.12323261052370071], [0.4605256915092468, 0.7848963737487793, 0.17767813801765442, -0.46833714842796326, 0.8827205896377563, 0.03827199339866638], [0.5039141178131104, 0.8294645547866821, 0.17567093670368195, -0.30329999327659607, 0.9500118494033813, -0.07407175004482269], [0.5111465454101562, 0.8038733601570129, 0.20112329721450806, -0.3477136492729187, 0.9374375343322754, 0.017493922263383865], [0.5801326036453247, 0.8265711069107056, 0.1850898414850235, -0.15774676203727722, 0.9790887832641602, -0.1284564733505249], [0.6410701274871826, 0.8510597944259644, 0.2041448950767517, 0.0273128729313612, 0.9894248247146606, -0.14245173335075378], [0.6862707734107971, 0.8570099472999573, 0.2150975465774536, 0.15943452715873718, 0.9690519571304321, -0.18846476078033447], [0.6853655576705933, 0.8451662659645081, 0.23226718604564667, 0.02742396667599678, 0.9667955040931702, -0.2540754973888397], [0.682526171207428, 0.8475207090377808, 0.2240391969680786, -0.01775274984538555, 0.9517102837562561, -0.30648380517959595], [0.7021132707595825, 0.8069658875465393, 0.23328392207622528, -0.09657175093889236, 0.913632869720459, -0.3949035406112671], [0.7190486192703247, 0.8218631744384766, 0.26184120774269104, -0.1357390582561493, 0.9103895425796509, -0.39085251092910767], [0.7179158329963684, 0.7753406167030334, 0.25244849920272827, -0.29403555393218994, 0.8259268999099731, -0.4810279905796051]], "Control Inputs 0": [[-4.993098449194804, 9.872711896896362, 0.08345018997788428, -1.9116228818893433, 2.994510769844055], [-4.987869788892567, 9.724040031433105, 0.4763905346393585, -0.0024434924125671387, 2.9746556282043457], [-4.986067155841738, 9.98762845993042, 0.0005001273239031434, -1.603776454925537, 2.8893553018569946], [-4.985605735564604, 9.856297969818115, 0.37323054671287537, -1.6490520536899567, 2.7231749296188354], [-4.959038980305195, 9.846644401550293, 0.12359971851110457, 2.5392916202545166, 2.8265494108200073], [-4.915836034342647, 9.847954511642456, 0.01832299921661615, -1.510505050420761, 2.692993640899658], [-4.966371958144009, 9.854985475540161, 0.042070420086383814, -1.0217018723487854, 1.5356411933898926], [-4.887834191322327, 9.792404174804688, 0.39413135051727294, 1.64981210231781, 2.9673489332199097], [-4.933860548771918, 9.595271348953247, 0.18800720274448393, -2.430488169193268, 0.03456830978393555], [-4.854946238920093, 9.867006540298462, 0.35136414170265196, -0.9510669708251953, 1.668831467628479], [4.8220884799957275, 9.837355613708496, 0.28642480075359344, 0.8514046669006348, 2.944588780403137], [-4.828412029892206, 9.533964395523071, 0.017628631740808486, -1.5459933578968048, -0.0408782958984375], [-4.727431088685989, 9.761396646499634, 0.16717608720064162, 0.48558318614959717, 2.5855718851089478], [-2.1003860235214233, 9.570938348770142, 0.445812314748764, 1.346555471420288, 2.9329758882522583], [-4.96672626119107, -9.828629959374666, 0.49885262250900264, 1.7880077362060547, 2.949894905090332], [4.896337389945984, 9.60689663887024, 0.09704643636941909, -0.11858046054840088, -0.26094478368759155], [-4.892925005406141, -9.601493701338768, 0.6142882168292999, -2.9000078178942204, 2.1118909120559692], [-4.898567572236061, -9.82430074363947, 0.22681497931480407, 0.9679155349731445, -0.35972607135772705], [-0.43232202529907227, -9.72272515296936, 0.6018627405166626, 0.407326340675354, 1.2396479845046997], [-4.903549682348967, 9.815880060195923, 0.3920177340507507, -1.6838594377040863, -2.9456571601331234]], "Final Predicted Pose 0": [0.7179158329963684, 0.7753406167030334, 0.25244849920272827, -0.29403555393218994, 0.8259268999099731, -0.4810279905796051], "Predicted Translation Error 0": "6.55569901864735cm", "Predicted Rotation Error 0": "tensor([0.9902], grad_fn=<DivBackward0>)"}