{"num_updates": "183", "penalty": "tensor(0., dtype=torch.float64, grad_fn=<AddBackward0>)", "Starting Pose": [-0.252093106508255, 0.19485968351364136, -0.23709772527217865, -0.44299986958503723, -0.8507615327835083, -0.17388637363910675, -0.22297868132591248], "Starting Soft Arm States": [19.0, -37.29999923706055, 10.0, 30.77773094177246, 34.91761779785156, 12.605279922485352], "Number of Trajectories": 1, "Final Desired Pose": [-0.3773270845413208, 0.11889056861400604, -0.25343748927116394, -0.9115986227989197, -0.34648796916007996, 0.22121046483516693], "Predicted Trajectory 0": [[0.26724005055905203, 0.7034048521710846, 0.5026130764932861, -0.5080632567405701, 0.6762285828590393, 0.533466637134552], [0.25580012798309326, 0.6912046074867249, 0.5230696797370911, -0.5409737229347229, 0.5812087655067444, 0.6079011559486389], [0.24678096175193787, 0.6604665517807007, 0.5313661694526672, -0.5910981297492981, 0.4887436330318451, 0.6416640281677246], [0.2348429262638092, 0.6209890246391296, 0.5294408202171326, -0.6675599217414856, 0.36437028646469116, 0.6493058204650879], [0.2259310930967331, 0.5756151080131531, 0.52926105260849, -0.6792757511138916, 0.21909447014331818, 0.7004156708717346], [0.21923509240150452, 0.57288658618927, 0.5270923972129822, -0.692417323589325, 0.1641535758972168, 0.7025750875473022], [0.21306028962135315, 0.5645588040351868, 0.541229784488678, -0.6571962237358093, 0.09222090989351273, 0.7480564713478088], [0.204729825258255, 0.5589243769645691, 0.5245484709739685, -0.7002418637275696, 0.04009531810879707, 0.7127788662910461], [0.20172977447509766, 0.550105631351471, 0.5194631218910217, -0.6785278916358948, -0.011009286157786846, 0.7344921231269836], [0.19038042426109314, 0.4830865263938904, 0.5080317854881287, -0.6800793409347534, -0.23245735466480255, 0.6953097581863403], [0.1817527413368225, 0.45081719756126404, 0.4926643669605255, -0.6861324906349182, -0.36888593435287476, 0.6270129680633545], [0.1716819405555725, 0.4767132103443146, 0.48104825615882874, -0.7236820459365845, -0.3581679165363312, 0.5899152755737305], [0.15694479644298553, 0.5012059211730957, 0.49223893880844116, -0.7299171686172485, -0.32557499408721924, 0.6010172963142395], [0.1524961143732071, 0.4509950578212738, 0.4629876911640167, -0.7449284791946411, -0.46698763966560364, 0.4764493703842163], [0.14402234554290771, 0.48537197709083557, 0.48218780755996704, -0.7425541877746582, -0.3936295211315155, 0.5419124364852905], [0.14399319887161255, 0.46178096532821655, 0.47849172353744507, -0.7172715067863464, -0.4532134234905243, 0.529262900352478], [0.1412840038537979, 0.4466681480407715, 0.47478416562080383, -0.7177375555038452, -0.49874600768089294, 0.4859065115451813], [0.12887784838676453, 0.4605652391910553, 0.4978310167789459, -0.7191394567489624, -0.4576280415058136, 0.5228910446166992], [0.1309012621641159, 0.5032041072845459, 0.4562513530254364, -0.8324618339538574, -0.3714960515499115, 0.41109374165534973], [0.12552008032798767, 0.4413470923900604, 0.46899092197418213, -0.7502447366714478, -0.5266281962394714, 0.3997443914413452], [0.12287595868110657, 0.4747072160243988, 0.4621618986129761, -0.8042099475860596, -0.481828898191452, 0.34797587990760803]], "Control Inputs 0": [[-1.6670048236846924, -6.68328732252121, 0.014542098157107828, -2.941145746037364, -2.9379295483231544], [-0.8622753620147705, -9.795540310442448, 0.5880726218223571, -1.2471129298210144, -2.3371544927358627], [-0.08270293474197388, -9.790472462773323, 0.0075575469993054865, -2.9415199253708124, -2.9379670210182667], [-0.9325388073921204, -4.842925667762756, 0.5203338384628295, -2.9502710569649935, -2.9363750517368317], [1.5696954727172852, -0.20720720291137695, 0.23784506320953366, 1.396917700767517, -2.9452847354114056], [0.9299302101135254, 1.2884652614593506, 0.007817211654037237, -2.708926700055599, -2.92800529114902], [-0.04747539758682251, 2.351008653640747, 0.08322333022952079, -2.1539319455623627, -2.9429918937385082], [0.03221750259399414, -9.78879014030099, 0.6098892092704773, 0.6152018308639526, -1.0207123160362244], [1.8392819166183472, -9.827410131692886, 0.3682203352451324, -2.939334701746702, -2.9421299658715725], [-0.3818225860595703, 1.9208204746246338, 0.5139086246490479, -2.0462982952594757, -2.0266131162643433], [3.108358383178711, 4.728686809539795, 0.44660876989364623, -0.2766963243484497, -0.4028477668762207], [0.11289656162261963, -1.4316397905349731, 0.03667321503162384, -2.7816087752580643, -2.9561711428686976], [1.4663606882095337, 0.6271588802337646, 0.10109311193227767, 0.2196671962738037, -0.4425206780433655], [-0.5800116062164307, -2.2214818000793457, 0.38810184001922604, 1.1796376705169678, 0.7820903062820435], [-2.3166996240615845, -5.9481218457221985, 0.44486461281776424, 1.818303108215332, 1.3899579048156738], [4.89790678024292, 3.170701265335083, 0.0018233632901683448, -0.43324095010757446, -2.9403886422514915], [-2.2912776470184326, 8.893260955810547, 0.555282986164093, -2.9426332153379917, -0.640204131603241], [2.1177786588668823, -0.37282347679138184, 0.14606487303972243, 0.5820307731628418, -2.453886866569519], [1.0923856496810913, 5.592840909957886, 0.5419982194900512, 1.1227819919586182, -2.9474251102656126], [-1.897304654121399, 4.730631113052368, 0.3543291628360748, -2.57858669757843, -2.9513384364545345]], "Final Predicted Pose 0": [0.12287595868110657, 0.4747072160243988, 0.4621618986129761, -0.8042099475860596, -0.481828898191452, 0.34797587990760803], "Predicted Translation Error 0": "0.9959513445436003cm", "Predicted Rotation Error 0": "tensor([0.9770], grad_fn=<DivBackward0>)"}