{"num_updates": "2774", "penalty": "tensor(0., dtype=torch.float64, grad_fn=<AddBackward0>)", "Starting Pose": [-0.13554009795188904, 0.1981327086687088, -0.25537872314453125, -0.3253438472747803, 0.5200351476669312, -0.7897330522537231, 0.006041544023901224], "Starting Soft Arm States": [-0.800000011920929, -54.29999923706055, 10.0, 26.637842178344727, 28.012285232543945, 35.387908935546875], "Number of Trajectories": 1, "Final Desired Pose": [-0.3146742284297943, 0.045503612607717514, -0.24232107400894165, -0.9464806914329529, -0.26768532395362854, -0.18032988905906677], "Predicted Trajectory 0": [[0.41319425336534477, 0.7132699575300093, 0.45620007167872473, -0.788229763507843, -0.3288380801677704, 0.5201532244682312], [0.39397168159484863, 0.6280402541160583, 0.45790424942970276, -0.6600799560546875, -0.5423882603645325, 0.5197205543518066], [0.3397689163684845, 0.5717329978942871, 0.47180214524269104, -0.5868160128593445, -0.6383512020111084, 0.49815139174461365], [0.29579123854637146, 0.5241961479187012, 0.48697710037231445, -0.5073613524436951, -0.7252371907234192, 0.4654196798801422], [0.2804030179977417, 0.49949249625205994, 0.49048110842704773, -0.5005934834480286, -0.7649082541465759, 0.4053660035133362], [0.3065206706523895, 0.44829419255256653, 0.43832525610923767, -0.4484906494617462, -0.8498083353042603, 0.27691492438316345], [0.31831488013267517, 0.36609697341918945, 0.38653096556663513, -0.37883052229881287, -0.9199996590614319, 0.10043959319591522], [0.2824043929576874, 0.4227384626865387, 0.3943275213241577, -0.556476891040802, -0.8307334780693054, -0.014679753221571445], [0.25584661960601807, 0.41115862131118774, 0.41595810651779175, -0.5371860265731812, -0.8337373733520508, -0.12772271037101746], [0.21084074676036835, 0.43539583683013916, 0.47638601064682007, -0.6635238528251648, -0.7464077472686768, -0.051104236394166946], [0.20357169210910797, 0.3933992087841034, 0.486265629529953, -0.5864869952201843, -0.8077579140663147, -0.05966642498970032], [0.23057910799980164, 0.37179556488990784, 0.4319881200790405, -0.5679942965507507, -0.8011988997459412, -0.1883155107498169], [0.2517277002334595, 0.33790919184684753, 0.42488089203834534, -0.5073906779289246, -0.8292271494865417, -0.2343866527080536], [0.24134047329425812, 0.3388846516609192, 0.4256536364555359, -0.5505719780921936, -0.7712963819503784, -0.3193311393260956], [0.2071143388748169, 0.3787456452846527, 0.48215389251708984, -0.6609258651733398, -0.7126575112342834, -0.2351514846086502], [0.18421931564807892, 0.3344501554965973, 0.500224769115448, -0.624117910861969, -0.7374364733695984, -0.2581944167613983], [0.1702195107936859, 0.34436583518981934, 0.5063644647598267, -0.6932540535926819, -0.6542942523956299, -0.3021552562713623], [0.16329127550125122, 0.3403227627277374, 0.5039633512496948, -0.6951760649681091, -0.6246935725212097, -0.3556518852710724], [0.15500789880752563, 0.32284286618232727, 0.5002848505973816, -0.7451652884483337, -0.563957929611206, -0.35592153668403625], [0.18303968012332916, 0.2671617269515991, 0.42831292748451233, -0.6210166215896606, -0.5390638709068298, -0.568989098072052], [0.16020971536636353, 0.3033272624015808, 0.47088831663131714, -0.8138441443443298, -0.4431568384170532, -0.37585875391960144]], "Control Inputs 0": [[4.933454990386963, -9.889814015477896, 0.45450643897056575, -0.16477632522583008, -2.9993454054929316], [4.943829774856567, -5.450794100761414, 0.5367791414260864, -1.7483254373073578, -2.851814813911915], [4.954027533531189, -2.4350976943969727, 0.4955031633377075, -2.8741785250604153, -2.9676531152799726], [-4.863763498142362, -1.1242032051086426, 0.3489964932203293, 2.1281543970108032, -2.8822225481271744], [-4.880169248208404, -9.720848705619574, 0.1935050755739212, -1.3399643898010254, -2.9616379123181105], [4.895024299621582, 7.531267404556274, 0.45841540694236754, -2.951104234904051, -2.9087896775454283], [4.92891252040863, 9.95008111000061, 0.46312579512596125, -1.9062494337558746, -2.948174038901925], [4.743955135345459, 9.793720245361328, 0.14989704936742781, 2.529225468635559, 2.873196244239807], [4.910144805908203, -6.150949597358704, 0.40450174808502193, 1.4956469535827637, 0.49747180938720703], [-4.899849100038409, -6.358157396316528, 0.2539812594652176, 0.8929399251937866, 0.4737192392349243], [-4.898805534467101, -5.40712833404541, 0.29363712370395656, 1.5322476625442505, 2.975064754486084], [2.5600236654281616, -0.1302647590637207, 0.002760090213268995, 2.9078078269958496, -1.3374822735786438], [3.551238179206848, 9.042353630065918, 0.33302026391029355, 2.9291313886642456, 2.8542176485061646], [4.707057476043701, -0.8324700593948364, 0.14824450612068174, -0.9945622086524963, 0.2925378084182739], [4.898138046264648, -2.4513018131256104, 0.29652629196643826, 1.289020299911499, -2.8706791698932648], [-0.4966685175895691, 4.424010515213013, 0.30941758751869197, -1.1285079717636108, -1.3695879578590393], [3.339780569076538, -6.096213459968567, 0.134883177280426, 0.6715539693832397, -2.8687777407467365], [-4.903946192935109, -8.588784486055374, 0.3425652712583542, 1.1994162797927856, -2.9438626673072577], [4.91146981716156, -7.219045162200928, 0.10997837036848067, 0.7599391937255859, -1.8310249149799347], [-4.909800747409463, 0.18529295921325684, 0.11370565444231033, 1.320034146308899, -2.9480346366763115]], "Final Predicted Pose 0": [0.16020971536636353, 0.3033272624015808, 0.47088831663131714, -0.8138441443443298, -0.4431568384170532, -0.37585875391960144], "Predicted Translation Error 0": "2.920586724931374cm", "Predicted Rotation Error 0": "tensor([0.9567], grad_fn=<DivBackward0>)"}