{"num_updates": "3810", "penalty": "tensor(79.9674, dtype=torch.float64, grad_fn=<AddBackward0>)", "Starting Pose": [-0.2697988450527191, 0.18949687480926514, -0.28324413299560547, -0.42505642771720886, -0.40406179428100586, 0.793532133102417, -0.16238152980804443], "Starting Soft Arm States": [28.600000381469727, 71.4000015258789, 10.0, 28.585247039794922, 34.963985443115234, 11.883283615112305], "Number of Trajectories": 1, "Final Desired Pose": [-0.19201694428920746, 0.11098888516426086, -0.27949023246765137, -0.565913200378418, -0.6857547760009766, 0.4576927423477173], "Predicted Trajectory 0": [[0.245067933456608, 0.6872410066819903, 0.38545352870507266, -0.5859184861183167, 0.6012080907821655, -0.5433675646781921], [0.24450375139713287, 0.7401266694068909, 0.39430707693099976, -0.6095474362373352, 0.6471214890480042, -0.45791447162628174], [0.2689170837402344, 0.7258120179176331, 0.39932873845100403, -0.6682935357093811, 0.6128947138786316, -0.42159661650657654], [0.2947528660297394, 0.7178233861923218, 0.40520235896110535, -0.7462506890296936, 0.568230152130127, -0.34673380851745605], [0.3160480856895447, 0.6982401609420776, 0.39254167675971985, -0.8049463033676147, 0.4955262541770935, -0.32636672258377075], [0.3225511312484741, 0.6857237219810486, 0.39209723472595215, -0.834122359752655, 0.44045835733413696, -0.3320186138153076], [0.3122376501560211, 0.6387723088264465, 0.42433589696884155, -0.9425785541534424, 0.29340660572052, -0.15955643355846405], [0.35665377974510193, 0.662773609161377, 0.38229629397392273, -0.891340970993042, 0.3685556948184967, -0.26396602392196655], [0.3657832145690918, 0.5952588319778442, 0.3794838786125183, -0.9536295533180237, 0.15949895977973938, -0.25524652004241943], [0.34737399220466614, 0.5597073435783386, 0.3854069113731384, -0.9820682406425476, 0.06370537728071213, -0.17743578553199768], [0.3264256715774536, 0.49803388118743896, 0.39510348439216614, -0.9889208078384399, -0.10970533639192581, -0.10000146180391312], [0.33347824215888977, 0.4784415662288666, 0.38323649764060974, -0.9744117856025696, -0.20215964317321777, -0.09824952483177185], [0.3773384392261505, 0.4582427442073822, 0.3374011814594269, -0.926200270652771, -0.29608556628227234, -0.2334231585264206], [0.40020832419395447, 0.4460044205188751, 0.3143446743488312, -0.8772158026695251, -0.3231336772441864, -0.35507339239120483], [0.3714384138584137, 0.44613155722618103, 0.3615994453430176, -0.9427474141120911, -0.31766393780708313, -0.10157275199890137], [0.3425152599811554, 0.415032297372818, 0.36133700609207153, -0.935644268989563, -0.3409285247325897, -0.09130926430225372], [0.2944560945034027, 0.4493224322795868, 0.42270562052726746, -0.93994140625, -0.2838720977306366, 0.18954354524612427], [0.29157036542892456, 0.4145473539829254, 0.41642895340919495, -0.8734408617019653, -0.43823549151420593, 0.2122516632080078], [0.32244449853897095, 0.40554487705230713, 0.3978496789932251, -0.8317469954490662, -0.528610348701477, 0.1696110963821411], [0.332853227853775, 0.4288836717605591, 0.39951780438423157, -0.8592339158058167, -0.4813854694366455, 0.17316238582134247], [0.3377630412578583, 0.4183943569660187, 0.4273186922073364, -0.8166784644126892, -0.49131765961647034, 0.3027261793613434]], "Control Inputs 0": [[-4.901631465181708, -9.820315930992365, 0.0011340078199282289, 2.954908847808838, -1.0854030847549438], [-4.803942646831274, -9.624138996005058, 0.003648357698693871, 2.890511155128479, -2.880517825484276], [-4.891117596998811, -9.569844715297222, 0.00243833907879889, -2.554353341460228, -2.9788531637750566], [-4.810461942106485, -9.8041070997715, 0.004304996924474835, -2.8429971411824226, -2.873305846005678], [2.9540878534317017, -9.539466947317123, 0.004651962267234921, -1.4907490611076355, -2.937812402844429], [-4.763830509036779, 9.153006076812744, 0.00417970004491508, -2.7827326878905296, -2.84494074806571], [-4.825066775083542, -9.492619596421719, 0.005771046690642833, -2.7421824261546135, -2.8608971647918224], [2.0640313625335693, -9.425010308623314, 0.0014674646081402898, -2.852153029292822, -2.9842277043499053], [4.510355591773987, -9.454893209040165, 0.004656166536733508, -2.6737636774778366, -2.8218296840786934], [3.1805598735809326, -9.45870041847229, 0.00046543774078600103, -2.4652801752090454, -2.7255055904388428], [-4.740775860846043, -8.043050616979599, 0.0028023962862789627, -2.7585285902023315, -2.6678806096315384], [-4.702607914805412, -7.624131441116333, 0.0035378595348447557, -2.7703754156827927, -2.799359790980816], [4.712266325950623, -9.244367480278015, 0.010499241575598716, 1.6570934057235718, 2.9164263010025024], [-0.42816251516342163, -9.457585290074348, 0.00853392845019698, 2.061637759208679, 2.9387876987457275], [4.955897331237793, -9.448175244033337, 0.6933126389980315, 2.8448617458343506, 2.834844946861267], [1.8454509973526, -9.597190655767918, 0.6925415515899658, 2.8658480644226074, -1.5941653847694397], [-4.803942106664181, -8.216500133275986, 0.6352210640907288, 0.5665451288223267, -2.8211397416889668], [-4.707426503300667, 9.576631784439087, 0.37071133852005, 2.7127522230148315, -2.9925523339770734], [3.3007538318634033, 1.489638090133667, 0.019341144338250158, 2.893635392189026, -0.016644716262817383], [-4.921586848795414, -5.69552481174469, 0.6537112236022948, -0.25672656297683716, -2.859782125800848]], "Final Predicted Pose 0": [0.3377630412578583, 0.4183943569660187, 0.4273186922073364, -0.8166784644126892, -0.49131765961647034, 0.3027261793613434], "Predicted Translation Error 0": "1.70469263243887cm", "Predicted Rotation Error 0": "tensor([0.9376], grad_fn=<DivBackward0>)"}