{"num_updates": "3644", "penalty": "tensor(0., dtype=torch.float64, grad_fn=<AddBackward0>)", "Starting Pose": [0.03410665690898895, 0.024804752320051193, -0.2692466974258423, 0.7961490154266357, -0.4009815752506256, 0.3087071478366852, -0.331753671169281], "Starting Soft Arm States": [-6.0, -26.100000381469727, 10.0, 29.737791061401367, 3.5968844890594482, 35.40115737915039], "Number of Trajectories": 1, "Final Desired Pose": [-0.15744738280773163, 0.12996906042099, -0.3336130976676941, -0.9542900919914246, 0.00042747409315779805, 0.2988817095756531], "Predicted Trajectory 0": [[0.6256354178713607, 0.1908485064210096, 0.42099114262676424, 0.4878273904323578, -0.4336526691913605, 0.7576079368591309], [0.5531112551689148, 0.19096189737319946, 0.3910517692565918, 0.13690491020679474, -0.7159397602081299, 0.6846074461936951], [0.4716860353946686, 0.21198631823062897, 0.3782244324684143, -0.10189352184534073, -0.7714855670928955, 0.628034770488739], [0.4101456105709076, 0.23282936215400696, 0.3654150366783142, -0.2608030140399933, -0.7783231735229492, 0.5711346864700317], [0.36298298835754395, 0.3015107810497284, 0.36464980244636536, -0.45498231053352356, -0.674898087978363, 0.5809506177902222], [0.3693319857120514, 0.3326181471347809, 0.3341333568096161, -0.544602632522583, -0.6694857478141785, 0.5051701068878174], [0.3846057951450348, 0.39563724398612976, 0.3141655921936035, -0.6361584067344666, -0.570842981338501, 0.5190767645835876], [0.40969669818878174, 0.4542982578277588, 0.278583824634552, -0.7519739270210266, -0.4789670705795288, 0.4529080390930176], [0.41321155428886414, 0.49814125895500183, 0.2644273042678833, -0.823017954826355, -0.393051415681839, 0.4100634455680847], [0.372764527797699, 0.49556371569633484, 0.2775793671607971, -0.8049498796463013, -0.37642067670822144, 0.45865362882614136], [0.3602129817008972, 0.46292170882225037, 0.24781066179275513, -0.8405568599700928, -0.45082688331604004, 0.3003653883934021], [0.361253559589386, 0.5109310150146484, 0.23113442957401276, -0.9042819142341614, -0.3683774173259735, 0.2158060371875763], [0.35982149839401245, 0.5492162108421326, 0.2572766840457916, -0.9164186716079712, -0.2829350531101227, 0.2830626368522644], [0.3767614960670471, 0.5149087309837341, 0.19510050117969513, -0.9410167336463928, -0.33835533261299133, 0.0017848963616415858], [0.3948594927787781, 0.5783575773239136, 0.2508794665336609, -0.9554253220558167, -0.17946895956993103, 0.23442117869853973], [0.4074690639972687, 0.5516245365142822, 0.20215141773223877, -0.9789054989814758, -0.19570474326610565, 0.05868217721581459], [0.36968785524368286, 0.5609169006347656, 0.2662166357040405, -0.9335708618164062, -0.15822672843933105, 0.32157376408576965], [0.3533077836036682, 0.531749427318573, 0.23829661309719086, -0.9597525596618652, -0.207402765750885, 0.18936531245708466], [0.3810919523239136, 0.5613805651664734, 0.23146593570709229, -0.9809706807136536, -0.09309938549995422, 0.17037898302078247], [0.38576340675354004, 0.504343569278717, 0.1989089399576187, -0.9708716869354248, -0.23948934674263, -0.007278915960341692], [0.382193386554718, 0.5350799560546875, 0.24954865872859955, -0.9743381142616272, -0.1768988072872162, 0.1391833871603012]], "Control Inputs 0": [[4.963019490242004, 9.515174627304077, 0.6925435125827789, -2.9669077545404434, 2.917548179626465], [3.1485146284103394, 5.743488073348999, 0.6946427345275878, -2.87551574036479, 2.911888003349304], [4.877832531929016, 4.325205087661743, 0.25736315846443175, -2.9476800486445427, 2.975036144256592], [-4.738140311092138, 9.298001527786255, 0.6942197442054748, -2.9894090553279966, 2.8521090745925903], [-4.907493656501174, 9.810152053833008, 0.2855103939771652, 0.9120383262634277, 2.8887845277786255], [-3.7155264616012573, 9.815658330917358, 0.10973571836948394, -2.7209509760141373, 2.8869287967681885], [-4.898810097947717, 9.781453609466553, 0.1363815739750862, -1.971244990825653, 2.3737152814865112], [4.899289608001709, -1.6095584630966187, 0.5532590746879578, 0.899222731590271, 2.9467921257019043], [3.963678479194641, -0.864909291267395, 0.22070986628532407, -2.85236157104373, -2.912990866228938], [-4.898462183773518, 9.528934955596924, 0.34821009337902065, -1.5203748643398285, -0.3959101438522339], [4.898950457572937, 9.710617065429688, 0.24970911145210264, 0.25144851207733154, 2.3949891328811646], [-4.838716518133879, 4.783807992935181, 0.016476159915328026, -2.077297478914261, -2.9084042385220528], [0.8079689741134644, 6.867791414260864, 0.016229321248829365, 0.475899338722229, 2.320928692817688], [-4.895614599809051, 2.4117982387542725, 0.45762604475021357, 1.411592960357666, 2.9145551919937134], [4.902698993682861, -1.830383539199829, 0.32711780071258545, 2.2508068084716797, 2.9106087684631348], [4.793094992637634, 3.816962242126465, 0.007187517825514077, 0.060587167739868164, -2.923832042142749], [-3.146630972623825, 9.767279624938965, 0.2605798751115799, -2.915919503197074, -0.6324124932289124], [-4.883785378187895, -0.4590219259262085, 0.15806900709867477, 0.9173555374145508, -2.8240680769085884], [4.911336302757263, 6.781958341598511, 0.05635786429047584, 0.9929580688476562, -2.6657298803329468], [-4.907304393127561, 1.6317808628082275, 0.405711430311203, -2.046400487422943, -2.8517018258571625]], "Final Predicted Pose 0": [0.382193386554718, 0.5350799560546875, 0.24954865872859955, -0.9743381142616272, -0.1768988072872162, 0.1391833871603012], "Predicted Translation Error 0": "0.9995097488962619cm", "Predicted Rotation Error 0": "tensor([0.9713], grad_fn=<DivBackward0>)"}