{"num_updates": "86", "penalty": "tensor(745.0294, dtype=torch.float64, grad_fn=<AddBackward0>)", "Starting Pose": [-0.08422879129648209, 0.07048708200454712, -0.35724490880966187, 0.5868653059005737, -0.6206513047218323, -0.4050184488296509, -0.32609984278678894], "Starting Soft Arm States": [0.6000000238418579, -69.4000015258789, 10.0, 20.222673416137695, 1.7124077081680298, 35.394535064697266], "Number of Trajectories": 1, "Final Desired Pose": [-0.3146742284297943, 0.045503612607717514, -0.24232107400894165, -0.9464806914329529, -0.26768532395362854, -0.18032988905906677], "Predicted Trajectory 0": [[0.4774491443424177, 0.32853794479301474, 0.19757547149390578, -0.09849599003791809, -0.9926303625106812, -0.07059396803379059], [0.4357061982154846, 0.3499738872051239, 0.2375006079673767, -0.24264922738075256, -0.947078287601471, -0.21015238761901855], [0.37165701389312744, 0.36947786808013916, 0.27266186475753784, -0.2824847102165222, -0.9130148887634277, -0.2942892014980316], [0.31278714537620544, 0.3731639087200165, 0.3358495831489563, -0.3838772773742676, -0.881974458694458, -0.2734215557575226], [0.27924638986587524, 0.33843979239463806, 0.33207303285598755, -0.3016374111175537, -0.8691977262496948, -0.3918035924434662], [0.21797038614749908, 0.37090352177619934, 0.41141819953918457, -0.4837479293346405, -0.7687846422195435, -0.4182799458503723], [0.18486662209033966, 0.36569923162460327, 0.47499895095825195, -0.49861544370651245, -0.7504207491874695, -0.4338794946670532], [0.17107538878917694, 0.3810000717639923, 0.49953943490982056, -0.6071564555168152, -0.6628358364105225, -0.4381890594959259], [0.18042945861816406, 0.34343957901000977, 0.4716038405895233, -0.5611752867698669, -0.6452301740646362, -0.518420934677124], [0.20203211903572083, 0.3171952962875366, 0.43962833285331726, -0.5207589268684387, -0.623745858669281, -0.5828818082809448], [0.18198619782924652, 0.3443993926048279, 0.476172536611557, -0.6362067461013794, -0.6177290678024292, -0.4622247517108917], [0.18473824858665466, 0.3567464053630829, 0.48088303208351135, -0.6435222625732422, -0.6127238273620605, -0.4587468206882477], [0.18743368983268738, 0.31256747245788574, 0.4755573868751526, -0.5915122628211975, -0.6587114930152893, -0.4649864435195923], [0.18016187846660614, 0.30802178382873535, 0.47677239775657654, -0.613833487033844, -0.6270399689674377, -0.4796138405799866], [0.18726149201393127, 0.29019278287887573, 0.47192391753196716, -0.6082429885864258, -0.6374350786209106, -0.4729873239994049], [0.1988658905029297, 0.27990204095840454, 0.46663811802864075, -0.5899303555488586, -0.6448957920074463, -0.4858926236629486], [0.19519761204719543, 0.24927955865859985, 0.47879788279533386, -0.5660128593444824, -0.659613847732544, -0.4945089519023895], [0.1725265085697174, 0.2564418315887451, 0.4955041706562042, -0.6823336482048035, -0.5780948996543884, -0.44746729731559753], [0.1725839227437973, 0.27003589272499084, 0.48048946261405945, -0.7231208682060242, -0.5315642952919006, -0.4410618245601654], [0.18505452573299408, 0.25203806161880493, 0.45190736651420593, -0.7038998603820801, -0.489688515663147, -0.5145193338394165], [0.17120301723480225, 0.27317818999290466, 0.4848296642303467, -0.8487857580184937, -0.41694656014442444, -0.3251435458660126]], "Control Inputs 0": [[4.934592843055725, 9.832592010498047, 0.6958678960800171, -0.3272032141685486, 0.25884246826171875], [4.938008785247803, 9.913623332977295, 0.6899902582168579, 1.2555402517318726, 1.663686990737915], [4.817295670509338, -9.814974404871464, 0.00922905607149005, -0.5666660070419312, -0.43916434049606323], [4.967027902603149, 9.889463186264038, 0.6873387873172759, -0.8270441293716431, -0.453869104385376], [4.858351349830627, 9.875777959823608, 0.6892036497592926, 2.9621407985687256, 0.36491668224334717], [-0.1584431529045105, 9.92723822593689, 0.01946544963866472, -0.6363948583602905, 0.28359031677246094], [2.390419840812683, -9.459769800305367, 0.01814017705619335, -0.10853004455566406, -1.1156094074249268], [-4.153643026947975, -9.671474918723106, 0.3437992990016937, 2.5409313440322876, 2.96624493598938], [4.820600152015686, -9.820197932422161, 0.013886232115328311, -1.67824324965477, 2.849092125892639], [-3.028362989425659, 9.758332967758179, 0.002963706851005554, -0.2670024633407593, 2.9436696767807007], [0.3881549835205078, -9.25110749900341, 0.015042156539857387, 1.5560857057571411, 2.9100877046585083], [1.5576869249343872, -9.229920506477356, 0.00680896732956171, -0.9289843440055847, 0.8353614807128906], [0.578765869140625, -6.0091036558151245, 0.01278133001178503, 1.9632296562194824, 1.0645129680633545], [-3.3316570520401, -2.006320357322693, 0.007426890637725591, 2.8940409421920776, 2.9273546934127808], [1.1819332838058472, -9.688612688332796, 0.004886374901980161, 2.9216930866241455, 2.924085259437561], [4.879227876663208, -1.8682408332824707, 0.014347214065492152, 1.3382266759872437, -2.081861525774002], [-0.052702128887176514, 3.910304307937622, 0.01711573302745819, -2.000103235244751, -2.7369366735219955], [-2.8960369527339935, 2.9323220252990723, 0.01795481238514185, 1.9399899244308472, -2.8438169471919537], [4.005295634269714, 2.1798300743103027, 0.0035908998921513557, 1.8756169080734253, -1.414965569972992], [-4.90571990609169, -9.433484859764576, 0.24493357241153715, -0.054521799087524414, -2.905090894550085]], "Final Predicted Pose 0": [0.17120301723480225, 0.27317818999290466, 0.4848296642303467, -0.8487857580184937, -0.41694656014442444, -0.3251435458660126], "Predicted Translation Error 0": "1.5685751725554902cm", "Predicted Rotation Error 0": "tensor([0.9736], grad_fn=<DivBackward0>)"}