{"num_updates": "5450", "penalty": "tensor(0.0003, dtype=torch.float64, grad_fn=<AddBackward0>)", "Starting Pose": [0.24392195045948029, 0.04088573157787323, -0.23706331849098206, 0.12747010588645935, -0.012919716536998749, -0.7305063605308533, 0.6707793474197388], "Starting Soft Arm States": [-37.599998474121094, -57.0, 10.0, 10.57176685333252, 26.157615661621094, 35.40446853637695], "Number of Trajectories": 1, "Final Desired Pose": [-0.18219251930713654, 0.13986685872077942, -0.2688325047492981, -0.6802024245262146, 0.5517703294754028, 0.4825703501701355], "Predicted Trajectory 0": [[0.8883778754538307, 0.23931759759419574, 0.5027004307018738, -0.0676129013299942, 0.9767233729362488, -0.2035679966211319], [0.8600809574127197, 0.34437379240989685, 0.4243359863758087, 0.17374187707901, 0.9094352722167969, -0.37781110405921936], [0.8255736231803894, 0.3884439170360565, 0.3949616551399231, 0.44884657859802246, 0.7779096364974976, -0.43976500630378723], [0.7884881496429443, 0.4078614115715027, 0.35625550150871277, 0.7484031319618225, 0.5771995782852173, -0.32670074701309204], [0.7351534962654114, 0.3742820918560028, 0.3149856626987457, 0.968889057636261, 0.17796632647514343, -0.1719939261674881], [0.6521173715591431, 0.346557080745697, 0.27398601174354553, 0.9425910711288452, -0.316843181848526, 0.10551026463508606], [0.544501006603241, 0.3215523064136505, 0.23079784214496613, 0.644523561000824, -0.670981228351593, 0.36657005548477173], [0.4532545208930969, 0.3817393183708191, 0.20811261236667633, 0.2682306468486786, -0.852197527885437, 0.44923457503318787], [0.3950865566730499, 0.48598676919937134, 0.21655955910682678, -0.2907870411872864, -0.9124730825424194, 0.28781217336654663], [0.39324674010276794, 0.43030667304992676, 0.19391395151615143, -0.226887047290802, -0.9540994763374329, 0.19549031555652618], [0.3416600227355957, 0.49686938524246216, 0.22411201894283295, -0.43951544165611267, -0.8144143223762512, 0.3788871467113495], [0.3393506109714508, 0.543131947517395, 0.17757239937782288, -0.6113401055335999, -0.7780369520187378, 0.1446438878774643], [0.3324710726737976, 0.6114354133605957, 0.2098398059606552, -0.781415581703186, -0.5923899412155151, 0.19612181186676025], [0.3375944495201111, 0.4631674885749817, 0.1567070335149765, -0.675785481929779, -0.7359588146209717, -0.04096943885087967], [0.3059287369251251, 0.6087708473205566, 0.24370962381362915, -0.9064888954162598, -0.35968559980392456, 0.22114254534244537], [0.28856855630874634, 0.42066341638565063, 0.254308819770813, -0.7219036221504211, -0.6421073079109192, 0.2579791247844696], [0.3032914698123932, 0.5739109516143799, 0.26924657821655273, -0.9079179167747498, -0.2067164033651352, 0.36462780833244324], [0.3139156699180603, 0.3831489384174347, 0.2858048677444458, -0.751372754573822, -0.5547964572906494, 0.3572673797607422], [0.33143654465675354, 0.579586386680603, 0.28252682089805603, -0.9139500260353088, 0.060546014457941055, 0.40128493309020996], [0.3245951533317566, 0.3476793169975281, 0.3170144557952881, -0.7598041296005249, -0.48779088258743286, 0.4298344850540161], [0.3251919150352478, 0.6019282341003418, 0.3698115348815918, -0.7468687295913696, 0.1676592379808426, 0.6434885263442993]], "Control Inputs 0": [[4.8201751708984375, 9.95227336883545, 0.3727418422698974, 0.29632794857025146, -2.9961337546119466], [4.946303367614746, 9.675781726837158, 0.36151741147041316, 2.8527098894119263, -2.9750437969341874], [4.896610975265503, 9.665497541427612, 0.005229861568659544, -0.597166121006012, -2.9873104845173657], [4.885687232017517, 9.921993017196655, 0.035361978411674495, -0.0278128981590271, -1.6104457676410675], [4.965968132019043, 9.77479338645935, 0.17384105324745178, 2.102237105369568, 2.862490653991699], [4.777898788452148, 9.775397777557373, 0.13439357578754424, -1.7066636681556702, 2.6049188375473022], [4.955666661262512, 9.75683331489563, 0.12497099488973616, -1.9856671392917633, -2.5523075312376022], [-4.99869135703193, 9.579167366027832, 0.6171890676021575, 1.5727375745773315, 2.9995747804641724], [4.372305870056152, -9.124136567115784, 0.6275478243827819, -2.335697114467621, 2.9558558464050293], [-4.979405631311238, 9.543901681900024, 0.5583239436149596, -1.1684054732322693, 2.9713211059570312], [4.770534634590149, 9.563632011413574, 0.31731394231319426, -1.3498719334602356, 2.968193292617798], [-4.836943820118904, -9.425515420734882, 0.37164151668548584, -0.6236718893051147, -2.7880247086286545], [3.9259105920791626, 9.627835750579834, 0.007249813247472047, 1.891818881034851, 2.9791760444641113], [4.749804735183716, -9.768944717943668, 0.6885006129741669, 2.86940860748291, -1.1160884499549866], [-4.751296527683735, 9.666060209274292, 0.5915496289730071, 2.665886163711548, 2.94736647605896], [4.81594979763031, -9.569678343832493, 0.0089026166126132, 2.869958996772766, -2.8842180222272873], [-4.978208185639232, 9.79546070098877, 0.09996092021465301, -2.887453828006983, 2.9625037908554077], [4.7446030378341675, -9.49170347303152, 0.25899259746074677, 2.864997625350952, -2.9221837911754847], [2.9018419981002808, 9.987344741821289, 0.05963526219129562, 2.704127311706543, 2.9917187690734863], [-4.925414188764989, 9.38677430152893, 0.4343149721622467, 2.672303080558777, 2.9473525285720825]], "Final Predicted Pose 0": [0.3251919150352478, 0.6019282341003418, 0.3698115348815918, -0.7468687295913696, 0.1676592379808426, 0.6434885263442993], "Predicted Translation Error 0": "3.7894883466731915cm", "Predicted Rotation Error 0": "tensor([0.9111], grad_fn=<DivBackward0>)"}