{"num_updates": "827", "penalty": "tensor(4.0535, dtype=torch.float64, grad_fn=<AddBackward0>)", "Starting Pose": [0.11965111643075943, 0.1021370217204094, -0.3185345530509949, 0.06595801562070847, 0.8097113966941833, -0.39947664737701416, 0.4247768223285675], "Starting Soft Arm States": [-34.5, 71.0, 10.0, 10.14453125, 7.246609687805176, 35.407779693603516], "Number of Trajectories": 1, "Final Desired Pose": [0.05249641463160515, 0.2556997537612915, -0.2790928781032562, -0.6533428430557251, 0.7567075490951538, 0.023170484229922295], "Predicted Trajectory 0": [[0.7327589794905964, 0.42393287000988494, 0.29585587942052094, -0.6304283738136292, 0.4461907744407654, 0.6351959109306335], [0.7444487810134888, 0.49801284074783325, 0.2695995271205902, -0.6832662224769592, 0.44517314434051514, 0.5787643790245056], [0.7394850850105286, 0.5314272046089172, 0.28398820757865906, -0.7206885814666748, 0.3421957492828369, 0.6029179692268372], [0.7762508988380432, 0.5565697550773621, 0.3097761273384094, -0.685303807258606, 0.41546157002449036, 0.5981224179267883], [0.7950636148452759, 0.5899924039840698, 0.3218090832233429, -0.655295193195343, 0.48494893312454224, 0.5791484117507935], [0.7758120894432068, 0.6444569230079651, 0.32505425810813904, -0.6039448380470276, 0.49158844351768494, 0.6273686289787292], [0.7416218519210815, 0.6847900152206421, 0.33357760310173035, -0.5546759963035583, 0.45524245500564575, 0.6964831352233887], [0.708850622177124, 0.7200007438659668, 0.3428870439529419, -0.49782171845436096, 0.45070943236351013, 0.7409687042236328], [0.6840630769729614, 0.7349148988723755, 0.37448468804359436, -0.4668843746185303, 0.42042437195777893, 0.7779860496520996], [0.6757428050041199, 0.7113422751426697, 0.37681901454925537, -0.5261956453323364, 0.3946385979652405, 0.7532452940940857], [0.6795393824577332, 0.7330487370491028, 0.3835090398788452, -0.5250834822654724, 0.49051257967948914, 0.6954744458198547], [0.6702368259429932, 0.7523140907287598, 0.389295369386673, -0.4692535400390625, 0.5263567566871643, 0.7090483903884888], [0.6594111323356628, 0.7666229009628296, 0.399787962436676, -0.4717533588409424, 0.5112923383712769, 0.7183514833450317], [0.6622979044914246, 0.7736719846725464, 0.3965626060962677, -0.48668166995048523, 0.5785918235778809, 0.6545016765594482], [0.6671004891395569, 0.7851177453994751, 0.4085853695869446, -0.46616071462631226, 0.6098341941833496, 0.6409340500831604], [0.6726640462875366, 0.7890816330909729, 0.4179421067237854, -0.4937819242477417, 0.6500002145767212, 0.577649712562561], [0.6575004458427429, 0.8014464974403381, 0.4204044044017792, -0.5119508504867554, 0.7020013332366943, 0.4950762689113617], [0.6326437592506409, 0.8048213720321655, 0.4053976535797119, -0.5202276110649109, 0.7219828963279724, 0.45618411898612976], [0.6474465727806091, 0.8370877504348755, 0.399446040391922, -0.46353331208229065, 0.7991605997085571, 0.3827260136604309], [0.6483843922615051, 0.8336355686187744, 0.3873394727706909, -0.5305508375167847, 0.8077581524848938, 0.25698748230934143], [0.659920334815979, 0.8613656759262085, 0.3780660331249237, -0.4854819178581238, 0.8534966111183167, 0.18934310972690582]], "Control Inputs 0": [[4.818534255027771, 3.4407925605773926, 0.001845361548475921, 0.6817106008529663, 2.986904740333557], [-4.201034903526306, -2.2945451736450195, 0.005245826579630374, 0.5442423820495605, 2.96027147769928], [-4.853571709245443, -4.096953868865967, 0.0023053220938891172, -0.48848623037338257, 2.958296298980713], [2.1493947505950928, 1.6313719749450684, 0.000949142116587609, 1.4089690446853638, 2.903606414794922], [4.806751012802124, 5.919243097305298, 0.0008454144466668367, 2.9490047693252563, 2.9032877683639526], [4.7874003648757935, 6.632547378540039, 0.0047005506232380865, 1.8682719469070435, 2.979038715362549], [4.76830780506134, 6.1522376537323, 0.0030773798935115337, 2.0550034046173096, 2.906206727027893], [-0.46693652868270874, -7.627378404140472, 0.10832055956125258, 1.4191292524337769, 2.9558154344558716], [-3.5714760422706604, -7.023574709892273, 0.19281461834907532, -2.2762220352888107, 2.899877429008484], [0.17680108547210693, 4.258612394332886, 0.05158382728695869, 0.24733078479766846, 2.9767144918441772], [4.893391132354736, 7.852224111557007, 0.14582235664129256, 0.8420852422714233, 2.943715810775757], [-1.2735545635223389, -0.27407288551330566, 0.3580550074577331, -0.8405063152313232, 2.92905056476593], [0.4529672861099243, 1.8729794025421143, 0.3662534177303314, 0.005445241928100586, 2.9459885358810425], [-1.5191984176635742, -1.7467188835144043, 0.5974087417125702, -0.06792032718658447, 2.9417957067489624], [-1.9585376977920532, -5.803567171096802, 0.6862301170825957, 0.021550297737121582, 2.9447386264801025], [4.895236492156982, -0.18307924270629883, 0.5957663059234619, -0.6062618494033813, 2.9457846879959106], [1.5002590417861938, 6.527459621429443, 0.5381554663181305, -2.9189342614263296, 2.938512682914734], [-2.7692724764347076, -3.9951980113983154, 0.5487504184246063, -1.0244972705841064, 2.8858262300491333], [-0.4781040549278259, 2.9423177242279053, 0.3227209210395813, -1.2647718787193298, 1.0417327880859375], [-0.12016236782073975, 2.3593199253082275, 0.011406495422124862, -2.9381781108677387, 0.6517181396484375]], "Final Predicted Pose 0": [0.659920334815979, 0.8613656759262085, 0.3780660331249237, -0.4854819178581238, 0.8534966111183167, 0.18934310972690582], "Predicted Translation Error 0": "1.4204112635659742cm", "Predicted Rotation Error 0": "tensor([0.9674], grad_fn=<DivBackward0>)"}