{"num_updates": "1096", "penalty": "tensor(0., dtype=torch.float64, grad_fn=<AddBackward0>)", "Starting Pose": [0.08079162240028381, 0.07169370353221893, -0.2687746286392212, 0.250687837600708, -0.2986932694911957, 0.891241192817688, -0.2315749078989029], "Starting Soft Arm States": [-26.600000381469727, -13.5, 10.0, 23.819408416748047, 22.699981689453125, 35.407779693603516], "Number of Trajectories": 1, "Final Desired Pose": [-0.2865540385246277, 0.06326935440301895, -0.2699086666107178, -0.5279637575149536, -0.725439190864563, 0.44157925248146057], "Predicted Trajectory 0": [[0.6840969454262327, 0.3321747785889297, 0.42218966204125336, -0.7670572996139526, 0.26302069425582886, 0.5851864814758301], [0.6567081212997437, 0.39639291167259216, 0.38432520627975464, -0.7067432403564453, 0.35016530752182007, 0.6147342920303345], [0.596924364566803, 0.43117454648017883, 0.37430742383003235, -0.6282777190208435, 0.3061497211456299, 0.7152198553085327], [0.5558562874794006, 0.4374346435070038, 0.3719482421875, -0.5813000798225403, 0.1609971821308136, 0.7976027727127075], [0.5137284398078918, 0.43080681562423706, 0.35191500186920166, -0.6521730422973633, 0.014786138199269772, 0.7579258680343628], [0.4757708013057709, 0.42082223296165466, 0.36525148153305054, -0.648864209651947, -0.11157111823558807, 0.7526798844337463], [0.4399879574775696, 0.36298128962516785, 0.4059669077396393, -0.47902366518974304, -0.3107151389122009, 0.8209704756736755], [0.38235992193222046, 0.37907838821411133, 0.40121909976005554, -0.5915003418922424, -0.24554607272148132, 0.7680068016052246], [0.35245391726493835, 0.3135707974433899, 0.40459853410720825, -0.49994370341300964, -0.4788382053375244, 0.7216441035270691], [0.297717422246933, 0.3442120850086212, 0.42220422625541687, -0.5905615091323853, -0.35306599736213684, 0.7256593704223633], [0.2624587416648865, 0.30241695046424866, 0.4251681864261627, -0.6079217195510864, -0.466770201921463, 0.642305850982666], [0.24191121757030487, 0.31255730986595154, 0.42572492361068726, -0.6492367386817932, -0.4792492389678955, 0.5906029343605042], [0.23093554377555847, 0.3066638112068176, 0.42373305559158325, -0.649964451789856, -0.516974687576294, 0.5570308566093445], [0.22734086215496063, 0.30718332529067993, 0.4192243218421936, -0.6439918279647827, -0.5429495573043823, 0.5389622449874878], [0.22458237409591675, 0.30708348751068115, 0.41884469985961914, -0.6268987059593201, -0.5612585544586182, 0.5403580665588379], [0.22452601790428162, 0.3067423105239868, 0.4178517460823059, -0.6079015731811523, -0.5792191624641418, 0.5431029796600342], [0.22475787997245789, 0.30602312088012695, 0.41784584522247314, -0.5868561863899231, -0.5953106880187988, 0.5488214492797852], [0.2243729680776596, 0.3060246407985687, 0.4189051687717438, -0.5697829127311707, -0.6060168743133545, 0.5550594329833984], [0.2244683802127838, 0.30478906631469727, 0.417161762714386, -0.5545176267623901, -0.6244027614593506, 0.5501194596290588], [0.22054557502269745, 0.2981428802013397, 0.42439600825309753, -0.529379665851593, -0.6458156108856201, 0.5501630306243896], [0.22128485143184662, 0.3049801290035248, 0.4153715670108795, -0.5287343859672546, -0.6670383214950562, 0.5248808264732361]], "Control Inputs 0": [[4.93354856967926, 9.500025510787964, 0.4559448897838592, 1.9296598434448242, 2.99369215965271], [4.928691983222961, 9.807413816452026, 0.6935132443904877, 2.9643094539642334, -2.943112749606371], [4.98834490776062, 9.80736494064331, 0.0026401516748592257, -2.898983895778656, -2.9455507546663284], [4.931093454360962, 6.632174253463745, 0.006712680496275425, -2.9157468751072884, -2.911692375317216], [4.914894700050354, -9.610944427549839, 0.6954671442508698, 2.9425742626190186, -2.943351086229086], [4.869943857192993, -9.650340303778648, 0.010089235007762909, -2.95822427328676, 2.8858394622802734], [4.923937916755676, -4.854772090911865, 0.5050272047519684, -1.8791073560714722, -2.941681394353509], [4.78874146938324, -9.807701967656612, 0.17011912018060682, -2.104798346757889, 2.942842125892639], [4.866649508476257, -9.797279369086027, 0.0379704900085926, -2.9411038253456354, 1.2190232276916504], [1.966867446899414, -6.4284661412239075, 0.04699638709425926, -1.5717195868492126, -0.24439358711242676], [1.0076510906219482, -4.092223644256592, 0.026190511509776113, -0.2764427661895752, 0.15323567390441895], [-1.053752601146698, -4.616518020629883, 0.005483060423284769, 0.6199268102645874, 0.6654657125473022], [-0.5709832906723022, -4.598008990287781, 0.015423068962991237, 0.9311914443969727, 0.682550311088562], [-0.8762085437774658, -4.478368163108826, 0.0019506091019138693, 0.9310941696166992, 0.6600401401519775], [-0.8542406558990479, -4.048517346382141, 0.019573482871055602, 0.820570707321167, 0.5278640985488892], [-0.30346423387527466, -3.700825572013855, 0.003933629998937249, 0.5765511989593506, 0.23128509521484375], [-0.5436596274375916, -2.687256336212158, 0.09969410002231598, 0.26158368587493896, -0.048566222190856934], [0.16314148902893066, -2.2094041109085083, 0.02873740568757057, 0.16628623008728027, -0.47038203477859497], [1.468917727470398, -3.3974307775497437, 0.13117549270391463, 0.7577015161514282, -0.908644437789917], [-3.145766705274582, 9.798479080200195, 0.04147859141230583, -2.939046638086438, -2.769075885415077]], "Final Predicted Pose 0": [0.22128485143184662, 0.3049801290035248, 0.4153715670108795, -0.5287343859672546, -0.6670383214950562, 0.5248808264732361], "Predicted Translation Error 0": "0.27872987680258887cm", "Predicted Rotation Error 0": "tensor([0.9948], grad_fn=<DivBackward0>)"}