{"num_updates": "844", "penalty": "tensor(0., dtype=torch.float64, grad_fn=<AddBackward0>)", "Starting Pose": [0.010257423855364323, 0.06122927740216255, -0.3528884947299957, 0.05482672154903412, 0.29676634073257446, -0.7441645860671997, 0.5959386229515076], "Starting Soft Arm States": [-9.899999618530273, -42.29999923706055, 10.0, 13.337212562561035, 17.63275909423828, 35.39122009277344], "Number of Trajectories": 1, "Final Desired Pose": [-0.06713783740997314, 0.10146401077508926, -0.29908812046051025, -0.6199449896812439, -0.7173708081245422, 0.31787940859794617], "Predicted Trajectory 0": [[0.5957700729866777, 0.3006343346867921, 0.20863582329010383, -0.28370237350463867, 0.9194942712783813, 0.27210885286331177], [0.5894013047218323, 0.30899831652641296, 0.2102527916431427, -0.3306035101413727, 0.7754271030426025, 0.5379722118377686], [0.5538955926895142, 0.32728078961372375, 0.21448589861392975, -0.3147345781326294, 0.5867626667022705, 0.7460909485816956], [0.4961031377315521, 0.348381370306015, 0.20873038470745087, -0.370064914226532, 0.47103002667427063, 0.8007388710975647], [0.47551479935646057, 0.3280339241027832, 0.21814733743667603, -0.34797611832618713, 0.35621175169944763, 0.8671942353248596], [0.4819757044315338, 0.3436319828033447, 0.2412395179271698, -0.26731783151626587, 0.35632574558258057, 0.8953062295913696], [0.49643924832344055, 0.35323798656463623, 0.26234856247901917, -0.23606552183628082, 0.3341827988624573, 0.9124664068222046], [0.4993487596511841, 0.3721843361854553, 0.27047982811927795, -0.23019945621490479, 0.3033047914505005, 0.9246699213981628], [0.4983988106250763, 0.36964941024780273, 0.2840985655784607, -0.32631567120552063, 0.15227380394935608, 0.9329151511192322], [0.5095709562301636, 0.39850884675979614, 0.3159831464290619, -0.14945738017559052, 0.12346649914979935, 0.9810293912887573], [0.48671281337738037, 0.40732863545417786, 0.33038195967674255, -0.34565865993499756, -0.04528452828526497, 0.937267005443573], [0.4907372295856476, 0.3888664245605469, 0.3231929838657379, -0.32300248742103577, -0.12087681889533997, 0.9386470317840576], [0.5008105635643005, 0.4189755618572235, 0.3253910541534424, -0.3478381037712097, -0.12541063129901886, 0.9291290044784546], [0.48947587609291077, 0.4290615916252136, 0.3571893572807312, -0.3662249743938446, -0.2905597388744354, 0.8839989900588989], [0.4986827075481415, 0.41452962160110474, 0.3649844825267792, -0.31985199451446533, -0.4277580678462982, 0.8454098105430603], [0.5012715458869934, 0.42898496985435486, 0.3525390625, -0.42341798543930054, -0.5297063589096069, 0.7349342703819275], [0.5028113126754761, 0.4196971654891968, 0.34810367226600647, -0.40856125950813293, -0.6498900651931763, 0.6408748626708984], [0.4987667202949524, 0.4190608859062195, 0.34364625811576843, -0.42359864711761475, -0.7051500678062439, 0.568618893623352], [0.5038608312606812, 0.4262952506542206, 0.35048893094062805, -0.4324992597103119, -0.7203453779220581, 0.5422608852386475], [0.5002069473266602, 0.40710487961769104, 0.33726832270622253, -0.4052729904651642, -0.816575825214386, 0.41104474663734436], [0.5003299117088318, 0.42509832978248596, 0.33741071820259094, -0.48935019969940186, -0.7984169721603394, 0.35080859065055847]], "Control Inputs 0": [[4.905517101287842, 9.571255445480347, 0.005374049628153443, 2.9622645378112793, -2.9459786731749773], [4.8883503675460815, 9.697955846786499, 0.008847248554229735, 2.506726026535034, 0.855769157409668], [-1.575067937374115, 9.748270511627197, 0.011330848559737206, 1.6791350841522217, -0.6663359999656677], [-4.90575073286891, 9.800515174865723, 0.006103198323398828, 2.9427337646484375, -0.030618488788604736], [-4.881356675177813, 9.625494480133057, 0.004810725757852196, 1.5134661197662354, 0.40894103050231934], [-2.6223479211330414, 9.807175397872925, 0.08220870941877365, -0.34973305463790894, 1.032848596572876], [1.1005395650863647, 9.799621105194092, 0.12017361372709273, -1.2933323979377747, -2.941727539524436], [-2.9357218742370605, 9.976818561553955, 0.011989052407443523, 2.923560619354248, 1.1251884698867798], [4.856566786766052, 9.803019762039185, 0.04190324805676937, -0.6199952960014343, -2.933273049071431], [2.136065363883972, -6.1075785756111145, 0.12453841865062713, -1.8957595825195312, 1.1731781959533691], [-4.898969307541847, 4.835238456726074, 0.3867544710636139, -2.873854659497738, 2.9442901611328125], [4.853650331497192, 9.798336029052734, 0.007444159500300884, 2.934709668159485, -1.4702083468437195], [-1.5631595253944397, 2.1669089794158936, 0.03818930760025978, 2.939728260040283, -1.3815890550613403], [-1.0698485374450684, 3.0627644062042236, 0.0671367272734642, -2.390226513147354, -1.5635796189308167], [0.4168790578842163, 2.1503841876983643, 0.13969139605760572, -0.10725170373916626, -0.5836595892906189], [0.9535032510757446, -1.6233032941818237, 0.15413770675659177, -1.2887159585952759, -0.19816607236862183], [-1.1811843514442444, 0.5754613876342773, 0.2949641108512878, -0.5727503299713135, 2.939521551132202], [-0.9227272868156433, -0.24613440036773682, 0.14677406400442122, 0.44219255447387695, -1.020269751548767], [1.811310052871704, 1.3204240798950195, 0.011782355420291423, 0.006183028221130371, -0.043334126472473145], [-4.8904280085116625, -9.535841718316078, 0.1390819862484932, -1.01864755153656, -2.895585436373949]], "Final Predicted Pose 0": [0.5003299117088318, 0.42509832978248596, 0.33741071820259094, -0.48935019969940186, -0.7984169721603394, 0.35080859065055847], "Predicted Translation Error 0": "0.3463653545660969cm", "Predicted Rotation Error 0": "tensor([0.9876], grad_fn=<DivBackward0>)"}