{"num_updates": "183", "penalty": "tensor(1076.6149, dtype=torch.float64, grad_fn=<AddBackward0>)", "Starting Pose": [-0.2373857945203781, 0.16820833086967468, -0.27910685539245605, -0.2144898623228073, -0.4621627926826477, -0.8525670170783997, -0.11631454527378082], "Starting Soft Arm States": [11.699999809265137, -52.099998474121094, 10.0, 16.387481689453125, 35.212379455566406, 19.351640701293945], "Number of Trajectories": 1, "Final Desired Pose": [-0.33771198987960815, 0.05388468876481056, -0.2673187553882599, -0.9514855742454529, -0.03020760603249073, 0.30620697140693665], "Predicted Trajectory 0": [[0.28565737005343383, 0.6230759853478269, 0.3959575223412493, -0.8809300661087036, -7.342227036133409e-05, 0.4732465147972107], [0.2652376592159271, 0.5973356366157532, 0.4465320408344269, -0.7975188493728638, -0.180582195520401, 0.5756334662437439], [0.2165994644165039, 0.5389399528503418, 0.5017102360725403, -0.6993656754493713, -0.355843722820282, 0.6198894381523132], [0.1964213252067566, 0.5401107668876648, 0.5153201222419739, -0.7237439155578613, -0.37374696135520935, 0.5800931453704834], [0.20661120116710663, 0.5078960657119751, 0.47818443179130554, -0.7283658385276794, -0.472353458404541, 0.49635207653045654], [0.2138988971710205, 0.47437095642089844, 0.46236470341682434, -0.661262571811676, -0.5431299209594727, 0.5174376368522644], [0.21566142141819, 0.41973134875297546, 0.43166685104370117, -0.6461827158927917, -0.6168354153633118, 0.44940176606178284], [0.21659503877162933, 0.45087772607803345, 0.4073294699192047, -0.7114062905311584, -0.5751553773880005, 0.4038532078266144], [0.2152092307806015, 0.46508562564849854, 0.42824724316596985, -0.6855840086936951, -0.587805986404419, 0.4294866621494293], [0.20036542415618896, 0.4485694169998169, 0.4420183002948761, -0.6642827987670898, -0.6182934641838074, 0.4200494587421417], [0.17587624490261078, 0.393859326839447, 0.46029239892959595, -0.6176734566688538, -0.6896046996116638, 0.3780539929866791], [0.16712377965450287, 0.3852860927581787, 0.47688883543014526, -0.6298482418060303, -0.6862603425979614, 0.36378300189971924], [0.18071670830249786, 0.3867957890033722, 0.47645100951194763, -0.5914006233215332, -0.7085052728652954, 0.3850526809692383], [0.2033972144126892, 0.3574833869934082, 0.44140705466270447, -0.5496867299079895, -0.7726626396179199, 0.3175484538078308], [0.22567589581012726, 0.370089054107666, 0.38774797320365906, -0.6263084411621094, -0.744137167930603, 0.23237361013889313], [0.22354084253311157, 0.35094448924064636, 0.3604826331138611, -0.6335521936416626, -0.745362401008606, 0.20747624337673187], [0.19478066265583038, 0.38776805996894836, 0.3904694616794586, -0.6906163096427917, -0.6526206731796265, 0.3116655647754669], [0.1584552377462387, 0.4256923794746399, 0.4098151624202728, -0.7698118090629578, -0.5320845246315002, 0.3525276780128479], [0.15375275909900665, 0.37366965413093567, 0.4226415157318115, -0.7208863496780396, -0.6161107420921326, 0.3173806667327881], [0.16397622227668762, 0.33229967951774597, 0.38650867342948914, -0.6852230429649353, -0.70661461353302, 0.17653651535511017], [0.14255928993225098, 0.39253515005111694, 0.41089463233947754, -0.794621467590332, -0.5216454267501831, 0.3105846345424652]], "Control Inputs 0": [[4.901208877563477, -9.533482231199741, 0.47509394288063045, 2.9350451231002808, -2.974917565472424], [2.8363674879074097, -5.991381108760834, 0.5977886319160461, -2.700616903603077, -2.9849744495004416], [-3.260671943426132, -2.8162413835525513, 0.5223015904426574, -2.9923768672160804, -2.9679356021806598], [-3.1171511113643646, -1.1154711246490479, 0.387770015001297, 2.907912254333496, -2.993520698044449], [0.21741807460784912, -8.65419328212738, 0.22090269029140472, -1.858348935842514, -2.988270961213857], [-2.036762535572052, 4.137229919433594, 0.4436789214611053, -2.0145245790481567, -2.978068037889898], [1.6048455238342285, 9.57463264465332, 0.3519363760948181, 1.0665807723999023, -2.977822497021407], [0.996367335319519, 9.72801923751831, 0.029559210315346716, 2.8747111558914185, -2.9144829846918583], [4.928982257843018, -5.716679096221924, 0.40990136265754695, -2.2528796195983887, -2.9129454977810383], [4.463717937469482, -6.513124406337738, 0.2664699465036392, -2.778919994831085, -2.939349912106991], [-3.600517213344574, -3.3116453886032104, 0.4105402290821075, 2.906381607055664, 2.9260053634643555], [-1.4938926696777344, 0.27149200439453125, 0.001730094221420586, 2.843125820159912, -2.9397763945162296], [-4.87967062741518, 8.7652587890625, 0.16052633970975874, 2.935839056968689, -2.8087709695100784], [-0.661180317401886, 2.221400737762451, 0.005351468874141573, -2.742941603064537, -1.7989685833454132], [4.947589635848999, -3.2945799827575684, 0.2563016563653946, -1.8108410239219666, 2.9390201568603516], [4.958611726760864, 5.588572025299072, 0.32050084769725795, -2.8481297492980957, 2.9626153707504272], [4.716843366622925, -8.142594248056412, 0.15010005384683608, -2.9602213371545076, -2.919797295704484], [-4.9126549530774355, -9.735993836075068, 0.23899195194244383, 2.8863526582717896, 0.6289383172988892], [4.996021389961243, -3.391091823577881, 0.06723528280854224, -2.8762374110519886, 2.97274911403656], [-4.891521241515875, -4.977168440818787, 0.4253889501094818, -2.4786635488271713, -2.950516115874052]], "Final Predicted Pose 0": [0.14255928993225098, 0.39253515005111694, 0.41089463233947754, -0.794621467590332, -0.5216454267501831, 0.3105846345424652], "Predicted Translation Error 0": "4.075370397743383cm", "Predicted Rotation Error 0": "tensor([0.8669], grad_fn=<DivBackward0>)"}