{"num_updates": "124", "penalty": "tensor(0., dtype=torch.float64, grad_fn=<AddBackward0>)", "Starting Pose": [-0.252093106508255, 0.19485968351364136, -0.23709772527217865, -0.44299986958503723, -0.8507615327835083, -0.17388637363910675, -0.22297868132591248], "Starting Soft Arm States": [19.0, -37.29999923706055, 10.0, 30.77773094177246, 34.91761779785156, 12.605279922485352], "Number of Trajectories": 1, "Final Desired Pose": [-0.3669714331626892, 0.20424354076385498, -0.23979929089546204, -0.7511926293373108, 0.10081179440021515, 0.6523393392562866], "Predicted Trajectory 0": [[0.26724005055905203, 0.7034048521710846, 0.5026130764932861, -0.5080632567405701, 0.6762285828590393, 0.533466637134552], [0.25955918431282043, 0.7122205495834351, 0.5057576298713684, -0.5095722675323486, 0.6643508076667786, 0.5467851161956787], [0.24802006781101227, 0.7268469929695129, 0.5090126991271973, -0.5281248092651367, 0.6853176951408386, 0.5014218091964722], [0.21889133751392365, 0.6971244812011719, 0.5314931869506836, -0.6172283887863159, 0.6054614782333374, 0.5024396181106567], [0.20678439736366272, 0.6896256804466248, 0.5328018665313721, -0.6428298354148865, 0.5624114274978638, 0.520060658454895], [0.19671447575092316, 0.702918529510498, 0.530729353427887, -0.6589469313621521, 0.578648030757904, 0.48057821393013], [0.18360492587089539, 0.7164745926856995, 0.5516116619110107, -0.6377649903297424, 0.5931043028831482, 0.4914092421531677], [0.17581872642040253, 0.7252241969108582, 0.5351144671440125, -0.6645147800445557, 0.6082791090011597, 0.43406999111175537], [0.17277775704860687, 0.7296016216278076, 0.5256223678588867, -0.6652820110321045, 0.6036930084228516, 0.4392659366130829], [0.15836650133132935, 0.6950823068618774, 0.5070616602897644, -0.7780269384384155, 0.4896973967552185, 0.39353588223457336], [0.15329645574092865, 0.6878343820571899, 0.49244728684425354, -0.8022357225418091, 0.44564974308013916, 0.39725837111473083], [0.14382614195346832, 0.7163867354393005, 0.48931655287742615, -0.8019327521324158, 0.4893765151500702, 0.34265804290771484], [0.13811926543712616, 0.7251987457275391, 0.5108367204666138, -0.7767943143844604, 0.4806200861930847, 0.40693336725234985], [0.13591139018535614, 0.6975237727165222, 0.47606921195983887, -0.8347449898719788, 0.43104448914527893, 0.3426390290260315], [0.1272934079170227, 0.724226713180542, 0.49708986282348633, -0.7920835018157959, 0.4655430316925049, 0.3948081135749817], [0.12659907341003418, 0.7273367047309875, 0.49778303503990173, -0.7951107621192932, 0.4690589904785156, 0.3844251334667206], [0.12428285926580429, 0.6997084617614746, 0.5082311630249023, -0.8268225789070129, 0.3845277726650238, 0.41049087047576904], [0.11985505372285843, 0.717185378074646, 0.5193279385566711, -0.789892315864563, 0.40338194370269775, 0.4619017541408539], [0.13135620951652527, 0.7356280088424683, 0.4674575924873352, -0.8237922787666321, 0.43139055371284485, 0.36778879165649414], [0.1286650002002716, 0.7074638605117798, 0.47234153747558594, -0.8451260328292847, 0.32325059175491333, 0.42575931549072266], [0.1278500258922577, 0.7184257507324219, 0.5019433498382568, -0.8028630018234253, 0.2908063530921936, 0.5204254388809204]], "Control Inputs 0": [[-1.9800618290901184, -1.1831903457641602, 0.0055539169348776335, -2.99084183271043, -0.8526780009269714], [3.4498274326324463, -7.324191629886627, 0.5235640525817871, -2.570868954062462, 1.100389838218689], [0.07511615753173828, -6.809318959712982, 0.007243161648511886, -2.938295066356659, -0.9299383163452148], [-0.3744751214981079, -2.526126503944397, 0.4376732766628265, -2.939526155591011, -1.0215922594070435], [3.3958929777145386, 1.278395652770996, 0.15684837251901626, -0.18237000703811646, -0.20384198427200317], [1.062854528427124, 2.2058117389678955, 0.007344712782651186, -2.9374431911855936, -0.4724859595298767], [0.2035367488861084, 2.236006259918213, 0.00358979944139719, -2.9586841827258468, -1.7909065783023834], [-1.2597933411598206, -9.120603948831558, 0.523512065410614, -0.43461012840270996, 1.794661045074463], [-0.31043797731399536, -4.474390745162964, 0.28245203793048856, -2.939447181299329, -1.8961753249168396], [1.0456401109695435, 0.5755889415740967, 0.42407779693603515, -1.4993972182273865, 0.21058166027069092], [3.4487175941467285, 4.729480743408203, 0.3586445569992065, 1.5063589811325073, 1.122496247291565], [-2.6012541353702545, -3.0630886554718018, 0.004950599698349833, -2.0159847736358643, -2.472006529569626], [2.0451819896698, -0.3325873613357544, 0.011451848596334456, 0.1768709421157837, 0.6740255355834961], [0.21504342555999756, -0.1438051462173462, 0.30638357698917384, 1.2962661981582642, 1.9697942733764648], [-2.1537011861801147, -7.201910316944122, 0.3598461031913757, 2.9440358877182007, 1.406418800354004], [2.1031832695007324, 2.2854912281036377, 0.003979925531893969, 0.09327292442321777, -2.7218276113271713], [-1.8793275952339172, 4.9559712409973145, 0.47910342216491697, -2.937921529635787, -0.5385968685150146], [-2.4087274074554443, 0.0773310661315918, 0.06784489080309868, 1.0262178182601929, -2.757640063762665], [3.8039439916610718, 7.337899208068848, 0.6011275351047516, 2.5476293563842773, -2.9363148137927055], [-4.9244860000908375, 4.930083751678467, 0.28533586561679836, -1.17705899477005, -2.951835321262479]], "Final Predicted Pose 0": [0.1278500258922577, 0.7184257507324219, 0.5019433498382568, -0.8028630018234253, 0.2908063530921936, 0.5204254388809204], "Predicted Translation Error 0": "0.6166838460836205cm", "Predicted Rotation Error 0": "tensor([0.9719], grad_fn=<DivBackward0>)"}