{"num_updates": "7738", "penalty": "tensor(0.0004, dtype=torch.float64, grad_fn=<AddBackward0>)", "Starting Pose": [-0.25681090354919434, 0.15558172762393951, -0.25972822308540344, 0.1868419200181961, 0.8612231016159058, -0.3959170877933502, 0.2581367790699005], "Starting Soft Arm States": [22.5, -12.100000381469727, 10.0, 33.15237045288086, 34.79176712036133, 1.6428576707839966], "Number of Trajectories": 1, "Final Desired Pose": [0.09210500866174698, 0.222406268119812, -0.32429981231689453, -0.4023326635360718, -0.7439433336257935, 0.533551037311554], "Predicted Trajectory 0": [[0.26133216096751755, 0.5850186025160259, 0.44515727395475907, -0.7969110012054443, 0.5262266397476196, 0.2966788709163666], [0.2691517770290375, 0.5957180857658386, 0.42461392283439636, -0.7568138241767883, 0.5610505938529968, 0.33534321188926697], [0.30386579036712646, 0.6345937252044678, 0.3778631389141083, -0.7196182012557983, 0.6333059668540955, 0.28473344445228577], [0.3402221202850342, 0.6743984222412109, 0.34262239933013916, -0.6602872610092163, 0.7023493647575378, 0.2659439146518707], [0.3831750750541687, 0.7123527526855469, 0.3124331533908844, -0.6042965054512024, 0.7558857202529907, 0.25191769003868103], [0.43254294991493225, 0.7484864592552185, 0.2873176038265228, -0.5369899272918701, 0.8078091144561768, 0.24307677149772644], [0.4670203924179077, 0.8073388338088989, 0.27532029151916504, -0.3571857213973999, 0.9145498275756836, 0.18978136777877808], [0.47265204787254333, 0.8076866865158081, 0.30334678292274475, -0.24750372767448425, 0.9019668698310852, 0.353832870721817], [0.5078583359718323, 0.8667473793029785, 0.27922046184539795, -0.0044397455640137196, 0.9766548275947571, 0.2147686779499054], [0.44231143593788147, 0.785385012626648, 0.3065771162509918, -0.3825323283672333, 0.8229680061340332, 0.41999128460884094], [0.4606854319572449, 0.8105970621109009, 0.28370052576065063, -0.388546884059906, 0.840058445930481, 0.3785937428474426], [0.47499552369117737, 0.7489330768585205, 0.29328811168670654, -0.4999571442604065, 0.6939653158187866, 0.5181265473365784], [0.5397945642471313, 0.8376768827438354, 0.3224668502807617, -0.20408636331558228, 0.7550490498542786, 0.623096764087677], [0.5679706335067749, 0.787593424320221, 0.3427666425704956, -0.27809569239616394, 0.6186532378196716, 0.7347999811172485], [0.5945932269096375, 0.8499851226806641, 0.37430158257484436, -0.10847072303295135, 0.6103180646896362, 0.7846947908401489], [0.5590015649795532, 0.7464544177055359, 0.38290780782699585, -0.3286365866661072, 0.3497403562068939, 0.8773139119148254], [0.5961704254150391, 0.7658084630966187, 0.39656367897987366, -0.4018399119377136, 0.3397415578365326, 0.8503531217575073], [0.6126976609230042, 0.7254788875579834, 0.3932722210884094, -0.46013668179512024, 0.16137343645095825, 0.8730595111846924], [0.6300588250160217, 0.7545680999755859, 0.40978488326072693, -0.43773940205574036, 0.12756136059761047, 0.8900068402290344], [0.6483259201049805, 0.6884385347366333, 0.3877505660057068, -0.5807895660400391, -0.1140778660774231, 0.8060208559036255], [0.6299521923065186, 0.6556029915809631, 0.3445221781730652, -0.6495195627212524, -0.321377694606781, 0.6890867948532104]], "Control Inputs 0": [[-4.95589682366699, 9.964454174041748, 0.001582400919869542, -2.9695750130340457, -0.7515109777450562], [-4.960158695466816, 9.667717218399048, 0.0010856225388124585, -2.971169608645141, 1.317716360092163], [-4.954556077718735, 9.649525880813599, 0.00059992058086209, -2.9099338185042143, 0.1335543394088745], [-4.939836305566132, 9.785596132278442, 0.0011361658573150633, -2.9544937424361706, -1.0884597301483154], [-4.986698119901121, 9.744455814361572, 0.0004140745033510029, -2.8645194321870804, -1.0898133516311646], [4.275044202804565, 9.954792261123657, 0.001270189497154206, 2.998410701751709, 2.588420033454895], [-4.911911552771926, 9.85885739326477, 0.00011397614725865423, -2.8866356760263443, -2.741403914988041], [4.7749704122543335, -9.927496709860861, 0.0011331879417411982, 2.86095929145813, 2.7176181077957153], [-4.969763704575598, -9.018707051873207, -9.41388905630447e-05, -1.6921956539154053, -2.9057801216840744], [-4.98117133625783, -9.001449197530746, 0.0012087672483175993, -0.4156297445297241, -2.8526889346539974], [-4.9306481052190065, 9.748647212982178, 0.0004430565983057022, 2.936973810195923, -2.9363494869321585], [-4.9716567969881, 3.7515103816986084, 0.000852396001573652, 2.2879568338394165, -2.9507191479206085], [-4.90328511223197, 3.4345388412475586, 0.0008424342493526637, 0.20657765865325928, -2.9345788657665253], [4.9551016092300415, -5.14768123626709, 0.0029115837533026934, 1.5848768949508667, -2.94339950568974], [-4.789375234395266, -8.716760873794556, 0.004373866040259599, 0.6667928695678711, -2.9606407396495342], [-4.48855709284544, -7.321552634239197, 0.003029953595250845, -2.945012915879488, -2.9896043040789664], [2.3982614278793335, 9.607596397399902, 0.00662105493247509, -0.8051596283912659, -2.9767839973792434], [-4.6906952932477, -8.894440233707428, 0.011314778588712215, -2.9585112696513534, -2.9788397569209337], [-1.7746683955192566, -9.931702986359596, 0.6983140885829925, -2.103039890527725, -2.954366583377123], [4.914770722389221, 9.963991641998291, 0.6932701230049133, -2.847614351660013, -2.9270660430192947]], "Final Predicted Pose 0": [0.6299521923065186, 0.6556029915809631, 0.3445221781730652, -0.6495195627212524, -0.321377694606781, 0.6890867948532104], "Predicted Translation Error 0": "7.403795684675779cm", "Predicted Rotation Error 0": "tensor([0.8681], grad_fn=<DivBackward0>)"}