{"num_updates": "154", "penalty": "tensor(0., dtype=torch.float64, grad_fn=<AddBackward0>)", "Starting Pose": [-0.33526962995529175, 0.09368839114904404, -0.2657359540462494, -0.3498991131782532, 0.7570090293884277, 0.4850746989250183, 0.26307883858680725], "Starting Soft Arm States": [34.79999923706055, -39.79999923706055, 10.0, 12.532418251037598, 3.914828062057495, 35.39784622192383], "Number of Trajectories": 1, "Final Desired Pose": [-0.1910003423690796, 0.060266681015491486, -0.35874736309051514, -0.7162137627601624, -0.5415026545524597, -0.44024160504341125], "Predicted Trajectory 0": [[0.1630817510670215, 0.39846816174263877, 0.4299044497950871, -0.6167202591896057, -0.7849793434143066, 0.0588517002761364], [0.15237583220005035, 0.3755336105823517, 0.40631547570228577, -0.6541513204574585, -0.7550091743469238, 0.0452456921339035], [0.16661998629570007, 0.3680567443370819, 0.37276491522789, -0.6778501272201538, -0.7349932789802551, 0.017437344416975975], [0.19342201948165894, 0.36597639322280884, 0.3287654221057892, -0.621853232383728, -0.7796004414558411, -0.07430879771709442], [0.22683969140052795, 0.34998905658721924, 0.2651251256465912, -0.5753800868988037, -0.7753815650939941, -0.26023316383361816], [0.24531224370002747, 0.35438263416290283, 0.24364733695983887, -0.5578584671020508, -0.7524111866950989, -0.3502448797225952], [0.25410664081573486, 0.356359601020813, 0.2490486204624176, -0.5769141912460327, -0.7386903762817383, -0.34857797622680664], [0.2709915041923523, 0.37786614894866943, 0.22632364928722382, -0.6301494836807251, -0.666157603263855, -0.39893072843551636], [0.3075397312641144, 0.3477080464363098, 0.1958134025335312, -0.5819782614707947, -0.6756352782249451, -0.45256850123405457], [0.3524705767631531, 0.30208373069763184, 0.17526590824127197, -0.47902920842170715, -0.6932071447372437, -0.5385118126869202], [0.3614594340324402, 0.30936819314956665, 0.16273686289787292, -0.5011184215545654, -0.6356281042098999, -0.587245523929596], [0.36368340253829956, 0.3141201436519623, 0.1744915395975113, -0.48989903926849365, -0.6158255338668823, -0.6170558333396912], [0.34091717004776, 0.33423978090286255, 0.20786026120185852, -0.5872588157653809, -0.5934725999832153, -0.5503793954849243], [0.36546552181243896, 0.3067895174026489, 0.1677093356847763, -0.45122137665748596, -0.6135434508323669, -0.6480461359024048], [0.3437930941581726, 0.32220396399497986, 0.20870544016361237, -0.5767551064491272, -0.6030637621879578, -0.5510606169700623], [0.3587532341480255, 0.29515331983566284, 0.20494846999645233, -0.4897513687610626, -0.6785668134689331, -0.5474400520324707], [0.3647086024284363, 0.2723890244960785, 0.2033100426197052, -0.46930983662605286, -0.6795527338981628, -0.563876211643219], [0.3433692455291748, 0.3032558858394623, 0.21427692472934723, -0.5963473320007324, -0.6192346811294556, -0.5108014941215515], [0.35734573006629944, 0.3009866178035736, 0.1931176632642746, -0.5304976105690002, -0.6140637993812561, -0.5843782424926758], [0.3545823395252228, 0.2812899351119995, 0.19706451892852783, -0.5471689105033875, -0.6089963912963867, -0.5742208957672119], [0.34142884612083435, 0.29939091205596924, 0.19575560092926025, -0.6166475415229797, -0.5412485003471375, -0.5716606974601746]], "Control Inputs 0": [[-4.919080212712288, 6.831822395324707, 0.1292894661426544, -0.8608619570732117, -0.7816064357757568], [-3.5470861196517944, -8.271046131849289, 0.5945068061351776, 1.002476692199707, 1.171151876449585], [-4.926824374124408, -9.860250037163496, 0.007686451636254787, -0.6862326264381409, -0.8570079803466797], [-4.098673239350319, -0.6482559442520142, 0.5611197769641876, -0.7586220502853394, -0.9237626194953918], [-2.1777647733688354, 4.185595512390137, 0.3145781487226486, 2.961242437362671, -0.09868526458740234], [-3.076828271150589, 4.923579692840576, 0.007602362986654043, -0.6108325123786926, -0.2662816643714905], [-4.79217367246747, 3.5610103607177734, 0.17628459632396698, -0.14261841773986816, -1.5847840011119843], [-4.989865348907188, -9.789210092276335, 0.5280084133148193, 2.4248725175857544, 1.9345418214797974], [0.2152615785598755, -9.810116235166788, 0.2894161283969879, -1.7165095210075378, -1.1079760193824768], [-2.4421852827072144, 4.974132776260376, 0.42556898593902587, -0.407626748085022, 0.6806484460830688], [2.507880926132202, 3.1811630725860596, 0.34747686982154846, 0.9520211219787598, 1.7602375745773315], [-2.54902184009552, -3.146846890449524, 0.08088761046528815, -1.6150285005569458, -0.8871928453445435], [2.2373074293136597, -2.2414225339889526, 0.10247634202241897, 0.6308165788650513, 1.473084568977356], [-0.09853392839431763, -4.17661726474762, 0.27731984853744507, 1.3804113864898682, 2.937722682952881], [-2.9322895407676697, -3.403857946395874, 0.35306715965270996, 1.9220842123031616, 2.8271788358688354], [4.346721768379211, -3.5256606340408325, 0.003531827591359615, -0.30093276500701904, -1.4089819192886353], [-3.5970811545848846, 3.862529993057251, 0.4529671847820282, -2.9448795653879642, 0.519080400466919], [0.03140687942504883, -1.873408555984497, 0.038948496058583255, 0.4791759252548218, -1.0158451795578003], [1.960192322731018, 0.007940530776977539, 0.4371039628982544, 0.6159889698028564, -2.1858523786067963], [-4.901119330897927, -9.903375050053, 0.2544224411249161, -2.86383830755949, -2.0330834090709686]], "Final Predicted Pose 0": [0.34142884612083435, 0.29939091205596924, 0.19575560092926025, -0.6166475415229797, -0.5412485003471375, -0.5716606974601746], "Predicted Translation Error 0": "0.20826227025658836cm", "Predicted Rotation Error 0": "tensor([0.9864], grad_fn=<DivBackward0>)"}