{"num_updates": "556", "penalty": "tensor(237.9738, dtype=torch.float64, grad_fn=<AddBackward0>)", "Starting Pose": [-0.08422879129648209, 0.07048708200454712, -0.35724490880966187, 0.5868653059005737, -0.6206513047218323, -0.4050184488296509, -0.32609984278678894], "Starting Soft Arm States": [0.6000000238418579, -69.4000015258789, 10.0, 20.222673416137695, 1.7124077081680298, 35.394535064697266], "Number of Trajectories": 1, "Final Desired Pose": [0.09340579062700272, 0.21470683813095093, -0.3292936682701111, -0.7639734148979187, -0.6406134963035583, 0.07719386368989944], "Predicted Trajectory 0": [[0.4774491443424177, 0.32853794479301474, 0.19757547149390578, -0.09849599003791809, -0.9926303625106812, -0.07059396803379059], [0.4437164068222046, 0.3897511661052704, 0.22343043982982635, -0.22135409712791443, -0.9719966053962708, -0.07889904081821442], [0.41110268235206604, 0.43868109583854675, 0.2449512928724289, -0.2894430160522461, -0.9548303484916687, -0.06724419444799423], [0.42829665541648865, 0.43633514642715454, 0.2740676701068878, -0.23067831993103027, -0.9727641940116882, 0.02274853177368641], [0.44665175676345825, 0.4820462167263031, 0.2728201746940613, -0.35756367444992065, -0.9312408566474915, -0.0702764168381691], [0.484038382768631, 0.48604342341423035, 0.28790080547332764, -0.3357228636741638, -0.929905354976654, -0.15022024512290955], [0.5235022306442261, 0.5076200366020203, 0.3074796795845032, -0.3660585880279541, -0.899479866027832, -0.2386147528886795], [0.5629503130912781, 0.5298413038253784, 0.31948187947273254, -0.4019199013710022, -0.8390657901763916, -0.3666456341743469], [0.6109387278556824, 0.5400955677032471, 0.3493649363517761, -0.36349576711654663, -0.8143169283866882, -0.45250263810157776], [0.6620553731918335, 0.5625200271606445, 0.3871716558933258, -0.353518545627594, -0.7678112387657166, -0.5343132019042969], [0.7046031951904297, 0.6034803986549377, 0.4030766487121582, -0.39138907194137573, -0.7060568928718567, -0.5901679992675781], [0.7480588555335999, 0.6278379559516907, 0.42562028765678406, -0.309984415769577, -0.7375990748405457, -0.5998809933662415], [0.7635376453399658, 0.6741229295730591, 0.43768510222435, -0.39583808183670044, -0.680701494216919, -0.6164071559906006], [0.7928336262702942, 0.6641835570335388, 0.437224805355072, -0.3151755928993225, -0.7348397970199585, -0.6005621552467346], [0.7903988361358643, 0.7096434831619263, 0.42579448223114014, -0.3483334481716156, -0.731796383857727, -0.5857796669006348], [0.762753427028656, 0.7041637301445007, 0.39126914739608765, -0.368557333946228, -0.7527282238006592, -0.5454958081245422], [0.7188984751701355, 0.7120534181594849, 0.3557964265346527, -0.4323136806488037, -0.741703450679779, -0.5128166079521179], [0.6948738098144531, 0.6995105147361755, 0.3241133987903595, -0.47804099321365356, -0.7377765774726868, -0.47661566734313965], [0.7270095348358154, 0.7132802605628967, 0.33089926838874817, -0.44875290989875793, -0.7824487686157227, -0.43173453211784363], [0.6854829788208008, 0.6818286776542664, 0.29799267649650574, -0.46485260128974915, -0.8220624923706055, -0.3288240432739258], [0.6691918969154358, 0.7189580798149109, 0.3032951056957245, -0.5376985669136047, -0.8004939556121826, -0.26474466919898987]], "Control Inputs 0": [[3.5678786039352417, 0.8227574825286865, 0.006406543962657451, -2.8911391496658325, 2.705317497253418], [-4.928630669601262, 4.538319110870361, 0.004702214337885379, 1.6579957008361816, 2.9624719619750977], [-4.859358835965395, 9.714136123657227, 0.002177690668031573, -0.565455436706543, -0.118069589138031], [-4.820449277758598, 9.955211877822876, 0.0031240613665431734, -0.9230241179466248, -0.7431097626686096], [-4.9749545101076365, 9.65274691581726, 0.0025111233349889516, 2.71462619304657, -0.1816849708557129], [-4.834340643137693, 9.684535264968872, 0.0011149814468808471, -0.9320252537727356, -1.419731855392456], [-4.873946951702237, 9.924929141998291, 0.0031172428745776413, -1.2886406779289246, -2.455886632204056], [-4.901163512840867, 9.702807664871216, 0.5650538206100464, 1.3938478231430054, 0.863508939743042], [-3.506670594215393, 9.896976947784424, 0.0013370984350331127, -2.9873634427785873, -2.461985394358635], [-4.925428312271833, 9.998130798339844, 0.16894513219594953, -2.2940232306718826, -0.37795525789260864], [0.7937520742416382, 9.789279699325562, 0.3928916275501251, -0.42118316888809204, 1.546542763710022], [-4.469631612300873, 9.625802040100098, 0.6892341911792754, -2.8645913265645504, -1.573006957769394], [-0.264812707901001, 9.777705669403076, 0.5410201847553253, -0.3414745330810547, -0.056147754192352295], [4.728115797042847, 8.616727590560913, 0.6913841485977172, 0.23874306678771973, 0.9727216958999634], [4.790316820144653, 3.248199224472046, 0.6965842008590698, 1.1630430221557617, 1.6456021070480347], [4.868960380554199, 8.082693815231323, 0.6915982723236084, -0.8130785822868347, -2.531420588493347], [-4.744868595153093, 9.857113361358643, 0.694880473613739, -2.7941003143787384, 1.5213747024536133], [4.310401678085327, -1.681697964668274, 0.6955691993236541, 0.45582711696624756, -0.31840914487838745], [4.961622953414917, 8.123422861099243, 0.01099226176738739, -0.07969754934310913, -0.5498782396316528], [-4.9248455464839935, 7.456287145614624, 0.010434234142303466, -1.6075836718082428, 0.49916553497314453]], "Final Predicted Pose 0": [0.6691918969154358, 0.7189580798149109, 0.3032951056957245, -0.5376985669136047, -0.8004939556121826, -0.26474466919898987], "Predicted Translation Error 0": "3.168866573300185cm", "Predicted Rotation Error 0": "tensor([0.9032], grad_fn=<DivBackward0>)"}