{"num_updates": "2277", "penalty": "tensor(36.9132, dtype=torch.float64, grad_fn=<AddBackward0>)", "Starting Pose": [-0.18206624686717987, 0.06808094680309296, -0.2208472639322281, 0.7406699657440186, -0.13146771490573883, 0.6568422913551331, -0.05179214850068092], "Starting Soft Arm States": [14.0, 16.399999618530273, 10.0, 34.3612174987793, 26.876300811767578, 35.40115737915039], "Number of Trajectories": 1, "Final Desired Pose": [-0.3669714331626892, 0.20424354076385498, -0.23979929089546204, -0.7511926293373108, 0.10081179440021515, 0.6523393392562866], "Predicted Trajectory 0": [[0.3549316048186614, 0.32128570072351464, 0.5438708210472987, 0.10254886746406555, -0.12670983374118805, 0.9866247177124023], [0.33461645245552063, 0.3827848732471466, 0.5708778500556946, 0.07332605868577957, -0.0574193149805069, 0.9956536889076233], [0.292317271232605, 0.43459463119506836, 0.5841177701950073, 0.00699780136346817, 0.02368040941655636, 0.9996950626373291], [0.27002277970314026, 0.4741359055042267, 0.573988139629364, -0.1631862074136734, 0.13182659447193146, 0.9777483940124512], [0.2753729820251465, 0.5122881531715393, 0.5133827328681946, -0.26509055495262146, 0.267304003238678, 0.9264315962791443], [0.26116764545440674, 0.584102988243103, 0.4748791456222534, -0.31664836406707764, 0.42624834179878235, 0.8473761081695557], [0.22974206507205963, 0.6429906487464905, 0.4978973865509033, -0.32882463932037354, 0.5117412805557251, 0.7937223315238953], [0.19525036215782166, 0.6707291007041931, 0.5275440812110901, -0.3254958689212799, 0.5730306506156921, 0.7521225214004517], [0.16987301409244537, 0.653531014919281, 0.5528367757797241, -0.4185958802700043, 0.5108053684234619, 0.7509030699729919], [0.1789839267730713, 0.6562780737876892, 0.4921668469905853, -0.5137261748313904, 0.5792834162712097, 0.6328633427619934], [0.1632504165172577, 0.6795211434364319, 0.4467163681983948, -0.6107771396636963, 0.6051912307739258, 0.5105828046798706], [0.13599590957164764, 0.6682065725326538, 0.4893091917037964, -0.6119837760925293, 0.5361725687980652, 0.5813731551170349], [0.12080533057451248, 0.6730888485908508, 0.5248502492904663, -0.6029322147369385, 0.5383322834968567, 0.5887877941131592], [0.13983184099197388, 0.6791674494743347, 0.4796314239501953, -0.6238709688186646, 0.6036322116851807, 0.49640020728111267], [0.13751518726348877, 0.6993998885154724, 0.4691850244998932, -0.5998258590698242, 0.6680781841278076, 0.4403187334537506], [0.12399560213088989, 0.6890300512313843, 0.5168057680130005, -0.5820971727371216, 0.6040678024291992, 0.5443022847175598], [0.1403510719537735, 0.6962271332740784, 0.4983232319355011, -0.5652694702148438, 0.6325914263725281, 0.5294322371482849], [0.1388539969921112, 0.6982409954071045, 0.46945086121559143, -0.6103404760360718, 0.6387616395950317, 0.4684741497039795], [0.12922294437885284, 0.68978351354599, 0.4996272623538971, -0.6259698867797852, 0.5759782791137695, 0.5257477164268494], [0.14311301708221436, 0.7274466156959534, 0.43274158239364624, -0.6551610827445984, 0.6918842792510986, 0.30341389775276184], [0.12744449079036713, 0.6716203689575195, 0.5005174279212952, -0.6716198921203613, 0.48547226190567017, 0.5596815347671509]], "Control Inputs 0": [[4.839609265327454, 9.523541927337646, 0.6943476676940917, -2.969598574563861, 2.9769859313964844], [4.922260642051697, 2.536550760269165, 0.6999445915222168, -2.9682373255491257, 2.9709205627441406], [-4.288366958498955, -0.009630322456359863, 0.5797407388687134, -2.950824648141861, 2.9743337631225586], [-4.853578703477979, 5.3095948696136475, 0.5802088737487793, -2.9829132934100926, 2.9029916524887085], [4.800305366516113, 9.359570741653442, 0.5454830706119537, -1.7619957625865936, 2.932747721672058], [4.870541095733643, 9.551656246185303, 0.003646682575345039, -2.9664492923766375, 1.5369218587875366], [4.917696714401245, 9.351024627685547, 0.010068703908473253, -2.89036575704813, -2.308874934911728], [-4.912771554663777, -5.985066890716553, 0.16818963885307311, -1.3563483953475952, 0.7526915073394775], [-1.5771135687828064, -5.009998083114624, 0.41887958049774165, -2.9032424055039883, 2.850815176963806], [4.906680583953857, 6.2110912799835205, 0.6737827360630035, -1.5776572823524475, -1.8022875487804413], [4.899213910102844, 9.418509006500244, 0.08254132717847823, -0.3194122910499573, -1.522431492805481], [-4.908225210383534, 0.1526963710784912, 0.000593425240367651, 0.7077076435089111, 1.1775280237197876], [-3.6331497132778168, 2.7007710933685303, 0.002411479572765529, 1.4113404750823975, -0.4563705325126648], [4.902117848396301, -1.044633388519287, 0.24363201558589934, 0.28449761867523193, 2.9241178035736084], [-2.152385413646698, -5.423059165477753, 0.007423238549381494, 1.9409269094467163, 2.925397753715515], [-4.449465237557888, 1.1195564270019531, 0.0038591862656176088, 0.8593035936355591, -2.8230899088084698], [4.794751405715942, 8.623127937316895, 0.37631489634513854, -2.907598078250885, -2.9767753346823156], [-4.903592877089977, -1.8304634094238281, 0.010412541311234235, -1.687535047531128, 2.9654821157455444], [4.926202893257141, 5.8193230628967285, 0.6934844970703125, -0.5065441131591797, -2.8994193747639656], [-4.904709327965975, 5.079746246337891, 0.008297493867576122, 2.8296293020248413, -2.9704566691070795]], "Final Predicted Pose 0": [0.12744449079036713, 0.6716203689575195, 0.5005174279212952, -0.6716198921203613, 0.48547226190567017, 0.5596815347671509], "Predicted Translation Error 0": "2.0278418910359077cm", "Predicted Rotation Error 0": "tensor([0.9186], grad_fn=<DivBackward0>)"}