{"num_updates": "3274", "penalty": "tensor(0., dtype=torch.float64, grad_fn=<AddBackward0>)", "Starting Pose": [0.2021339386701584, -0.03851458802819252, -0.2440410852432251, 0.3358997702598572, -0.7355799674987793, -0.536759614944458, -0.24079561233520508], "Starting Soft Arm States": [-40.599998474121094, 86.0999984741211, 15.600000381469727, 18.059995651245117, 35.066654205322266, 13.678339004516602], "Number of Trajectories": 1, "Final Desired Pose": [0.33305877447128296, 0.058259639889001846, -0.1902582198381424, 0.5790722966194153, -0.11618763953447342, -0.8069546222686768], "Predicted Trajectory 0": [[0.836048587491943, -4.4913043712570146e-10, 0.4849848156064564, -0.6583776473999023, -0.7526610493659973, -0.006346005480736494], [0.8726006746292114, 0.0505715012550354, 0.4972226917743683, -0.547566294670105, -0.8068898320198059, -0.22158509492874146], [0.8783904910087585, 0.048916324973106384, 0.523242175579071, -0.4411315321922302, -0.8382673263549805, -0.3204854130744934], [0.8760587573051453, 0.06582087278366089, 0.5266528129577637, -0.4325496256351471, -0.799976110458374, -0.4158594012260437], [0.8929842114448547, 0.06021691858768463, 0.5513887405395508, -0.2734105885028839, -0.8320255279541016, -0.48268017172813416], [0.8867188096046448, 0.06594859063625336, 0.5590677857398987, -0.23472991585731506, -0.805141031742096, -0.5446556806564331], [0.8885770440101624, 0.074055515229702, 0.5642973780632019, -0.16609704494476318, -0.7999413013458252, -0.576633095741272], [0.8913633227348328, 0.07729515433311462, 0.5618827939033508, -0.12247315049171448, -0.767784059047699, -0.6288942694664001], [0.9063684940338135, 0.08298375457525253, 0.6004531979560852, 0.016399983316659927, -0.7669768333435059, -0.6414651870727539], [0.9177080988883972, 0.08074330538511276, 0.6214469075202942, 0.2009880095720291, -0.7377968430519104, -0.6444063782691956], [0.9154664874076843, 0.10186954587697983, 0.6343072652816772, 0.22009319067001343, -0.6813017129898071, -0.6981309652328491], [0.9269817471504211, 0.1029125526547432, 0.6585027575492859, 0.42893657088279724, -0.6480153799057007, -0.6293563842773438], [0.9159274697303772, 0.13032303750514984, 0.6539252400398254, 0.3544921576976776, -0.5907149314880371, -0.7248387932777405], [0.9380335807800293, 0.14409466087818146, 0.7004762291908264, 0.5912284255027771, -0.5020919442176819, -0.6311518549919128], [0.9099755883216858, 0.14897969365119934, 0.6538427472114563, 0.40464022755622864, -0.5036265254020691, -0.7632997632026672], [0.9279895424842834, 0.206324964761734, 0.6916515231132507, 0.6083491444587708, -0.3256664574146271, -0.7237767577171326], [0.9148127436637878, 0.157221719622612, 0.667423665523529, 0.5262086391448975, -0.46382129192352295, -0.7127231359481812], [0.9127225875854492, 0.2630365788936615, 0.6732984781265259, 0.5016770958900452, -0.1614139825105667, -0.8498620986938477], [0.9151111841201782, 0.18695080280303955, 0.6612964272499084, 0.5803164839744568, -0.3316452205181122, -0.7438039183616638], [0.9128388166427612, 0.28970080614089966, 0.6754248738288879, 0.5271123647689819, -0.002943012397736311, -0.8497905135154724], [0.9012885689735413, 0.23150955140590668, 0.6434367299079895, 0.512042224407196, -0.11597762256860733, -0.8510945439338684]], "Control Inputs 0": [[1.0995310544967651, -9.889329625293612, 0.0018220188561826943, -0.60660320520401, -0.06998813152313232], [3.077496290206909, -9.519534967839718, 0.10811285078525543, 1.5889874696731567, 2.0540950298309326], [0.19573450088500977, -9.609627984464169, 1.19436728709843e-05, 0.33524608612060547, -0.2204951047897339], [1.9452756643295288, -9.729090742766857, 0.01747765354812145, -0.015190064907073975, -0.0836518406867981], [3.577510118484497, -9.654810167849064, 0.0018473742064088583, 2.8612228631973267, 0.6850472688674927], [2.3912960290908813, -9.501368664205074, 0.0007669952698051929, 0.09257090091705322, 0.3710439205169678], [-0.25812357664108276, -9.47933979332447, 0.0023468758445233107, 0.28388500213623047, -1.383318543434143], [-3.415765166282654, -9.602960981428623, 0.03314401730895042, 2.1557729244232178, 1.9114973545074463], [1.8634337186813354, -9.426629319787025, 0.002618774212896824, -1.2212859392166138, -1.5986294746398926], [-1.395193636417389, -9.101284518837929, 0.0019237197702750561, 0.4909290075302124, 1.1505188941955566], [3.4345918893814087, -9.374415427446365, 0.004143921053037047, 1.0517170429229736, 2.7499433755874634], [-2.4490225315093994, -9.44864459335804, 0.0035570323467254638, -0.21848148107528687, -0.9602685570716858], [2.539520263671875, -0.37559449672698975, 0.0004314550897106528, -0.1504354476928711, 2.2228403091430664], [-0.16323328018188477, -9.289146587252617, 0.008002148661762475, 2.864221930503845, 2.8296797275543213], [-2.8480082750320435, 9.379531145095825, 0.001290127751417458, 2.8886157274246216, 2.402200698852539], [4.458413124084473, -9.411855079233646, 0.012924958392977713, 2.4760626554489136, -1.3291885256767273], [-3.9716269820928574, 9.889202117919922, 0.009665601886808872, -2.9812110643833876, 1.1161673069000244], [2.2427910566329956, -9.465890973806381, 0.005732972268015146, 2.845862030982971, -0.6104738116264343], [1.012672781944275, 9.407002925872803, 0.008324342779815197, -2.95174459554255, 0.13937222957611084], [-4.727395530790091, -1.298195719718933, 0.0031303149648010727, -2.9423962142318487, 0.39873039722442627]], "Final Predicted Pose 0": [0.9012885689735413, 0.23150955140590668, 0.6434367299079895, 0.512042224407196, -0.11597762256860733, -0.8510945439338684], "Predicted Translation Error 0": "8.17721942813746cm", "Predicted Rotation Error 0": "tensor([0.9968], grad_fn=<DivBackward0>)"}