{"num_updates": "4774", "penalty": "tensor(0.0020, dtype=torch.float64, grad_fn=<AddBackward0>)", "Starting Pose": [-0.18799974024295807, 0.08472218364477158, -0.2554280161857605, 0.49776458740234375, -0.03782003000378609, 0.8453418016433716, -0.1902555674314499], "Starting Soft Arm States": [12.600000381469727, -59.70000076293945, 10.0, 27.94273567199707, 26.462312698364258, 35.39122009277344], "Number of Trajectories": 1, "Final Desired Pose": [-0.029341652989387512, 0.2053186446428299, -0.348135381937027, -0.8445324301719666, -0.5006198883056641, 0.19011740386486053], "Predicted Trajectory 0": [[0.34750135221304707, 0.3714434437802112, 0.4560749232499643, -0.432066410779953, 0.2840110659599304, 0.8559534549713135], [0.31724750995635986, 0.3990537226200104, 0.42627575993537903, -0.47733551263809204, 0.3720391094684601, 0.7960764765739441], [0.32760974764823914, 0.44219765067100525, 0.38373810052871704, -0.4933212697505951, 0.4734207093715668, 0.7297308444976807], [0.3507999777793884, 0.48252448439598083, 0.3310832381248474, -0.5048348903656006, 0.5609412789344788, 0.6561148762702942], [0.37941253185272217, 0.5184229016304016, 0.28744789958000183, -0.5144727230072021, 0.6183141469955444, 0.594142496585846], [0.41874584555625916, 0.5687295794487, 0.2636973559856415, -0.4720746576786041, 0.698443591594696, 0.5378866791725159], [0.4664166569709778, 0.6166471242904663, 0.262224018573761, -0.37117838859558105, 0.7533823847770691, 0.5428088903427124], [0.5098159909248352, 0.6553751826286316, 0.2656225860118866, -0.2709785997867584, 0.8049653768539429, 0.5278269648551941], [0.5435913801193237, 0.695790708065033, 0.2848781943321228, -0.11830529570579529, 0.8286145925521851, 0.5471760630607605], [0.5585700869560242, 0.6871077418327332, 0.29733890295028687, -0.09793072938919067, 0.7807788848876953, 0.6170850396156311], [0.5646460652351379, 0.6636905670166016, 0.299238383769989, -0.13838040828704834, 0.703511655330658, 0.6970812082290649], [0.5694192051887512, 0.6797098517417908, 0.310223788022995, -0.04929810389876366, 0.6851977705955505, 0.7266867756843567], [0.5838207602500916, 0.7155428528785706, 0.31381136178970337, 0.0387321375310421, 0.6645073294639587, 0.746277391910553], [0.5759660005569458, 0.6740995049476624, 0.30591970682144165, 0.016112178564071655, 0.5530732870101929, 0.8329766988754272], [0.5530376434326172, 0.6742063760757446, 0.30601567029953003, 0.062174294143915176, 0.4534783959388733, 0.8890960216522217], [0.5300189852714539, 0.6406320333480835, 0.3023641109466553, 0.007528066169470549, 0.2601486146450043, 0.965539276599884], [0.5278756022453308, 0.6239559054374695, 0.29620105028152466, -0.05668385699391365, 0.13064414262771606, 0.9898075461387634], [0.5475946664810181, 0.6128334999084473, 0.28266042470932007, -0.18499119579792023, -0.03514725714921951, 0.9821114540100098], [0.5679399967193604, 0.6145832538604736, 0.25877508521080017, -0.3071717917919159, -0.168716162443161, 0.9365790486335754], [0.5421879291534424, 0.6506294012069702, 0.20718218386173248, -0.5694053769111633, -0.3603849411010742, 0.7388505935668945], [0.5365641117095947, 0.6512467861175537, 0.19142885506153107, -0.710405170917511, -0.5386363863945007, 0.45298489928245544]], "Control Inputs 0": [[-4.9984965327894315, 9.5606529712677, 0.6979162991046906, -2.7852849885821342, 2.9935094118118286], [-4.994694312335923, 9.699491262435913, 0.22359636425971982, -1.9134368598461151, 2.9861440658569336], [-4.9970381378079765, 7.16546893119812, 0.00517321084626019, -2.7802148535847664, 2.976467728614807], [-4.994805593742058, 9.487239122390747, 0.004716137843206524, -1.6103463470935822, 2.866114854812622], [-4.825944658368826, 9.72359299659729, 0.00037021016469225283, 2.8855894804000854, 2.9607224464416504], [-4.712859634310007, 9.68082070350647, 0.003907936951145529, -0.15620434284210205, 2.68399178981781], [-2.39646315574646, 9.613903760910034, 0.0050115677993744605, -0.20100152492523193, 2.5445984601974487], [-1.1830106377601624, 1.6639602184295654, 0.0006012427271343767, 1.0488438606262207, 2.04305899143219], [-1.8496078252792358, 1.6053247451782227, 0.0007024479331448674, -2.929234066978097, -2.940972436219454], [-1.1559146642684937, 6.344137191772461, 0.004300843179225921, -2.0738709568977356, -2.9443883690983057], [3.569692373275757, 9.714059829711914, 0.0007043309393338858, 0.879414439201355, 2.8839229345321655], [-1.8290695548057556, 4.557522535324097, 7.451479323208332e-05, -2.5513145327568054, -2.9846336008049548], [2.786376476287842, 7.489892244338989, 0.008097911346703767, -0.01686161756515503, -2.8586920984089375], [1.7259258031845093, 6.357359886169434, 0.009510586969554424, 0.9237939119338989, -2.938250843435526], [-2.4492481350898743, 3.361077308654785, 0.009633529745042323, -0.17339837551116943, -2.8917281068861485], [-2.3500630259513855, 8.733699321746826, 0.0080685805529356, -1.5154277980327606, -2.9358835760504007], [-4.9559680465608835, 9.828245639801025, 0.002061958680860698, -2.0114665031433105, -2.989625380374491], [4.866726994514465, 8.719748258590698, 0.005108020873740315, -2.9045515470206738, -2.971746244467795], [4.979668855667114, 9.955520629882812, 0.0024021580116823315, -2.8614677265286446, -2.9754980010911822], [-4.80290662497282, 2.855325937271118, 0.0039986670948565, 2.871716022491455, -2.942741498351097]], "Final Predicted Pose 0": [0.5365641117095947, 0.6512467861175537, 0.19142885506153107, -0.710405170917511, -0.5386363863945007, 0.45298489928245544], "Predicted Translation Error 0": "3.1028586925117803cm", "Predicted Rotation Error 0": "tensor([0.9557], grad_fn=<DivBackward0>)"}