{"num_updates": "3464", "penalty": "tensor(0., dtype=torch.float64, grad_fn=<AddBackward0>)", "Starting Pose": [-0.34075695276260376, 0.08417411148548126, -0.21563047170639038, -0.3314933180809021, 0.8293319940567017, 0.41807860136032104, 0.16592445969581604], "Starting Soft Arm States": [33.5, -6.800000190734863, 10.0, 24.86928367614746, 0.9009897708892822, 35.387908935546875], "Number of Trajectories": 1, "Final Desired Pose": [-0.021632859483361244, 0.18949289619922638, -0.34639737010002136, -0.8877559304237366, -0.3955775499343872, 0.23538877069950104], "Predicted Trajectory 0": [[0.1562102182271404, 0.3697915195390177, 0.557115557706918, -0.7251625061035156, -0.6885749697685242, -0.00196759938262403], [0.16764071583747864, 0.36711516976356506, 0.5345177054405212, -0.6656194925308228, -0.7458374500274658, 0.026019683107733727], [0.19051066040992737, 0.3752472698688507, 0.48781299591064453, -0.6607849597930908, -0.750562846660614, -0.004314820282161236], [0.20867662131786346, 0.3914283514022827, 0.4516846537590027, -0.6693065166473389, -0.7408204674720764, 0.056690771132707596], [0.22851616144180298, 0.416121244430542, 0.40931594371795654, -0.677466869354248, -0.7307483553886414, 0.08393747359514236], [0.24966761469841003, 0.44720181822776794, 0.37704774737358093, -0.704666256904602, -0.6966503858566284, 0.13462409377098083], [0.27565911412239075, 0.48020824790000916, 0.3496383726596832, -0.7286682724952698, -0.6618611812591553, 0.17601776123046875], [0.3066336512565613, 0.5140931010246277, 0.3296511173248291, -0.7474389672279358, -0.6274712085723877, 0.2182084023952484], [0.3407028913497925, 0.5482691526412964, 0.316895991563797, -0.7675595879554749, -0.5683671832084656, 0.29632940888404846], [0.37451356649398804, 0.5425451397895813, 0.2885889708995819, -0.7640954852104187, -0.5809624195098877, 0.28042930364608765], [0.41021159291267395, 0.5781566500663757, 0.29121631383895874, -0.8098533749580383, -0.4936385452747345, 0.31695178151130676], [0.42991092801094055, 0.6160163879394531, 0.29552337527275085, -0.8596187233924866, -0.4048374891281128, 0.3117087185382843], [0.446966290473938, 0.6459834575653076, 0.31454649567604065, -0.8372592329978943, -0.3610004186630249, 0.4107014834880829], [0.47710129618644714, 0.6073482036590576, 0.27788659930229187, -0.8650743961334229, -0.42787936329841614, 0.2618502974510193], [0.5039132833480835, 0.6981810331344604, 0.3149474263191223, -0.9014698266983032, -0.16645953059196472, 0.399554044008255], [0.4840630888938904, 0.6679377555847168, 0.2936217784881592, -0.9080343842506409, -0.18746086955070496, 0.3746090829372406], [0.47197288274765015, 0.6694614887237549, 0.310361385345459, -0.8641558289527893, -0.1648632436990738, 0.4754522144794464], [0.47277018427848816, 0.6606046557426453, 0.27804943919181824, -0.9174777865409851, -0.15825703740119934, 0.3649510443210602], [0.5036923885345459, 0.7071998119354248, 0.29392722249031067, -0.9099525809288025, -0.045651283115148544, 0.4121919572353363], [0.48846182227134705, 0.6375197768211365, 0.24069227278232574, -0.947306215763092, -0.19610467553138733, 0.25328633189201355], [0.48790526390075684, 0.6712979078292847, 0.25195860862731934, -0.9546600580215454, -0.1438743621110916, 0.2606232762336731]], "Control Inputs 0": [[-4.970575449988246, -6.855337619781494, 0.009386641532182693, -2.98502561962232, 2.890549421310425], [-4.975287837442011, -0.4334348440170288, 0.0029913540463894603, -2.9900174166541547, 2.951561450958252], [-4.991860916488804, 1.8825531005859375, 0.00046255117631517346, -2.9047538861632347, 2.9059542417526245], [-4.947283938527107, 6.600654125213623, 0.007603319361805915, -2.3103227019309998, 2.9534482955932617], [-4.9265207117423415, 9.50163722038269, 0.0059060507453978055, -0.08538347482681274, 2.932044267654419], [-4.965761974453926, 9.8353111743927, 0.02500527650117874, 1.3461159467697144, 2.8347047567367554], [-4.909939905628562, 9.87857699394226, 0.0034838986583054063, 1.4869658946990967, 2.9259188175201416], [-4.932582224719226, -0.5331695079803467, 0.34053987860679624, 0.9518680572509766, 2.9704720973968506], [-4.876854596659541, 0.5366194248199463, 0.0006974651012569665, -2.878168288618326, 2.8713126182556152], [-4.996310770220589, 8.634623289108276, 0.02105142083019018, 1.6179238557815552, 2.82681941986084], [4.629974365234375, 9.77811574935913, 0.008634428028017282, 1.8466111421585083, 2.9599539041519165], [-4.950106348842382, 3.7941861152648926, 0.008084876742213963, -2.6697347536683083, -2.914350086823106], [-4.860591208562255, 8.052002191543579, 0.0017236768268048762, 1.677468180656433, 2.9829940795898438], [4.692942500114441, 4.241998195648193, 0.015228368714451788, -1.577903151512146, 2.9469441175460815], [4.350236654281616, -1.1031687259674072, 0.00947428187355399, -0.2331165075302124, 2.9447346925735474], [-4.834953583776951, 4.409964084625244, 0.00015883003798080608, -1.1295558214187622, -2.8264766223728657], [0.7941681146621704, 9.16721224784851, 0.009633068181574344, -0.01835954189300537, 2.703972816467285], [-4.929610756225884, 0.22996068000793457, 0.004292796785011887, -2.079079806804657, -2.8165102154016495], [4.772287607192993, 9.252249002456665, 0.0007885423954576253, -1.1884791254997253, -2.9448405615985394], [-4.902394590899348, 3.083662986755371, 3.93097481719451e-05, -2.84659406170249, 2.851875901222229]], "Final Predicted Pose 0": [0.48790526390075684, 0.6712979078292847, 0.25195860862731934, -0.9546600580215454, -0.1438743621110916, 0.2606232762336731], "Predicted Translation Error 0": "5.5519002411883305cm", "Predicted Rotation Error 0": "tensor([0.9658], grad_fn=<DivBackward0>)"}