{"num_updates": "83", "penalty": "tensor(0., dtype=torch.float64, grad_fn=<AddBackward0>)", "Starting Pose": [-0.12097804248332977, 0.16535307466983795, -0.3086368441581726, -0.17931751906871796, 0.033785849809646606, -0.9550715684890747, -0.23354239761829376], "Starting Soft Arm States": [-2.9000000953674316, 35.400001525878906, 10.0, 17.738740921020508, 35.222312927246094, 28.807144165039062], "Number of Trajectories": 1, "Final Desired Pose": [-0.3669714331626892, 0.20424354076385498, -0.23979929089546204, -0.7511926293373108, 0.10081179440021515, 0.6523393392562866], "Predicted Trajectory 0": [[0.431429674513712, 0.6144700621105729, 0.320984836477643, -0.8266063332557678, -0.45821619033813477, 0.3267412781715393], [0.39498254656791687, 0.6329571008682251, 0.3510344922542572, -0.8159303069114685, -0.34098419547080994, 0.4668913185596466], [0.3405125141143799, 0.6110208630561829, 0.3722074627876282, -0.7815993428230286, -0.3549160361289978, 0.512968897819519], [0.29853811860084534, 0.6313204765319824, 0.3996782898902893, -0.773339569568634, -0.29615312814712524, 0.5605704188346863], [0.26754432916641235, 0.6495481729507446, 0.4388046860694885, -0.7411350607872009, -0.24505002796649933, 0.6250354647636414], [0.2519013583660126, 0.6729214787483215, 0.464836448431015, -0.7372355461120605, -0.1466675102710724, 0.6595243215560913], [0.23868899047374725, 0.6774095892906189, 0.4663008153438568, -0.7536777257919312, -0.145765483379364, 0.640876293182373], [0.22212491929531097, 0.6776237487792969, 0.47786322236061096, -0.7540315985679626, -0.12449964135885239, 0.6449311375617981], [0.22022591531276703, 0.6878229379653931, 0.47469228506088257, -0.7713057398796082, -0.1239713802933693, 0.6242743730545044], [0.21483756601810455, 0.6997491121292114, 0.46472829580307007, -0.7954683899879456, -0.07861635088920593, 0.6008738875389099], [0.19904907047748566, 0.6891953945159912, 0.4768891930580139, -0.7941447496414185, -0.12547242641448975, 0.594635009765625], [0.18107150495052338, 0.7143051028251648, 0.4998242259025574, -0.7838451266288757, -0.04708002507686615, 0.6191690564155579], [0.16809189319610596, 0.7094323039054871, 0.5178740620613098, -0.7640736103057861, -0.012468090280890465, 0.6450085639953613], [0.16056157648563385, 0.7255627512931824, 0.5259800553321838, -0.7833127379417419, 0.07632648199796677, 0.6169241070747375], [0.14761404693126678, 0.6983273029327393, 0.5562633275985718, -0.7493760585784912, -0.004171872045844793, 0.6621314883232117], [0.15368150174617767, 0.7411812543869019, 0.5279384255409241, -0.7875044345855713, 0.1338363140821457, 0.6016016602516174], [0.16422827541828156, 0.7461740374565125, 0.49250897765159607, -0.8137990832328796, 0.17495006322860718, 0.5541871786117554], [0.1506180316209793, 0.7425095438957214, 0.49118301272392273, -0.819963812828064, 0.20076170563697815, 0.5360541343688965], [0.13617444038391113, 0.7322182655334473, 0.5230525732040405, -0.7757793068885803, 0.19278991222381592, 0.6008315086364746], [0.13469988107681274, 0.7258502840995789, 0.4970264732837677, -0.8366857171058655, 0.23451544344425201, 0.49493393301963806], [0.12699247896671295, 0.7174938917160034, 0.5030693411827087, -0.8301247358322144, 0.24955403804779053, 0.49861371517181396]], "Control Inputs 0": [[4.166260361671448, -7.074772119522095, 0.6178947746753692, 0.35177886486053467, 2.6954784393310547], [4.123894572257996, 3.6164915561676025, 0.10808331072330474, 0.5753399133682251, -1.3569974899291992], [3.5320913791656494, 3.579961061477661, 0.2857975751161575, 2.0853559970855713, 1.3777402639389038], [4.864571690559387, 2.026371955871582, 0.14280916601419447, -1.5268352329730988, 2.991889715194702], [-2.178088128566742, -0.15951573848724365, 0.3248565673828125, 1.2062945365905762, 0.7407717704772949], [3.914009928703308, -0.6825298070907593, 0.1658977285027504, -2.4929168969392776, -0.45224976539611816], [-2.016441524028778, -2.7290773391723633, 0.4107685804367065, 0.930443286895752, 1.0909016132354736], [0.10264337062835693, 1.856977939605713, 0.2050408661365509, -1.6021490693092346, -0.9046570658683777], [0.4582101106643677, -5.572202801704407, 0.4587236166000366, 0.01897573471069336, 1.1605550050735474], [3.025999069213867, 1.966334581375122, 0.36746710538864136, -0.8031229376792908, 0.033637404441833496], [3.214098811149597, 6.175886392593384, 0.5837934017181396, 0.5827206373214722, -0.8739432692527771], [0.3307288885116577, -4.570531249046326, 0.5109562039375305, -0.8146015405654907, 2.3513907194137573], [3.045455813407898, -9.19670544564724, 0.3765832185745239, 1.7334240674972534, 2.3740174770355225], [0.6008410453796387, -0.6864112615585327, 0.007339939381927251, -1.9421528577804565, 0.8849834203720093], [-3.8779713213443756, 5.078930854797363, 0.05742101445794105, 0.3102203607559204, -0.8793413043022156], [1.5674102306365967, -1.1561495065689087, 0.06292422264814376, -1.1152287125587463, -2.507761135697365], [4.901871085166931, -2.701026201248169, 0.006263741571456194, 0.3346424102783203, 0.7351062297821045], [-1.4729472994804382, -1.5739333629608154, 0.4902598857879638, -2.0614795088768005, -2.3650783002376556], [0.9708273410797119, -6.688034534454346, 0.5862123906612395, 0.3870910406112671, 1.2720937728881836], [2.9810136556625366, -7.2214674949646, 0.16587897390127182, -2.9624299658462405, -1.529569834470749]], "Final Predicted Pose 0": [0.12699247896671295, 0.7174938917160034, 0.5030693411827087, -0.8301247358322144, 0.24955403804779053, 0.49861371517181396], "Predicted Translation Error 0": "0.6228053636288905cm", "Predicted Rotation Error 0": "tensor([0.9740], grad_fn=<DivBackward0>)"}