{"num_updates": "4841", "penalty": "tensor(0., dtype=torch.float64, grad_fn=<AddBackward0>)", "Starting Pose": [-0.34075695276260376, 0.08417411148548126, -0.21563047170639038, -0.3314933180809021, 0.8293319940567017, 0.41807860136032104, 0.16592445969581604], "Starting Soft Arm States": [33.5, -6.800000190734863, 10.0, 24.86928367614746, 0.9009897708892822, 35.387908935546875], "Number of Trajectories": 1, "Final Desired Pose": [0.05249641463160515, 0.2556997537612915, -0.2790928781032562, -0.6533428430557251, 0.7567075490951538, 0.023170484229922295], "Predicted Trajectory 0": [[0.1562102182271404, 0.3697915195390177, 0.557115557706918, -0.7251625061035156, -0.6885749697685242, -0.00196759938262403], [0.1707446277141571, 0.37199193239212036, 0.5317550897598267, -0.665120005607605, -0.7466539740562439, 0.011100067757070065], [0.19545814394950867, 0.3730607032775879, 0.4843018651008606, -0.6515916585922241, -0.7582612633705139, -0.021636903285980225], [0.2172042280435562, 0.3869583308696747, 0.44946250319480896, -0.6385406255722046, -0.7695662379264832, 0.005813865922391415], [0.23540034890174866, 0.41006115078926086, 0.4171116352081299, -0.651780903339386, -0.7560135722160339, 0.06020929291844368], [0.2543983459472656, 0.4411417245864868, 0.3902313709259033, -0.6785674095153809, -0.7222061157226562, 0.13403211534023285], [0.2788253426551819, 0.4727388024330139, 0.3675810396671295, -0.6994041204452515, -0.6849610209465027, 0.20411314070224762], [0.30038121342658997, 0.5064020752906799, 0.35504424571990967, -0.7090025544166565, -0.6547690629959106, 0.2619021534919739], [0.3258047103881836, 0.5463539361953735, 0.35257309675216675, -0.7247509956359863, -0.592068612575531, 0.3524070382118225], [0.35268911719322205, 0.5402027368545532, 0.34306636452674866, -0.6784256100654602, -0.6140848398208618, 0.40328457951545715], [0.38349008560180664, 0.5895438194274902, 0.34859800338745117, -0.7004249095916748, -0.511467695236206, 0.49780088663101196], [0.4082842469215393, 0.6218312978744507, 0.3493150472640991, -0.7288469076156616, -0.4334588348865509, 0.5299960374832153], [0.4393668472766876, 0.6684114336967468, 0.35929983854293823, -0.7253134846687317, -0.3393692970275879, 0.5989564061164856], [0.4616577625274658, 0.6949959993362427, 0.34728533029556274, -0.8049516081809998, -0.20995073020458221, 0.5549536347389221], [0.4924497604370117, 0.7305916547775269, 0.3441773056983948, -0.8261995315551758, -0.09759558737277985, 0.5548598766326904], [0.5142636299133301, 0.7466970682144165, 0.3292606472969055, -0.8703856468200684, 0.08969277888536453, 0.48413220047950745], [0.5332701802253723, 0.761782705783844, 0.3476395010948181, -0.7921223044395447, 0.1623026579618454, 0.588387668132782], [0.5777314901351929, 0.7907264232635498, 0.3442011773586273, -0.7929582595825195, 0.3219720423221588, 0.5172536373138428], [0.6379956007003784, 0.819159746170044, 0.35758665204048157, -0.6864894032478333, 0.5422083735466003, 0.4845021665096283], [0.6619255542755127, 0.8016459345817566, 0.3604818880558014, -0.7365975379943848, 0.5336589217185974, 0.4154903292655945], [0.7236546874046326, 0.8496987819671631, 0.37519606947898865, -0.5981108546257019, 0.7385150790214539, 0.31122156977653503]], "Control Inputs 0": [[-4.9149214662611485, -9.748049434274435, 0.0003695406368933618, -2.999228541419143, 2.9744943380355835], [-4.927360387519002, -5.17486572265625, 0.0024072370026260613, -2.853357933461666, 2.9953984022140503], [-4.955021082423627, 1.4873969554901123, 0.002069539600051939, -1.232765793800354, 2.9740211963653564], [-4.908990040421486, 6.736514568328857, 0.0033300578594207763, -1.2731834650039673, 2.95996356010437], [-4.90552568808198, 9.597992897033691, 0.005003278888761997, 0.35729384422302246, 2.945019006729126], [-4.882597979158163, 9.519039392471313, 0.003984225960448384, 2.144174337387085, 2.996277093887329], [-1.7065486311912537, 9.722583293914795, 0.001323775271885097, 1.072738766670227, 2.9924211502075195], [-4.966943289618939, -0.18989920616149902, 0.005693775881081819, 0.8771463632583618, 2.9131497144699097], [-3.279479891061783, 3.1230247020721436, 0.004989528143778443, 0.27193164825439453, 2.958784818649292], [-4.8997298162430525, 9.583027362823486, 0.007568462193012237, 0.6770031452178955, 2.972829222679138], [2.159719467163086, 9.633738994598389, 0.006250731740146875, 0.2893713712692261, 2.94973361492157], [-4.8012797348201275, 7.43169903755188, 0.018503055907785892, -1.8112538158893585, 2.9232949018478394], [1.859857439994812, 9.225167036056519, 0.005823749024420976, -2.8252207450568676, 2.936557173728943], [-4.86307798884809, 4.38245415687561, 0.23816493451595305, -2.84104310721159, 2.956275701522827], [2.45161771774292, 5.250877141952515, 0.004503938602283597, 1.1527347564697266, 2.8915525674819946], [-4.28834043443203, 2.665919065475464, 0.01112782061100006, 0.007526278495788574, 2.86520254611969], [-3.645649254322052, 8.219072818756104, 0.05449226647615432, -2.967122591100633, 2.6824039220809937], [-3.7184834480285645, -4.007229804992676, 0.10035964846611023, 0.8636959791183472, 2.6312291622161865], [-2.9579955339431763, 6.585408449172974, 0.10498350262641906, -2.840631153434515, 1.7525192499160767], [-2.3513132333755493, 5.516643524169922, 0.01107091400772333, -2.9752172213047743, 2.5246989727020264]], "Final Predicted Pose 0": [0.7236546874046326, 0.8496987819671631, 0.37519606947898865, -0.5981108546257019, 0.7385150790214539, 0.31122156977653503], "Predicted Translation Error 0": "6.168145925955305cm", "Predicted Rotation Error 0": "tensor([0.9568], grad_fn=<DivBackward0>)"}