{"num_updates": "5322", "penalty": "tensor(0., dtype=torch.float64, grad_fn=<AddBackward0>)", "Starting Pose": [-0.33526962995529175, 0.09368839114904404, -0.2657359540462494, -0.3498991131782532, 0.7570090293884277, 0.4850746989250183, 0.26307883858680725], "Starting Soft Arm States": [34.79999923706055, -39.79999923706055, 10.0, 12.532418251037598, 3.914828062057495, 35.39784622192383], "Number of Trajectories": 1, "Final Desired Pose": [-0.43763598799705505, 0.15057052671909332, -0.07979465276002884, -0.6108846068382263, 0.7245617508888245, 0.3191084861755371], "Predicted Trajectory 0": [[0.1630817510670215, 0.39846816174263877, 0.4299044497950871, -0.6167202591896057, -0.7849793434143066, 0.0588517002761364], [0.1263246238231659, 0.36752524971961975, 0.49496081471443176, -0.6439515948295593, -0.7628087997436523, 0.058729346841573715], [0.10139631479978561, 0.37867996096611023, 0.5739545822143555, -0.670522153377533, -0.7273099422454834, 0.14635634422302246], [0.09057575464248657, 0.3729771375656128, 0.6203376650810242, -0.6647526025772095, -0.7155957221984863, 0.214538112282753], [0.0887167900800705, 0.3800352215766907, 0.6481161117553711, -0.6633897423744202, -0.7048504948616028, 0.25119686126708984], [0.08340640366077423, 0.3990042507648468, 0.6897407174110413, -0.6962301731109619, -0.6344373226165771, 0.33578673005104065], [0.0828201174736023, 0.4133482277393341, 0.7187573313713074, -0.7130314707756042, -0.5836114287376404, 0.3885663151741028], [0.08613061159849167, 0.4286037087440491, 0.7360609173774719, -0.7285116314888, -0.533355176448822, 0.4298872649669647], [0.08984985947608948, 0.45461416244506836, 0.748607873916626, -0.7433178424835205, -0.44602492451667786, 0.49853822588920593], [0.09113753587007523, 0.44114550948143005, 0.7430802583694458, -0.7198346257209778, -0.5120390057563782, 0.4686727225780487], [0.08855320513248444, 0.445192813873291, 0.7395434379577637, -0.7413061857223511, -0.5122590065002441, 0.43365398049354553], [0.0907033383846283, 0.4940491020679474, 0.7418559193611145, -0.7691745758056641, -0.4020158052444458, 0.49674323201179504], [0.08633316308259964, 0.5371556878089905, 0.7507240772247314, -0.777798593044281, -0.3143829107284546, 0.54423588514328], [0.08755932748317719, 0.56682288646698, 0.7362837791442871, -0.785961389541626, -0.2549682557582855, 0.5632547736167908], [0.07951944321393967, 0.6302126049995422, 0.7530174255371094, -0.765496551990509, -0.05311303585767746, 0.6412440538406372], [0.07926489412784576, 0.6228834986686707, 0.7483031749725342, -0.6980191469192505, -0.054463062435388565, 0.7140049338340759], [0.07907352596521378, 0.6512912511825562, 0.7453113198280334, -0.6811940670013428, -0.010421928949654102, 0.7320287227630615], [0.06928827613592148, 0.6322349905967712, 0.7624910473823547, -0.6571744680404663, -0.038767870515584946, 0.7527408003807068], [0.08200225234031677, 0.7012900114059448, 0.7181652784347534, -0.668731153011322, 0.2139190435409546, 0.7120654582977295], [0.06517188251018524, 0.626940131187439, 0.7139341235160828, -0.7237186431884766, 0.044294632971286774, 0.6886721849441528], [0.06558611243963242, 0.7268713116645813, 0.7408143281936646, -0.5939332842826843, 0.39543113112449646, 0.7006264328956604]], "Control Inputs 0": [[4.561811685562134, 9.783378839492798, 0.6886903285980224, 2.5257718563079834, 2.907368302345276], [2.9970014095306396, 6.24922513961792, 0.625301444530487, 2.8792580366134644, 2.9867688417434692], [0.10901927947998047, 4.582493305206299, 0.49612742662429804, 2.8971787691116333, 2.86474871635437], [0.830681324005127, 9.313558340072632, 0.2097740352153778, 2.859403610229492, 2.866823673248291], [1.4363843202590942, 9.869295358657837, 0.05087399482727051, 2.9434679746627808, 1.946112871170044], [-0.046588778495788574, 9.877500534057617, 0.018024278990924358, 2.9087480306625366, 1.5904229879379272], [-0.06008118391036987, 9.861465692520142, 0.014441931061446665, 2.8381948471069336, 1.6707090139389038], [-2.3087286949157715, -2.4624103307724, 0.698540562391281, -0.4106154441833496, 2.8576648235321045], [1.6749393939971924, -1.2995094060897827, 0.2808324247598648, -2.8497391752898693, -2.899808082729578], [-2.1436044573783875, 9.920634031295776, 0.04599161297082901, -1.8143709003925323, 2.8373812437057495], [2.605913281440735, 9.8704993724823, 0.011260946467518806, -2.9051413871347904, 2.954559087753296], [-2.4190539121627808, 8.07798981666565, 0.010063182096928358, -0.3512497544288635, 2.9095884561538696], [2.161121368408203, 9.866472482681274, 0.01050158916041255, -2.8570454344153404, 2.9521247148513794], [-0.2579784393310547, 4.6730029582977295, 0.6992383420467376, 1.5607709884643555, 2.946428418159485], [-2.9938924312591553, 1.1867594718933105, 0.698970228433609, 2.940881609916687, 2.9428263902664185], [3.0622345209121704, 1.4094245433807373, 0.027900630235671995, -0.223155677318573, -2.8849118761718273], [-2.175006866455078, 9.820542335510254, 0.008873069379478692, -2.9808064894750714, 2.928143262863159], [-2.676798850297928, -5.589798390865326, 0.6437412440776824, -2.4130545258522034, -2.8931097015738487], [4.644972085952759, 9.813230037689209, 0.0016010906547307968, -1.4149337410926819, 2.6788651943206787], [-0.15077441930770874, -9.996386472776067, 0.6913528978824615, 2.8652926683425903, 2.838448405265808]], "Final Predicted Pose 0": [0.06558611243963242, 0.7268713116645813, 0.7408143281936646, -0.5939332842826843, 0.39543113112449646, 0.7006264328956604], "Predicted Translation Error 0": "8.568781925828201cm", "Predicted Rotation Error 0": "tensor([0.8729], grad_fn=<DivBackward0>)"}