{"num_updates": "2487", "penalty": "tensor(0., dtype=torch.float64, grad_fn=<AddBackward0>)", "Starting Pose": [-0.2373857945203781, 0.16820833086967468, -0.27910685539245605, -0.2144898623228073, -0.4621627926826477, -0.8525670170783997, -0.11631454527378082], "Starting Soft Arm States": [11.699999809265137, -52.099998474121094, 10.0, 16.387481689453125, 35.212379455566406, 19.351640701293945], "Number of Trajectories": 1, "Final Desired Pose": [-0.44186413288116455, 0.173950657248497, -0.22099637985229492, -0.9401527643203735, -0.18310882151126862, -0.28737419843673706], "Predicted Trajectory 0": [[0.28565737005343383, 0.6230759853478269, 0.3959575223412493, -0.8809300661087036, -7.342227036133409e-05, 0.4732465147972107], [0.25912201404571533, 0.6482179760932922, 0.4396651089191437, -0.8284770846366882, 0.10219327360391617, 0.5506199598312378], [0.2095528244972229, 0.6269645094871521, 0.4951363503932953, -0.7994641065597534, 0.030568890273571014, 0.5999354720115662], [0.17446422576904297, 0.6100745797157288, 0.5572139620780945, -0.7590596079826355, -0.049503475427627563, 0.6491363048553467], [0.15353789925575256, 0.6123806238174438, 0.6047099828720093, -0.7359486818313599, -0.06538110971450806, 0.6738730072975159], [0.14958564937114716, 0.6157091856002808, 0.6119036078453064, -0.7121756672859192, -0.08177149295806885, 0.6972225904464722], [0.13443633913993835, 0.6109717488288879, 0.600692868232727, -0.7685636281967163, -0.1387385129928589, 0.624549150466919], [0.12698166072368622, 0.6329387426376343, 0.595252513885498, -0.7998953461647034, -0.12583649158477783, 0.5867986679077148], [0.11460869014263153, 0.63852459192276, 0.5982477068901062, -0.831143856048584, -0.11766908317804337, 0.5434647798538208], [0.10388080775737762, 0.6358025074005127, 0.630591094493866, -0.7648753523826599, -0.11304177343845367, 0.634182333946228], [0.10250354558229446, 0.6423063278198242, 0.5965065360069275, -0.8489396572113037, -0.10052701085805893, 0.5188408493995667], [0.09795904904603958, 0.6432008743286133, 0.5929495692253113, -0.8492770791053772, -0.11490033566951752, 0.5152925252914429], [0.10269539803266525, 0.6479858756065369, 0.5611268281936646, -0.9060841202735901, -0.11185531318187714, 0.40804407000541687], [0.10016198456287384, 0.6661186814308167, 0.5859226584434509, -0.8698284029960632, -0.10253938287496567, 0.4825807511806488], [0.09562285989522934, 0.6653660535812378, 0.5870887637138367, -0.8715000748634338, -0.11631891131401062, 0.47640058398246765], [0.08825966715812683, 0.6385079026222229, 0.610630989074707, -0.8298936486244202, -0.15259264409542084, 0.5366488099098206], [0.0936916321516037, 0.6383485794067383, 0.5545724630355835, -0.9043004512786865, -0.16872695088386536, 0.3921376168727875], [0.08430524915456772, 0.6550433039665222, 0.5928832292556763, -0.8474088907241821, -0.0824461579322815, 0.5245005488395691], [0.0909075140953064, 0.6192561388015747, 0.5393621325492859, -0.9369246959686279, -0.15034115314483643, 0.31554651260375977], [0.08163879811763763, 0.6428393125534058, 0.5879354476928711, -0.8768015503883362, -0.06836085766553879, 0.4759683609008789], [0.0888955369591713, 0.6220043897628784, 0.5278757214546204, -0.9656184911727905, -0.1129947379231453, 0.23412224650382996]], "Control Inputs 0": [[4.954587817192078, -7.245050370693207, 0.17511580288410186, 0.7444002628326416, 2.938040614128113], [4.817652702331543, -3.3098161220550537, 0.4027417778968811, -0.3795372247695923, -2.4078474193811417], [4.855048656463623, 0.442277193069458, 0.3479649484157562, -1.9334214627742767, -2.941399287432432], [0.3631627559661865, 1.5189826488494873, 0.21085304021835327, 1.9135851860046387, -2.9411946292966604], [-0.8077901601791382, -7.1539559960365295, 0.1458978861570358, -1.9493727385997772, 1.8735240697860718], [1.2163156270980835, 4.245271682739258, 0.40152116417884826, -2.9357501976191998, -2.9429780188947916], [1.3968819379806519, 7.967160940170288, 0.4306667327880859, -2.935594143345952, -2.946033652871847], [4.706059694290161, 7.6796555519104, 0.1490232393145561, 0.8898900747299194, -2.949880164116621], [-2.8274905681610107, -5.045665800571442, 0.4421245217323303, -0.280642569065094, 2.872588634490967], [0.2575451135635376, -6.910909414291382, 0.31832308173179624, -1.0862765908241272, 2.9438692331314087], [-3.2353800535202026, -6.535128653049469, 0.39138708710670467, -0.8543268442153931, 2.9873639345169067], [-0.5220961570739746, -1.197516918182373, 0.02734204716980457, 1.7920095920562744, 2.616025686264038], [0.376247763633728, 6.191128492355347, 0.3867700338363647, 2.6766865253448486, -2.9210655223578215], [3.7910646200180054, -0.43027162551879883, 0.27537681758403776, -2.120590567588806, -2.883140377700329], [-4.997000977746211, -2.529275417327881, 0.428345376253128, 0.4009065628051758, -0.43976515531539917], [4.912521839141846, 7.209746837615967, 0.28270060420036314, -2.2619385570287704, -2.9408006463199854], [-4.9533597799018025, -9.620761312544346, 0.24642459452152252, -0.10707324743270874, 2.940859794616699], [4.908993244171143, -6.710965931415558, 0.30247575640678404, 0.053244709968566895, 2.9619040489196777], [-4.9420456029474735, -7.329408526420593, 0.5068882286548614, 0.19761192798614502, 2.9492987394332886], [4.954767227172852, 9.734969139099121, 0.08079993426799774, -0.02772653102874756, 2.9451284408569336]], "Final Predicted Pose 0": [0.0888955369591713, 0.6220043897628784, 0.5278757214546204, -0.9656184911727905, -0.1129947379231453, 0.23412224650382996], "Predicted Translation Error 0": "4.8138062430817214cm", "Predicted Rotation Error 0": "tensor([0.8612], grad_fn=<DivBackward0>)"}