{"num_updates": "2795", "penalty": "tensor(0., dtype=torch.float64, grad_fn=<AddBackward0>)", "Starting Pose": [0.14872124791145325, 0.2276189625263214, -0.24246694147586823, -0.3184477686882019, -0.6312624216079712, -0.5204004645347595, -0.4788340926170349], "Starting Soft Arm States": [-41.70000076293945, -48.29999923706055, 10.0, 22.3919734954834, 35.18257141113281, 2.8583285808563232], "Number of Trajectories": 1, "Final Desired Pose": [-0.32576945424079895, 0.0792294293642044, -0.2520770728588104, -0.7907703518867493, -0.5511918067932129, 0.26621392369270325], "Predicted Trajectory 0": [[0.7691622256898302, 0.8021433963714385, 0.4889813557714569, -0.33861783146858215, -0.09632275253534317, 0.9359807372093201], [0.7681847810745239, 0.8023977875709534, 0.43571770191192627, -0.4727456867694855, -0.14318743348121643, 0.8694877028465271], [0.7354482412338257, 0.7773863077163696, 0.3828383684158325, -0.589832603931427, -0.2419419288635254, 0.7704295516014099], [0.6855769157409668, 0.7541404962539673, 0.3331885039806366, -0.7272724509239197, -0.28341567516326904, 0.625100314617157], [0.6272886395454407, 0.7327697277069092, 0.2731299102306366, -0.8402144908905029, -0.343219131231308, 0.4198097586631775], [0.5538947582244873, 0.7386446595191956, 0.25450703501701355, -0.889542281627655, -0.2705373167991638, 0.3681360185146332], [0.47600752115249634, 0.7089768648147583, 0.26105815172195435, -0.8573024272918701, -0.29944196343421936, 0.41876834630966187], [0.4106502830982208, 0.7113246321678162, 0.2815648019313812, -0.8408134579658508, -0.25865989923477173, 0.4755289852619171], [0.3506004810333252, 0.6783179640769958, 0.3163454532623291, -0.7810240387916565, -0.30920282006263733, 0.5425818562507629], [0.2965898811817169, 0.5666119456291199, 0.3640037775039673, -0.6610026955604553, -0.49533745646476746, 0.5636630654335022], [0.2639501690864563, 0.5319674611091614, 0.412657767534256, -0.6221866607666016, -0.5259495973587036, 0.5798800587654114], [0.24143381416797638, 0.5280579924583435, 0.4694240689277649, -0.5635701417922974, -0.5075454115867615, 0.6517564058303833], [0.22734485566616058, 0.5002517700195312, 0.4948476552963257, -0.5461207032203674, -0.5169530510902405, 0.6591750383377075], [0.21845364570617676, 0.4420337378978729, 0.47000110149383545, -0.5452614426612854, -0.6245037913322449, 0.5591824054718018], [0.21136055886745453, 0.4277190864086151, 0.49547722935676575, -0.5052410960197449, -0.6063191294670105, 0.614091694355011], [0.21266523003578186, 0.46235039830207825, 0.4890974462032318, -0.5516951084136963, -0.5064114332199097, 0.6627066135406494], [0.20378850400447845, 0.43715840578079224, 0.47831225395202637, -0.5690639019012451, -0.5273540019989014, 0.6309231519699097], [0.19449163973331451, 0.43410927057266235, 0.4732957184314728, -0.6158142685890198, -0.5195226669311523, 0.5923418998718262], [0.1938706785440445, 0.4489413797855377, 0.418744832277298, -0.7203794717788696, -0.5061479210853577, 0.47420209646224976], [0.18403933942317963, 0.3774828314781189, 0.4143492877483368, -0.6735292673110962, -0.63053297996521, 0.3857284486293793], [0.1641354113817215, 0.3789447844028473, 0.4543303847312927, -0.6360160112380981, -0.6346790790557861, 0.43893736600875854]], "Control Inputs 0": [[4.987175464630127, -8.503479808568954, 0.4985711574554443, -2.987661820370704, -2.997489700850565], [4.9893176555633545, -7.614321261644363, 0.6997388124465942, -2.9709312357008457, -2.9937224546447396], [4.90864098072052, -7.88847953081131, 0.1703155532479286, -2.964779826812446, -2.9752133963629603], [4.908761382102966, 0.026835203170776367, 0.6978852987289428, -2.9211930613964796, -2.9932660760823637], [4.944807291030884, 3.112962245941162, 0.27599507272243495, 2.9547454118728638, -2.998311459319666], [4.933874011039734, 4.495114088058472, 0.008893527463078497, 2.6514716148376465, -2.9823620771057904], [4.799146056175232, 4.827605485916138, 0.007505669351667165, 2.9947893619537354, -2.9935020273551345], [4.8282188177108765, -8.422435373067856, 0.46775586605072017, 2.950317621231079, -2.940679617226124], [4.921574592590332, -8.767454847693443, 0.2046371519565582, -0.459453284740448, -2.9341558646410704], [3.9330703020095825, 4.628355503082275, 0.3866336405277252, 0.8819543123245239, -2.9996496202948038], [4.902017712593079, 3.0189335346221924, 0.3288665473461151, 0.2586228847503662, -2.889974020421505], [-0.6848198175430298, -3.4344154596328735, 0.005538199003785848, -2.950401557609439, -2.8941350542008877], [4.879598021507263, -4.132524132728577, 0.0020530716283246875, -1.5107964277267456, -2.968164660036564], [-1.9024917483329773, -2.9566508531570435, 0.3535738468170166, 0.0807645320892334, 2.8393149375915527], [-2.5040829181671143, -6.634019911289215, 0.3773252248764038, -0.21248531341552734, 2.9098470211029053], [4.905591011047363, -1.3335567712783813, 0.00391835244372487, -2.9477980881929398, -2.94656952470541], [-2.1390220522880554, 6.204259395599365, 0.5056146681308746, -2.9418288990855217, -2.9017644859850407], [1.9830173254013062, -5.776930451393127, 0.08516978248953819, -2.829086646437645, -2.899175863713026], [4.879984259605408, -1.7526072263717651, 0.6837370693683624, 2.9382777214050293, -2.9481461998075247], [-0.38694828748703003, -0.6123363971710205, 0.08616321310400962, -2.980705540627241, -2.945876196026802]], "Final Predicted Pose 0": [0.1641354113817215, 0.3789447844028473, 0.4543303847312927, -0.6360160112380981, -0.6346790790557861, 0.43893736600875854], "Predicted Translation Error 0": "1.2449304321191543cm", "Predicted Rotation Error 0": "tensor([0.9696], grad_fn=<DivBackward0>)"}