{"num_updates": "284", "penalty": "tensor(301.8003, dtype=torch.float64, grad_fn=<AddBackward0>)", "Starting Pose": [-0.2697988450527191, 0.18949687480926514, -0.28324413299560547, -0.42505642771720886, -0.40406179428100586, 0.793532133102417, -0.16238152980804443], "Starting Soft Arm States": [28.600000381469727, 71.4000015258789, 10.0, 28.585247039794922, 34.963985443115234, 11.883283615112305], "Number of Trajectories": 1, "Final Desired Pose": [0.11572490632534027, 0.10388357937335968, -0.31436726450920105, -0.9445129036903381, 0.30200403928756714, -0.12918546795845032], "Predicted Trajectory 0": [[0.245067933456608, 0.6872410066819903, 0.38545352870507266, -0.5859184861183167, 0.6012080907821655, -0.5433675646781921], [0.25166529417037964, 0.6936108469963074, 0.3814578056335449, -0.6057325005531311, 0.5719509720802307, -0.5531366467475891], [0.28942814469337463, 0.7007399201393127, 0.35758695006370544, -0.5799193382263184, 0.5784105062484741, -0.5737028121948242], [0.31643760204315186, 0.705933690071106, 0.3532956540584564, -0.6381486654281616, 0.5613966584205627, -0.5268776416778564], [0.3409278094768524, 0.7025298476219177, 0.3456423282623291, -0.6871083974838257, 0.5182232856750488, -0.5092411637306213], [0.3763025999069214, 0.6990097165107727, 0.343413382768631, -0.7078604102134705, 0.4977479875087738, -0.5011792778968811], [0.4126559793949127, 0.6999937891960144, 0.3338163197040558, -0.721256673336029, 0.4742718040943146, -0.5048316717147827], [0.4412623941898346, 0.687479555606842, 0.34259000420570374, -0.7731581926345825, 0.4284220039844513, -0.4676334261894226], [0.4795200228691101, 0.6573711633682251, 0.34416547417640686, -0.7925814390182495, 0.4095701277256012, -0.451737642288208], [0.5143897533416748, 0.5909562706947327, 0.33123892545700073, -0.8474496603012085, 0.2333603948354721, -0.47683534026145935], [0.5532090067863464, 0.5557200908660889, 0.3322519063949585, -0.8769504427909851, 0.0667029544711113, -0.4759293794631958], [0.5668679475784302, 0.5693004727363586, 0.3268109858036041, -0.8471254110336304, 0.09389548003673553, -0.5230317115783691], [0.5619279146194458, 0.5644450783729553, 0.3452717363834381, -0.8954042792320251, 0.07198134809732437, -0.43939709663391113], [0.6138547658920288, 0.5186096429824829, 0.3365815281867981, -0.8555408716201782, -0.0799485445022583, -0.5115252137184143], [0.654595673084259, 0.5015009045600891, 0.35733744502067566, -0.8526378273963928, -0.12636905908584595, -0.5069907903671265], [0.6991146206855774, 0.43637147545814514, 0.37473607063293457, -0.8046175241470337, -0.23477934300899506, -0.5454073548316956], [0.7123619318008423, 0.3913991153240204, 0.383879691362381, -0.7585408687591553, -0.3004126250743866, -0.5782455801963806], [0.7101304531097412, 0.3989710211753845, 0.3818167746067047, -0.7923312783241272, -0.2648701071739197, -0.5495951771736145], [0.7186241149902344, 0.4476034641265869, 0.3732174336910248, -0.7968230843544006, -0.14965102076530457, -0.5853865742683411], [0.6855899691581726, 0.41290318965911865, 0.3378638029098511, -0.8366472721099854, -0.20347335934638977, -0.5085469484329224], [0.6705944538116455, 0.4789979159832001, 0.3275207281112671, -0.8839733600616455, -0.019842594861984253, -0.4671160578727722]], "Control Inputs 0": [[-4.984864940633997, 7.71122932434082, 0.0009010848356410861, -1.1216924786567688, -2.9840885885059834], [-4.988483388442546, -3.126545548439026, 0.0012362042791210113, 1.0274502038955688, -2.9686531769111753], [-4.995138592494186, -5.137447118759155, 0.0022599803283810615, -1.183266520500183, -2.995260191266425], [-4.967625986319035, 0.6094956398010254, 0.004227525321766734, -2.2374707758426666, -2.9382597003132105], [-4.9279582453891635, 4.050617218017578, 0.006476869154721498, 2.0421695709228516, -2.9875166821293533], [-4.90758522413671, 5.430803298950195, 0.015076738595962523, -2.780472122132778, -2.965897573158145], [-4.997983971261419, 4.8421478271484375, 0.6821211278438568, -2.3183095157146454, -2.988818393088877], [-4.95184538885951, -9.866797840222716, 0.003754216432571411, 0.9838052988052368, -2.9970809204969555], [-4.877113224938512, -9.566804878413677, 0.015870450437068938, -2.932490123435855, -2.9637892451137304], [-4.938045693561435, 2.263338565826416, 0.6842891097068786, -2.3094394505023956, -2.974301990121603], [4.637835621833801, 5.256482362747192, 0.6911385655403137, -0.7648356556892395, 2.9504302740097046], [-4.896051771938801, -1.6803401708602905, 0.2184373676776886, -2.7885120660066605, -2.9683092031627893], [-4.809312988072634, 0.0975954532623291, 0.22336321473121643, 0.34957122802734375, -2.937844544649124], [-4.790694657713175, -3.6142700910568237, 0.6460574686527252, 1.4787887334823608, -2.951829766854644], [-4.9298120848834515, -7.011343538761139, 0.015065671503543853, 2.3165677785873413, -2.8804878406226635], [4.782310724258423, -2.484901547431946, 0.006658867932856083, 0.21566426753997803, -2.9639891562983394], [-4.999643085393473, 7.357054948806763, 0.002574509102851152, -2.943945838138461, 2.8704686164855957], [4.615246057510376, -5.713296830654144, 0.6957309186458587, -2.6180299669504166, 2.9124040603637695], [4.704724550247192, 1.804349422454834, 0.6931243002414703, -2.8940049670636654, 2.9724401235580444], [-4.9530255468562245, 1.656351089477539, 0.6906694710254668, -2.90197416767478, 2.9444761276245117]], "Final Predicted Pose 0": [0.6705944538116455, 0.4789979159832001, 0.3275207281112671, -0.8839733600616455, -0.019842594861984253, -0.4671160578727722], "Predicted Translation Error 0": "4.931438211205873cm", "Predicted Rotation Error 0": "tensor([0.8893], grad_fn=<DivBackward0>)"}