{"num_updates": "2013", "penalty": "tensor(10.6130, dtype=torch.float64, grad_fn=<AddBackward0>)", "Starting Pose": [-0.18206624686717987, 0.06808094680309296, -0.2208472639322281, 0.7406699657440186, -0.13146771490573883, 0.6568422913551331, -0.05179214850068092], "Starting Soft Arm States": [14.0, 16.399999618530273, 10.0, 34.3612174987793, 26.876300811767578, 35.40115737915039], "Number of Trajectories": 1, "Final Desired Pose": [-0.021632859483361244, 0.18949289619922638, -0.34639737010002136, -0.8877559304237366, -0.3955775499343872, 0.23538877069950104], "Predicted Trajectory 0": [[0.3549316048186614, 0.32128570072351464, 0.5438708210472987, 0.10254886746406555, -0.12670983374118805, 0.9866247177124023], [0.3431500494480133, 0.3526456654071808, 0.5319532752037048, 0.07505319267511368, -0.0874856561422348, 0.9933344721794128], [0.3622937500476837, 0.4047154188156128, 0.4977826178073883, 0.03863256052136421, 0.01564072072505951, 0.9991310238838196], [0.390612930059433, 0.4500630497932434, 0.45348769426345825, 0.016780901700258255, 0.12747874855995178, 0.9916992783546448], [0.4191424548625946, 0.49871405959129333, 0.4088665246963501, -0.02128417417407036, 0.2761998474597931, 0.9608644843101501], [0.4529568552970886, 0.5446224212646484, 0.3728583753108978, -0.03667124733328819, 0.4195115268230438, 0.907008945941925], [0.4905957281589508, 0.5881497859954834, 0.3441990315914154, -0.057605501264333725, 0.5376291871070862, 0.8412113189697266], [0.514819860458374, 0.6151255965232849, 0.32281672954559326, -0.0712960809469223, 0.5876158475875854, 0.8059929013252258], [0.5191367864608765, 0.5952171087265015, 0.30444037914276123, -0.20550508797168732, 0.5282509326934814, 0.8238438367843628], [0.5518470406532288, 0.626340925693512, 0.29417869448661804, -0.2745719254016876, 0.6011622548103333, 0.7504760026931763], [0.5597190260887146, 0.5689120888710022, 0.2632485032081604, -0.4712305963039398, 0.4395410716533661, 0.7646864652633667], [0.55027174949646, 0.6108659505844116, 0.24735961854457855, -0.4849422872066498, 0.49560046195983887, 0.7205631136894226], [0.5524005889892578, 0.6579474210739136, 0.24723364412784576, -0.5784250497817993, 0.4465268850326538, 0.6826698184013367], [0.5546078681945801, 0.6307799816131592, 0.22171223163604736, -0.6866494417190552, 0.37626439332962036, 0.6220431923866272], [0.5567901730537415, 0.7100799083709717, 0.2404533326625824, -0.6195635199546814, 0.4526430368423462, 0.6412919163703918], [0.5596840977668762, 0.6712185144424438, 0.2422277331352234, -0.7191221714019775, 0.2921026945114136, 0.6305071711540222], [0.5719943046569824, 0.6860605478286743, 0.24820081889629364, -0.727099597454071, 0.26945778727531433, 0.6314417123794556], [0.5759625434875488, 0.6676014065742493, 0.24406671524047852, -0.79300457239151, 0.14232440292835236, 0.5923576354980469], [0.583781361579895, 0.6741453409194946, 0.23940441012382507, -0.8436363339424133, 0.07639745622873306, 0.5314520597457886], [0.5651727914810181, 0.6472288966178894, 0.2029496282339096, -0.9239343404769897, -0.07760510593652725, 0.37459683418273926], [0.5551970601081848, 0.6417403221130371, 0.22556866705417633, -0.9161345362663269, -0.19598020613193512, 0.34969887137413025]], "Control Inputs 0": [[-4.860592540353537, 9.47826623916626, 0.23785933256149291, -2.9835246079601347, 2.983074188232422], [-4.937569661997259, 7.879997491836548, 0.049563843011856075, -2.9705094918608665, 2.9826643466949463], [-4.9642719444818795, 5.194271802902222, 0.009274377953261137, -2.984801296144724, 2.990498900413513], [-4.834442902356386, 3.86346697807312, 0.006521364394575357, -2.9573492417111993, 2.9494142532348633], [-4.719146806746721, 1.7933225631713867, 0.007168041542172431, -0.2591850757598877, 2.8761316537857056], [-4.716851972043514, 1.0856664180755615, 0.004554451117292046, -2.667861007153988, 2.994010806083679], [-0.37033408880233765, 0.3753471374511719, 0.0012189795030280947, -1.7689954340457916, -2.819527130573988], [-4.871145123615861, -9.896032521501184, 0.009965276531875133, 0.4590235948562622, 2.9324791431427], [-1.3819146156311035, -7.50343531370163, 0.001162951614242047, -2.9012322574853897, -2.9103282652795315], [-1.4871424436569214, -0.25950074195861816, 0.006252084486186504, -1.6704533994197845, -2.9049211107194424], [4.700260758399963, 9.179844856262207, 0.010701447445899247, 0.3075610399246216, 2.881733536720276], [-4.933410007506609, -0.2437669038772583, 0.00985249662771821, -2.09698623418808, -2.9344943929463625], [4.41227912902832, 8.09613823890686, 0.008981643710285425, 0.3802710771560669, 2.8039026260375977], [-0.18080204725265503, 5.606168508529663, 0.009782123193144797, 1.6402044296264648, -0.6520305275917053], [-2.7853645384311676, -0.7748168706893921, 0.011448295600712298, 1.2070956230163574, 0.026646852493286133], [-1.654636561870575, 7.337150573730469, 0.011904536746442318, -0.5509427189826965, -2.833826433867216], [-0.7419756054878235, 9.236735105514526, 0.004473120765760541, -0.6427497267723083, -2.7408515363931656], [-0.7310184836387634, 4.546542167663574, 0.008602203335613012, -2.8256161473691463, -2.9433740861713886], [4.899459481239319, 9.53916072845459, 0.004727099975571036, -1.1464176177978516, -2.938787844032049], [-4.640414118766785, -9.552547596395016, 0.015581542998552321, 2.9032645225524902, -2.941027035936713]], "Final Predicted Pose 0": [0.5551970601081848, 0.6417403221130371, 0.22556866705417633, -0.9161345362663269, -0.19598020613193512, 0.34969887137413025], "Predicted Translation Error 0": "1.5101804330108546cm", "Predicted Rotation Error 0": "tensor([0.9731], grad_fn=<DivBackward0>)"}