{"num_updates": "1781", "penalty": "tensor(0., dtype=torch.float64, grad_fn=<AddBackward0>)", "Starting Pose": [0.04118812084197998, 0.14344409108161926, -0.3669871389865875, 0.7153168320655823, 0.047950711101293564, -0.6210981607437134, -0.3166380226612091], "Starting Soft Arm States": [-1.899999976158142, -56.400001525878906, 10.0, 20.580360412597656, 1.9144343137741089, 35.394535064697266], "Number of Trajectories": 1, "Final Desired Pose": [-0.4223175048828125, 0.1329112946987152, -0.12750594317913055, -0.38554930686950684, -0.37488627433776855, 0.8430966734886169], "Predicted Trajectory 0": [[0.6345032234805258, 0.5484349963335505, 0.17284125406969977, 0.22387561202049255, -0.3247266709804535, -0.9189299941062927], [0.587525486946106, 0.48116910457611084, 0.193690225481987, -0.003064333228394389, -0.5111782550811768, -0.8594692945480347], [0.5284366607666016, 0.46424171328544617, 0.20027919113636017, -0.1031932458281517, -0.5605180859565735, -0.8216877579689026], [0.46533381938934326, 0.42060086131095886, 0.2505696713924408, -0.205455482006073, -0.6815963983535767, -0.7022922039031982], [0.38854506611824036, 0.4217681288719177, 0.29430168867111206, -0.37972545623779297, -0.7031001448631287, -0.6012145280838013], [0.31468725204467773, 0.41821524500846863, 0.3647831082344055, -0.4776814877986908, -0.747435986995697, -0.46169230341911316], [0.250222384929657, 0.4246661067008972, 0.4503119885921478, -0.5732678771018982, -0.7424574494361877, -0.346584677696228], [0.19846555590629578, 0.4583902657032013, 0.5396391153335571, -0.6776763200759888, -0.7077592015266418, -0.19957882165908813], [0.17356126010417938, 0.4794481098651886, 0.5906063914299011, -0.7176439166069031, -0.6920328140258789, -0.07796023041009903], [0.16306737065315247, 0.442504346370697, 0.6127057075500488, -0.6089143753051758, -0.7877161502838135, -0.09341651201248169], [0.14353203773498535, 0.45638489723205566, 0.6805630922317505, -0.5989844799041748, -0.7981222867965698, 0.06494957208633423], [0.12674573063850403, 0.5161018371582031, 0.6982783079147339, -0.6979728937149048, -0.6978089213371277, 0.16092412173748016], [0.11204249411821365, 0.5006214380264282, 0.7402322292327881, -0.6086386442184448, -0.7428768277168274, 0.27873486280441284], [0.11063598841428757, 0.5331501364707947, 0.7170777916908264, -0.6988604068756104, -0.6871064901351929, 0.19869251549243927], [0.09993402659893036, 0.47095832228660583, 0.7411020398139954, -0.5585559606552124, -0.7758988738059998, 0.29325103759765625], [0.09881330281496048, 0.5147806406021118, 0.7548394799232483, -0.5566979050636292, -0.7151747345924377, 0.4226257801055908], [0.10032682120800018, 0.5506220459938049, 0.741952657699585, -0.5847465395927429, -0.6895312666893005, 0.4273384213447571], [0.08280988782644272, 0.4723851680755615, 0.7696972489356995, -0.44476190209388733, -0.7254092693328857, 0.5253267884254456], [0.08067739754915237, 0.6142597794532776, 0.7552148103713989, -0.6317493319511414, -0.4460083842277527, 0.6340104937553406], [0.06929893046617508, 0.5494271516799927, 0.7485074400901794, -0.5720128417015076, -0.5590887069702148, 0.6001842021942139], [0.0637718066573143, 0.5252293348312378, 0.787503719329834, -0.4406348466873169, -0.5403262376785278, 0.7168601155281067]], "Control Inputs 0": [[4.992577433586121, 9.90420937538147, 0.02489253245294094, -2.9799442472867668, 2.944864511489868], [4.970902800559998, 9.921175241470337, 0.27916645705699916, 2.8833181858062744, 2.975424885749817], [4.906252026557922, 9.823229312896729, 0.014725025929510593, 2.1432666778564453, 2.925317645072937], [4.980848431587219, 9.895625114440918, 0.29175713658332825, -2.838215533643961, 2.9213565587997437], [4.959788918495178, 9.817554950714111, 0.18302331864833832, 2.932620406150818, 2.9954556226730347], [4.992542862892151, 9.788525104522705, 0.013589206896722316, -2.929772224277258, 2.8771244287490845], [2.699499726295471, 9.771652221679688, 0.013833960704505443, -2.902793012559414, 2.866836190223694], [-0.606476366519928, -3.449275493621826, 0.5882490277290344, 2.9748623371124268, 2.9756977558135986], [3.9409279823303223, -9.810162801295519, 0.16587457209825515, 1.5148029327392578, 2.9201234579086304], [-0.11225759983062744, 9.760305881500244, 0.14690883010625838, 0.6738864183425903, 2.9390981197357178], [3.8397586345672607, -9.557117000222206, 0.5037700414657592, -1.9006444215774536, 2.936282515525818], [-1.6849607229232788, 9.757025241851807, 0.2575335562229156, 0.3846409320831299, -1.7219191789627075], [2.4842625856399536, -9.469302035868168, 0.21672928035259245, -0.4026469588279724, -0.1838843822479248], [-0.3757220506668091, -9.829964898526669, 0.6060903489589691, 0.07479572296142578, 2.9336196184158325], [-3.4317052364349365, 9.739774465560913, 0.4721392691135406, 2.9371694326400757, 2.939938545227051], [4.804097414016724, -9.822692647576332, 0.007750815618783235, -0.502533495426178, -2.890642136335373], [-0.37705928087234497, 9.807554483413696, 0.6152460157871246, -2.941185560077429, 2.9415628910064697], [0.9283328056335449, 9.811562299728394, 0.3447544902563095, -1.7840505838394165, -2.8525241911411285], [4.86103355884552, -9.678837768733501, 0.5397712409496307, 2.9912610054016113, -0.18987339735031128], [-4.909181008115411, -9.473640248179436, 0.6877400815486907, 2.9420979022979736, 0.7272920608520508]], "Final Predicted Pose 0": [0.0637718066573143, 0.5252293348312378, 0.787503719329834, -0.4406348466873169, -0.5403262376785278, 0.7168601155281067], "Predicted Translation Error 0": "0.8651518990967003cm", "Predicted Rotation Error 0": "tensor([0.9768], grad_fn=<DivBackward0>)"}