{"num_updates": "5748", "penalty": "tensor(0., dtype=torch.float64, grad_fn=<AddBackward0>)", "Starting Pose": [-0.3826374113559723, 0.1511218398809433, -0.12354037165641785, -0.48412656784057617, 0.020604342222213745, -0.8747074604034424, -0.00915178470313549], "Starting Soft Arm States": [41.20000076293945, -36.0, 10.0, 21.193063735961914, 35.149452209472656, 35.407779693603516], "Number of Trajectories": 1, "Final Desired Pose": [0.14617468416690826, 0.12009521573781967, -0.23797886073589325, -0.9554959535598755, 0.09510448575019836, 0.279253751039505], "Predicted Trajectory 0": [[0.10376516320137552, 0.5715762180584804, 0.7909199860448757, -0.5310754179954529, -0.03596048802137375, 0.8465611338615417], [0.10560041666030884, 0.5590261816978455, 0.7411490678787231, -0.6138901114463806, -0.10158891975879669, 0.7828273177146912], [0.1261487454175949, 0.5737860202789307, 0.7042967677116394, -0.6405563354492188, -0.12212581932544708, 0.7581378221511841], [0.14899060130119324, 0.5601255893707275, 0.6664822101593018, -0.6736062169075012, -0.1820092797279358, 0.7163289189338684], [0.17482270300388336, 0.49329978227615356, 0.6386271715164185, -0.6384245157241821, -0.3746989667415619, 0.672320544719696], [0.20654474198818207, 0.46721136569976807, 0.6111242175102234, -0.6230466961860657, -0.4676695168018341, 0.6269752979278564], [0.2414035201072693, 0.4296185374259949, 0.5746980309486389, -0.5550135374069214, -0.5913344621658325, 0.5850500464439392], [0.27777010202407837, 0.4913780093193054, 0.5262408256530762, -0.6968516707420349, -0.4682188928127289, 0.5432944893836975], [0.32126715779304504, 0.3778056204319, 0.4836929738521576, -0.5422635674476624, -0.7076901793479919, 0.45290714502334595], [0.35804447531700134, 0.4379614591598511, 0.47937658429145813, -0.6137509942054749, -0.6000232696533203, 0.5131099820137024], [0.3986118733882904, 0.3887028098106384, 0.457876592874527, -0.5189085006713867, -0.7248661518096924, 0.4531037509441376], [0.43084195256233215, 0.4856937527656555, 0.45185789465904236, -0.6827048659324646, -0.497629314661026, 0.5350505113601685], [0.473874032497406, 0.41659992933273315, 0.43931400775909424, -0.5521329045295715, -0.654267430305481, 0.5168010592460632], [0.5069499611854553, 0.5463138222694397, 0.4486221671104431, -0.7277789115905762, -0.3580086827278137, 0.5849509239196777], [0.5506227016448975, 0.5348000526428223, 0.4461248219013214, -0.690601646900177, -0.40020105242729187, 0.602418839931488], [0.5888404250144958, 0.4895840287208557, 0.4724506139755249, -0.6513310074806213, -0.42331191897392273, 0.6297419667243958], [0.609680712223053, 0.4727391004562378, 0.48258817195892334, -0.6524720191955566, -0.4189298152923584, 0.6314886808395386], [0.636343777179718, 0.429597944021225, 0.48622605204582214, -0.6362105011940002, -0.5037956237792969, 0.5843167901039124], [0.6592096090316772, 0.5253308415412903, 0.49485641717910767, -0.7808268070220947, -0.26316043734550476, 0.5666180849075317], [0.7015429139137268, 0.3791423439979553, 0.5074278116226196, -0.6408318877220154, -0.5631624460220337, 0.5217112898826599], [0.7083151340484619, 0.5260637402534485, 0.5059642195701599, -0.8594534397125244, -0.18138709664344788, 0.4779525101184845]], "Control Inputs 0": [[-4.955504294484854, 9.890694618225098, 0.0019831752404570577, 1.590531349182129, -2.921821726486087], [-4.941375013440847, 9.598256349563599, 0.00019189629529137164, 2.91725492477417, -2.8903299272060394], [-4.933253307826817, -9.916595993563533, 0.004078097734600305, 1.455072283744812, -2.948381742462516], [-4.94402851909399, -9.716352056711912, 0.014227703027427195, 1.0637258291244507, -2.9906388921663165], [-4.986531676258892, -9.708754122257233, 0.01076831743121147, 2.9526032209396362, -2.4568317979574203], [-4.974398966878653, 9.931119680404663, 0.2933917701244354, 0.20428597927093506, 0.2648963928222656], [-4.999105931347003, -9.51036050915718, 0.005180041724815964, 0.22417974472045898, -2.9116361159831285], [-4.947043205611408, -9.827875755727291, 0.3443230509757995, 2.1185173988342285, 2.9709999561309814], [-4.8824000265449286, -9.401420652866364, 0.31115283668041227, -1.9950951039791107, 2.8312203884124756], [-4.880587514489889, 9.60055947303772, 0.6090548276901244, -1.0133435726165771, 2.8916215896606445], [-3.858742341399193, -9.398144595324993, 0.012757108360528945, 0.9654450416564941, 2.162162661552429], [-4.955305429175496, 9.429399967193604, 0.25890093147754667, -1.9182240664958954, 2.8490610122680664], [-3.489035815000534, 9.84758734703064, 0.07968271076679229, -0.0908769965171814, 2.9637712240219116], [-4.9905543646309525, -9.74156653508544, 0.00019486007222440093, 1.3586736917495728, -0.20781201124191284], [-4.92473253980279, -9.704670161008835, 0.1271302670240402, 1.1852928400039673, 2.899657130241394], [0.14511168003082275, -9.723181333392859, 0.0019960403442382812, -0.8164070248603821, -2.954489814117551], [-4.676837362349033, 9.650994539260864, 0.3271562278270721, -2.963827117346227, 2.2913081645965576], [-4.205894768238068, -9.726235382258892, 0.00012165461084805428, -2.9059458151459694, -2.9875798746943474], [-1.6238188743591309, 9.482567310333252, 0.47889755964279174, -2.8801431879401207, 0.5185056924819946], [-4.035377576947212, -9.84700714237988, 0.044355628639459604, -2.9124606549739838, -2.971877840347588]], "Final Predicted Pose 0": [0.7083151340484619, 0.5260637402534485, 0.5059642195701599, -0.8594534397125244, -0.18138709664344788, 0.4779525101184845], "Predicted Translation Error 0": "4.876983552803629cm", "Predicted Rotation Error 0": "tensor([0.9374], grad_fn=<DivBackward0>)"}