{"num_updates": "7927", "penalty": "tensor(0., dtype=torch.float64, grad_fn=<AddBackward0>)", "Starting Pose": [-0.1306050717830658, 0.09527016431093216, -0.3409291207790375, 0.11754380911588669, -0.6091893911361694, 0.6816610097885132, -0.3878273069858551], "Starting Soft Arm States": [2.299999952316284, -70.9000015258789, 10.0, 9.531827926635742, 23.421977996826172, 35.39784622192383], "Number of Trajectories": 1, "Final Desired Pose": [0.09340579062700272, 0.21470683813095093, -0.3292936682701111, -0.7639734148979187, -0.6406134963035583, 0.07719386368989944], "Predicted Trajectory 0": [[0.41937416943289485, 0.4032357263523352, 0.23899907176487287, -0.6715468764305115, 0.3855206072330475, 0.6327705979347229], [0.44306695461273193, 0.4427194893360138, 0.2368926703929901, -0.733563244342804, 0.3207627236843109, 0.5991628766059875], [0.4954836666584015, 0.44463708996772766, 0.21738125383853912, -0.8244697451591492, 0.17712382972240448, 0.537472665309906], [0.520815372467041, 0.517113983631134, 0.19557511806488037, -0.7806528806686401, 0.3492169976234436, 0.5182937979698181], [0.5402404069900513, 0.5233080983161926, 0.19834280014038086, -0.7933121919631958, 0.3213936686515808, 0.5170705318450928], [0.5712251663208008, 0.567020058631897, 0.21551071107387543, -0.7286948561668396, 0.37581104040145874, 0.5725118517875671], [0.6062793135643005, 0.5485217571258545, 0.22360052168369293, -0.8182172775268555, 0.25088420510292053, 0.5172792077064514], [0.6599777936935425, 0.6170972585678101, 0.2447277009487152, -0.7630263566970825, 0.37108829617500305, 0.5292299389839172], [0.6912884712219238, 0.5787376761436462, 0.25249379873275757, -0.8868346810340881, 0.17555469274520874, 0.42743998765945435], [0.7220366597175598, 0.6885465383529663, 0.28530362248420715, -0.7530162334442139, 0.37687623500823975, 0.5393800735473633], [0.7030695676803589, 0.6755578517913818, 0.26820215582847595, -0.8095353841781616, 0.26204627752304077, 0.5253419280052185], [0.6948857307434082, 0.7305406332015991, 0.29141879081726074, -0.7545389533042908, 0.3346959948539734, 0.5644904971122742], [0.6768897771835327, 0.6866003274917603, 0.27820903062820435, -0.8455885648727417, 0.23140449821949005, 0.4810737073421478], [0.6794005036354065, 0.7448239326477051, 0.32942596077919006, -0.714159369468689, 0.275903582572937, 0.6433144807815552], [0.6926152110099792, 0.7014493346214294, 0.352565199136734, -0.7761139869689941, 0.11507292091846466, 0.6200042963027954], [0.6966044306755066, 0.7200478911399841, 0.3532220423221588, -0.8026812076568604, 0.07746294140815735, 0.5913563370704651], [0.6958081126213074, 0.7355817556381226, 0.3524934947490692, -0.8152417540550232, 0.06104026362299919, 0.5758948922157288], [0.6947841048240662, 0.747787594795227, 0.3583182096481323, -0.8163647651672363, 0.09225698560476303, 0.5701203942298889], [0.692064106464386, 0.6829469799995422, 0.3418658673763275, -0.8920977115631104, -0.10339638590812683, 0.43985307216644287], [0.6871945858001709, 0.6998240947723389, 0.3164425194263458, -0.9385244846343994, -0.1283409744501114, 0.32046911120414734], [0.6755962371826172, 0.6499781608581543, 0.29567426443099976, -0.9246559739112854, -0.32840368151664734, 0.1927756667137146]], "Control Inputs 0": [[-4.957070117816329, -9.662252888083458, 0.015218712389469145, 2.9141803979873657, -2.966541993431747], [-4.932696633040905, 9.844515323638916, 0.0019670759327709672, 1.49082612991333, 2.8828786611557007], [-4.8226165771484375, 9.414175748825073, 0.007391457818448543, 0.44023776054382324, 1.7087448835372925], [-4.771976117044687, 9.59213137626648, 0.0037048848811537024, 2.9248026609420776, 1.9618556499481201], [-4.932458777911961, 9.528135061264038, 0.01054056128486991, 0.15771210193634033, -2.88619065284729], [-4.699490983039141, 9.937071800231934, 0.00695691667497158, -1.4259862303733826, 2.94187331199646], [-4.654301702976227, 9.424583911895752, 0.011610604263842104, -2.144200086593628, -2.9025014117360115], [-2.0016908645629883, 9.617165327072144, 0.006412948481738567, 0.9566549062728882, 2.8657186031341553], [1.461595892906189, 9.461040496826172, 0.009843713883310555, -0.06721866130828857, 2.6728795766830444], [4.467118978500366, 9.746643304824829, 0.0003557108459062874, -0.6796352863311768, 2.758532166481018], [-4.731263034045696, -9.286621063947678, 0.007435933500528335, -1.0937590599060059, 2.838168740272522], [3.873804211616516, 9.483845233917236, 0.0022916489280760287, 2.1674047708511353, 2.7589516639709473], [-4.635883085429668, 9.458239078521729, 0.003293938236311078, 2.5973771810531616, -1.3330348134040833], [0.3204667568206787, 8.852931261062622, 0.001187628472689539, -1.9678544998168945, -2.7716464698314667], [-0.30540019273757935, 9.819391965866089, 0.004290340980514884, 0.14014685153961182, 0.033834099769592285], [4.306772947311401, 9.401726722717285, 0.000254376619704999, -1.7333572804927826, 2.4247902631759644], [-4.896248746663332, -8.82729098200798, 0.002142418548464775, -1.9134405255317688, 0.3953515291213989], [-0.7110151648521423, 9.69175934791565, 0.2770631045103073, -1.3338006734848022, -2.9990077699476387], [2.5720709562301636, 9.600560665130615, 0.07953048348426818, -2.0350952446460724, -2.9643012061715126], [-3.734207898378372, 9.897713661193848, 0.45874923467636103, 1.5493358373641968, -2.9520637672394514]], "Final Predicted Pose 0": [0.6755962371826172, 0.6499781608581543, 0.29567426443099976, -0.9246559739112854, -0.32840368151664734, 0.1927756667137146], "Predicted Translation Error 0": "4.36166003440773cm", "Predicted Rotation Error 0": "tensor([0.9317], grad_fn=<DivBackward0>)"}