{"num_updates": "3446", "penalty": "tensor(26.3958, dtype=torch.float64, grad_fn=<AddBackward0>)", "Starting Pose": [0.1869552731513977, 0.14966143667697906, -0.20620912313461304, -0.11220291256904602, -0.1144021600484848, -0.9652782082557678, -0.2063021957874298], "Starting Soft Arm States": [-44.900001525878906, 1.7999999523162842, 10.0, 31.360626220703125, 35.24549865722656, 27.101511001586914], "Number of Trajectories": 1, "Final Desired Pose": [-0.4097772240638733, 0.17194420099258423, -0.20654834806919098, -0.891146719455719, -0.1419486552476883, 0.4309386610984802], "Predicted Trajectory 0": [[0.8170410127163618, 0.5671744701979995, 0.5810350997185101, -0.8896998167037964, -0.3726055324077606, 0.2638168931007385], [0.7975651025772095, 0.5976299047470093, 0.5487776398658752, -0.8593480587005615, -0.43163633346557617, 0.2742464244365692], [0.7543988227844238, 0.6023392081260681, 0.5410241484642029, -0.8156105279922485, -0.44683176279067993, 0.36758798360824585], [0.7049230337142944, 0.5571662187576294, 0.5047253966331482, -0.7457775473594666, -0.5062032341957092, 0.4330981969833374], [0.668648898601532, 0.5946725606918335, 0.48728910088539124, -0.7573268413543701, -0.433463454246521, 0.4884316921234131], [0.6238345503807068, 0.5326710939407349, 0.46816644072532654, -0.6401194930076599, -0.5276708602905273, 0.5583998560905457], [0.5825627446174622, 0.5846340656280518, 0.4610454738140106, -0.6880948543548584, -0.37077847123146057, 0.6237378120422363], [0.5434378981590271, 0.5758712887763977, 0.4264802038669586, -0.730315089225769, -0.390475869178772, 0.5605072975158691], [0.5008559823036194, 0.6044288277626038, 0.4253109097480774, -0.7417482137680054, -0.3140004873275757, 0.5926324725151062], [0.44473785161972046, 0.5618257522583008, 0.43329769372940063, -0.6604748964309692, -0.3937075138092041, 0.639349102973938], [0.38766568899154663, 0.5981094241142273, 0.44184622168540955, -0.7254472374916077, -0.28689301013946533, 0.6256346106529236], [0.33891016244888306, 0.5483217835426331, 0.4585803151130676, -0.6719651222229004, -0.3885938227176666, 0.6304424405097961], [0.29258492588996887, 0.6057650446891785, 0.4695480763912201, -0.7742822766304016, -0.24621684849262238, 0.5829788446426392], [0.2576417624950409, 0.6063934564590454, 0.4871368706226349, -0.7869164943695068, -0.2188551127910614, 0.5769443511962891], [0.20888538658618927, 0.6059406995773315, 0.5023471713066101, -0.819736123085022, -0.18955127894878387, 0.5404655337333679], [0.17715714871883392, 0.605512797832489, 0.5260737538337708, -0.8353517651557922, -0.18398426473140717, 0.5180128216743469], [0.15383842587471008, 0.6181275844573975, 0.5431714057922363, -0.8434456586837769, -0.1862330436706543, 0.5039014220237732], [0.134773388504982, 0.6429571509361267, 0.5613096952438354, -0.8462620973587036, -0.08528932929039001, 0.5258955955505371], [0.12509723007678986, 0.6057611107826233, 0.5379580855369568, -0.8785641193389893, -0.19884911179542542, 0.4342626631259918], [0.1088993027806282, 0.6363810300827026, 0.5841487646102905, -0.8326931595802307, -0.1364002823829651, 0.5366722941398621], [0.09515322744846344, 0.6396251320838928, 0.6108691096305847, -0.8045739531517029, -0.09403178095817566, 0.5863606333732605]], "Control Inputs 0": [[4.937721490859985, 9.538195133209229, 0.0045786036644130945, 0.03603672981262207, -2.5808959901332855], [4.932745099067688, -9.68777159228921, 0.6950172424316405, 0.7418156862258911, -2.9791060122661293], [4.9298518896102905, -6.84415340423584, 0.004828524962067603, -1.9460864067077637, 2.948292374610901], [4.934982657432556, -9.498276449739933, 0.6922500729560852, -1.0549426674842834, -2.7880305647850037], [4.948189854621887, -8.675940036773682, 0.007766348402947187, 2.4879977703094482, 2.950636625289917], [4.900940656661987, -9.534410014748573, 0.002605119626969099, -2.995043031172827, 2.992462635040283], [4.971339702606201, -6.4707159996032715, 0.00894351191818714, -2.926183355972171, 2.9947500228881836], [4.972770810127258, -6.774199604988098, 0.6928316533565521, 0.38314318656921387, -2.1800600588321686], [4.921356439590454, -9.424090534448624, 0.6916950285434722, -1.3797107934951782, 2.727859854698181], [4.890901446342468, -7.2902679443359375, 0.6940740883350371, -1.745345413684845, -1.9025402963161469], [4.966182112693787, -6.807083189487457, 0.5202959537506103, -2.865415334701538, 2.9985830783843994], [4.3954432010650635, 5.416393280029297, 0.09583885073661803, -2.969190244562924, -2.0580587089061737], [4.900308847427368, -8.992880210280418, 0.09515693634748458, -2.921148693189025, 2.347245454788208], [4.20645534992218, -7.756274193525314, 0.35683464407920834, -2.9009796157479286, 1.540488839149475], [0.6572991609573364, -1.17365300655365, 0.44449832439422604, 1.6845299005508423, 0.40378689765930176], [4.847213625907898, 3.83542537689209, 0.016818015463650225, -2.954163059592247, -2.056301236152649], [-1.9550779461860657, -2.692393660545349, 0.34836152791976926, -1.3327059745788574, -2.2442286014556885], [2.836519479751587, 5.053795576095581, 0.18610675036907195, 2.7250635623931885, -2.8540045358240604], [4.422825574874878, 9.888250827789307, 0.2916417300701141, 2.752325177192688, -2.514203578233719], [-0.12609481811523438, -9.808980599045753, 0.009642678871750831, -2.9595252005383372, 2.932743787765503]], "Final Predicted Pose 0": [0.09515322744846344, 0.6396251320838928, 0.6108691096305847, -0.8045739531517029, -0.09403178095817566, 0.5863606333732605], "Predicted Translation Error 0": "2.3660660372087525cm", "Predicted Rotation Error 0": "tensor([0.9830], grad_fn=<DivBackward0>)"}