{"num_updates": "2884", "penalty": "tensor(0., dtype=torch.float64, grad_fn=<AddBackward0>)", "Starting Pose": [0.11965111643075943, 0.1021370217204094, -0.3185345530509949, 0.06595801562070847, 0.8097113966941833, -0.39947664737701416, 0.4247768223285675], "Starting Soft Arm States": [-34.5, 71.0, 10.0, 10.14453125, 7.246609687805176, 35.407779693603516], "Number of Trajectories": 1, "Final Desired Pose": [0.09340579062700272, 0.21470683813095093, -0.3292936682701111, -0.7639734148979187, -0.6406134963035583, 0.07719386368989944], "Predicted Trajectory 0": [[0.7327589794905964, 0.42393287000988494, 0.29585587942052094, -0.6304283738136292, 0.4461907744407654, 0.6351959109306335], [0.7472131252288818, 0.4855308532714844, 0.2793199121952057, -0.6575052738189697, 0.45011863112449646, 0.6042184829711914], [0.7460986375808716, 0.5080730319023132, 0.2910420298576355, -0.6908355951309204, 0.3566395342350006, 0.6289311051368713], [0.7768189311027527, 0.5520891547203064, 0.28867506980895996, -0.6818313002586365, 0.4546712338924408, 0.5730445384979248], [0.768578827381134, 0.5898340344429016, 0.28910571336746216, -0.6969467401504517, 0.4249874949455261, 0.5776251554489136], [0.7626342177391052, 0.6020005345344543, 0.30571621656417847, -0.7481655478477478, 0.34232062101364136, 0.5683879852294922], [0.7694850564002991, 0.6181579232215881, 0.29418835043907166, -0.7866155505180359, 0.33306390047073364, 0.51990807056427], [0.7778329849243164, 0.6602285504341125, 0.2673789858818054, -0.8701876401901245, 0.32970982789993286, 0.3661486804485321], [0.762826681137085, 0.6938109397888184, 0.2560427784919739, -0.9001012444496155, 0.276375949382782, 0.3367997705936432], [0.747735857963562, 0.705357551574707, 0.27349454164505005, -0.908425509929657, 0.19966819882392883, 0.367281436920166], [0.7351446747779846, 0.6730990409851074, 0.26231008768081665, -0.95991450548172, 0.042613524943590164, 0.2770344018936157], [0.7389144897460938, 0.6813763380050659, 0.2798619270324707, -0.9704919457435608, -0.018582535907626152, 0.24041634798049927], [0.7510279417037964, 0.7050681114196777, 0.2992613613605499, -0.9507567882537842, -0.005375160835683346, 0.3098914325237274], [0.705302357673645, 0.685646116733551, 0.2924380898475647, -0.898155927658081, -0.16238544881343842, 0.40859130024909973], [0.6903455853462219, 0.691634476184845, 0.3056734800338745, -0.8735048174858093, -0.32098817825317383, 0.3659999370574951], [0.6955463290214539, 0.7002214193344116, 0.2816603481769562, -0.849345862865448, -0.4861447811126709, 0.20560848712921143], [0.6614221334457397, 0.7457402944564819, 0.2879728376865387, -0.7883050441741943, -0.5012328028678894, 0.3568485677242279], [0.6459599733352661, 0.7392063140869141, 0.27027472853660583, -0.8115492463111877, -0.5238091349601746, 0.2588665187358856], [0.6632684469223022, 0.7489187121391296, 0.29664528369903564, -0.7867152690887451, -0.5627372860908508, 0.253783255815506], [0.6786525845527649, 0.746898353099823, 0.3109511733055115, -0.778734564781189, -0.5859181880950928, 0.2242148518562317], [0.6732169985771179, 0.747880220413208, 0.2984692454338074, -0.7843295335769653, -0.5975252985954285, 0.16670577228069305]], "Control Inputs 0": [[3.827114701271057, -0.4540210962295532, 0.004226811463013291, 0.8396984338760376, 2.9825438261032104], [-4.179486408829689, -0.03675222396850586, 0.002302077459171414, 0.23744380474090576, 2.032095193862915], [1.245650053024292, 1.4324438571929932, 0.0014762229053303598, -0.9725198149681091, 2.845370650291443], [0.47858595848083496, 1.7314517498016357, 0.003587559750303626, 2.879262328147888, -0.7544794678688049], [-1.7058974504470825, -4.295636415481567, 0.0017817189218476413, -0.9136825203895569, 1.3477259874343872], [-2.293039858341217, 4.520459175109863, 0.00018176742596551774, -2.3342226147651672, -0.7035409212112427], [3.816015124320984, 8.26277494430542, 0.004632357554510236, -2.1613855361938477, 0.21816837787628174], [2.3631978034973145, 7.109837532043457, 0.004181664949283004, 1.6714636087417603, 0.22500121593475342], [-1.2922653555870056, -1.5008515119552612, 0.0008049659547396004, 0.26731932163238525, -1.7598675191402435], [-3.741193562746048, -3.292102813720703, 0.0007857331656850874, -0.7095367312431335, -2.253550350666046], [-4.852821994572878, -3.6566269397735596, 0.006262197159230709, -0.6840294599533081, 2.924860954284668], [4.9028003215789795, 0.600428581237793, 0.0020927704870700834, 1.8372459411621094, 0.21943366527557373], [4.897913932800293, 6.586117744445801, 0.007406369317322969, 2.651520252227783, -2.907852530479431], [-4.9019561894237995, 0.04642844200134277, 0.009127983450889587, -2.2489602863788605, -2.9089537505060434], [4.901549816131592, -2.579326033592224, 0.004702798463404178, 0.24382030963897705, 2.9353498220443726], [4.890972971916199, 3.048722743988037, 0.000713687133975327, -2.6721990555524826, 2.9354599714279175], [-4.423732832074165, -0.7823830842971802, 0.0021142256911844013, -0.44567012786865234, 2.9367188215255737], [-3.158011883497238, 0.7424187660217285, 0.01545824948698282, -0.36962735652923584, 2.9401355981826782], [-2.2643548250198364, 0.9503507614135742, 0.008107452932745217, 0.7262731790542603, 2.908083200454712], [4.958357214927673, -9.62867233902216, 0.04814211279153824, -0.96977698802948, -2.9449644964188337]], "Final Predicted Pose 0": [0.6732169985771179, 0.747880220413208, 0.2984692454338074, -0.7843295335769653, -0.5975252985954285, 0.16670577228069305], "Predicted Translation Error 0": "2.4873325149652157cm", "Predicted Rotation Error 0": "tensor([0.9949], grad_fn=<DivBackward0>)"}