{"num_updates": "5952", "penalty": "tensor(0., dtype=torch.float64, grad_fn=<AddBackward0>)", "Starting Pose": [-0.08422879129648209, 0.07048708200454712, -0.35724490880966187, 0.5868653059005737, -0.6206513047218323, -0.4050184488296509, -0.32609984278678894], "Starting Soft Arm States": [0.6000000238418579, -69.4000015258789, 10.0, 20.222673416137695, 1.7124077081680298, 35.394535064697266], "Number of Trajectories": 1, "Final Desired Pose": [-0.3669714331626892, 0.20424354076385498, -0.23979929089546204, -0.7511926293373108, 0.10081179440021515, 0.6523393392562866], "Predicted Trajectory 0": [[0.4774491443424177, 0.32853794479301474, 0.19757547149390578, -0.09849599003791809, -0.9926303625106812, -0.07059396803379059], [0.42507633566856384, 0.3845789432525635, 0.24200087785720825, -0.34105390310287476, -0.936934769153595, -0.07638964056968689], [0.35714972019195557, 0.4308570623397827, 0.2658991813659668, -0.4615207016468048, -0.883641242980957, -0.07859283685684204], [0.3035392761230469, 0.47038325667381287, 0.313352108001709, -0.4858686625957489, -0.8727274537086487, -0.04773469269275665], [0.25426945090293884, 0.5064843893051147, 0.36302998661994934, -0.5882893204689026, -0.808650016784668, 0.0009286185959354043], [0.2178887575864792, 0.5252451300621033, 0.42454248666763306, -0.554574191570282, -0.8294297456741333, 0.06703503429889679], [0.18919676542282104, 0.5627952218055725, 0.48379361629486084, -0.6192501783370972, -0.7696660757064819, 0.15538102388381958], [0.17279228568077087, 0.5718356370925903, 0.5061914920806885, -0.6069002151489258, -0.7803261280059814, 0.15087449550628662], [0.15167240798473358, 0.6245403289794922, 0.5570281147956848, -0.6772401928901672, -0.6724157333374023, 0.2986685037612915], [0.15749682486057281, 0.5997539162635803, 0.5151621103286743, -0.6505094170570374, -0.7288746237754822, 0.21349292993545532], [0.15800127387046814, 0.6503695845603943, 0.5227525234222412, -0.7246587872505188, -0.6208865642547607, 0.29894745349884033], [0.15394434332847595, 0.6389846205711365, 0.5127421021461487, -0.7118760943412781, -0.627007782459259, 0.31637561321258545], [0.14982907474040985, 0.6605708599090576, 0.5135543346405029, -0.7547903060913086, -0.531943678855896, 0.3838326930999756], [0.14911462366580963, 0.6664124727249146, 0.5142129063606262, -0.7658215165138245, -0.4852043390274048, 0.42201220989227295], [0.15021376311779022, 0.6938402652740479, 0.5071734189987183, -0.8105303049087524, -0.38092750310897827, 0.44489872455596924], [0.14957258105278015, 0.7063706517219543, 0.5043800473213196, -0.8210811018943787, -0.2882753610610962, 0.49266931414604187], [0.15369097888469696, 0.7182292938232422, 0.49106407165527344, -0.847222089767456, -0.1881401240825653, 0.4968079626560211], [0.1434430629014969, 0.722643256187439, 0.4798491597175598, -0.8823910355567932, -0.14038467407226562, 0.4490859806537628], [0.14118541777133942, 0.740085244178772, 0.49345287680625916, -0.865185022354126, 0.04757162183523178, 0.4991912543773651], [0.1372535079717636, 0.7220476269721985, 0.44698429107666016, -0.9474899768829346, 0.07142121344804764, 0.3117080330848694], [0.12614533305168152, 0.7300755381584167, 0.5074774622917175, -0.8431782126426697, 0.12846146523952484, 0.5220614671707153]], "Control Inputs 0": [[4.986000061035156, 9.60321307182312, 0.006223206128925084, -2.9204295929521322, 2.9578524827957153], [4.880441427230835, 3.8507044315338135, 0.5696720421314239, -1.6530970931053162, 2.926802158355713], [4.754546284675598, 8.937926292419434, 0.0056348137557506554, -2.7104160860180855, 2.990526795387268], [4.704833030700684, 4.098399877548218, 0.008308116998523473, 0.7941566705703735, 2.941463828086853], [4.821203351020813, 9.469678401947021, 0.009895304683595896, 0.21770524978637695, 2.895695686340332], [0.4034888744354248, 9.521725177764893, 0.017758486233651637, 0.7027044296264648, 2.974776864051819], [4.589625000953674, 9.783884286880493, 0.011479228176176547, -2.520060896873474, 2.9129083156585693], [-2.404806613922119, 8.893909454345703, 0.6808058857917785, 0.1070244312286377, 2.886656641960144], [-1.1229026317596436, 9.530171155929565, 0.08382912576198577, -1.078521966934204, 2.8847047090530396], [0.03924965858459473, 9.910656213760376, 0.40969846248626707, 0.4773005247116089, 2.8636343479156494], [-0.4909190535545349, 9.80815052986145, 0.47164806127548214, 0.3888280391693115, 2.867086172103882], [1.1994868516921997, 9.60523247718811, 0.512332946062088, 0.37650275230407715, 2.8573347330093384], [-1.0755398869514465, 9.695329666137695, 0.020671967417001724, 0.44937872886657715, 2.840172529220581], [0.5762147903442383, 9.159544706344604, 0.45089746117591856, 0.5999919176101685, 2.9561744928359985], [-0.7185840606689453, 6.094166040420532, 0.32086329758167265, -0.16912025213241577, 2.9411745071411133], [-1.9256684184074402, 1.0646998882293701, 0.013719595968723295, 0.0755760669708252, -0.6468100547790527], [4.377689957618713, 9.742205142974854, 0.011531306616961955, -2.8878694027662277, 2.711579918861389], [-4.875962706282735, 0.017795562744140625, 0.020161283947527406, -1.405193567276001, -1.8933002650737762], [4.88203763961792, 9.76697564125061, 0.006701498012989759, 2.9222803115844727, -0.40670907497406006], [-4.984490764327347, 3.431215286254883, 0.6621793746948241, -2.963860242627561, -1.8898415565490723]], "Final Predicted Pose 0": [0.12614533305168152, 0.7300755381584167, 0.5074774622917175, -0.8431782126426697, 0.12846146523952484, 0.5220614671707153], "Predicted Translation Error 0": "0.5145285690235052cm", "Predicted Rotation Error 0": "tensor([0.9869], grad_fn=<DivBackward0>)"}