{"num_updates": "1765", "penalty": "tensor(0., dtype=torch.float64, grad_fn=<AddBackward0>)", "Starting Pose": [-0.09300388395786285, 0.17739138007164001, -0.3423205614089966, -0.04062668979167938, 0.23203124105930328, 0.9251996278762817, 0.2975173592567444], "Starting Soft Arm States": [-2.5, -1.899999976158142, 10.0, 8.839638710021973, 35.12627029418945, 19.47418212890625], "Number of Trajectories": 1, "Final Desired Pose": [-0.029341652989387512, 0.2053186446428299, -0.348135381937027, -0.8445324301719666, -0.5006198883056641, 0.19011740386486053], "Predicted Trajectory 0": [[0.46646048201780865, 0.6507542779369683, 0.2354663903922035, -0.819665789604187, -0.5693792700767517, 0.06289105117321014], [0.42893943190574646, 0.6564837694168091, 0.24447129666805267, -0.8550740480422974, -0.5075762867927551, 0.10589949041604996], [0.42420902848243713, 0.6373367309570312, 0.24892999231815338, -0.8425238132476807, -0.5275638103485107, 0.10876590013504028], [0.4404974579811096, 0.6833529472351074, 0.268572598695755, -0.9227133989334106, -0.35708606243133545, 0.14522263407707214], [0.48125600814819336, 0.7168852686882019, 0.2754889726638794, -0.9752374887466431, -0.1571601778268814, 0.15560369193553925], [0.5125462412834167, 0.7637792229652405, 0.3028285503387451, -0.9559605121612549, 0.06462158262729645, 0.2862928509712219], [0.5048097968101501, 0.7664548754692078, 0.2806893289089203, -0.9684803485870361, 0.14950048923492432, 0.19923712313175201], [0.5020732879638672, 0.8105699419975281, 0.2886500954627991, -0.9113692045211792, 0.348349392414093, 0.2192235291004181], [0.5060548186302185, 0.8228302001953125, 0.27402225136756897, -0.8756110668182373, 0.4461602568626404, 0.18505755066871643], [0.5033988356590271, 0.8162586092948914, 0.2722223103046417, -0.8807824850082397, 0.419787734746933, 0.21909035742282867], [0.5028967261314392, 0.7831965684890747, 0.2441640943288803, -0.942148745059967, 0.3040684461593628, 0.14106014370918274], [0.4997263252735138, 0.7834185361862183, 0.2327456921339035, -0.9441596269607544, 0.3063017725944519, 0.12141575664281845], [0.4984338581562042, 0.7595893144607544, 0.23825335502624512, -0.9507086873054504, 0.2765672504901886, 0.14022693037986755], [0.5092607140541077, 0.7863543629646301, 0.256850004196167, -0.9255852699279785, 0.3091580867767334, 0.21843339502811432], [0.5164472460746765, 0.7724308371543884, 0.2637758255004883, -0.935369074344635, 0.23517444729804993, 0.26415443420410156], [0.5371262431144714, 0.7563835978507996, 0.24453508853912354, -0.9751370549201965, 0.10452256351709366, 0.19540424644947052], [0.5399882793426514, 0.7178677320480347, 0.23938946425914764, -0.9745616912841797, -0.06636683642864227, 0.2140677273273468], [0.5505070090293884, 0.7402923703193665, 0.22950510680675507, -0.9871402382850647, -0.01635628007352352, 0.15901759266853333], [0.5510148406028748, 0.7235028743743896, 0.23227258026599884, -0.9898061752319336, -0.050334952771663666, 0.133229598402977], [0.5527104139328003, 0.6982119679450989, 0.23233258724212646, -0.9708684086799622, -0.20609673857688904, 0.12222396582365036], [0.5478621125221252, 0.7139713764190674, 0.23858818411827087, -0.9599903225898743, -0.24676823616027832, 0.132378488779068]], "Control Inputs 0": [[-4.933326314203441, -9.402514025568962, 0.11730633974075316, 1.7569774389266968, 0.6451950073242188], [-4.752854332327843, -6.057279109954834, 0.3684640407562256, 0.7147425413131714, 2.8542133569717407], [-4.902877612039447, 2.1525323390960693, 0.31394255757331846, -0.8884241580963135, 2.874486565589905], [-4.720466751605272, 2.4871349334716797, 0.20973959267139433, 2.8823858499526978, 2.9769129753112793], [-0.46390801668167114, -3.524792790412903, 0.14948399960994718, -1.0283249616622925, 2.0767815113067627], [2.163035273551941, -0.6510633230209351, 0.4013939082622528, -2.6537276431918144, 2.9592747688293457], [-0.26914119720458984, 3.506324291229248, 0.4429772615432739, -2.4445683360099792, -0.13629752397537231], [-2.505156993865967, -4.57689642906189, 0.15271157473325728, 1.3969262838363647, 0.5963956117630005], [-2.1527430415153503, -9.817609339952469, 0.4812421977519989, 0.15963435173034668, -0.5873964428901672], [0.03908395767211914, -9.764009341597557, 0.32274908423423765, -0.7157242298126221, 0.5634223222732544], [1.4574700593948364, -9.757625591009855, 0.4100336670875549, -0.5720155835151672, 2.9466580152511597], [-2.169090509414673, -4.784567356109619, 0.012502321414649485, 1.9777493476867676, 0.7290598154067993], [-1.443028748035431, -2.9194462299346924, 0.43539756536483765, 2.826770067214966, -0.8755795955657959], [-0.966925323009491, -7.185521721839905, 0.28599601089954374, -2.0616285502910614, -2.945068946108222], [0.41921794414520264, -7.607037723064423, 0.4004311442375183, 0.39695191383361816, -2.918271889910102], [0.7631587982177734, -3.6492502689361572, 0.3912806510925293, -2.5160969495773315, -2.932469565421343], [-1.2795761227607727, -7.538440823554993, 0.20026413798332213, -0.23250478506088257, 2.926960587501526], [0.19226551055908203, -6.130959689617157, 0.4189963638782501, -0.17486804723739624, -2.9547203918918967], [-1.4018765091896057, -1.0562044382095337, 0.22324159145355224, 0.9391865730285645, -2.946381473913789], [4.9054330587387085, 9.815877676010132, 0.18477805256843566, -0.8034065365791321, -2.9432969838380814]], "Final Predicted Pose 0": [0.5478621125221252, 0.7139713764190674, 0.23858818411827087, -0.9599903225898743, -0.24676823616027832, 0.132378488779068], "Predicted Translation Error 0": "0.9988566759449982cm", "Predicted Rotation Error 0": "tensor([0.9594], grad_fn=<DivBackward0>)"}