{"num_updates": "1527", "penalty": "tensor(0., dtype=torch.float64, grad_fn=<AddBackward0>)", "Starting Pose": [-0.09300388395786285, 0.17739138007164001, -0.3423205614089966, -0.04062668979167938, 0.23203124105930328, 0.9251996278762817, 0.2975173592567444], "Starting Soft Arm States": [-2.5, -1.899999976158142, 10.0, 8.839638710021973, 35.12627029418945, 19.47418212890625], "Number of Trajectories": 1, "Final Desired Pose": [0.11572490632534027, 0.10388357937335968, -0.31436726450920105, -0.9445129036903381, 0.30200403928756714, -0.12918546795845032], "Predicted Trajectory 0": [[0.46646048201780865, 0.6507542779369683, 0.2354663903922035, -0.819665789604187, -0.5693792700767517, 0.06289105117321014], [0.4435509741306305, 0.6689184904098511, 0.23654700815677643, -0.9541354775428772, -0.2988097369670868, 0.018390782177448273], [0.4680866599082947, 0.6702533960342407, 0.22168560326099396, -0.9900858402252197, -0.058197204023599625, -0.1278398334980011], [0.46842309832572937, 0.5898467302322388, 0.22521726787090302, -0.9689331650733948, -0.22816279530525208, -0.09544818848371506], [0.48802992701530457, 0.5632790327072144, 0.2357756793498993, -0.9592949151992798, -0.27430614829063416, -0.06715250760316849], [0.5233949422836304, 0.5297535061836243, 0.23493526875972748, -0.9413433074951172, -0.31786561012268066, -0.11328849196434021], [0.5659756660461426, 0.46198126673698425, 0.25004062056541443, -0.8923612833023071, -0.44255295395851135, -0.08853387087583542], [0.614591121673584, 0.44465816020965576, 0.2589203715324402, -0.8886904716491699, -0.43169885873794556, -0.1544843316078186], [0.6647237539291382, 0.3966335952281952, 0.28933078050613403, -0.8427380323410034, -0.5257655382156372, -0.1155996322631836], [0.7033610343933105, 0.42768755555152893, 0.2974907457828522, -0.8901172876358032, -0.3899790644645691, -0.2358122617006302], [0.7235601544380188, 0.39129385352134705, 0.3285709321498871, -0.8648067712783813, -0.4762110412120819, -0.15916143357753754], [0.7312996983528137, 0.43039262294769287, 0.32972705364227295, -0.9073527455329895, -0.3569766879081726, -0.22198791801929474], [0.723869264125824, 0.427211731672287, 0.33453109860420227, -0.9270553588867188, -0.3321016728878021, -0.17400246858596802], [0.711222231388092, 0.40702444314956665, 0.3273581862449646, -0.9271366596221924, -0.3372703492641449, -0.16329798102378845], [0.694899320602417, 0.3790202736854553, 0.3384186923503876, -0.923570990562439, -0.3759133815765381, -0.07553699612617493], [0.7125588655471802, 0.40963953733444214, 0.34319931268692017, -0.9408264756202698, -0.3086642026901245, -0.1398996263742447], [0.7168160080909729, 0.45461851358413696, 0.3361209034919739, -0.9765638709068298, -0.15036065876483917, -0.15399572253227234], [0.7180883884429932, 0.40893563628196716, 0.3371105492115021, -0.95482337474823, -0.24723650515079498, -0.16488273441791534], [0.7152319550514221, 0.45687445998191833, 0.33303776383399963, -0.983544647693634, -0.07132202386856079, -0.16599150002002716], [0.7227960824966431, 0.40459659695625305, 0.32464632391929626, -0.9552716612815857, -0.19852031767368317, -0.219193235039711], [0.7178712487220764, 0.45904386043548584, 0.3159317374229431, -0.9726161956787109, 0.024698998779058456, -0.23110075294971466]], "Control Inputs 0": [[-4.943625726737082, 9.676809310913086, 0.69398934841156, -1.0737773180007935, 2.9555386304855347], [-4.885863326489925, -9.865562338382006, 0.002384407864883542, 0.46504318714141846, -2.955349624156952], [-4.89556510001421, -9.570320546627045, 0.010643027070909737, 2.0252716541290283, -2.906929984688759], [-4.8118131421506405, -5.592203140258789, 0.014102144725620746, -1.5926319658756256, -2.872993368655443], [-4.931733482517302, -8.828931599855423, 0.014842270873486994, 1.594041109085083, -2.907283930107951], [-4.870856171473861, -7.487170398235321, 0.17333337515592573, -2.2068071365356445, -2.9515968170017004], [-4.919099686667323, -9.771893341094255, 0.38879344463348386, 1.3887430429458618, -1.2384703159332275], [-4.962236522696912, -0.7145804166793823, 0.5675245881080627, -1.2251166701316833, -2.1084180772304535], [-2.2743427753448486, -9.811153784394264, 0.539379209280014, 0.6455819606781006, 0.9089266061782837], [-0.6514769792556763, -0.778549313545227, 0.46598884463310236, -0.16986554861068726, -1.3539556860923767], [2.0214492082595825, 0.6979799270629883, 0.3499687075614929, 1.3084044456481934, -0.6654826998710632], [2.810441255569458, -5.770045220851898, 0.21506704688072203, -0.04347038269042969, -0.3603803515434265], [3.5019510984420776, -9.761389754712582, 0.11016002297401427, 2.5815110206604004, 0.7495958805084229], [1.3180607557296753, -2.3256051540374756, 0.004419656982645392, -1.2269700765609741, -1.894536405801773], [-4.966859573032707, 6.607259511947632, 0.010827874112874268, 0.730514645576477, 1.8874948024749756], [4.7272491455078125, -2.470099925994873, 0.003962572896853089, -0.7575362920761108, -2.9364532437175512], [-2.869913876056671, -1.5505945682525635, 0.003342741727828979, 0.6530424356460571, 2.985463500022888], [3.5246342420578003, -3.4020185470581055, 0.007198687922209501, -1.8639548420906067, -2.93312406912446], [-3.3561889827251434, -3.2608771324157715, 0.01351653542369604, 0.29631149768829346, 2.9466673135757446], [4.898300766944885, -9.814021289348602, 0.011471946164965628, -1.9630889296531677, 1.8999491930007935]], "Final Predicted Pose 0": [0.7178712487220764, 0.45904386043548584, 0.3159317374229431, -0.9726161956787109, 0.024698998779058456, -0.23110075294971466], "Predicted Translation Error 0": "1.3245741287832502cm", "Predicted Rotation Error 0": "tensor([0.9560], grad_fn=<DivBackward0>)"}