{"num_updates": "798", "penalty": "tensor(0., dtype=torch.float64, grad_fn=<AddBackward0>)", "Starting Pose": [0.010257423855364323, 0.06122927740216255, -0.3528884947299957, 0.05482672154903412, 0.29676634073257446, -0.7441645860671997, 0.5959386229515076], "Starting Soft Arm States": [-9.899999618530273, -42.29999923706055, 10.0, 13.337212562561035, 17.63275909423828, 35.39122009277344], "Number of Trajectories": 1, "Final Desired Pose": [0.0332796610891819, 0.09895318001508713, -0.29563969373703003, -0.7198914885520935, -0.3790452182292938, 0.5814473032951355], "Predicted Trajectory 0": [[0.5957700729866777, 0.3006343346867921, 0.20863582329010383, -0.28370237350463867, 0.9194942712783813, 0.27210885286331177], [0.5889286398887634, 0.3074793815612793, 0.20450209081172943, -0.39286085963249207, 0.8061015605926514, 0.44256144762039185], [0.5708310008049011, 0.3303374946117401, 0.21435491740703583, -0.4951450228691101, 0.6807770729064941, 0.5397905111312866], [0.5831730365753174, 0.3491009771823883, 0.21534363925457, -0.4892323911190033, 0.6478536128997803, 0.5838983654975891], [0.6199033856391907, 0.3587638735771179, 0.2229195535182953, -0.5050382614135742, 0.6327356100082397, 0.5870111584663391], [0.6374191045761108, 0.3819141387939453, 0.2300901710987091, -0.4642486274242401, 0.6014096140861511, 0.6502151489257812], [0.5988419055938721, 0.3881310522556305, 0.2401583194732666, -0.4704250395298004, 0.4561881124973297, 0.7553759217262268], [0.6157392263412476, 0.3813498616218567, 0.2653186321258545, -0.48942267894744873, 0.33441057801246643, 0.805378794670105], [0.6529046893119812, 0.3726089298725128, 0.29861199855804443, -0.4340674579143524, 0.253460556268692, 0.8644901514053345], [0.6700854897499084, 0.3650705814361572, 0.3344932198524475, -0.382918119430542, 0.193716362118721, 0.9032428860664368], [0.6825299859046936, 0.356718510389328, 0.34696102142333984, -0.29674458503723145, 0.09053047746419907, 0.950655996799469], [0.6490564346313477, 0.3926953077316284, 0.32791462540626526, -0.3371785581111908, 0.05680004134774208, 0.9397256970405579], [0.6206017136573792, 0.4002267122268677, 0.3281969726085663, -0.4034413993358612, -0.0014959917170926929, 0.915004312992096], [0.6178959012031555, 0.4055439531803131, 0.333709716796875, -0.4376835227012634, 0.08981066197156906, 0.8946323990821838], [0.6184316873550415, 0.4153037369251251, 0.34554168581962585, -0.4591243863105774, 0.1858757734298706, 0.8687089085578918], [0.6124757528305054, 0.42987674474716187, 0.3537117540836334, -0.48488709330558777, 0.28129860758781433, 0.8281036019325256], [0.6084615588188171, 0.43359139561653137, 0.36015596985816956, -0.5162690877914429, 0.2926027476787567, 0.8048912286758423], [0.6193251609802246, 0.4095629155635834, 0.35534971952438354, -0.566420316696167, 0.13307522237300873, 0.8133012056350708], [0.6288012266159058, 0.40925222635269165, 0.3421347737312317, -0.6243099570274353, -0.025004127994179726, 0.7807763814926147], [0.6292811632156372, 0.40923863649368286, 0.3465094268321991, -0.5899102687835693, -0.18041940033435822, 0.7870544791221619], [0.6299591064453125, 0.4125727117061615, 0.34475886821746826, -0.6466854214668274, -0.2980879843235016, 0.7020979523658752]], "Control Inputs 0": [[4.917011260986328, 9.832758903503418, 0.0036559943575412033, 0.7629801034927368, -2.944315530359745], [1.2921100854873657, -9.79323523119092, 0.008700140193104743, 2.86685049533844, 2.943359613418579], [-4.89334711804986, -9.450491778552532, 0.0032766677439212796, 1.129818320274353, 2.1473125219345093], [-4.900776129215956, -9.540418274700642, 0.014324787817895411, 1.0722323656082153, 0.718654990196228], [4.878209233283997, 9.967671632766724, 0.0026742661371827125, 2.903907895088196, -1.2568116188049316], [0.5831432342529297, -9.408632777631283, 0.004711370635777711, 0.8923087120056152, -2.9348651189357042], [-4.89783713594079, -4.122270345687866, 0.008418003655970096, 1.049084186553955, -2.93939858302474], [-4.906377559527755, 2.4585866928100586, 0.04283630773425102, 2.9081461429595947, -1.6415950655937195], [-4.88683826290071, 2.9026663303375244, 0.0067718525417149065, -0.9837377071380615, -1.6279658675193787], [2.2638291120529175, 9.839195013046265, 0.010981502383947371, -0.5403894782066345, 2.939045548439026], [4.889684319496155, 9.836636781692505, 0.010874185618013142, 0.09817242622375488, 2.994473934173584], [-1.33987694978714, -9.530111402273178, 0.009976258222013711, -2.428690195083618, 2.944375991821289], [-2.639252692461014, -9.76951653137803, 0.005766459088772535, -0.4781872630119324, 2.9421751499176025], [-1.4689108729362488, -9.760533217340708, 0.01169125661253929, 0.0907444953918457, 2.9397693872451782], [-0.8328872919082642, -9.694284815341234, 0.011970403417944907, 0.749758243560791, 2.9363569021224976], [-0.19063740968704224, -5.456266403198242, 0.0019864443223923446, -0.8676745891571045, -2.046131283044815], [0.10539710521697998, -2.00126051902771, 0.03429513312876224, -2.928425006568432, -2.864676520228386], [-0.010694265365600586, 0.7436740398406982, 0.010329230409115552, 0.7242708206176758, -2.863868560642004], [0.49679577350616455, 3.892526626586914, 0.1551124557852745, 0.39394891262054443, -2.8870794139802456], [-4.805475566536188, -5.366685092449188, 0.21300946474075316, -2.908608650788665, -2.9392220936715603]], "Final Predicted Pose 0": [0.6299591064453125, 0.4125727117061615, 0.34475886821746826, -0.6466854214668274, -0.2980879843235016, 0.7020979523658752], "Predicted Translation Error 0": "0.5644285300104851cm", "Predicted Rotation Error 0": "tensor([0.9868], grad_fn=<DivBackward0>)"}