{"num_updates": "1491", "penalty": "tensor(0., dtype=torch.float64, grad_fn=<AddBackward0>)", "Starting Pose": [0.24392195045948029, 0.04088573157787323, -0.23706331849098206, 0.12747010588645935, -0.012919716536998749, -0.7305063605308533, 0.6707793474197388], "Starting Soft Arm States": [-37.599998474121094, -57.0, 10.0, 10.57176685333252, 26.157615661621094, 35.40446853637695], "Number of Trajectories": 1, "Final Desired Pose": [-0.029341652989387512, 0.2053186446428299, -0.348135381937027, -0.8445324301719666, -0.5006198883056641, 0.19011740386486053], "Predicted Trajectory 0": [[0.8883778754538307, 0.23931759759419574, 0.5027004307018738, -0.0676129013299942, 0.9767233729362488, -0.2035679966211319], [0.8581974506378174, 0.346557080745697, 0.41922858357429504, 0.12788130342960358, 0.9218409061431885, -0.3658631145954132], [0.8238438367843628, 0.39851975440979004, 0.3807976543903351, 0.3322560787200928, 0.861025869846344, -0.38502001762390137], [0.7948901653289795, 0.45171159505844116, 0.3226706385612488, 0.49081599712371826, 0.8054925799369812, -0.3320864737033844], [0.7533241510391235, 0.4183617830276489, 0.2840704321861267, 0.7629613876342773, 0.5854157209396362, -0.27418673038482666], [0.696395993232727, 0.408608078956604, 0.24149300158023834, 0.9036643505096436, 0.35439738631248474, -0.2404024451971054], [0.6105517148971558, 0.3841671645641327, 0.21640796959400177, 0.9970701336860657, -0.047355104237794876, 0.06007153168320656], [0.5218827128410339, 0.46128225326538086, 0.19574189186096191, 0.7732354998588562, -0.47942396998405457, 0.41504165530204773], [0.441843718290329, 0.4950181841850281, 0.18174108862876892, 0.027240514755249023, -0.8788474202156067, 0.4763246774673462], [0.501527726650238, 0.47946542501449585, 0.18141017854213715, 0.3195975422859192, -0.7782577276229858, 0.5405296087265015], [0.5220523476600647, 0.5581962466239929, 0.1588587760925293, 0.06997278332710266, -0.9153618216514587, 0.39650535583496094], [0.5466461181640625, 0.5360041260719299, 0.1555853635072708, 0.030963320285081863, -0.9636633992195129, 0.2653186023235321], [0.551004946231842, 0.6098594069480896, 0.16211475431919098, -0.17028307914733887, -0.9657936096191406, 0.19556698203086853], [0.5683063864707947, 0.6320471167564392, 0.15458142757415771, -0.20203962922096252, -0.9787845015525818, 0.03406992554664612], [0.5622482895851135, 0.6767369508743286, 0.18779036402702332, -0.2907405495643616, -0.9537253379821777, 0.07666732370853424], [0.5681886076927185, 0.6696949005126953, 0.19100818037986755, -0.3049972951412201, -0.9492067694664001, 0.07735016942024231], [0.5519724488258362, 0.644804060459137, 0.21578092873096466, -0.2746066749095917, -0.92223060131073, 0.27217981219291687], [0.5360009074211121, 0.7184605002403259, 0.2245492786169052, -0.5090863108634949, -0.8026907444000244, 0.31067460775375366], [0.5603212118148804, 0.7033057808876038, 0.21085822582244873, -0.5982158184051514, -0.7659958600997925, 0.23534715175628662], [0.5488874912261963, 0.7178358435630798, 0.2164432257413864, -0.7097253799438477, -0.621261715888977, 0.3321501314640045], [0.5492191314697266, 0.7292470932006836, 0.2121252864599228, -0.8362079858779907, -0.4391419291496277, 0.3284974694252014]], "Control Inputs 0": [[4.1397517919540405, 9.770534038543701, 0.4583592057228088, 0.32005834579467773, -1.7112423777580261], [4.7981858253479, 6.565431356430054, 0.6893881916999817, 1.343004584312439, -1.02628093957901], [4.7788989543914795, 8.532257080078125, 0.015339828468859194, -0.6073379516601562, -2.8814710937440395], [4.775722622871399, 9.269994497299194, 0.5079737842082978, -0.876118540763855, -2.9143592678010464], [4.836421608924866, 9.762301445007324, 0.16665766537189483, 2.7701282501220703, -2.898063004016876], [4.977306127548218, 9.738399982452393, 0.005503095407038926, -1.8606756627559662, -2.9668000750243664], [3.129185438156128, 9.72679853439331, 0.0678967997431755, -1.2181136012077332, -0.5359448790550232], [-4.856624742969871, -9.762542769312859, 0.6779209733009338, 1.670664668083191, 2.990299344062805], [-4.743267633020878, 5.059823989868164, 0.3971673846244812, -2.378305345773697, 2.9067893028259277], [-4.657342955470085, 9.56046462059021, 0.48580267429351803, -0.9579534530639648, 2.9444693326950073], [0.19093096256256104, 9.758156538009644, 0.3969678223133087, 0.8958724737167358, 2.952705144882202], [-3.391576409339905, 9.402875900268555, 0.013741239905357359, -1.4025387167930603, 2.948791980743408], [1.2560129165649414, 9.461890459060669, 0.04663851633667945, 2.850230097770691, 2.945538282394409], [-0.6282740831375122, 6.3461315631866455, 0.349765932559967, 2.1342862844467163, 2.9443870782852173], [-4.322055354714394, -0.6571006774902344, 0.40565276741981504, 2.921905517578125, 2.942263126373291], [4.887503385543823, 9.40575122833252, 0.005711604747921228, 2.2087894678115845, 1.868139624595642], [-4.885627180337906, 6.055837869644165, 0.48404524922370906, -1.3847917914390564, 2.0001060962677], [-1.6245448589324951, 3.5793089866638184, 0.04532511532306671, -0.23071342706680298, -0.5979130268096924], [1.1141949892044067, 5.2195048332214355, 0.46734981536865233, -1.5025902092456818, 2.2882028818130493], [-4.820503909140825, 9.803217649459839, 0.17781083285808563, -2.8923665173351765, 2.930582284927368]], "Final Predicted Pose 0": [0.5492191314697266, 0.7292470932006836, 0.2121252864599228, -0.8362079858779907, -0.4391419291496277, 0.3284974694252014], "Predicted Translation Error 0": "0.4566367817634568cm", "Predicted Rotation Error 0": "tensor([0.9885], grad_fn=<DivBackward0>)"}