{"num_updates": "1149", "penalty": "tensor(85.6061, dtype=torch.float64, grad_fn=<AddBackward0>)", "Starting Pose": [-0.2927541732788086, 0.1837969571352005, -0.2125459611415863, 0.4568105638027191, 0.18475927412509918, 0.7926198244094849, 0.3590848743915558], "Starting Soft Arm States": [27.399999618530273, 67.69999694824219, 10.0, 21.63023567199707, 35.19581985473633, 23.898893356323242], "Number of Trajectories": 1, "Final Desired Pose": [-0.4395233988761902, 0.051366113126277924, -0.1378924399614334, -0.8020753264427185, -0.5943958163261414, 0.058041345328092575], "Predicted Trajectory 0": [[0.21632198624431115, 0.6700610933822755, 0.5649467168533959, -0.32476434111595154, -0.40043559670448303, 0.8568427562713623], [0.1944914162158966, 0.6457803249359131, 0.6199670433998108, -0.14604401588439941, -0.5371788144111633, 0.8307285904884338], [0.1586553454399109, 0.5896850824356079, 0.7016751170158386, 0.0672716498374939, -0.6177593469619751, 0.7834843993186951], [0.14076633751392365, 0.5743568539619446, 0.777314305305481, 0.2548461854457855, -0.6009266376495361, 0.7575886845588684], [0.1367482841014862, 0.5604210495948792, 0.8130038380622864, 0.3976365923881531, -0.5819507241249084, 0.7093788385391235], [0.142012819647789, 0.5521388053894043, 0.8269809484481812, 0.4511939585208893, -0.5617189407348633, 0.6934664845466614], [0.14401362836360931, 0.5737629532814026, 0.8344962000846863, 0.522560179233551, -0.44695398211479187, 0.7260599732398987], [0.1803123950958252, 0.6031718850135803, 0.8484746813774109, 0.6384681463241577, -0.414284884929657, 0.6486342549324036], [0.19134902954101562, 0.5399479269981384, 0.8456054925918579, 0.6190733313560486, -0.6442468166351318, 0.4491038918495178], [0.21155785024166107, 0.5003014206886292, 0.8350527286529541, 0.6733896136283875, -0.6869513392448425, 0.27321088314056396], [0.19212985038757324, 0.436269074678421, 0.8462101221084595, 0.5697293877601624, -0.821433961391449, 0.02558656968176365], [0.1775664985179901, 0.35509368777275085, 0.8284407258033752, 0.4081910252571106, -0.9116900563240051, -0.04691748693585396], [0.17934681475162506, 0.34009721875190735, 0.8375113010406494, 0.594645619392395, -0.7691817879676819, 0.23399968445301056], [0.173950657248497, 0.32790684700012207, 0.8616160154342651, 0.44419702887535095, -0.8826602697372437, 0.15362176299095154], [0.17313408851623535, 0.2595895826816559, 0.8530640006065369, 0.2873280346393585, -0.9357292056083679, 0.20458102226257324], [0.1598726063966751, 0.2580462396144867, 0.8556147813796997, 0.10391779989004135, -0.963590145111084, 0.2463638037443161], [0.13758040964603424, 0.26969778537750244, 0.8547506332397461, -0.13088124990463257, -0.9633833765983582, 0.23401398956775665], [0.11949833482503891, 0.28096702694892883, 0.8276832699775696, -0.34658315777778625, -0.9204097986221313, 0.18090304732322693], [0.10263140499591827, 0.317842960357666, 0.7845261096954346, -0.537935733795166, -0.8318938612937927, 0.13630014657974243], [0.09098254889249802, 0.2957492172718048, 0.7399988174438477, -0.4929492771625519, -0.8698910474777222, 0.017044179141521454], [0.0651286169886589, 0.3115237355232239, 0.726004958152771, -0.6143205761909485, -0.7888573408126831, -0.01773066446185112]], "Control Inputs 0": [[4.875360131263733, -9.847057312726974, 0.07527605742216109, 2.929518699645996, -2.98475959058851], [4.352905750274658, -9.827064145356417, 0.0023128973087295887, 2.8857879638671875, 0.06186211109161377], [2.589130401611328, -9.858192121610045, -6.015312246745452e-05, 1.8960081338882446, 1.922400712966919], [0.18381237983703613, -9.816252011805773, 0.0012923667090944946, 2.86310076713562, 2.9386807680130005], [-1.0130444169044495, -9.824258703738451, 0.0034185812342911958, -2.895784467458725, 2.9265772104263306], [0.41525721549987793, 9.812160730361938, 0.013752597756683825, -2.9395990893244743, 2.9411544799804688], [1.015062928199768, 9.817978143692017, 0.07274700254201888, 1.3494479656219482, -2.9526109769940376], [-2.784653604030609, 9.802510738372803, 0.04972767978906631, 1.236409306526184, -2.909662574529648], [4.42940890789032, 9.803977012634277, 0.4036603987216949, 2.7493425607681274, -2.9467741828411818], [1.9530820846557617, -1.7486196756362915, 0.37077504992485044, 2.690595030784607, -1.2685602307319641], [-4.698821362107992, -6.645815074443817, 0.4564711034297943, -2.8304881006479263, 2.9479633569717407], [4.3402040004730225, -9.450292699038982, 0.027107455581426618, 0.6688063144683838, 2.8623186349868774], [-2.9815681278705597, -0.10785043239593506, 0.616862791776657, -2.868051152676344, -2.9326174948364496], [-0.7529452443122864, 5.1262593269348145, 0.49636249542236327, -2.9012089781463146, -2.931915856897831], [2.6302534341812134, 4.3389201164245605, 0.5971405029296875, -2.885098110884428, -1.515200436115265], [0.7430118322372437, 6.069025993347168, 0.5754906833171844, -2.94143969938159, -2.2637463212013245], [-1.1478108167648315, 7.897231578826904, 0.4191378474235534, -2.9202116522938013, -2.735540494322777], [-1.6433051228523254, -9.67847939580679, 0.5775111317634583, -2.890671405941248, 0.48553454875946045], [2.783997058868408, -9.820075128227472, 0.41521352529525757, -2.658475801348686, -2.944240774959326], [0.2748912572860718, -9.531656056642532, 0.33979453444480895, -2.930199511349201, 2.909932851791382]], "Final Predicted Pose 0": [0.0651286169886589, 0.3115237355232239, 0.726004958152771, -0.6143205761909485, -0.7888573408126831, -0.01773066446185112], "Predicted Translation Error 0": "3.1386296530605997cm", "Predicted Rotation Error 0": "tensor([0.9606], grad_fn=<DivBackward0>)"}