{"des_x": [-0.1067400872707367, 0.159638449549675, -0.3604857325553894, -0.8084595799446106, 0.5341413617134094, -0.247156023979187], "x_t": [0.12341335296630859, 0.19270248413085939, -0.23904296875, -0.33160340785980225, -0.3419229984283447, -0.8351286053657532, -0.2751148045063019, 0.11152192115783692, 0.1952210807800293, -0.24227649688720704, -0.3653474450111389, -0.33793070912361145, -0.8243871331214905, -0.2696477472782135, 0.08344114303588868, 0.19126161575317382, -0.26050539016723634, -0.30565395951271057, -0.33557623624801636, -0.8555670380592346, -0.24893642961978912, 0.054101972579956054, 0.1951614189147949, -0.2679487991333008, -0.3558501601219177, -0.33233126997947693, -0.8357666730880737, -0.25381210446357727, 0.00957224190235138, 0.18538562774658204, -0.2942219924926758, -0.2735055088996887, -0.3454521596431732, -0.8626226186752319, -0.2484746277332306, -0.0332298755645752, 0.18622671127319335, -0.2973684501647949, -0.31273046135902405, -0.3397924304008484, -0.8565827012062073, -0.23023231327533722, -0.07128027439117432, 0.17202253341674806, -0.32201995849609377, -0.1899520605802536, -0.3356402516365051, -0.8941937685012817, -0.22733519971370697, -0.12022133827209473, 0.1654248809814453, -0.31287206649780275, -0.23502257466316223, -0.3297492563724518, -0.8945736885070801, -0.18912360072135925, -0.14721065521240234, 0.14868582725524904, -0.33844058990478515, -0.07973106950521469, -0.3140338957309723, -0.9262515902519226, -0.19257110357284546, -0.18793344497680664, 0.13908604621887208, -0.3154560852050781, -0.15312466025352478, -0.29215696454048157, -0.936683714389801, -0.11756203323602676, -0.20849445343017578, 0.1323137378692627, -0.32568744659423826, -0.0789811909198761, -0.2749086320400238, -0.9519438147544861, -0.10949941724538803, -0.24280935287475586, 0.1257967472076416, -0.30057220458984374, -0.1559290587902069, -0.2372065782546997, -0.9572287201881409, -0.05596715211868286, -0.2595113945007324, 0.11952396392822266, -0.30129173278808596, -0.12374704331159592, -0.21268974244594574, -0.9688161611557007, -0.02906901203095913, -0.27716808319091796, 0.11975663185119628, -0.2865957450866699, -0.17430797219276428, -0.21077942848205566, -0.9617654085159302, -0.014001220464706421, -0.2835369873046875, 0.11595171928405762, -0.28255577087402345, -0.18276061117649078, -0.19866949319839478, -0.962803065776825, 0.011798886582255363, -0.2850481986999512, 0.12028850555419922, -0.27830766677856444, -0.2096676379442215, -0.22464990615844727, -0.9515940546989441, 0.0063722203485667706, -0.2733693313598633, 0.12111974716186523, -0.2830550193786621, -0.2170296013355255, -0.23553551733493805, -0.9472629427909851, 0.010678927414119244, -0.2624095916748047, 0.1267092227935791, -0.28636980056762695, -0.22830471396446228, -0.25151944160461426, -0.9405375719070435, -0.0019918617326766253, -0.24334892272949218, 0.1280471897125244, -0.2925041007995606, -0.23347681760787964, -0.26095980405807495, -0.936690092086792, -0.000502148293890059, -0.22739286422729493, 0.13472900390625, -0.2976658630371094, -0.24042019248008728, -0.2998073399066925, -0.9229186177253723, -0.023127328604459763, -0.2131585121154785, 0.13761956214904786, -0.3003952789306641, -0.24958436191082, -0.31963902711868286, -0.9136975407600403, -0.02636938914656639, -0.19509172439575195, 0.14000207901000977, -0.3074977874755859, -0.2426721602678299, -0.3471751809120178, -0.9050264358520508, -0.038816291838884354, -0.18442060470581054, 0.1408548927307129, -0.30832260131835937, -0.2523345351219177, -0.3661535382270813, -0.8949324488639832, -0.03680766746401787, -0.17705072402954103, 0.14314644813537597, -0.30959129333496094, -0.25499483942985535, -0.3867318630218506, -0.8853457570075989, -0.03973530977964401, -0.16914884567260743, 0.14336690902709961, -0.31138702392578127, -0.2564343512058258, -0.4065624475479126, -0.8760092854499817, -0.03944839537143707, -0.1625248146057129, 0.14667699813842774, -0.3126495742797852, -0.2582152485847473, -0.43189653754234314, -0.8627366423606873, -0.04975645989179611, -0.15643811225891113, 0.14412385940551758, -0.31376745223999025, -0.2521781921386719, -0.45057108998298645, -0.8555213212966919, -0.0384075753390789, -0.1524375343322754, 0.1504568099975586, -0.314920539855957, -0.26302406191825867, -0.48257601261138916, -0.8333550095558167, -0.05880596861243248, -0.1534518527984619, 0.1490544033050537, -0.3144436073303223, -0.26080816984176636, -0.5034501552581787, -0.8222052454948425, -0.049955207854509354, -0.14906021118164062, 0.14992270469665528, -0.31545488357543944, -0.26169222593307495, -0.535182774066925, -0.8014215230941772, -0.05310538411140442, -0.1474698543548584, 0.15207447052001954, -0.31555564880371095, -0.2666589021682739, -0.5561136603355408, -0.7852522134780884, -0.05485890805721283, -0.14318538665771485, 0.15330222129821777, -0.31742448806762696, -0.26492175459861755, -0.5892755389213562, -0.7606533169746399, -0.06306557357311249, -0.1424497604370117, 0.1539224910736084, -0.31785242080688475, -0.26168951392173767, -0.6221290230751038, -0.7350798845291138, -0.06427715718746185, -0.137276029586792, 0.1552210521697998, -0.3197540473937988, -0.25679436326026917, -0.6445065140724182, -0.7169679403305054, -0.06800702214241028, -0.13339404106140137, 0.15770687103271486, -0.31986848831176756, -0.2623918652534485, -0.6643901467323303, -0.696129322052002, -0.07169485092163086, -0.13021565437316895, 0.1572279167175293, -0.32308139801025393, -0.2549747824668884, -0.6960412859916687, -0.6664855480194092, -0.0794442817568779, -0.13070811271667482, 0.15789710998535156, -0.3224134826660156, -0.254318505525589, -0.7213307023048401, -0.6395013332366943, -0.07773098349571228, -0.131962308883667, 0.1579436206817627, -0.3238410949707031, -0.2390568107366562, -0.7425163984298706, -0.6205713748931885, -0.08007679879665375, -0.12865520477294923, 0.16058561325073242, -0.3238614273071289, -0.25139492750167847, -0.7585663199424744, -0.5949574112892151, -0.08604270964860916, -0.13199390411376954, 0.15827561378479005, -0.32712085723876955, -0.2276027947664261, -0.778388261795044, -0.5781479477882385, -0.08974190801382065, -0.13236677169799804, 0.1570755672454834, -0.32392105102539065, -0.23367567360401154, -0.7917342185974121, -0.5590752959251404, -0.07737834751605988, -0.13209894180297851, 0.15971439361572265, -0.3291679000854492, -0.22812840342521667, -0.8028095960617065, -0.541782796382904, -0.09962720423936844, -0.13553669929504394, 0.15541532516479492, -0.32661052703857424, -0.21937085688114166, -0.814096987247467, -0.5310471057891846, -0.08433005213737488, -0.13387413024902345, 0.15691014289855956, -0.32865234375, -0.22134795784950256, -0.8212424516677856, -0.5172827243804932, -0.09478685259819031, -0.13204426765441896, 0.15347800254821778, -0.3310480880737305, -0.2060258984565735, -0.8291950821876526, -0.5100436806678772, -0.09921874850988388, -0.13366278648376465, 0.15365998268127443, -0.32926944732666014, -0.20928432047367096, -0.8350072503089905, -0.5002732276916504, -0.09321795403957367, -0.12665863037109376, 0.15285391807556153, -0.33387779235839843, -0.1976803094148636, -0.8382676839828491, -0.49616172909736633, -0.10978739708662033, -0.1220161533355713, 0.1520461082458496, -0.33184207916259767, -0.19837965071201324, -0.83924800157547, -0.49573415517807007, -0.10274243354797363, -0.11723742485046387, 0.15258259773254396, -0.33624759674072263, -0.19199801981449127, -0.8403626680374146, -0.49192363023757935, -0.12222319841384888, -0.11935717582702637, 0.14750510215759277, -0.3337382125854492, -0.18285326659679413, -0.8467727899551392, -0.4881556034088135, -0.10604044795036316, -0.11434746742248535, 0.1480002498626709, -0.3392652130126953, -0.1802152544260025, -0.847251296043396, -0.4830770492553711, -0.12776632606983185]}