{"run": 1, "convergence": 0.0, "start_pos_var": 2.347511612447685, "start_ori_var": 17.895552492344024, "avg_time": 12.75, "avg_pos_error": 2.1969, "avg_ori_error": 14.7455, "best_pos": [[1.7827695102144998, 49, 12.696309978490746], [2.014122946210418, 50, 13.905822288967984], [1.7089649805458118, 50, 13.244051549735113], [2.1895105000721253, 49, 14.669508519679145], [2.3937039001960962, 49, 15.49402519836845]], "best_ori": [[12.696309978490746, 49, 1.7827695102144998], [13.905822288967984, 50, 2.014122946210418], [13.244051549735113, 50, 1.7089649805458118], [14.669508519679145, 49, 2.1895105000721253], [15.49402519836845, 49, 2.3937039001960962]], "avg_best_pos": [2.0178, 49.4, 14.0019], "avg_best_ori": [14.0019, 49.4, 2.0178]}